# WaveFront *.obj file (generated by Autodesk ATF)

mtllib Body - Mid.mtl

g Body - Mid

v 57.207026 -270.000000 0.000000
v 57.207026 -270.000000 10.000000
v 26.792974 -270.000000 10.000000
v 26.792974 -270.000000 0.000000
v -36.099756 -270.000000 2.375305
v -36.258040 -270.000000 2.217448
v -36.447436 -270.000000 2.098697
v -36.658480 -270.000000 2.024986
v -36.880625 -270.000000 2.000000
v -36.919375 -270.000000 2.000000
v -37.141520 -270.000000 2.024986
v -37.352564 -270.000000 2.098697
v -37.541960 -270.000000 2.217448
v -37.700244 -270.000000 2.375305
v -39.787674 -270.000000 4.984592
v -39.921407 -270.000000 5.204932
v -39.994379 -270.000000 5.452134
v -40.001743 -270.000000 5.709776
v -39.943010 -270.000000 5.960743
v -39.822081 -270.000000 6.188361
v -39.646990 -270.000000 6.377509
v -38.971963 -270.000000 6.940031
v -38.941640 -270.000000 6.971519
v -38.918882 -270.000000 7.008844
v -38.904778 -270.000000 7.050221
v -38.900000 -270.000000 7.093675
v -38.900000 -270.000000 9.500000
v -38.917037 -270.000000 9.629410
v -38.966987 -270.000000 9.750000
v -39.046447 -270.000000 9.853553
v -39.150000 -270.000000 9.933013
v -39.270590 -270.000000 9.982963
v -39.400000 -270.000000 10.000000
v -40.900000 -270.000000 10.000000
v -41.158819 -270.000000 9.965926
v -41.400000 -270.000000 9.866025
v -41.607107 -270.000000 9.707107
v -41.766025 -270.000000 9.500000
v -41.865926 -270.000000 9.258819
v -41.900000 -270.000000 9.000000
v -41.900000 -270.000000 1.000000
v -41.865926 -270.000000 0.741181
v -41.766025 -270.000000 0.500000
v -41.607107 -270.000000 0.292893
v -41.400000 -270.000000 0.133975
v -41.158819 -270.000000 0.034074
v -40.900000 -270.000000 0.000000
v -31.900000 -270.000000 0.000000
v -31.900000 -270.000000 10.000000
v -34.400000 -270.000000 10.000000
v -34.529410 -270.000000 9.982963
v -34.650000 -270.000000 9.933013
v -34.753553 -270.000000 9.853553
v -34.833013 -270.000000 9.750000
v -34.882963 -270.000000 9.629410
v -34.900000 -270.000000 9.500000
v -34.900000 -270.000000 7.093675
v -34.895222 -270.000000 7.050221
v -34.881118 -270.000000 7.008844
v -34.858360 -270.000000 6.971519
v -34.828037 -270.000000 6.940031
v -34.153010 -270.000000 6.377509
v -33.977919 -270.000000 6.188361
v -33.856990 -270.000000 5.960743
v -33.798257 -270.000000 5.709776
v -33.805621 -270.000000 5.452134
v -33.878593 -270.000000 5.204932
v -34.012326 -270.000000 4.984592
v 120.919375 -270.000000 2.000000
v 120.880625 -270.000000 2.000000
v 120.658480 -270.000000 2.024986
v 120.447436 -270.000000 2.098697
v 120.258040 -270.000000 2.217448
v 120.099756 -270.000000 2.375305
v 118.012326 -270.000000 4.984592
v 117.878593 -270.000000 5.204932
v 117.805621 -270.000000 5.452134
v 117.798257 -270.000000 5.709776
v 117.856990 -270.000000 5.960743
v 117.977919 -270.000000 6.188361
v 118.153010 -270.000000 6.377509
v 118.828037 -270.000000 6.940031
v 118.858360 -270.000000 6.971519
v 118.881118 -270.000000 7.008844
v 118.895222 -270.000000 7.050221
v 118.900000 -270.000000 7.093675
v 118.900000 -270.000000 9.500000
v 118.882963 -270.000000 9.629410
v 118.833013 -270.000000 9.750000
v 118.753553 -270.000000 9.853553
v 118.650000 -270.000000 9.933013
v 118.529410 -270.000000 9.982963
v 118.400000 -270.000000 10.000000
v 115.900000 -270.000000 10.000000
v 115.900000 -270.000000 0.000000
v 124.900000 -270.000000 0.000000
v 125.158819 -270.000000 0.034074
v 125.400000 -270.000000 0.133975
v 125.607107 -270.000000 0.292893
v 125.766025 -270.000000 0.500000
v 125.865926 -270.000000 0.741181
v 125.900000 -270.000000 1.000000
v 125.900000 -270.000000 9.000000
v 125.865926 -270.000000 9.258819
v 125.766025 -270.000000 9.500000
v 125.607107 -270.000000 9.707107
v 125.400000 -270.000000 9.866025
v 125.158819 -270.000000 9.965926
v 124.900000 -270.000000 10.000000
v 123.400000 -270.000000 10.000000
v 123.270590 -270.000000 9.982963
v 123.150000 -270.000000 9.933013
v 123.046447 -270.000000 9.853553
v 122.966987 -270.000000 9.750000
v 122.917037 -270.000000 9.629410
v 122.900000 -270.000000 9.500000
v 122.900000 -270.000000 7.093675
v 122.904778 -270.000000 7.050221
v 122.918882 -270.000000 7.008844
v 122.941640 -270.000000 6.971519
v 122.971963 -270.000000 6.940031
v 123.646990 -270.000000 6.377509
v 123.822081 -270.000000 6.188361
v 123.943010 -270.000000 5.960743
v 124.001743 -270.000000 5.709776
v 123.994379 -270.000000 5.452134
v 123.921407 -270.000000 5.204932
v 123.787674 -270.000000 4.984592
v 121.700244 -270.000000 2.375305
v 121.541960 -270.000000 2.217448
v 121.352564 -270.000000 2.098697
v 121.141520 -270.000000 2.024986
v 26.456862 -269.019777 10.000000
v 25.925911 -268.129890 10.000000
v 25.222927 -267.368561 10.000000
v 25.222927 -267.368561 0.000000
v 25.925911 -268.129890 0.000000
v 26.456862 -269.019777 0.000000
v -41.900000 -110.000000 9.000000
v -41.900000 -110.000000 1.000000
v -40.900000 -110.000000 10.000000
v -41.158819 -110.000000 9.965926
v -41.400000 -110.000000 9.866025
v -41.607107 -110.000000 9.707107
v -41.766025 -110.000000 9.500000
v -41.865926 -110.000000 9.258819
v -41.865926 -264.482759 9.258819
v -41.865926 -258.965517 9.258819
v -41.865926 -253.448276 9.258819
v -41.865926 -247.931034 9.258819
v -41.865926 -242.413793 9.258819
v -41.865926 -236.896552 9.258819
v -41.865926 -231.379310 9.258819
v -41.865926 -225.862069 9.258819
v -41.865926 -220.344828 9.258819
v -41.865926 -214.827586 9.258819
v -41.865926 -209.310345 9.258819
v -41.865926 -203.793103 9.258819
v -41.865926 -198.275862 9.258819
v -41.865926 -192.758621 9.258819
v -41.865926 -187.241379 9.258819
v -41.865926 -181.724138 9.258819
v -41.865926 -176.206897 9.258819
v -41.865926 -170.689655 9.258819
v -41.865926 -165.172414 9.258819
v -41.865926 -159.655172 9.258819
v -41.865926 -154.137931 9.258819
v -41.865926 -148.620690 9.258819
v -41.865926 -143.103448 9.258819
v -41.865926 -137.586207 9.258819
v -41.865926 -132.068966 9.258819
v -41.865926 -126.551724 9.258819
v -41.865926 -121.034483 9.258819
v -41.865926 -115.517241 9.258819
v -41.766025 -264.482759 9.500000
v -41.766025 -258.965517 9.500000
v -41.766025 -253.448276 9.500000
v -41.766025 -247.931034 9.500000
v -41.766025 -242.413793 9.500000
v -41.766025 -236.896552 9.500000
v -41.766025 -231.379310 9.500000
v -41.766025 -225.862069 9.500000
v -41.766025 -220.344828 9.500000
v -41.766025 -214.827586 9.500000
v -41.766025 -209.310345 9.500000
v -41.766025 -203.793103 9.500000
v -41.766025 -198.275862 9.500000
v -41.766025 -192.758621 9.500000
v -41.766025 -187.241379 9.500000
v -41.766025 -181.724138 9.500000
v -41.766025 -176.206897 9.500000
v -41.766025 -170.689655 9.500000
v -41.766025 -165.172414 9.500000
v -41.766025 -159.655172 9.500000
v -41.766025 -154.137931 9.500000
v -41.766025 -148.620690 9.500000
v -41.766025 -143.103448 9.500000
v -41.766025 -137.586207 9.500000
v -41.766025 -132.068966 9.500000
v -41.766025 -126.551724 9.500000
v -41.766025 -121.034483 9.500000
v -41.766025 -115.517241 9.500000
v -41.607107 -264.482759 9.707107
v -41.607107 -258.965517 9.707107
v -41.607107 -253.448276 9.707107
v -41.607107 -247.931034 9.707107
v -41.607107 -242.413793 9.707107
v -41.607107 -236.896552 9.707107
v -41.607107 -231.379310 9.707107
v -41.607107 -225.862069 9.707107
v -41.607107 -220.344828 9.707107
v -41.607107 -214.827586 9.707107
v -41.607107 -209.310345 9.707107
v -41.607107 -203.793103 9.707107
v -41.607107 -198.275862 9.707107
v -41.607107 -192.758621 9.707107
v -41.607107 -187.241379 9.707107
v -41.607107 -181.724138 9.707107
v -41.607107 -176.206897 9.707107
v -41.607107 -170.689655 9.707107
v -41.607107 -165.172414 9.707107
v -41.607107 -159.655172 9.707107
v -41.607107 -154.137931 9.707107
v -41.607107 -148.620690 9.707107
v -41.607107 -143.103448 9.707107
v -41.607107 -137.586207 9.707107
v -41.607107 -132.068966 9.707107
v -41.607107 -126.551724 9.707107
v -41.607107 -121.034483 9.707107
v -41.607107 -115.517241 9.707107
v -41.400000 -264.482759 9.866025
v -41.400000 -258.965517 9.866025
v -41.400000 -253.448276 9.866025
v -41.400000 -247.931034 9.866025
v -41.400000 -242.413793 9.866025
v -41.400000 -236.896552 9.866025
v -41.400000 -231.379310 9.866025
v -41.400000 -225.862069 9.866025
v -41.400000 -220.344828 9.866025
v -41.400000 -214.827586 9.866025
v -41.400000 -209.310345 9.866025
v -41.400000 -203.793103 9.866025
v -41.400000 -198.275862 9.866025
v -41.400000 -192.758621 9.866025
v -41.400000 -187.241379 9.866025
v -41.400000 -181.724138 9.866025
v -41.400000 -176.206897 9.866025
v -41.400000 -170.689655 9.866025
v -41.400000 -165.172414 9.866025
v -41.400000 -159.655172 9.866025
v -41.400000 -154.137931 9.866025
v -41.400000 -148.620690 9.866025
v -41.400000 -143.103448 9.866025
v -41.400000 -137.586207 9.866025
v -41.400000 -132.068966 9.866025
v -41.400000 -126.551724 9.866025
v -41.400000 -121.034483 9.866025
v -41.400000 -115.517241 9.866025
v -41.158819 -264.482759 9.965926
v -41.158819 -258.965517 9.965926
v -41.158819 -253.448276 9.965926
v -41.158819 -247.931034 9.965926
v -41.158819 -242.413793 9.965926
v -41.158819 -236.896552 9.965926
v -41.158819 -231.379310 9.965926
v -41.158819 -225.862069 9.965926
v -41.158819 -220.344828 9.965926
v -41.158819 -214.827586 9.965926
v -41.158819 -209.310345 9.965926
v -41.158819 -203.793103 9.965926
v -41.158819 -198.275862 9.965926
v -41.158819 -192.758621 9.965926
v -41.158819 -187.241379 9.965926
v -41.158819 -181.724138 9.965926
v -41.158819 -176.206897 9.965926
v -41.158819 -170.689655 9.965926
v -41.158819 -165.172414 9.965926
v -41.158819 -159.655172 9.965926
v -41.158819 -154.137931 9.965926
v -41.158819 -148.620690 9.965926
v -41.158819 -143.103448 9.965926
v -41.158819 -137.586207 9.965926
v -41.158819 -132.068966 9.965926
v -41.158819 -126.551724 9.965926
v -41.158819 -121.034483 9.965926
v -41.158819 -115.517241 9.965926
v -38.900000 -110.000000 9.500000
v -38.917037 -110.000000 9.629410
v -38.966987 -110.000000 9.750000
v -39.046447 -110.000000 9.853553
v -39.150000 -110.000000 9.933013
v -39.270590 -110.000000 9.982963
v -39.400000 -110.000000 10.000000
v -39.270590 -267.192982 9.982963
v -39.270590 -264.385965 9.982963
v -39.270590 -261.578947 9.982963
v -39.270590 -258.771930 9.982963
v -39.270590 -255.964912 9.982963
v -39.270590 -253.157895 9.982963
v -39.270590 -250.350877 9.982963
v -39.270590 -247.543860 9.982963
v -39.270590 -244.736842 9.982963
v -39.270590 -241.929825 9.982963
v -39.270590 -239.122807 9.982963
v -39.270590 -236.315789 9.982963
v -39.270590 -233.508772 9.982963
v -39.270590 -230.701754 9.982963
v -39.270590 -227.894737 9.982963
v -39.270590 -225.087719 9.982963
v -39.270590 -222.280702 9.982963
v -39.270590 -219.473684 9.982963
v -39.270590 -216.666667 9.982963
v -39.270590 -213.859649 9.982963
v -39.270590 -211.052632 9.982963
v -39.270590 -208.245614 9.982963
v -39.270590 -205.438596 9.982963
v -39.270590 -202.631579 9.982963
v -39.270590 -199.824561 9.982963
v -39.270590 -197.017544 9.982963
v -39.270590 -194.210526 9.982963
v -39.270590 -191.403509 9.982963
v -39.270590 -188.596491 9.982963
v -39.270590 -185.789474 9.982963
v -39.270590 -182.982456 9.982963
v -39.270590 -180.175439 9.982963
v -39.270590 -177.368421 9.982963
v -39.270590 -174.561404 9.982963
v -39.270590 -171.754386 9.982963
v -39.270590 -168.947368 9.982963
v -39.270590 -166.140351 9.982963
v -39.270590 -163.333333 9.982963
v -39.270590 -160.526316 9.982963
v -39.270590 -157.719298 9.982963
v -39.270590 -154.912281 9.982963
v -39.270590 -152.105263 9.982963
v -39.270590 -149.298246 9.982963
v -39.270590 -146.491228 9.982963
v -39.270590 -143.684211 9.982963
v -39.270590 -140.877193 9.982963
v -39.270590 -138.070175 9.982963
v -39.270590 -135.263158 9.982963
v -39.270590 -132.456140 9.982963
v -39.270590 -129.649123 9.982963
v -39.270590 -126.842105 9.982963
v -39.270590 -124.035088 9.982963
v -39.270590 -121.228070 9.982963
v -39.270590 -118.421053 9.982963
v -39.270590 -115.614035 9.982963
v -39.270590 -112.807018 9.982963
v -39.150000 -267.192982 9.933013
v -39.150000 -264.385965 9.933013
v -39.150000 -261.578947 9.933013
v -39.150000 -258.771930 9.933013
v -39.150000 -255.964912 9.933013
v -39.150000 -253.157895 9.933013
v -39.150000 -250.350877 9.933013
v -39.150000 -247.543860 9.933013
v -39.150000 -244.736842 9.933013
v -39.150000 -241.929825 9.933013
v -39.150000 -239.122807 9.933013
v -39.150000 -236.315789 9.933013
v -39.150000 -233.508772 9.933013
v -39.150000 -230.701754 9.933013
v -39.150000 -227.894737 9.933013
v -39.150000 -225.087719 9.933013
v -39.150000 -222.280702 9.933013
v -39.150000 -219.473684 9.933013
v -39.150000 -216.666667 9.933013
v -39.150000 -213.859649 9.933013
v -39.150000 -211.052632 9.933013
v -39.150000 -208.245614 9.933013
v -39.150000 -205.438596 9.933013
v -39.150000 -202.631579 9.933013
v -39.150000 -199.824561 9.933013
v -39.150000 -197.017544 9.933013
v -39.150000 -194.210526 9.933013
v -39.150000 -191.403509 9.933013
v -39.150000 -188.596491 9.933013
v -39.150000 -185.789474 9.933013
v -39.150000 -182.982456 9.933013
v -39.150000 -180.175439 9.933013
v -39.150000 -177.368421 9.933013
v -39.150000 -174.561404 9.933013
v -39.150000 -171.754386 9.933013
v -39.150000 -168.947368 9.933013
v -39.150000 -166.140351 9.933013
v -39.150000 -163.333333 9.933013
v -39.150000 -160.526316 9.933013
v -39.150000 -157.719298 9.933013
v -39.150000 -154.912281 9.933013
v -39.150000 -152.105263 9.933013
v -39.150000 -149.298246 9.933013
v -39.150000 -146.491228 9.933013
v -39.150000 -143.684211 9.933013
v -39.150000 -140.877193 9.933013
v -39.150000 -138.070175 9.933013
v -39.150000 -135.263158 9.933013
v -39.150000 -132.456140 9.933013
v -39.150000 -129.649123 9.933013
v -39.150000 -126.842105 9.933013
v -39.150000 -124.035088 9.933013
v -39.150000 -121.228070 9.933013
v -39.150000 -118.421053 9.933013
v -39.150000 -115.614035 9.933013
v -39.150000 -112.807018 9.933013
v -39.046447 -267.192982 9.853553
v -39.046447 -264.385965 9.853553
v -39.046447 -261.578947 9.853553
v -39.046447 -258.771930 9.853553
v -39.046447 -255.964912 9.853553
v -39.046447 -253.157895 9.853553
v -39.046447 -250.350877 9.853553
v -39.046447 -247.543860 9.853553
v -39.046447 -244.736842 9.853553
v -39.046447 -241.929825 9.853553
v -39.046447 -239.122807 9.853553
v -39.046447 -236.315789 9.853553
v -39.046447 -233.508772 9.853553
v -39.046447 -230.701754 9.853553
v -39.046447 -227.894737 9.853553
v -39.046447 -225.087719 9.853553
v -39.046447 -222.280702 9.853553
v -39.046447 -219.473684 9.853553
v -39.046447 -216.666667 9.853553
v -39.046447 -213.859649 9.853553
v -39.046447 -211.052632 9.853553
v -39.046447 -208.245614 9.853553
v -39.046447 -205.438596 9.853553
v -39.046447 -202.631579 9.853553
v -39.046447 -199.824561 9.853553
v -39.046447 -197.017544 9.853553
v -39.046447 -194.210526 9.853553
v -39.046447 -191.403509 9.853553
v -39.046447 -188.596491 9.853553
v -39.046447 -185.789474 9.853553
v -39.046447 -182.982456 9.853553
v -39.046447 -180.175439 9.853553
v -39.046447 -177.368421 9.853553
v -39.046447 -174.561404 9.853553
v -39.046447 -171.754386 9.853553
v -39.046447 -168.947368 9.853553
v -39.046447 -166.140351 9.853553
v -39.046447 -163.333333 9.853553
v -39.046447 -160.526316 9.853553
v -39.046447 -157.719298 9.853553
v -39.046447 -154.912281 9.853553
v -39.046447 -152.105263 9.853553
v -39.046447 -149.298246 9.853553
v -39.046447 -146.491228 9.853553
v -39.046447 -143.684211 9.853553
v -39.046447 -140.877193 9.853553
v -39.046447 -138.070175 9.853553
v -39.046447 -135.263158 9.853553
v -39.046447 -132.456140 9.853553
v -39.046447 -129.649123 9.853553
v -39.046447 -126.842105 9.853553
v -39.046447 -124.035088 9.853553
v -39.046447 -121.228070 9.853553
v -39.046447 -118.421053 9.853553
v -39.046447 -115.614035 9.853553
v -39.046447 -112.807018 9.853553
v -38.966987 -267.192982 9.750000
v -38.966987 -264.385965 9.750000
v -38.966987 -261.578947 9.750000
v -38.966987 -258.771930 9.750000
v -38.966987 -255.964912 9.750000
v -38.966987 -253.157895 9.750000
v -38.966987 -250.350877 9.750000
v -38.966987 -247.543860 9.750000
v -38.966987 -244.736842 9.750000
v -38.966987 -241.929825 9.750000
v -38.966987 -239.122807 9.750000
v -38.966987 -236.315789 9.750000
v -38.966987 -233.508772 9.750000
v -38.966987 -230.701754 9.750000
v -38.966987 -227.894737 9.750000
v -38.966987 -225.087719 9.750000
v -38.966987 -222.280702 9.750000
v -38.966987 -219.473684 9.750000
v -38.966987 -216.666667 9.750000
v -38.966987 -213.859649 9.750000
v -38.966987 -211.052632 9.750000
v -38.966987 -208.245614 9.750000
v -38.966987 -205.438596 9.750000
v -38.966987 -202.631579 9.750000
v -38.966987 -199.824561 9.750000
v -38.966987 -197.017544 9.750000
v -38.966987 -194.210526 9.750000
v -38.966987 -191.403509 9.750000
v -38.966987 -188.596491 9.750000
v -38.966987 -185.789474 9.750000
v -38.966987 -182.982456 9.750000
v -38.966987 -180.175439 9.750000
v -38.966987 -177.368421 9.750000
v -38.966987 -174.561404 9.750000
v -38.966987 -171.754386 9.750000
v -38.966987 -168.947368 9.750000
v -38.966987 -166.140351 9.750000
v -38.966987 -163.333333 9.750000
v -38.966987 -160.526316 9.750000
v -38.966987 -157.719298 9.750000
v -38.966987 -154.912281 9.750000
v -38.966987 -152.105263 9.750000
v -38.966987 -149.298246 9.750000
v -38.966987 -146.491228 9.750000
v -38.966987 -143.684211 9.750000
v -38.966987 -140.877193 9.750000
v -38.966987 -138.070175 9.750000
v -38.966987 -135.263158 9.750000
v -38.966987 -132.456140 9.750000
v -38.966987 -129.649123 9.750000
v -38.966987 -126.842105 9.750000
v -38.966987 -124.035088 9.750000
v -38.966987 -121.228070 9.750000
v -38.966987 -118.421053 9.750000
v -38.966987 -115.614035 9.750000
v -38.966987 -112.807018 9.750000
v -38.917037 -267.192982 9.629410
v -38.917037 -264.385965 9.629410
v -38.917037 -261.578947 9.629410
v -38.917037 -258.771930 9.629410
v -38.917037 -255.964912 9.629410
v -38.917037 -253.157895 9.629410
v -38.917037 -250.350877 9.629410
v -38.917037 -247.543860 9.629410
v -38.917037 -244.736842 9.629410
v -38.917037 -241.929825 9.629410
v -38.917037 -239.122807 9.629410
v -38.917037 -236.315789 9.629410
v -38.917037 -233.508772 9.629410
v -38.917037 -230.701754 9.629410
v -38.917037 -227.894737 9.629410
v -38.917037 -225.087719 9.629410
v -38.917037 -222.280702 9.629410
v -38.917037 -219.473684 9.629410
v -38.917037 -216.666667 9.629410
v -38.917037 -213.859649 9.629410
v -38.917037 -211.052632 9.629410
v -38.917037 -208.245614 9.629410
v -38.917037 -205.438596 9.629410
v -38.917037 -202.631579 9.629410
v -38.917037 -199.824561 9.629410
v -38.917037 -197.017544 9.629410
v -38.917037 -194.210526 9.629410
v -38.917037 -191.403509 9.629410
v -38.917037 -188.596491 9.629410
v -38.917037 -185.789474 9.629410
v -38.917037 -182.982456 9.629410
v -38.917037 -180.175439 9.629410
v -38.917037 -177.368421 9.629410
v -38.917037 -174.561404 9.629410
v -38.917037 -171.754386 9.629410
v -38.917037 -168.947368 9.629410
v -38.917037 -166.140351 9.629410
v -38.917037 -163.333333 9.629410
v -38.917037 -160.526316 9.629410
v -38.917037 -157.719298 9.629410
v -38.917037 -154.912281 9.629410
v -38.917037 -152.105263 9.629410
v -38.917037 -149.298246 9.629410
v -38.917037 -146.491228 9.629410
v -38.917037 -143.684211 9.629410
v -38.917037 -140.877193 9.629410
v -38.917037 -138.070175 9.629410
v -38.917037 -135.263158 9.629410
v -38.917037 -132.456140 9.629410
v -38.917037 -129.649123 9.629410
v -38.917037 -126.842105 9.629410
v -38.917037 -124.035088 9.629410
v -38.917037 -121.228070 9.629410
v -38.917037 -118.421053 9.629410
v -38.917037 -115.614035 9.629410
v -38.917037 -112.807018 9.629410
v -38.900000 -110.000000 7.093675
v -38.971963 -110.000000 6.940031
v -38.941640 -110.000000 6.971519
v -38.918882 -110.000000 7.008844
v -38.904778 -110.000000 7.050221
v -38.904778 -269.058824 7.050221
v -38.904778 -268.117647 7.050221
v -38.904778 -267.176471 7.050221
v -38.904778 -266.235294 7.050221
v -38.904778 -265.294118 7.050221
v -38.904778 -264.352941 7.050221
v -38.904778 -263.411765 7.050221
v -38.904778 -262.470588 7.050221
v -38.904778 -261.529412 7.050221
v -38.904778 -260.588235 7.050221
v -38.904778 -259.647059 7.050221
v -38.904778 -258.705882 7.050221
v -38.904778 -257.764706 7.050221
v -38.904778 -256.823529 7.050221
v -38.904778 -255.882353 7.050221
v -38.904778 -254.941176 7.050221
v -38.904778 -254.000000 7.050221
v -38.904778 -253.058824 7.050221
v -38.904778 -252.117647 7.050221
v -38.904778 -251.176471 7.050221
v -38.904778 -250.235294 7.050221
v -38.904778 -249.294118 7.050221
v -38.904778 -248.352941 7.050221
v -38.904778 -247.411765 7.050221
v -38.904778 -246.470588 7.050221
v -38.904778 -245.529412 7.050221
v -38.904778 -244.588235 7.050221
v -38.904778 -243.647059 7.050221
v -38.904778 -242.705882 7.050221
v -38.904778 -241.764706 7.050221
v -38.904778 -240.823529 7.050221
v -38.904778 -239.882353 7.050221
v -38.904778 -238.941176 7.050221
v -38.904778 -238.000000 7.050221
v -38.904778 -237.058824 7.050221
v -38.904778 -236.117647 7.050221
v -38.904778 -235.176471 7.050221
v -38.904778 -234.235294 7.050221
v -38.904778 -233.294118 7.050221
v -38.904778 -232.352941 7.050221
v -38.904778 -231.411765 7.050221
v -38.904778 -230.470588 7.050221
v -38.904778 -229.529412 7.050221
v -38.904778 -228.588235 7.050221
v -38.904778 -227.647059 7.050221
v -38.904778 -226.705882 7.050221
v -38.904778 -225.764706 7.050221
v -38.904778 -224.823529 7.050221
v -38.904778 -223.882353 7.050221
v -38.904778 -222.941176 7.050221
v -38.904778 -222.000000 7.050221
v -38.904778 -221.058824 7.050221
v -38.904778 -220.117647 7.050221
v -38.904778 -219.176471 7.050221
v -38.904778 -218.235294 7.050221
v -38.904778 -217.294118 7.050221
v -38.904778 -216.352941 7.050221
v -38.904778 -215.411765 7.050221
v -38.904778 -214.470588 7.050221
v -38.904778 -213.529412 7.050221
v -38.904778 -212.588235 7.050221
v -38.904778 -211.647059 7.050221
v -38.904778 -210.705882 7.050221
v -38.904778 -209.764706 7.050221
v -38.904778 -208.823529 7.050221
v -38.904778 -207.882353 7.050221
v -38.904778 -206.941176 7.050221
v -38.904778 -206.000000 7.050221
v -38.904778 -205.058824 7.050221
v -38.904778 -204.117647 7.050221
v -38.904778 -203.176471 7.050221
v -38.904778 -202.235294 7.050221
v -38.904778 -201.294118 7.050221
v -38.904778 -200.352941 7.050221
v -38.904778 -199.411765 7.050221
v -38.904778 -198.470588 7.050221
v -38.904778 -197.529412 7.050221
v -38.904778 -196.588235 7.050221
v -38.904778 -195.647059 7.050221
v -38.904778 -194.705882 7.050221
v -38.904778 -193.764706 7.050221
v -38.904778 -192.823529 7.050221
v -38.904778 -191.882353 7.050221
v -38.904778 -190.941176 7.050221
v -38.904778 -190.000000 7.050221
v -38.904778 -189.058824 7.050221
v -38.904778 -188.117647 7.050221
v -38.904778 -187.176471 7.050221
v -38.904778 -186.235294 7.050221
v -38.904778 -185.294118 7.050221
v -38.904778 -184.352941 7.050221
v -38.904778 -183.411765 7.050221
v -38.904778 -182.470588 7.050221
v -38.904778 -181.529412 7.050221
v -38.904778 -180.588235 7.050221
v -38.904778 -179.647059 7.050221
v -38.904778 -178.705882 7.050221
v -38.904778 -177.764706 7.050221
v -38.904778 -176.823529 7.050221
v -38.904778 -175.882353 7.050221
v -38.904778 -174.941176 7.050221
v -38.904778 -174.000000 7.050221
v -38.904778 -173.058824 7.050221
v -38.904778 -172.117647 7.050221
v -38.904778 -171.176471 7.050221
v -38.904778 -170.235294 7.050221
v -38.904778 -169.294118 7.050221
v -38.904778 -168.352941 7.050221
v -38.904778 -167.411765 7.050221
v -38.904778 -166.470588 7.050221
v -38.904778 -165.529412 7.050221
v -38.904778 -164.588235 7.050221
v -38.904778 -163.647059 7.050221
v -38.904778 -162.705882 7.050221
v -38.904778 -161.764706 7.050221
v -38.904778 -160.823529 7.050221
v -38.904778 -159.882353 7.050221
v -38.904778 -158.941176 7.050221
v -38.904778 -158.000000 7.050221
v -38.904778 -157.058824 7.050221
v -38.904778 -156.117647 7.050221
v -38.904778 -155.176471 7.050221
v -38.904778 -154.235294 7.050221
v -38.904778 -153.294118 7.050221
v -38.904778 -152.352941 7.050221
v -38.904778 -151.411765 7.050221
v -38.904778 -150.470588 7.050221
v -38.904778 -149.529412 7.050221
v -38.904778 -148.588235 7.050221
v -38.904778 -147.647059 7.050221
v -38.904778 -146.705882 7.050221
v -38.904778 -145.764706 7.050221
v -38.904778 -144.823529 7.050221
v -38.904778 -143.882353 7.050221
v -38.904778 -142.941176 7.050221
v -38.904778 -142.000000 7.050221
v -38.904778 -141.058824 7.050221
v -38.904778 -140.117647 7.050221
v -38.904778 -139.176471 7.050221
v -38.904778 -138.235294 7.050221
v -38.904778 -137.294118 7.050221
v -38.904778 -136.352941 7.050221
v -38.904778 -135.411765 7.050221
v -38.904778 -134.470588 7.050221
v -38.904778 -133.529412 7.050221
v -38.904778 -132.588235 7.050221
v -38.904778 -131.647059 7.050221
v -38.904778 -130.705882 7.050221
v -38.904778 -129.764706 7.050221
v -38.904778 -128.823529 7.050221
v -38.904778 -127.882353 7.050221
v -38.904778 -126.941176 7.050221
v -38.904778 -126.000000 7.050221
v -38.904778 -125.058824 7.050221
v -38.904778 -124.117647 7.050221
v -38.904778 -123.176471 7.050221
v -38.904778 -122.235294 7.050221
v -38.904778 -121.294118 7.050221
v -38.904778 -120.352941 7.050221
v -38.904778 -119.411765 7.050221
v -38.904778 -118.470588 7.050221
v -38.904778 -117.529412 7.050221
v -38.904778 -116.588235 7.050221
v -38.904778 -115.647059 7.050221
v -38.904778 -114.705882 7.050221
v -38.904778 -113.764706 7.050221
v -38.904778 -112.823529 7.050221
v -38.904778 -111.882353 7.050221
v -38.904778 -110.941176 7.050221
v -38.918882 -269.058824 7.008844
v -38.918882 -268.117647 7.008844
v -38.918882 -267.176471 7.008844
v -38.918882 -266.235294 7.008844
v -38.918882 -265.294118 7.008844
v -38.918882 -264.352941 7.008844
v -38.918882 -263.411765 7.008844
v -38.918882 -262.470588 7.008844
v -38.918882 -261.529412 7.008844
v -38.918882 -260.588235 7.008844
v -38.918882 -259.647059 7.008844
v -38.918882 -258.705882 7.008844
v -38.918882 -257.764706 7.008844
v -38.918882 -256.823529 7.008844
v -38.918882 -255.882353 7.008844
v -38.918882 -254.941176 7.008844
v -38.918882 -254.000000 7.008844
v -38.918882 -253.058824 7.008844
v -38.918882 -252.117647 7.008844
v -38.918882 -251.176471 7.008844
v -38.918882 -250.235294 7.008844
v -38.918882 -249.294118 7.008844
v -38.918882 -248.352941 7.008844
v -38.918882 -247.411765 7.008844
v -38.918882 -246.470588 7.008844
v -38.918882 -245.529412 7.008844
v -38.918882 -244.588235 7.008844
v -38.918882 -243.647059 7.008844
v -38.918882 -242.705882 7.008844
v -38.918882 -241.764706 7.008844
v -38.918882 -240.823529 7.008844
v -38.918882 -239.882353 7.008844
v -38.918882 -238.941176 7.008844
v -38.918882 -238.000000 7.008844
v -38.918882 -237.058824 7.008844
v -38.918882 -236.117647 7.008844
v -38.918882 -235.176471 7.008844
v -38.918882 -234.235294 7.008844
v -38.918882 -233.294118 7.008844
v -38.918882 -232.352941 7.008844
v -38.918882 -231.411765 7.008844
v -38.918882 -230.470588 7.008844
v -38.918882 -229.529412 7.008844
v -38.918882 -228.588235 7.008844
v -38.918882 -227.647059 7.008844
v -38.918882 -226.705882 7.008844
v -38.918882 -225.764706 7.008844
v -38.918882 -224.823529 7.008844
v -38.918882 -223.882353 7.008844
v -38.918882 -222.941176 7.008844
v -38.918882 -222.000000 7.008844
v -38.918882 -221.058824 7.008844
v -38.918882 -220.117647 7.008844
v -38.918882 -219.176471 7.008844
v -38.918882 -218.235294 7.008844
v -38.918882 -217.294118 7.008844
v -38.918882 -216.352941 7.008844
v -38.918882 -215.411765 7.008844
v -38.918882 -214.470588 7.008844
v -38.918882 -213.529412 7.008844
v -38.918882 -212.588235 7.008844
v -38.918882 -211.647059 7.008844
v -38.918882 -210.705882 7.008844
v -38.918882 -209.764706 7.008844
v -38.918882 -208.823529 7.008844
v -38.918882 -207.882353 7.008844
v -38.918882 -206.941176 7.008844
v -38.918882 -206.000000 7.008844
v -38.918882 -205.058824 7.008844
v -38.918882 -204.117647 7.008844
v -38.918882 -203.176471 7.008844
v -38.918882 -202.235294 7.008844
v -38.918882 -201.294118 7.008844
v -38.918882 -200.352941 7.008844
v -38.918882 -199.411765 7.008844
v -38.918882 -198.470588 7.008844
v -38.918882 -197.529412 7.008844
v -38.918882 -196.588235 7.008844
v -38.918882 -195.647059 7.008844
v -38.918882 -194.705882 7.008844
v -38.918882 -193.764706 7.008844
v -38.918882 -192.823529 7.008844
v -38.918882 -191.882353 7.008844
v -38.918882 -190.941176 7.008844
v -38.918882 -190.000000 7.008844
v -38.918882 -189.058824 7.008844
v -38.918882 -188.117647 7.008844
v -38.918882 -187.176471 7.008844
v -38.918882 -186.235294 7.008844
v -38.918882 -185.294118 7.008844
v -38.918882 -184.352941 7.008844
v -38.918882 -183.411765 7.008844
v -38.918882 -182.470588 7.008844
v -38.918882 -181.529412 7.008844
v -38.918882 -180.588235 7.008844
v -38.918882 -179.647059 7.008844
v -38.918882 -178.705882 7.008844
v -38.918882 -177.764706 7.008844
v -38.918882 -176.823529 7.008844
v -38.918882 -175.882353 7.008844
v -38.918882 -174.941176 7.008844
v -38.918882 -174.000000 7.008844
v -38.918882 -173.058824 7.008844
v -38.918882 -172.117647 7.008844
v -38.918882 -171.176471 7.008844
v -38.918882 -170.235294 7.008844
v -38.918882 -169.294118 7.008844
v -38.918882 -168.352941 7.008844
v -38.918882 -167.411765 7.008844
v -38.918882 -166.470588 7.008844
v -38.918882 -165.529412 7.008844
v -38.918882 -164.588235 7.008844
v -38.918882 -163.647059 7.008844
v -38.918882 -162.705882 7.008844
v -38.918882 -161.764706 7.008844
v -38.918882 -160.823529 7.008844
v -38.918882 -159.882353 7.008844
v -38.918882 -158.941176 7.008844
v -38.918882 -158.000000 7.008844
v -38.918882 -157.058824 7.008844
v -38.918882 -156.117647 7.008844
v -38.918882 -155.176471 7.008844
v -38.918882 -154.235294 7.008844
v -38.918882 -153.294118 7.008844
v -38.918882 -152.352941 7.008844
v -38.918882 -151.411765 7.008844
v -38.918882 -150.470588 7.008844
v -38.918882 -149.529412 7.008844
v -38.918882 -148.588235 7.008844
v -38.918882 -147.647059 7.008844
v -38.918882 -146.705882 7.008844
v -38.918882 -145.764706 7.008844
v -38.918882 -144.823529 7.008844
v -38.918882 -143.882353 7.008844
v -38.918882 -142.941176 7.008844
v -38.918882 -142.000000 7.008844
v -38.918882 -141.058824 7.008844
v -38.918882 -140.117647 7.008844
v -38.918882 -139.176471 7.008844
v -38.918882 -138.235294 7.008844
v -38.918882 -137.294118 7.008844
v -38.918882 -136.352941 7.008844
v -38.918882 -135.411765 7.008844
v -38.918882 -134.470588 7.008844
v -38.918882 -133.529412 7.008844
v -38.918882 -132.588235 7.008844
v -38.918882 -131.647059 7.008844
v -38.918882 -130.705882 7.008844
v -38.918882 -129.764706 7.008844
v -38.918882 -128.823529 7.008844
v -38.918882 -127.882353 7.008844
v -38.918882 -126.941176 7.008844
v -38.918882 -126.000000 7.008844
v -38.918882 -125.058824 7.008844
v -38.918882 -124.117647 7.008844
v -38.918882 -123.176471 7.008844
v -38.918882 -122.235294 7.008844
v -38.918882 -121.294118 7.008844
v -38.918882 -120.352941 7.008844
v -38.918882 -119.411765 7.008844
v -38.918882 -118.470588 7.008844
v -38.918882 -117.529412 7.008844
v -38.918882 -116.588235 7.008844
v -38.918882 -115.647059 7.008844
v -38.918882 -114.705882 7.008844
v -38.918882 -113.764706 7.008844
v -38.918882 -112.823529 7.008844
v -38.918882 -111.882353 7.008844
v -38.918882 -110.941176 7.008844
v -38.941640 -269.058824 6.971519
v -38.941640 -268.117647 6.971519
v -38.941640 -267.176471 6.971519
v -38.941640 -266.235294 6.971519
v -38.941640 -265.294118 6.971519
v -38.941640 -264.352941 6.971519
v -38.941640 -263.411765 6.971519
v -38.941640 -262.470588 6.971519
v -38.941640 -261.529412 6.971519
v -38.941640 -260.588235 6.971519
v -38.941640 -259.647059 6.971519
v -38.941640 -258.705882 6.971519
v -38.941640 -257.764706 6.971519
v -38.941640 -256.823529 6.971519
v -38.941640 -255.882353 6.971519
v -38.941640 -254.941176 6.971519
v -38.941640 -254.000000 6.971519
v -38.941640 -253.058824 6.971519
v -38.941640 -252.117647 6.971519
v -38.941640 -251.176471 6.971519
v -38.941640 -250.235294 6.971519
v -38.941640 -249.294118 6.971519
v -38.941640 -248.352941 6.971519
v -38.941640 -247.411765 6.971519
v -38.941640 -246.470588 6.971519
v -38.941640 -245.529412 6.971519
v -38.941640 -244.588235 6.971519
v -38.941640 -243.647059 6.971519
v -38.941640 -242.705882 6.971519
v -38.941640 -241.764706 6.971519
v -38.941640 -240.823529 6.971519
v -38.941640 -239.882353 6.971519
v -38.941640 -238.941176 6.971519
v -38.941640 -238.000000 6.971519
v -38.941640 -237.058824 6.971519
v -38.941640 -236.117647 6.971519
v -38.941640 -235.176471 6.971519
v -38.941640 -234.235294 6.971519
v -38.941640 -233.294118 6.971519
v -38.941640 -232.352941 6.971519
v -38.941640 -231.411765 6.971519
v -38.941640 -230.470588 6.971519
v -38.941640 -229.529412 6.971519
v -38.941640 -228.588235 6.971519
v -38.941640 -227.647059 6.971519
v -38.941640 -226.705882 6.971519
v -38.941640 -225.764706 6.971519
v -38.941640 -224.823529 6.971519
v -38.941640 -223.882353 6.971519
v -38.941640 -222.941176 6.971519
v -38.941640 -222.000000 6.971519
v -38.941640 -221.058824 6.971519
v -38.941640 -220.117647 6.971519
v -38.941640 -219.176471 6.971519
v -38.941640 -218.235294 6.971519
v -38.941640 -217.294118 6.971519
v -38.941640 -216.352941 6.971519
v -38.941640 -215.411765 6.971519
v -38.941640 -214.470588 6.971519
v -38.941640 -213.529412 6.971519
v -38.941640 -212.588235 6.971519
v -38.941640 -211.647059 6.971519
v -38.941640 -210.705882 6.971519
v -38.941640 -209.764706 6.971519
v -38.941640 -208.823529 6.971519
v -38.941640 -207.882353 6.971519
v -38.941640 -206.941176 6.971519
v -38.941640 -206.000000 6.971519
v -38.941640 -205.058824 6.971519
v -38.941640 -204.117647 6.971519
v -38.941640 -203.176471 6.971519
v -38.941640 -202.235294 6.971519
v -38.941640 -201.294118 6.971519
v -38.941640 -200.352941 6.971519
v -38.941640 -199.411765 6.971519
v -38.941640 -198.470588 6.971519
v -38.941640 -197.529412 6.971519
v -38.941640 -196.588235 6.971519
v -38.941640 -195.647059 6.971519
v -38.941640 -194.705882 6.971519
v -38.941640 -193.764706 6.971519
v -38.941640 -192.823529 6.971519
v -38.941640 -191.882353 6.971519
v -38.941640 -190.941176 6.971519
v -38.941640 -190.000000 6.971519
v -38.941640 -189.058824 6.971519
v -38.941640 -188.117647 6.971519
v -38.941640 -187.176471 6.971519
v -38.941640 -186.235294 6.971519
v -38.941640 -185.294118 6.971519
v -38.941640 -184.352941 6.971519
v -38.941640 -183.411765 6.971519
v -38.941640 -182.470588 6.971519
v -38.941640 -181.529412 6.971519
v -38.941640 -180.588235 6.971519
v -38.941640 -179.647059 6.971519
v -38.941640 -178.705882 6.971519
v -38.941640 -177.764706 6.971519
v -38.941640 -176.823529 6.971519
v -38.941640 -175.882353 6.971519
v -38.941640 -174.941176 6.971519
v -38.941640 -174.000000 6.971519
v -38.941640 -173.058824 6.971519
v -38.941640 -172.117647 6.971519
v -38.941640 -171.176471 6.971519
v -38.941640 -170.235294 6.971519
v -38.941640 -169.294118 6.971519
v -38.941640 -168.352941 6.971519
v -38.941640 -167.411765 6.971519
v -38.941640 -166.470588 6.971519
v -38.941640 -165.529412 6.971519
v -38.941640 -164.588235 6.971519
v -38.941640 -163.647059 6.971519
v -38.941640 -162.705882 6.971519
v -38.941640 -161.764706 6.971519
v -38.941640 -160.823529 6.971519
v -38.941640 -159.882353 6.971519
v -38.941640 -158.941176 6.971519
v -38.941640 -158.000000 6.971519
v -38.941640 -157.058824 6.971519
v -38.941640 -156.117647 6.971519
v -38.941640 -155.176471 6.971519
v -38.941640 -154.235294 6.971519
v -38.941640 -153.294118 6.971519
v -38.941640 -152.352941 6.971519
v -38.941640 -151.411765 6.971519
v -38.941640 -150.470588 6.971519
v -38.941640 -149.529412 6.971519
v -38.941640 -148.588235 6.971519
v -38.941640 -147.647059 6.971519
v -38.941640 -146.705882 6.971519
v -38.941640 -145.764706 6.971519
v -38.941640 -144.823529 6.971519
v -38.941640 -143.882353 6.971519
v -38.941640 -142.941176 6.971519
v -38.941640 -142.000000 6.971519
v -38.941640 -141.058824 6.971519
v -38.941640 -140.117647 6.971519
v -38.941640 -139.176471 6.971519
v -38.941640 -138.235294 6.971519
v -38.941640 -137.294118 6.971519
v -38.941640 -136.352941 6.971519
v -38.941640 -135.411765 6.971519
v -38.941640 -134.470588 6.971519
v -38.941640 -133.529412 6.971519
v -38.941640 -132.588235 6.971519
v -38.941640 -131.647059 6.971519
v -38.941640 -130.705882 6.971519
v -38.941640 -129.764706 6.971519
v -38.941640 -128.823529 6.971519
v -38.941640 -127.882353 6.971519
v -38.941640 -126.941176 6.971519
v -38.941640 -126.000000 6.971519
v -38.941640 -125.058824 6.971519
v -38.941640 -124.117647 6.971519
v -38.941640 -123.176471 6.971519
v -38.941640 -122.235294 6.971519
v -38.941640 -121.294118 6.971519
v -38.941640 -120.352941 6.971519
v -38.941640 -119.411765 6.971519
v -38.941640 -118.470588 6.971519
v -38.941640 -117.529412 6.971519
v -38.941640 -116.588235 6.971519
v -38.941640 -115.647059 6.971519
v -38.941640 -114.705882 6.971519
v -38.941640 -113.764706 6.971519
v -38.941640 -112.823529 6.971519
v -38.941640 -111.882353 6.971519
v -38.941640 -110.941176 6.971519
v -39.646990 -110.000000 6.377509
v -39.787674 -110.000000 4.984592
v -39.921407 -110.000000 5.204932
v -39.994379 -110.000000 5.452134
v -40.001743 -110.000000 5.709776
v -39.943010 -110.000000 5.960743
v -39.822081 -110.000000 6.188361
v -39.822081 -264.482759 6.188361
v -39.822081 -258.965517 6.188361
v -39.822081 -253.448276 6.188361
v -39.822081 -247.931034 6.188361
v -39.822081 -242.413793 6.188361
v -39.822081 -236.896552 6.188361
v -39.822081 -231.379310 6.188361
v -39.822081 -225.862069 6.188361
v -39.822081 -220.344828 6.188361
v -39.822081 -214.827586 6.188361
v -39.822081 -209.310345 6.188361
v -39.822081 -203.793103 6.188361
v -39.822081 -198.275862 6.188361
v -39.822081 -192.758621 6.188361
v -39.822081 -187.241379 6.188361
v -39.822081 -181.724138 6.188361
v -39.822081 -176.206897 6.188361
v -39.822081 -170.689655 6.188361
v -39.822081 -165.172414 6.188361
v -39.822081 -159.655172 6.188361
v -39.822081 -154.137931 6.188361
v -39.822081 -148.620690 6.188361
v -39.822081 -143.103448 6.188361
v -39.822081 -137.586207 6.188361
v -39.822081 -132.068966 6.188361
v -39.822081 -126.551724 6.188361
v -39.822081 -121.034483 6.188361
v -39.822081 -115.517241 6.188361
v -39.943010 -264.482759 5.960743
v -39.943010 -258.965517 5.960743
v -39.943010 -253.448276 5.960743
v -39.943010 -247.931034 5.960743
v -39.943010 -242.413793 5.960743
v -39.943010 -236.896552 5.960743
v -39.943010 -231.379310 5.960743
v -39.943010 -225.862069 5.960743
v -39.943010 -220.344828 5.960743
v -39.943010 -214.827586 5.960743
v -39.943010 -209.310345 5.960743
v -39.943010 -203.793103 5.960743
v -39.943010 -198.275862 5.960743
v -39.943010 -192.758621 5.960743
v -39.943010 -187.241379 5.960743
v -39.943010 -181.724138 5.960743
v -39.943010 -176.206897 5.960743
v -39.943010 -170.689655 5.960743
v -39.943010 -165.172414 5.960743
v -39.943010 -159.655172 5.960743
v -39.943010 -154.137931 5.960743
v -39.943010 -148.620690 5.960743
v -39.943010 -143.103448 5.960743
v -39.943010 -137.586207 5.960743
v -39.943010 -132.068966 5.960743
v -39.943010 -126.551724 5.960743
v -39.943010 -121.034483 5.960743
v -39.943010 -115.517241 5.960743
v -40.001743 -264.482759 5.709776
v -40.001743 -258.965517 5.709776
v -40.001743 -253.448276 5.709776
v -40.001743 -247.931034 5.709776
v -40.001743 -242.413793 5.709776
v -40.001743 -236.896552 5.709776
v -40.001743 -231.379310 5.709776
v -40.001743 -225.862069 5.709776
v -40.001743 -220.344828 5.709776
v -40.001743 -214.827586 5.709776
v -40.001743 -209.310345 5.709776
v -40.001743 -203.793103 5.709776
v -40.001743 -198.275862 5.709776
v -40.001743 -192.758621 5.709776
v -40.001743 -187.241379 5.709776
v -40.001743 -181.724138 5.709776
v -40.001743 -176.206897 5.709776
v -40.001743 -170.689655 5.709776
v -40.001743 -165.172414 5.709776
v -40.001743 -159.655172 5.709776
v -40.001743 -154.137931 5.709776
v -40.001743 -148.620690 5.709776
v -40.001743 -143.103448 5.709776
v -40.001743 -137.586207 5.709776
v -40.001743 -132.068966 5.709776
v -40.001743 -126.551724 5.709776
v -40.001743 -121.034483 5.709776
v -40.001743 -115.517241 5.709776
v -39.994379 -264.482759 5.452134
v -39.994379 -258.965517 5.452134
v -39.994379 -253.448276 5.452134
v -39.994379 -247.931034 5.452134
v -39.994379 -242.413793 5.452134
v -39.994379 -236.896552 5.452134
v -39.994379 -231.379310 5.452134
v -39.994379 -225.862069 5.452134
v -39.994379 -220.344828 5.452134
v -39.994379 -214.827586 5.452134
v -39.994379 -209.310345 5.452134
v -39.994379 -203.793103 5.452134
v -39.994379 -198.275862 5.452134
v -39.994379 -192.758621 5.452134
v -39.994379 -187.241379 5.452134
v -39.994379 -181.724138 5.452134
v -39.994379 -176.206897 5.452134
v -39.994379 -170.689655 5.452134
v -39.994379 -165.172414 5.452134
v -39.994379 -159.655172 5.452134
v -39.994379 -154.137931 5.452134
v -39.994379 -148.620690 5.452134
v -39.994379 -143.103448 5.452134
v -39.994379 -137.586207 5.452134
v -39.994379 -132.068966 5.452134
v -39.994379 -126.551724 5.452134
v -39.994379 -121.034483 5.452134
v -39.994379 -115.517241 5.452134
v -39.921407 -264.482759 5.204932
v -39.921407 -258.965517 5.204932
v -39.921407 -253.448276 5.204932
v -39.921407 -247.931034 5.204932
v -39.921407 -242.413793 5.204932
v -39.921407 -236.896552 5.204932
v -39.921407 -231.379310 5.204932
v -39.921407 -225.862069 5.204932
v -39.921407 -220.344828 5.204932
v -39.921407 -214.827586 5.204932
v -39.921407 -209.310345 5.204932
v -39.921407 -203.793103 5.204932
v -39.921407 -198.275862 5.204932
v -39.921407 -192.758621 5.204932
v -39.921407 -187.241379 5.204932
v -39.921407 -181.724138 5.204932
v -39.921407 -176.206897 5.204932
v -39.921407 -170.689655 5.204932
v -39.921407 -165.172414 5.204932
v -39.921407 -159.655172 5.204932
v -39.921407 -154.137931 5.204932
v -39.921407 -148.620690 5.204932
v -39.921407 -143.103448 5.204932
v -39.921407 -137.586207 5.204932
v -39.921407 -132.068966 5.204932
v -39.921407 -126.551724 5.204932
v -39.921407 -121.034483 5.204932
v -39.921407 -115.517241 5.204932
v -37.700244 -110.000000 2.375305
v -36.919375 -110.000000 2.000000
v -37.141520 -110.000000 2.024986
v -37.352564 -110.000000 2.098697
v -37.541960 -110.000000 2.217448
v -37.541960 -265.294118 2.217448
v -37.541960 -260.588235 2.217448
v -37.541960 -255.882353 2.217448
v -37.541960 -251.176471 2.217448
v -37.541960 -246.470588 2.217448
v -37.541960 -241.764706 2.217448
v -37.541960 -237.058824 2.217448
v -37.541960 -232.352941 2.217448
v -37.541960 -227.647059 2.217448
v -37.541960 -222.941176 2.217448
v -37.541960 -218.235294 2.217448
v -37.541960 -213.529412 2.217448
v -37.541960 -208.823529 2.217448
v -37.541960 -204.117647 2.217448
v -37.541960 -199.411765 2.217448
v -37.541960 -194.705882 2.217448
v -37.541960 -190.000000 2.217448
v -37.541960 -185.294118 2.217448
v -37.541960 -180.588235 2.217448
v -37.541960 -175.882353 2.217448
v -37.541960 -171.176471 2.217448
v -37.541960 -166.470588 2.217448
v -37.541960 -161.764706 2.217448
v -37.541960 -157.058824 2.217448
v -37.541960 -152.352941 2.217448
v -37.541960 -147.647059 2.217448
v -37.541960 -142.941176 2.217448
v -37.541960 -138.235294 2.217448
v -37.541960 -133.529412 2.217448
v -37.541960 -128.823529 2.217448
v -37.541960 -124.117647 2.217448
v -37.541960 -119.411765 2.217448
v -37.541960 -114.705882 2.217448
v -37.352564 -265.294118 2.098697
v -37.352564 -260.588235 2.098697
v -37.352564 -255.882353 2.098697
v -37.352564 -251.176471 2.098697
v -37.352564 -246.470588 2.098697
v -37.352564 -241.764706 2.098697
v -37.352564 -237.058824 2.098697
v -37.352564 -232.352941 2.098697
v -37.352564 -227.647059 2.098697
v -37.352564 -222.941176 2.098697
v -37.352564 -218.235294 2.098697
v -37.352564 -213.529412 2.098697
v -37.352564 -208.823529 2.098697
v -37.352564 -204.117647 2.098697
v -37.352564 -199.411765 2.098697
v -37.352564 -194.705882 2.098697
v -37.352564 -190.000000 2.098697
v -37.352564 -185.294118 2.098697
v -37.352564 -180.588235 2.098697
v -37.352564 -175.882353 2.098697
v -37.352564 -171.176471 2.098697
v -37.352564 -166.470588 2.098697
v -37.352564 -161.764706 2.098697
v -37.352564 -157.058824 2.098697
v -37.352564 -152.352941 2.098697
v -37.352564 -147.647059 2.098697
v -37.352564 -142.941176 2.098697
v -37.352564 -138.235294 2.098697
v -37.352564 -133.529412 2.098697
v -37.352564 -128.823529 2.098697
v -37.352564 -124.117647 2.098697
v -37.352564 -119.411765 2.098697
v -37.352564 -114.705882 2.098697
v -37.141520 -265.294118 2.024986
v -37.141520 -260.588235 2.024986
v -37.141520 -255.882353 2.024986
v -37.141520 -251.176471 2.024986
v -37.141520 -246.470588 2.024986
v -37.141520 -241.764706 2.024986
v -37.141520 -237.058824 2.024986
v -37.141520 -232.352941 2.024986
v -37.141520 -227.647059 2.024986
v -37.141520 -222.941176 2.024986
v -37.141520 -218.235294 2.024986
v -37.141520 -213.529412 2.024986
v -37.141520 -208.823529 2.024986
v -37.141520 -204.117647 2.024986
v -37.141520 -199.411765 2.024986
v -37.141520 -194.705882 2.024986
v -37.141520 -190.000000 2.024986
v -37.141520 -185.294118 2.024986
v -37.141520 -180.588235 2.024986
v -37.141520 -175.882353 2.024986
v -37.141520 -171.176471 2.024986
v -37.141520 -166.470588 2.024986
v -37.141520 -161.764706 2.024986
v -37.141520 -157.058824 2.024986
v -37.141520 -152.352941 2.024986
v -37.141520 -147.647059 2.024986
v -37.141520 -142.941176 2.024986
v -37.141520 -138.235294 2.024986
v -37.141520 -133.529412 2.024986
v -37.141520 -128.823529 2.024986
v -37.141520 -124.117647 2.024986
v -37.141520 -119.411765 2.024986
v -37.141520 -114.705882 2.024986
v 124.900000 -110.000000 0.000000
v 125.158819 -110.000000 0.034074
v 125.400000 -110.000000 0.133975
v 125.607107 -110.000000 0.292893
v 125.766025 -110.000000 0.500000
v 125.865926 -110.000000 0.741181
v 125.900000 -110.000000 1.000000
v 125.865926 -264.482759 0.741181
v 125.865926 -258.965517 0.741181
v 125.865926 -253.448276 0.741181
v 125.865926 -247.931034 0.741181
v 125.865926 -242.413793 0.741181
v 125.865926 -236.896552 0.741181
v 125.865926 -231.379310 0.741181
v 125.865926 -225.862069 0.741181
v 125.865926 -220.344828 0.741181
v 125.865926 -214.827586 0.741181
v 125.865926 -209.310345 0.741181
v 125.865926 -203.793103 0.741181
v 125.865926 -198.275862 0.741181
v 125.865926 -192.758621 0.741181
v 125.865926 -187.241379 0.741181
v 125.865926 -181.724138 0.741181
v 125.865926 -176.206897 0.741181
v 125.865926 -170.689655 0.741181
v 125.865926 -165.172414 0.741181
v 125.865926 -159.655172 0.741181
v 125.865926 -154.137931 0.741181
v 125.865926 -148.620690 0.741181
v 125.865926 -143.103448 0.741181
v 125.865926 -137.586207 0.741181
v 125.865926 -132.068966 0.741181
v 125.865926 -126.551724 0.741181
v 125.865926 -121.034483 0.741181
v 125.865926 -115.517241 0.741181
v 125.766025 -264.482759 0.500000
v 125.766025 -258.965517 0.500000
v 125.766025 -253.448276 0.500000
v 125.766025 -247.931034 0.500000
v 125.766025 -242.413793 0.500000
v 125.766025 -236.896552 0.500000
v 125.766025 -231.379310 0.500000
v 125.766025 -225.862069 0.500000
v 125.766025 -220.344828 0.500000
v 125.766025 -214.827586 0.500000
v 125.766025 -209.310345 0.500000
v 125.766025 -203.793103 0.500000
v 125.766025 -198.275862 0.500000
v 125.766025 -192.758621 0.500000
v 125.766025 -187.241379 0.500000
v 125.766025 -181.724138 0.500000
v 125.766025 -176.206897 0.500000
v 125.766025 -170.689655 0.500000
v 125.766025 -165.172414 0.500000
v 125.766025 -159.655172 0.500000
v 125.766025 -154.137931 0.500000
v 125.766025 -148.620690 0.500000
v 125.766025 -143.103448 0.500000
v 125.766025 -137.586207 0.500000
v 125.766025 -132.068966 0.500000
v 125.766025 -126.551724 0.500000
v 125.766025 -121.034483 0.500000
v 125.766025 -115.517241 0.500000
v 125.607107 -264.482759 0.292893
v 125.607107 -258.965517 0.292893
v 125.607107 -253.448276 0.292893
v 125.607107 -247.931034 0.292893
v 125.607107 -242.413793 0.292893
v 125.607107 -236.896552 0.292893
v 125.607107 -231.379310 0.292893
v 125.607107 -225.862069 0.292893
v 125.607107 -220.344828 0.292893
v 125.607107 -214.827586 0.292893
v 125.607107 -209.310345 0.292893
v 125.607107 -203.793103 0.292893
v 125.607107 -198.275862 0.292893
v 125.607107 -192.758621 0.292893
v 125.607107 -187.241379 0.292893
v 125.607107 -181.724138 0.292893
v 125.607107 -176.206897 0.292893
v 125.607107 -170.689655 0.292893
v 125.607107 -165.172414 0.292893
v 125.607107 -159.655172 0.292893
v 125.607107 -154.137931 0.292893
v 125.607107 -148.620690 0.292893
v 125.607107 -143.103448 0.292893
v 125.607107 -137.586207 0.292893
v 125.607107 -132.068966 0.292893
v 125.607107 -126.551724 0.292893
v 125.607107 -121.034483 0.292893
v 125.607107 -115.517241 0.292893
v 125.400000 -264.482759 0.133975
v 125.400000 -258.965517 0.133975
v 125.400000 -253.448276 0.133975
v 125.400000 -247.931034 0.133975
v 125.400000 -242.413793 0.133975
v 125.400000 -236.896552 0.133975
v 125.400000 -231.379310 0.133975
v 125.400000 -225.862069 0.133975
v 125.400000 -220.344828 0.133975
v 125.400000 -214.827586 0.133975
v 125.400000 -209.310345 0.133975
v 125.400000 -203.793103 0.133975
v 125.400000 -198.275862 0.133975
v 125.400000 -192.758621 0.133975
v 125.400000 -187.241379 0.133975
v 125.400000 -181.724138 0.133975
v 125.400000 -176.206897 0.133975
v 125.400000 -170.689655 0.133975
v 125.400000 -165.172414 0.133975
v 125.400000 -159.655172 0.133975
v 125.400000 -154.137931 0.133975
v 125.400000 -148.620690 0.133975
v 125.400000 -143.103448 0.133975
v 125.400000 -137.586207 0.133975
v 125.400000 -132.068966 0.133975
v 125.400000 -126.551724 0.133975
v 125.400000 -121.034483 0.133975
v 125.400000 -115.517241 0.133975
v 125.158819 -264.482759 0.034074
v 125.158819 -258.965517 0.034074
v 125.158819 -253.448276 0.034074
v 125.158819 -247.931034 0.034074
v 125.158819 -242.413793 0.034074
v 125.158819 -236.896552 0.034074
v 125.158819 -231.379310 0.034074
v 125.158819 -225.862069 0.034074
v 125.158819 -220.344828 0.034074
v 125.158819 -214.827586 0.034074
v 125.158819 -209.310345 0.034074
v 125.158819 -203.793103 0.034074
v 125.158819 -198.275862 0.034074
v 125.158819 -192.758621 0.034074
v 125.158819 -187.241379 0.034074
v 125.158819 -181.724138 0.034074
v 125.158819 -176.206897 0.034074
v 125.158819 -170.689655 0.034074
v 125.158819 -165.172414 0.034074
v 125.158819 -159.655172 0.034074
v 125.158819 -154.137931 0.034074
v 125.158819 -148.620690 0.034074
v 125.158819 -143.103448 0.034074
v 125.158819 -137.586207 0.034074
v 125.158819 -132.068966 0.034074
v 125.158819 -126.551724 0.034074
v 125.158819 -121.034483 0.034074
v 125.158819 -115.517241 0.034074
v 115.900000 -223.759161 10.000000
v 115.900000 -223.759161 0.000000
v 124.900000 -110.000000 10.000000
v 123.400000 -110.000000 10.000000
v -31.900000 -170.890419 10.000000
v -31.832617 -170.258157 10.000000
v -31.633496 -169.654297 10.000000
v -31.311581 -169.105966 10.000000
v -30.881334 -168.637795 10.000000
v 31.526840 -113.745626 10.000000
v 32.515997 -113.067199 10.000000
v 33.638266 -112.643870 10.000000
v 34.829063 -112.500000 10.000000
v 49.170937 -112.500000 10.000000
v 50.361734 -112.643870 10.000000
v 51.484003 -113.067199 10.000000
v 52.473160 -113.745626 10.000000
v 114.881334 -168.637795 10.000000
v 115.311581 -169.105966 10.000000
v 115.633496 -169.654297 10.000000
v 115.832617 -170.258157 10.000000
v 115.900000 -170.890419 10.000000
v 115.900000 -209.109581 10.000000
v 115.832617 -209.741843 10.000000
v 115.633496 -210.345703 10.000000
v 115.311581 -210.894034 10.000000
v 114.881334 -211.362205 10.000000
v 52.473160 -266.254374 10.000000
v 51.484003 -266.932801 10.000000
v 50.361734 -267.356130 10.000000
v 49.170937 -267.500000 10.000000
v 34.829063 -267.500000 10.000000
v 33.638266 -267.356130 10.000000
v 32.515997 -266.932801 10.000000
v 31.526840 -266.254374 10.000000
v -30.881334 -211.362205 10.000000
v -31.311581 -210.894034 10.000000
v -31.633496 -210.345703 10.000000
v -31.832617 -209.741843 10.000000
v -31.900000 -209.109581 10.000000
v 57.543138 -269.019777 10.000000
v 58.074089 -268.129890 10.000000
v 58.777073 -267.368561 10.000000
v 110.918666 -221.506537 10.000000
v 111.550119 -221.080016 10.000000
v 112.268661 -220.826345 10.000000
v 113.027936 -220.761890 10.000000
v 113.778957 -220.890810 10.000000
v 114.473270 -221.204788 10.000000
v 115.066080 -221.683566 10.000000
v 115.519142 -222.296255 10.000000
v 115.803225 -223.003326 10.000000
v 118.400000 -110.000000 10.000000
v 115.900000 -110.000000 10.000000
v 115.900000 -156.240839 10.000000
v 115.803225 -156.996674 10.000000
v 115.519142 -157.703745 10.000000
v 115.066080 -158.316434 10.000000
v 114.473270 -158.795212 10.000000
v 113.778957 -159.109190 10.000000
v 113.027936 -159.238110 10.000000
v 112.268661 -159.173655 10.000000
v 111.550119 -158.919984 10.000000
v 110.918666 -158.493463 10.000000
v 58.777073 -112.631439 10.000000
v 58.074089 -111.870110 10.000000
v 57.543138 -110.980223 10.000000
v 57.207026 -110.000000 10.000000
v 26.792974 -110.000000 10.000000
v 26.456862 -110.980223 10.000000
v 25.925911 -111.870110 10.000000
v 25.222927 -112.631439 10.000000
v -26.918666 -158.493463 10.000000
v -27.550119 -158.919984 10.000000
v -28.268661 -159.173655 10.000000
v -29.027936 -159.238110 10.000000
v -29.778957 -159.109190 10.000000
v -30.473270 -158.795212 10.000000
v -31.066080 -158.316434 10.000000
v -31.519142 -157.703745 10.000000
v -31.803225 -156.996674 10.000000
v -31.900000 -156.240839 10.000000
v -31.900000 -110.000000 10.000000
v -34.400000 -110.000000 10.000000
v -31.900000 -223.759161 10.000000
v -31.803225 -223.003326 10.000000
v -31.519142 -222.296255 10.000000
v -31.066080 -221.683566 10.000000
v -30.473270 -221.204788 10.000000
v -29.778957 -220.890810 10.000000
v -29.027936 -220.761890 10.000000
v -28.268661 -220.826345 10.000000
v -27.550119 -221.080016 10.000000
v -26.918666 -221.506537 10.000000
v 118.900000 -110.000000 9.500000
v 118.882963 -110.000000 9.629410
v 118.833013 -110.000000 9.750000
v 118.753553 -110.000000 9.853553
v 118.650000 -110.000000 9.933013
v 118.529410 -110.000000 9.982963
v 118.529410 -267.192982 9.982963
v 118.529410 -264.385965 9.982963
v 118.529410 -261.578947 9.982963
v 118.529410 -258.771930 9.982963
v 118.529410 -255.964912 9.982963
v 118.529410 -253.157895 9.982963
v 118.529410 -250.350877 9.982963
v 118.529410 -247.543860 9.982963
v 118.529410 -244.736842 9.982963
v 118.529410 -241.929825 9.982963
v 118.529410 -239.122807 9.982963
v 118.529410 -236.315789 9.982963
v 118.529410 -233.508772 9.982963
v 118.529410 -230.701754 9.982963
v 118.529410 -227.894737 9.982963
v 118.529410 -225.087719 9.982963
v 118.529410 -222.280702 9.982963
v 118.529410 -219.473684 9.982963
v 118.529410 -216.666667 9.982963
v 118.529410 -213.859649 9.982963
v 118.529410 -211.052632 9.982963
v 118.529410 -208.245614 9.982963
v 118.529410 -205.438596 9.982963
v 118.529410 -202.631579 9.982963
v 118.529410 -199.824561 9.982963
v 118.529410 -197.017544 9.982963
v 118.529410 -194.210526 9.982963
v 118.529410 -191.403509 9.982963
v 118.529410 -188.596491 9.982963
v 118.529410 -185.789474 9.982963
v 118.529410 -182.982456 9.982963
v 118.529410 -180.175439 9.982963
v 118.529410 -177.368421 9.982963
v 118.529410 -174.561404 9.982963
v 118.529410 -171.754386 9.982963
v 118.529410 -168.947368 9.982963
v 118.529410 -166.140351 9.982963
v 118.529410 -163.333333 9.982963
v 118.529410 -160.526316 9.982963
v 118.529410 -157.719298 9.982963
v 118.529410 -154.912281 9.982963
v 118.529410 -152.105263 9.982963
v 118.529410 -149.298246 9.982963
v 118.529410 -146.491228 9.982963
v 118.529410 -143.684211 9.982963
v 118.529410 -140.877193 9.982963
v 118.529410 -138.070175 9.982963
v 118.529410 -135.263158 9.982963
v 118.529410 -132.456140 9.982963
v 118.529410 -129.649123 9.982963
v 118.529410 -126.842105 9.982963
v 118.529410 -124.035088 9.982963
v 118.529410 -121.228070 9.982963
v 118.529410 -118.421053 9.982963
v 118.529410 -115.614035 9.982963
v 118.529410 -112.807018 9.982963
v 118.650000 -267.192982 9.933013
v 118.650000 -264.385965 9.933013
v 118.650000 -261.578947 9.933013
v 118.650000 -258.771930 9.933013
v 118.650000 -255.964912 9.933013
v 118.650000 -253.157895 9.933013
v 118.650000 -250.350877 9.933013
v 118.650000 -247.543860 9.933013
v 118.650000 -244.736842 9.933013
v 118.650000 -241.929825 9.933013
v 118.650000 -239.122807 9.933013
v 118.650000 -236.315789 9.933013
v 118.650000 -233.508772 9.933013
v 118.650000 -230.701754 9.933013
v 118.650000 -227.894737 9.933013
v 118.650000 -225.087719 9.933013
v 118.650000 -222.280702 9.933013
v 118.650000 -219.473684 9.933013
v 118.650000 -216.666667 9.933013
v 118.650000 -213.859649 9.933013
v 118.650000 -211.052632 9.933013
v 118.650000 -208.245614 9.933013
v 118.650000 -205.438596 9.933013
v 118.650000 -202.631579 9.933013
v 118.650000 -199.824561 9.933013
v 118.650000 -197.017544 9.933013
v 118.650000 -194.210526 9.933013
v 118.650000 -191.403509 9.933013
v 118.650000 -188.596491 9.933013
v 118.650000 -185.789474 9.933013
v 118.650000 -182.982456 9.933013
v 118.650000 -180.175439 9.933013
v 118.650000 -177.368421 9.933013
v 118.650000 -174.561404 9.933013
v 118.650000 -171.754386 9.933013
v 118.650000 -168.947368 9.933013
v 118.650000 -166.140351 9.933013
v 118.650000 -163.333333 9.933013
v 118.650000 -160.526316 9.933013
v 118.650000 -157.719298 9.933013
v 118.650000 -154.912281 9.933013
v 118.650000 -152.105263 9.933013
v 118.650000 -149.298246 9.933013
v 118.650000 -146.491228 9.933013
v 118.650000 -143.684211 9.933013
v 118.650000 -140.877193 9.933013
v 118.650000 -138.070175 9.933013
v 118.650000 -135.263158 9.933013
v 118.650000 -132.456140 9.933013
v 118.650000 -129.649123 9.933013
v 118.650000 -126.842105 9.933013
v 118.650000 -124.035088 9.933013
v 118.650000 -121.228070 9.933013
v 118.650000 -118.421053 9.933013
v 118.650000 -115.614035 9.933013
v 118.650000 -112.807018 9.933013
v 118.753553 -267.192982 9.853553
v 118.753553 -264.385965 9.853553
v 118.753553 -261.578947 9.853553
v 118.753553 -258.771930 9.853553
v 118.753553 -255.964912 9.853553
v 118.753553 -253.157895 9.853553
v 118.753553 -250.350877 9.853553
v 118.753553 -247.543860 9.853553
v 118.753553 -244.736842 9.853553
v 118.753553 -241.929825 9.853553
v 118.753553 -239.122807 9.853553
v 118.753553 -236.315789 9.853553
v 118.753553 -233.508772 9.853553
v 118.753553 -230.701754 9.853553
v 118.753553 -227.894737 9.853553
v 118.753553 -225.087719 9.853553
v 118.753553 -222.280702 9.853553
v 118.753553 -219.473684 9.853553
v 118.753553 -216.666667 9.853553
v 118.753553 -213.859649 9.853553
v 118.753553 -211.052632 9.853553
v 118.753553 -208.245614 9.853553
v 118.753553 -205.438596 9.853553
v 118.753553 -202.631579 9.853553
v 118.753553 -199.824561 9.853553
v 118.753553 -197.017544 9.853553
v 118.753553 -194.210526 9.853553
v 118.753553 -191.403509 9.853553
v 118.753553 -188.596491 9.853553
v 118.753553 -185.789474 9.853553
v 118.753553 -182.982456 9.853553
v 118.753553 -180.175439 9.853553
v 118.753553 -177.368421 9.853553
v 118.753553 -174.561404 9.853553
v 118.753553 -171.754386 9.853553
v 118.753553 -168.947368 9.853553
v 118.753553 -166.140351 9.853553
v 118.753553 -163.333333 9.853553
v 118.753553 -160.526316 9.853553
v 118.753553 -157.719298 9.853553
v 118.753553 -154.912281 9.853553
v 118.753553 -152.105263 9.853553
v 118.753553 -149.298246 9.853553
v 118.753553 -146.491228 9.853553
v 118.753553 -143.684211 9.853553
v 118.753553 -140.877193 9.853553
v 118.753553 -138.070175 9.853553
v 118.753553 -135.263158 9.853553
v 118.753553 -132.456140 9.853553
v 118.753553 -129.649123 9.853553
v 118.753553 -126.842105 9.853553
v 118.753553 -124.035088 9.853553
v 118.753553 -121.228070 9.853553
v 118.753553 -118.421053 9.853553
v 118.753553 -115.614035 9.853553
v 118.753553 -112.807018 9.853553
v 118.833013 -267.192982 9.750000
v 118.833013 -264.385965 9.750000
v 118.833013 -261.578947 9.750000
v 118.833013 -258.771930 9.750000
v 118.833013 -255.964912 9.750000
v 118.833013 -253.157895 9.750000
v 118.833013 -250.350877 9.750000
v 118.833013 -247.543860 9.750000
v 118.833013 -244.736842 9.750000
v 118.833013 -241.929825 9.750000
v 118.833013 -239.122807 9.750000
v 118.833013 -236.315789 9.750000
v 118.833013 -233.508772 9.750000
v 118.833013 -230.701754 9.750000
v 118.833013 -227.894737 9.750000
v 118.833013 -225.087719 9.750000
v 118.833013 -222.280702 9.750000
v 118.833013 -219.473684 9.750000
v 118.833013 -216.666667 9.750000
v 118.833013 -213.859649 9.750000
v 118.833013 -211.052632 9.750000
v 118.833013 -208.245614 9.750000
v 118.833013 -205.438596 9.750000
v 118.833013 -202.631579 9.750000
v 118.833013 -199.824561 9.750000
v 118.833013 -197.017544 9.750000
v 118.833013 -194.210526 9.750000
v 118.833013 -191.403509 9.750000
v 118.833013 -188.596491 9.750000
v 118.833013 -185.789474 9.750000
v 118.833013 -182.982456 9.750000
v 118.833013 -180.175439 9.750000
v 118.833013 -177.368421 9.750000
v 118.833013 -174.561404 9.750000
v 118.833013 -171.754386 9.750000
v 118.833013 -168.947368 9.750000
v 118.833013 -166.140351 9.750000
v 118.833013 -163.333333 9.750000
v 118.833013 -160.526316 9.750000
v 118.833013 -157.719298 9.750000
v 118.833013 -154.912281 9.750000
v 118.833013 -152.105263 9.750000
v 118.833013 -149.298246 9.750000
v 118.833013 -146.491228 9.750000
v 118.833013 -143.684211 9.750000
v 118.833013 -140.877193 9.750000
v 118.833013 -138.070175 9.750000
v 118.833013 -135.263158 9.750000
v 118.833013 -132.456140 9.750000
v 118.833013 -129.649123 9.750000
v 118.833013 -126.842105 9.750000
v 118.833013 -124.035088 9.750000
v 118.833013 -121.228070 9.750000
v 118.833013 -118.421053 9.750000
v 118.833013 -115.614035 9.750000
v 118.833013 -112.807018 9.750000
v 118.882963 -267.192982 9.629410
v 118.882963 -264.385965 9.629410
v 118.882963 -261.578947 9.629410
v 118.882963 -258.771930 9.629410
v 118.882963 -255.964912 9.629410
v 118.882963 -253.157895 9.629410
v 118.882963 -250.350877 9.629410
v 118.882963 -247.543860 9.629410
v 118.882963 -244.736842 9.629410
v 118.882963 -241.929825 9.629410
v 118.882963 -239.122807 9.629410
v 118.882963 -236.315789 9.629410
v 118.882963 -233.508772 9.629410
v 118.882963 -230.701754 9.629410
v 118.882963 -227.894737 9.629410
v 118.882963 -225.087719 9.629410
v 118.882963 -222.280702 9.629410
v 118.882963 -219.473684 9.629410
v 118.882963 -216.666667 9.629410
v 118.882963 -213.859649 9.629410
v 118.882963 -211.052632 9.629410
v 118.882963 -208.245614 9.629410
v 118.882963 -205.438596 9.629410
v 118.882963 -202.631579 9.629410
v 118.882963 -199.824561 9.629410
v 118.882963 -197.017544 9.629410
v 118.882963 -194.210526 9.629410
v 118.882963 -191.403509 9.629410
v 118.882963 -188.596491 9.629410
v 118.882963 -185.789474 9.629410
v 118.882963 -182.982456 9.629410
v 118.882963 -180.175439 9.629410
v 118.882963 -177.368421 9.629410
v 118.882963 -174.561404 9.629410
v 118.882963 -171.754386 9.629410
v 118.882963 -168.947368 9.629410
v 118.882963 -166.140351 9.629410
v 118.882963 -163.333333 9.629410
v 118.882963 -160.526316 9.629410
v 118.882963 -157.719298 9.629410
v 118.882963 -154.912281 9.629410
v 118.882963 -152.105263 9.629410
v 118.882963 -149.298246 9.629410
v 118.882963 -146.491228 9.629410
v 118.882963 -143.684211 9.629410
v 118.882963 -140.877193 9.629410
v 118.882963 -138.070175 9.629410
v 118.882963 -135.263158 9.629410
v 118.882963 -132.456140 9.629410
v 118.882963 -129.649123 9.629410
v 118.882963 -126.842105 9.629410
v 118.882963 -124.035088 9.629410
v 118.882963 -121.228070 9.629410
v 118.882963 -118.421053 9.629410
v 118.882963 -115.614035 9.629410
v 118.882963 -112.807018 9.629410
v 118.900000 -110.000000 7.093675
v 118.828037 -110.000000 6.940031
v 118.858360 -110.000000 6.971519
v 118.881118 -110.000000 7.008844
v 118.895222 -110.000000 7.050221
v 118.895222 -269.058824 7.050221
v 118.895222 -268.117647 7.050221
v 118.895222 -267.176471 7.050221
v 118.895222 -266.235294 7.050221
v 118.895222 -265.294118 7.050221
v 118.895222 -264.352941 7.050221
v 118.895222 -263.411765 7.050221
v 118.895222 -262.470588 7.050221
v 118.895222 -261.529412 7.050221
v 118.895222 -260.588235 7.050221
v 118.895222 -259.647059 7.050221
v 118.895222 -258.705882 7.050221
v 118.895222 -257.764706 7.050221
v 118.895222 -256.823529 7.050221
v 118.895222 -255.882353 7.050221
v 118.895222 -254.941176 7.050221
v 118.895222 -254.000000 7.050221
v 118.895222 -253.058824 7.050221
v 118.895222 -252.117647 7.050221
v 118.895222 -251.176471 7.050221
v 118.895222 -250.235294 7.050221
v 118.895222 -249.294118 7.050221
v 118.895222 -248.352941 7.050221
v 118.895222 -247.411765 7.050221
v 118.895222 -246.470588 7.050221
v 118.895222 -245.529412 7.050221
v 118.895222 -244.588235 7.050221
v 118.895222 -243.647059 7.050221
v 118.895222 -242.705882 7.050221
v 118.895222 -241.764706 7.050221
v 118.895222 -240.823529 7.050221
v 118.895222 -239.882353 7.050221
v 118.895222 -238.941176 7.050221
v 118.895222 -238.000000 7.050221
v 118.895222 -237.058824 7.050221
v 118.895222 -236.117647 7.050221
v 118.895222 -235.176471 7.050221
v 118.895222 -234.235294 7.050221
v 118.895222 -233.294118 7.050221
v 118.895222 -232.352941 7.050221
v 118.895222 -231.411765 7.050221
v 118.895222 -230.470588 7.050221
v 118.895222 -229.529412 7.050221
v 118.895222 -228.588235 7.050221
v 118.895222 -227.647059 7.050221
v 118.895222 -226.705882 7.050221
v 118.895222 -225.764706 7.050221
v 118.895222 -224.823529 7.050221
v 118.895222 -223.882353 7.050221
v 118.895222 -222.941176 7.050221
v 118.895222 -222.000000 7.050221
v 118.895222 -221.058824 7.050221
v 118.895222 -220.117647 7.050221
v 118.895222 -219.176471 7.050221
v 118.895222 -218.235294 7.050221
v 118.895222 -217.294118 7.050221
v 118.895222 -216.352941 7.050221
v 118.895222 -215.411765 7.050221
v 118.895222 -214.470588 7.050221
v 118.895222 -213.529412 7.050221
v 118.895222 -212.588235 7.050221
v 118.895222 -211.647059 7.050221
v 118.895222 -210.705882 7.050221
v 118.895222 -209.764706 7.050221
v 118.895222 -208.823529 7.050221
v 118.895222 -207.882353 7.050221
v 118.895222 -206.941176 7.050221
v 118.895222 -206.000000 7.050221
v 118.895222 -205.058824 7.050221
v 118.895222 -204.117647 7.050221
v 118.895222 -203.176471 7.050221
v 118.895222 -202.235294 7.050221
v 118.895222 -201.294118 7.050221
v 118.895222 -200.352941 7.050221
v 118.895222 -199.411765 7.050221
v 118.895222 -198.470588 7.050221
v 118.895222 -197.529412 7.050221
v 118.895222 -196.588235 7.050221
v 118.895222 -195.647059 7.050221
v 118.895222 -194.705882 7.050221
v 118.895222 -193.764706 7.050221
v 118.895222 -192.823529 7.050221
v 118.895222 -191.882353 7.050221
v 118.895222 -190.941176 7.050221
v 118.895222 -190.000000 7.050221
v 118.895222 -189.058824 7.050221
v 118.895222 -188.117647 7.050221
v 118.895222 -187.176471 7.050221
v 118.895222 -186.235294 7.050221
v 118.895222 -185.294118 7.050221
v 118.895222 -184.352941 7.050221
v 118.895222 -183.411765 7.050221
v 118.895222 -182.470588 7.050221
v 118.895222 -181.529412 7.050221
v 118.895222 -180.588235 7.050221
v 118.895222 -179.647059 7.050221
v 118.895222 -178.705882 7.050221
v 118.895222 -177.764706 7.050221
v 118.895222 -176.823529 7.050221
v 118.895222 -175.882353 7.050221
v 118.895222 -174.941176 7.050221
v 118.895222 -174.000000 7.050221
v 118.895222 -173.058824 7.050221
v 118.895222 -172.117647 7.050221
v 118.895222 -171.176471 7.050221
v 118.895222 -170.235294 7.050221
v 118.895222 -169.294118 7.050221
v 118.895222 -168.352941 7.050221
v 118.895222 -167.411765 7.050221
v 118.895222 -166.470588 7.050221
v 118.895222 -165.529412 7.050221
v 118.895222 -164.588235 7.050221
v 118.895222 -163.647059 7.050221
v 118.895222 -162.705882 7.050221
v 118.895222 -161.764706 7.050221
v 118.895222 -160.823529 7.050221
v 118.895222 -159.882353 7.050221
v 118.895222 -158.941176 7.050221
v 118.895222 -158.000000 7.050221
v 118.895222 -157.058824 7.050221
v 118.895222 -156.117647 7.050221
v 118.895222 -155.176471 7.050221
v 118.895222 -154.235294 7.050221
v 118.895222 -153.294118 7.050221
v 118.895222 -152.352941 7.050221
v 118.895222 -151.411765 7.050221
v 118.895222 -150.470588 7.050221
v 118.895222 -149.529412 7.050221
v 118.895222 -148.588235 7.050221
v 118.895222 -147.647059 7.050221
v 118.895222 -146.705882 7.050221
v 118.895222 -145.764706 7.050221
v 118.895222 -144.823529 7.050221
v 118.895222 -143.882353 7.050221
v 118.895222 -142.941176 7.050221
v 118.895222 -142.000000 7.050221
v 118.895222 -141.058824 7.050221
v 118.895222 -140.117647 7.050221
v 118.895222 -139.176471 7.050221
v 118.895222 -138.235294 7.050221
v 118.895222 -137.294118 7.050221
v 118.895222 -136.352941 7.050221
v 118.895222 -135.411765 7.050221
v 118.895222 -134.470588 7.050221
v 118.895222 -133.529412 7.050221
v 118.895222 -132.588235 7.050221
v 118.895222 -131.647059 7.050221
v 118.895222 -130.705882 7.050221
v 118.895222 -129.764706 7.050221
v 118.895222 -128.823529 7.050221
v 118.895222 -127.882353 7.050221
v 118.895222 -126.941176 7.050221
v 118.895222 -126.000000 7.050221
v 118.895222 -125.058824 7.050221
v 118.895222 -124.117647 7.050221
v 118.895222 -123.176471 7.050221
v 118.895222 -122.235294 7.050221
v 118.895222 -121.294118 7.050221
v 118.895222 -120.352941 7.050221
v 118.895222 -119.411765 7.050221
v 118.895222 -118.470588 7.050221
v 118.895222 -117.529412 7.050221
v 118.895222 -116.588235 7.050221
v 118.895222 -115.647059 7.050221
v 118.895222 -114.705882 7.050221
v 118.895222 -113.764706 7.050221
v 118.895222 -112.823529 7.050221
v 118.895222 -111.882353 7.050221
v 118.895222 -110.941176 7.050221
v 118.881118 -269.058824 7.008844
v 118.881118 -268.117647 7.008844
v 118.881118 -267.176471 7.008844
v 118.881118 -266.235294 7.008844
v 118.881118 -265.294118 7.008844
v 118.881118 -264.352941 7.008844
v 118.881118 -263.411765 7.008844
v 118.881118 -262.470588 7.008844
v 118.881118 -261.529412 7.008844
v 118.881118 -260.588235 7.008844
v 118.881118 -259.647059 7.008844
v 118.881118 -258.705882 7.008844
v 118.881118 -257.764706 7.008844
v 118.881118 -256.823529 7.008844
v 118.881118 -255.882353 7.008844
v 118.881118 -254.941176 7.008844
v 118.881118 -254.000000 7.008844
v 118.881118 -253.058824 7.008844
v 118.881118 -252.117647 7.008844
v 118.881118 -251.176471 7.008844
v 118.881118 -250.235294 7.008844
v 118.881118 -249.294118 7.008844
v 118.881118 -248.352941 7.008844
v 118.881118 -247.411765 7.008844
v 118.881118 -246.470588 7.008844
v 118.881118 -245.529412 7.008844
v 118.881118 -244.588235 7.008844
v 118.881118 -243.647059 7.008844
v 118.881118 -242.705882 7.008844
v 118.881118 -241.764706 7.008844
v 118.881118 -240.823529 7.008844
v 118.881118 -239.882353 7.008844
v 118.881118 -238.941176 7.008844
v 118.881118 -238.000000 7.008844
v 118.881118 -237.058824 7.008844
v 118.881118 -236.117647 7.008844
v 118.881118 -235.176471 7.008844
v 118.881118 -234.235294 7.008844
v 118.881118 -233.294118 7.008844
v 118.881118 -232.352941 7.008844
v 118.881118 -231.411765 7.008844
v 118.881118 -230.470588 7.008844
v 118.881118 -229.529412 7.008844
v 118.881118 -228.588235 7.008844
v 118.881118 -227.647059 7.008844
v 118.881118 -226.705882 7.008844
v 118.881118 -225.764706 7.008844
v 118.881118 -224.823529 7.008844
v 118.881118 -223.882353 7.008844
v 118.881118 -222.941176 7.008844
v 118.881118 -222.000000 7.008844
v 118.881118 -221.058824 7.008844
v 118.881118 -220.117647 7.008844
v 118.881118 -219.176471 7.008844
v 118.881118 -218.235294 7.008844
v 118.881118 -217.294118 7.008844
v 118.881118 -216.352941 7.008844
v 118.881118 -215.411765 7.008844
v 118.881118 -214.470588 7.008844
v 118.881118 -213.529412 7.008844
v 118.881118 -212.588235 7.008844
v 118.881118 -211.647059 7.008844
v 118.881118 -210.705882 7.008844
v 118.881118 -209.764706 7.008844
v 118.881118 -208.823529 7.008844
v 118.881118 -207.882353 7.008844
v 118.881118 -206.941176 7.008844
v 118.881118 -206.000000 7.008844
v 118.881118 -205.058824 7.008844
v 118.881118 -204.117647 7.008844
v 118.881118 -203.176471 7.008844
v 118.881118 -202.235294 7.008844
v 118.881118 -201.294118 7.008844
v 118.881118 -200.352941 7.008844
v 118.881118 -199.411765 7.008844
v 118.881118 -198.470588 7.008844
v 118.881118 -197.529412 7.008844
v 118.881118 -196.588235 7.008844
v 118.881118 -195.647059 7.008844
v 118.881118 -194.705882 7.008844
v 118.881118 -193.764706 7.008844
v 118.881118 -192.823529 7.008844
v 118.881118 -191.882353 7.008844
v 118.881118 -190.941176 7.008844
v 118.881118 -190.000000 7.008844
v 118.881118 -189.058824 7.008844
v 118.881118 -188.117647 7.008844
v 118.881118 -187.176471 7.008844
v 118.881118 -186.235294 7.008844
v 118.881118 -185.294118 7.008844
v 118.881118 -184.352941 7.008844
v 118.881118 -183.411765 7.008844
v 118.881118 -182.470588 7.008844
v 118.881118 -181.529412 7.008844
v 118.881118 -180.588235 7.008844
v 118.881118 -179.647059 7.008844
v 118.881118 -178.705882 7.008844
v 118.881118 -177.764706 7.008844
v 118.881118 -176.823529 7.008844
v 118.881118 -175.882353 7.008844
v 118.881118 -174.941176 7.008844
v 118.881118 -174.000000 7.008844
v 118.881118 -173.058824 7.008844
v 118.881118 -172.117647 7.008844
v 118.881118 -171.176471 7.008844
v 118.881118 -170.235294 7.008844
v 118.881118 -169.294118 7.008844
v 118.881118 -168.352941 7.008844
v 118.881118 -167.411765 7.008844
v 118.881118 -166.470588 7.008844
v 118.881118 -165.529412 7.008844
v 118.881118 -164.588235 7.008844
v 118.881118 -163.647059 7.008844
v 118.881118 -162.705882 7.008844
v 118.881118 -161.764706 7.008844
v 118.881118 -160.823529 7.008844
v 118.881118 -159.882353 7.008844
v 118.881118 -158.941176 7.008844
v 118.881118 -158.000000 7.008844
v 118.881118 -157.058824 7.008844
v 118.881118 -156.117647 7.008844
v 118.881118 -155.176471 7.008844
v 118.881118 -154.235294 7.008844
v 118.881118 -153.294118 7.008844
v 118.881118 -152.352941 7.008844
v 118.881118 -151.411765 7.008844
v 118.881118 -150.470588 7.008844
v 118.881118 -149.529412 7.008844
v 118.881118 -148.588235 7.008844
v 118.881118 -147.647059 7.008844
v 118.881118 -146.705882 7.008844
v 118.881118 -145.764706 7.008844
v 118.881118 -144.823529 7.008844
v 118.881118 -143.882353 7.008844
v 118.881118 -142.941176 7.008844
v 118.881118 -142.000000 7.008844
v 118.881118 -141.058824 7.008844
v 118.881118 -140.117647 7.008844
v 118.881118 -139.176471 7.008844
v 118.881118 -138.235294 7.008844
v 118.881118 -137.294118 7.008844
v 118.881118 -136.352941 7.008844
v 118.881118 -135.411765 7.008844
v 118.881118 -134.470588 7.008844
v 118.881118 -133.529412 7.008844
v 118.881118 -132.588235 7.008844
v 118.881118 -131.647059 7.008844
v 118.881118 -130.705882 7.008844
v 118.881118 -129.764706 7.008844
v 118.881118 -128.823529 7.008844
v 118.881118 -127.882353 7.008844
v 118.881118 -126.941176 7.008844
v 118.881118 -126.000000 7.008844
v 118.881118 -125.058824 7.008844
v 118.881118 -124.117647 7.008844
v 118.881118 -123.176471 7.008844
v 118.881118 -122.235294 7.008844
v 118.881118 -121.294118 7.008844
v 118.881118 -120.352941 7.008844
v 118.881118 -119.411765 7.008844
v 118.881118 -118.470588 7.008844
v 118.881118 -117.529412 7.008844
v 118.881118 -116.588235 7.008844
v 118.881118 -115.647059 7.008844
v 118.881118 -114.705882 7.008844
v 118.881118 -113.764706 7.008844
v 118.881118 -112.823529 7.008844
v 118.881118 -111.882353 7.008844
v 118.881118 -110.941176 7.008844
v 118.858360 -269.058824 6.971519
v 118.858360 -268.117647 6.971519
v 118.858360 -267.176471 6.971519
v 118.858360 -266.235294 6.971519
v 118.858360 -265.294118 6.971519
v 118.858360 -264.352941 6.971519
v 118.858360 -263.411765 6.971519
v 118.858360 -262.470588 6.971519
v 118.858360 -261.529412 6.971519
v 118.858360 -260.588235 6.971519
v 118.858360 -259.647059 6.971519
v 118.858360 -258.705882 6.971519
v 118.858360 -257.764706 6.971519
v 118.858360 -256.823529 6.971519
v 118.858360 -255.882353 6.971519
v 118.858360 -254.941176 6.971519
v 118.858360 -254.000000 6.971519
v 118.858360 -253.058824 6.971519
v 118.858360 -252.117647 6.971519
v 118.858360 -251.176471 6.971519
v 118.858360 -250.235294 6.971519
v 118.858360 -249.294118 6.971519
v 118.858360 -248.352941 6.971519
v 118.858360 -247.411765 6.971519
v 118.858360 -246.470588 6.971519
v 118.858360 -245.529412 6.971519
v 118.858360 -244.588235 6.971519
v 118.858360 -243.647059 6.971519
v 118.858360 -242.705882 6.971519
v 118.858360 -241.764706 6.971519
v 118.858360 -240.823529 6.971519
v 118.858360 -239.882353 6.971519
v 118.858360 -238.941176 6.971519
v 118.858360 -238.000000 6.971519
v 118.858360 -237.058824 6.971519
v 118.858360 -236.117647 6.971519
v 118.858360 -235.176471 6.971519
v 118.858360 -234.235294 6.971519
v 118.858360 -233.294118 6.971519
v 118.858360 -232.352941 6.971519
v 118.858360 -231.411765 6.971519
v 118.858360 -230.470588 6.971519
v 118.858360 -229.529412 6.971519
v 118.858360 -228.588235 6.971519
v 118.858360 -227.647059 6.971519
v 118.858360 -226.705882 6.971519
v 118.858360 -225.764706 6.971519
v 118.858360 -224.823529 6.971519
v 118.858360 -223.882353 6.971519
v 118.858360 -222.941176 6.971519
v 118.858360 -222.000000 6.971519
v 118.858360 -221.058824 6.971519
v 118.858360 -220.117647 6.971519
v 118.858360 -219.176471 6.971519
v 118.858360 -218.235294 6.971519
v 118.858360 -217.294118 6.971519
v 118.858360 -216.352941 6.971519
v 118.858360 -215.411765 6.971519
v 118.858360 -214.470588 6.971519
v 118.858360 -213.529412 6.971519
v 118.858360 -212.588235 6.971519
v 118.858360 -211.647059 6.971519
v 118.858360 -210.705882 6.971519
v 118.858360 -209.764706 6.971519
v 118.858360 -208.823529 6.971519
v 118.858360 -207.882353 6.971519
v 118.858360 -206.941176 6.971519
v 118.858360 -206.000000 6.971519
v 118.858360 -205.058824 6.971519
v 118.858360 -204.117647 6.971519
v 118.858360 -203.176471 6.971519
v 118.858360 -202.235294 6.971519
v 118.858360 -201.294118 6.971519
v 118.858360 -200.352941 6.971519
v 118.858360 -199.411765 6.971519
v 118.858360 -198.470588 6.971519
v 118.858360 -197.529412 6.971519
v 118.858360 -196.588235 6.971519
v 118.858360 -195.647059 6.971519
v 118.858360 -194.705882 6.971519
v 118.858360 -193.764706 6.971519
v 118.858360 -192.823529 6.971519
v 118.858360 -191.882353 6.971519
v 118.858360 -190.941176 6.971519
v 118.858360 -190.000000 6.971519
v 118.858360 -189.058824 6.971519
v 118.858360 -188.117647 6.971519
v 118.858360 -187.176471 6.971519
v 118.858360 -186.235294 6.971519
v 118.858360 -185.294118 6.971519
v 118.858360 -184.352941 6.971519
v 118.858360 -183.411765 6.971519
v 118.858360 -182.470588 6.971519
v 118.858360 -181.529412 6.971519
v 118.858360 -180.588235 6.971519
v 118.858360 -179.647059 6.971519
v 118.858360 -178.705882 6.971519
v 118.858360 -177.764706 6.971519
v 118.858360 -176.823529 6.971519
v 118.858360 -175.882353 6.971519
v 118.858360 -174.941176 6.971519
v 118.858360 -174.000000 6.971519
v 118.858360 -173.058824 6.971519
v 118.858360 -172.117647 6.971519
v 118.858360 -171.176471 6.971519
v 118.858360 -170.235294 6.971519
v 118.858360 -169.294118 6.971519
v 118.858360 -168.352941 6.971519
v 118.858360 -167.411765 6.971519
v 118.858360 -166.470588 6.971519
v 118.858360 -165.529412 6.971519
v 118.858360 -164.588235 6.971519
v 118.858360 -163.647059 6.971519
v 118.858360 -162.705882 6.971519
v 118.858360 -161.764706 6.971519
v 118.858360 -160.823529 6.971519
v 118.858360 -159.882353 6.971519
v 118.858360 -158.941176 6.971519
v 118.858360 -158.000000 6.971519
v 118.858360 -157.058824 6.971519
v 118.858360 -156.117647 6.971519
v 118.858360 -155.176471 6.971519
v 118.858360 -154.235294 6.971519
v 118.858360 -153.294118 6.971519
v 118.858360 -152.352941 6.971519
v 118.858360 -151.411765 6.971519
v 118.858360 -150.470588 6.971519
v 118.858360 -149.529412 6.971519
v 118.858360 -148.588235 6.971519
v 118.858360 -147.647059 6.971519
v 118.858360 -146.705882 6.971519
v 118.858360 -145.764706 6.971519
v 118.858360 -144.823529 6.971519
v 118.858360 -143.882353 6.971519
v 118.858360 -142.941176 6.971519
v 118.858360 -142.000000 6.971519
v 118.858360 -141.058824 6.971519
v 118.858360 -140.117647 6.971519
v 118.858360 -139.176471 6.971519
v 118.858360 -138.235294 6.971519
v 118.858360 -137.294118 6.971519
v 118.858360 -136.352941 6.971519
v 118.858360 -135.411765 6.971519
v 118.858360 -134.470588 6.971519
v 118.858360 -133.529412 6.971519
v 118.858360 -132.588235 6.971519
v 118.858360 -131.647059 6.971519
v 118.858360 -130.705882 6.971519
v 118.858360 -129.764706 6.971519
v 118.858360 -128.823529 6.971519
v 118.858360 -127.882353 6.971519
v 118.858360 -126.941176 6.971519
v 118.858360 -126.000000 6.971519
v 118.858360 -125.058824 6.971519
v 118.858360 -124.117647 6.971519
v 118.858360 -123.176471 6.971519
v 118.858360 -122.235294 6.971519
v 118.858360 -121.294118 6.971519
v 118.858360 -120.352941 6.971519
v 118.858360 -119.411765 6.971519
v 118.858360 -118.470588 6.971519
v 118.858360 -117.529412 6.971519
v 118.858360 -116.588235 6.971519
v 118.858360 -115.647059 6.971519
v 118.858360 -114.705882 6.971519
v 118.858360 -113.764706 6.971519
v 118.858360 -112.823529 6.971519
v 118.858360 -111.882353 6.971519
v 118.858360 -110.941176 6.971519
v 118.153010 -110.000000 6.377509
v 118.012326 -110.000000 4.984592
v 117.878593 -110.000000 5.204932
v 117.805621 -110.000000 5.452134
v 117.798257 -110.000000 5.709776
v 117.856990 -110.000000 5.960743
v 117.977919 -110.000000 6.188361
v 117.977919 -264.482759 6.188361
v 117.977919 -258.965517 6.188361
v 117.977919 -253.448276 6.188361
v 117.977919 -247.931034 6.188361
v 117.977919 -242.413793 6.188361
v 117.977919 -236.896552 6.188361
v 117.977919 -231.379310 6.188361
v 117.977919 -225.862069 6.188361
v 117.977919 -220.344828 6.188361
v 117.977919 -214.827586 6.188361
v 117.977919 -209.310345 6.188361
v 117.977919 -203.793103 6.188361
v 117.977919 -198.275862 6.188361
v 117.977919 -192.758621 6.188361
v 117.977919 -187.241379 6.188361
v 117.977919 -181.724138 6.188361
v 117.977919 -176.206897 6.188361
v 117.977919 -170.689655 6.188361
v 117.977919 -165.172414 6.188361
v 117.977919 -159.655172 6.188361
v 117.977919 -154.137931 6.188361
v 117.977919 -148.620690 6.188361
v 117.977919 -143.103448 6.188361
v 117.977919 -137.586207 6.188361
v 117.977919 -132.068966 6.188361
v 117.977919 -126.551724 6.188361
v 117.977919 -121.034483 6.188361
v 117.977919 -115.517241 6.188361
v 117.856990 -264.482759 5.960743
v 117.856990 -258.965517 5.960743
v 117.856990 -253.448276 5.960743
v 117.856990 -247.931034 5.960743
v 117.856990 -242.413793 5.960743
v 117.856990 -236.896552 5.960743
v 117.856990 -231.379310 5.960743
v 117.856990 -225.862069 5.960743
v 117.856990 -220.344828 5.960743
v 117.856990 -214.827586 5.960743
v 117.856990 -209.310345 5.960743
v 117.856990 -203.793103 5.960743
v 117.856990 -198.275862 5.960743
v 117.856990 -192.758621 5.960743
v 117.856990 -187.241379 5.960743
v 117.856990 -181.724138 5.960743
v 117.856990 -176.206897 5.960743
v 117.856990 -170.689655 5.960743
v 117.856990 -165.172414 5.960743
v 117.856990 -159.655172 5.960743
v 117.856990 -154.137931 5.960743
v 117.856990 -148.620690 5.960743
v 117.856990 -143.103448 5.960743
v 117.856990 -137.586207 5.960743
v 117.856990 -132.068966 5.960743
v 117.856990 -126.551724 5.960743
v 117.856990 -121.034483 5.960743
v 117.856990 -115.517241 5.960743
v 117.798257 -264.482759 5.709776
v 117.798257 -258.965517 5.709776
v 117.798257 -253.448276 5.709776
v 117.798257 -247.931034 5.709776
v 117.798257 -242.413793 5.709776
v 117.798257 -236.896552 5.709776
v 117.798257 -231.379310 5.709776
v 117.798257 -225.862069 5.709776
v 117.798257 -220.344828 5.709776
v 117.798257 -214.827586 5.709776
v 117.798257 -209.310345 5.709776
v 117.798257 -203.793103 5.709776
v 117.798257 -198.275862 5.709776
v 117.798257 -192.758621 5.709776
v 117.798257 -187.241379 5.709776
v 117.798257 -181.724138 5.709776
v 117.798257 -176.206897 5.709776
v 117.798257 -170.689655 5.709776
v 117.798257 -165.172414 5.709776
v 117.798257 -159.655172 5.709776
v 117.798257 -154.137931 5.709776
v 117.798257 -148.620690 5.709776
v 117.798257 -143.103448 5.709776
v 117.798257 -137.586207 5.709776
v 117.798257 -132.068966 5.709776
v 117.798257 -126.551724 5.709776
v 117.798257 -121.034483 5.709776
v 117.798257 -115.517241 5.709776
v 117.805621 -264.482759 5.452134
v 117.805621 -258.965517 5.452134
v 117.805621 -253.448276 5.452134
v 117.805621 -247.931034 5.452134
v 117.805621 -242.413793 5.452134
v 117.805621 -236.896552 5.452134
v 117.805621 -231.379310 5.452134
v 117.805621 -225.862069 5.452134
v 117.805621 -220.344828 5.452134
v 117.805621 -214.827586 5.452134
v 117.805621 -209.310345 5.452134
v 117.805621 -203.793103 5.452134
v 117.805621 -198.275862 5.452134
v 117.805621 -192.758621 5.452134
v 117.805621 -187.241379 5.452134
v 117.805621 -181.724138 5.452134
v 117.805621 -176.206897 5.452134
v 117.805621 -170.689655 5.452134
v 117.805621 -165.172414 5.452134
v 117.805621 -159.655172 5.452134
v 117.805621 -154.137931 5.452134
v 117.805621 -148.620690 5.452134
v 117.805621 -143.103448 5.452134
v 117.805621 -137.586207 5.452134
v 117.805621 -132.068966 5.452134
v 117.805621 -126.551724 5.452134
v 117.805621 -121.034483 5.452134
v 117.805621 -115.517241 5.452134
v 117.878593 -264.482759 5.204932
v 117.878593 -258.965517 5.204932
v 117.878593 -253.448276 5.204932
v 117.878593 -247.931034 5.204932
v 117.878593 -242.413793 5.204932
v 117.878593 -236.896552 5.204932
v 117.878593 -231.379310 5.204932
v 117.878593 -225.862069 5.204932
v 117.878593 -220.344828 5.204932
v 117.878593 -214.827586 5.204932
v 117.878593 -209.310345 5.204932
v 117.878593 -203.793103 5.204932
v 117.878593 -198.275862 5.204932
v 117.878593 -192.758621 5.204932
v 117.878593 -187.241379 5.204932
v 117.878593 -181.724138 5.204932
v 117.878593 -176.206897 5.204932
v 117.878593 -170.689655 5.204932
v 117.878593 -165.172414 5.204932
v 117.878593 -159.655172 5.204932
v 117.878593 -154.137931 5.204932
v 117.878593 -148.620690 5.204932
v 117.878593 -143.103448 5.204932
v 117.878593 -137.586207 5.204932
v 117.878593 -132.068966 5.204932
v 117.878593 -126.551724 5.204932
v 117.878593 -121.034483 5.204932
v 117.878593 -115.517241 5.204932
v 120.099756 -110.000000 2.375305
v 120.880625 -110.000000 2.000000
v 120.658480 -110.000000 2.024986
v 120.447436 -110.000000 2.098697
v 120.258040 -110.000000 2.217448
v 120.258040 -265.294118 2.217448
v 120.258040 -260.588235 2.217448
v 120.258040 -255.882353 2.217448
v 120.258040 -251.176471 2.217448
v 120.258040 -246.470588 2.217448
v 120.258040 -241.764706 2.217448
v 120.258040 -237.058824 2.217448
v 120.258040 -232.352941 2.217448
v 120.258040 -227.647059 2.217448
v 120.258040 -222.941176 2.217448
v 120.258040 -218.235294 2.217448
v 120.258040 -213.529412 2.217448
v 120.258040 -208.823529 2.217448
v 120.258040 -204.117647 2.217448
v 120.258040 -199.411765 2.217448
v 120.258040 -194.705882 2.217448
v 120.258040 -190.000000 2.217448
v 120.258040 -185.294118 2.217448
v 120.258040 -180.588235 2.217448
v 120.258040 -175.882353 2.217448
v 120.258040 -171.176471 2.217448
v 120.258040 -166.470588 2.217448
v 120.258040 -161.764706 2.217448
v 120.258040 -157.058824 2.217448
v 120.258040 -152.352941 2.217448
v 120.258040 -147.647059 2.217448
v 120.258040 -142.941176 2.217448
v 120.258040 -138.235294 2.217448
v 120.258040 -133.529412 2.217448
v 120.258040 -128.823529 2.217448
v 120.258040 -124.117647 2.217448
v 120.258040 -119.411765 2.217448
v 120.258040 -114.705882 2.217448
v 120.447436 -265.294118 2.098697
v 120.447436 -260.588235 2.098697
v 120.447436 -255.882353 2.098697
v 120.447436 -251.176471 2.098697
v 120.447436 -246.470588 2.098697
v 120.447436 -241.764706 2.098697
v 120.447436 -237.058824 2.098697
v 120.447436 -232.352941 2.098697
v 120.447436 -227.647059 2.098697
v 120.447436 -222.941176 2.098697
v 120.447436 -218.235294 2.098697
v 120.447436 -213.529412 2.098697
v 120.447436 -208.823529 2.098697
v 120.447436 -204.117647 2.098697
v 120.447436 -199.411765 2.098697
v 120.447436 -194.705882 2.098697
v 120.447436 -190.000000 2.098697
v 120.447436 -185.294118 2.098697
v 120.447436 -180.588235 2.098697
v 120.447436 -175.882353 2.098697
v 120.447436 -171.176471 2.098697
v 120.447436 -166.470588 2.098697
v 120.447436 -161.764706 2.098697
v 120.447436 -157.058824 2.098697
v 120.447436 -152.352941 2.098697
v 120.447436 -147.647059 2.098697
v 120.447436 -142.941176 2.098697
v 120.447436 -138.235294 2.098697
v 120.447436 -133.529412 2.098697
v 120.447436 -128.823529 2.098697
v 120.447436 -124.117647 2.098697
v 120.447436 -119.411765 2.098697
v 120.447436 -114.705882 2.098697
v 120.658480 -265.294118 2.024986
v 120.658480 -260.588235 2.024986
v 120.658480 -255.882353 2.024986
v 120.658480 -251.176471 2.024986
v 120.658480 -246.470588 2.024986
v 120.658480 -241.764706 2.024986
v 120.658480 -237.058824 2.024986
v 120.658480 -232.352941 2.024986
v 120.658480 -227.647059 2.024986
v 120.658480 -222.941176 2.024986
v 120.658480 -218.235294 2.024986
v 120.658480 -213.529412 2.024986
v 120.658480 -208.823529 2.024986
v 120.658480 -204.117647 2.024986
v 120.658480 -199.411765 2.024986
v 120.658480 -194.705882 2.024986
v 120.658480 -190.000000 2.024986
v 120.658480 -185.294118 2.024986
v 120.658480 -180.588235 2.024986
v 120.658480 -175.882353 2.024986
v 120.658480 -171.176471 2.024986
v 120.658480 -166.470588 2.024986
v 120.658480 -161.764706 2.024986
v 120.658480 -157.058824 2.024986
v 120.658480 -152.352941 2.024986
v 120.658480 -147.647059 2.024986
v 120.658480 -142.941176 2.024986
v 120.658480 -138.235294 2.024986
v 120.658480 -133.529412 2.024986
v 120.658480 -128.823529 2.024986
v 120.658480 -124.117647 2.024986
v 120.658480 -119.411765 2.024986
v 120.658480 -114.705882 2.024986
v 120.919375 -110.000000 2.000000
v -36.880625 -110.000000 2.000000
v 57.543138 -269.019777 0.000000
v 58.074089 -268.129890 0.000000
v 58.777073 -267.368561 0.000000
v -26.918666 -221.506537 0.000000
v -27.550119 -221.080016 0.000000
v -28.268661 -220.826345 0.000000
v -29.027936 -220.761890 0.000000
v -29.778957 -220.890810 0.000000
v -30.473270 -221.204788 0.000000
v -31.066080 -221.683566 0.000000
v -31.519142 -222.296255 0.000000
v -31.803225 -223.003326 0.000000
v -31.900000 -223.759161 0.000000
v -40.900000 -110.000000 0.000000
v -31.900000 -110.000000 0.000000
v -31.900000 -156.240839 0.000000
v -31.803225 -156.996674 0.000000
v -31.519142 -157.703745 0.000000
v -31.066080 -158.316434 0.000000
v -30.473270 -158.795212 0.000000
v -29.778957 -159.109190 0.000000
v -29.027936 -159.238110 0.000000
v -28.268661 -159.173655 0.000000
v -27.550119 -158.919984 0.000000
v -26.918666 -158.493463 0.000000
v 25.222927 -112.631439 0.000000
v 25.925911 -111.870110 0.000000
v 26.456862 -110.980223 0.000000
v 26.792974 -110.000000 0.000000
v 57.207026 -110.000000 0.000000
v 57.543138 -110.980223 0.000000
v 58.074089 -111.870110 0.000000
v 58.777073 -112.631439 0.000000
v 110.918666 -158.493463 0.000000
v 111.550119 -158.919984 0.000000
v 112.268661 -159.173655 0.000000
v 113.027936 -159.238110 0.000000
v 113.778957 -159.109190 0.000000
v 114.473270 -158.795212 0.000000
v 115.066080 -158.316434 0.000000
v 115.519142 -157.703745 0.000000
v 115.803225 -156.996674 0.000000
v 115.900000 -156.240839 0.000000
v 115.900000 -110.000000 0.000000
v 115.803225 -223.003326 0.000000
v 115.519142 -222.296255 0.000000
v 115.066080 -221.683566 0.000000
v 114.473270 -221.204788 0.000000
v 113.778957 -220.890810 0.000000
v 113.027936 -220.761890 0.000000
v 112.268661 -220.826345 0.000000
v 111.550119 -221.080016 0.000000
v 110.918666 -221.506537 0.000000
v 52.473160 -113.745626 0.000000
v 51.484003 -113.067199 0.000000
v 50.361734 -112.643870 0.000000
v 49.170937 -112.500000 0.000000
v 34.829063 -112.500000 0.000000
v 33.638266 -112.643870 0.000000
v 32.515997 -113.067199 0.000000
v 31.526840 -113.745626 0.000000
v -30.881334 -168.637795 0.000000
v -31.311581 -169.105966 0.000000
v -31.633496 -169.654297 0.000000
v -31.832617 -170.258157 0.000000
v -31.900000 -170.890419 0.000000
v -31.900000 -209.109581 0.000000
v -31.832617 -209.741843 0.000000
v -31.633496 -210.345703 0.000000
v -31.311581 -210.894034 0.000000
v -30.881334 -211.362205 0.000000
v 31.526840 -266.254374 0.000000
v 32.515997 -266.932801 0.000000
v 33.638266 -267.356130 0.000000
v 34.829063 -267.500000 0.000000
v 49.170937 -267.500000 0.000000
v 50.361734 -267.356130 0.000000
v 51.484003 -266.932801 0.000000
v 52.473160 -266.254374 0.000000
v 114.881334 -211.362205 0.000000
v 115.311581 -210.894034 0.000000
v 115.633496 -210.345703 0.000000
v 115.832617 -209.741843 0.000000
v 115.900000 -209.109581 0.000000
v 115.900000 -170.890419 0.000000
v 115.832617 -170.258157 0.000000
v 115.633496 -169.654297 0.000000
v 115.311581 -169.105966 0.000000
v 114.881334 -168.637795 0.000000
v 125.900000 -110.000000 9.000000
v 123.270590 -110.000000 9.982963
v 123.150000 -110.000000 9.933013
v 123.046447 -110.000000 9.853553
v 122.966987 -110.000000 9.750000
v 122.917037 -110.000000 9.629410
v 122.900000 -110.000000 9.500000
v 122.917037 -267.192982 9.629410
v 122.917037 -264.385965 9.629410
v 122.917037 -261.578947 9.629410
v 122.917037 -258.771930 9.629410
v 122.917037 -255.964912 9.629410
v 122.917037 -253.157895 9.629410
v 122.917037 -250.350877 9.629410
v 122.917037 -247.543860 9.629410
v 122.917037 -244.736842 9.629410
v 122.917037 -241.929825 9.629410
v 122.917037 -239.122807 9.629410
v 122.917037 -236.315789 9.629410
v 122.917037 -233.508772 9.629410
v 122.917037 -230.701754 9.629410
v 122.917037 -227.894737 9.629410
v 122.917037 -225.087719 9.629410
v 122.917037 -222.280702 9.629410
v 122.917037 -219.473684 9.629410
v 122.917037 -216.666667 9.629410
v 122.917037 -213.859649 9.629410
v 122.917037 -211.052632 9.629410
v 122.917037 -208.245614 9.629410
v 122.917037 -205.438596 9.629410
v 122.917037 -202.631579 9.629410
v 122.917037 -199.824561 9.629410
v 122.917037 -197.017544 9.629410
v 122.917037 -194.210526 9.629410
v 122.917037 -191.403509 9.629410
v 122.917037 -188.596491 9.629410
v 122.917037 -185.789474 9.629410
v 122.917037 -182.982456 9.629410
v 122.917037 -180.175439 9.629410
v 122.917037 -177.368421 9.629410
v 122.917037 -174.561404 9.629410
v 122.917037 -171.754386 9.629410
v 122.917037 -168.947368 9.629410
v 122.917037 -166.140351 9.629410
v 122.917037 -163.333333 9.629410
v 122.917037 -160.526316 9.629410
v 122.917037 -157.719298 9.629410
v 122.917037 -154.912281 9.629410
v 122.917037 -152.105263 9.629410
v 122.917037 -149.298246 9.629410
v 122.917037 -146.491228 9.629410
v 122.917037 -143.684211 9.629410
v 122.917037 -140.877193 9.629410
v 122.917037 -138.070175 9.629410
v 122.917037 -135.263158 9.629410
v 122.917037 -132.456140 9.629410
v 122.917037 -129.649123 9.629410
v 122.917037 -126.842105 9.629410
v 122.917037 -124.035088 9.629410
v 122.917037 -121.228070 9.629410
v 122.917037 -118.421053 9.629410
v 122.917037 -115.614035 9.629410
v 122.917037 -112.807018 9.629410
v 122.966987 -267.192982 9.750000
v 122.966987 -264.385965 9.750000
v 122.966987 -261.578947 9.750000
v 122.966987 -258.771930 9.750000
v 122.966987 -255.964912 9.750000
v 122.966987 -253.157895 9.750000
v 122.966987 -250.350877 9.750000
v 122.966987 -247.543860 9.750000
v 122.966987 -244.736842 9.750000
v 122.966987 -241.929825 9.750000
v 122.966987 -239.122807 9.750000
v 122.966987 -236.315789 9.750000
v 122.966987 -233.508772 9.750000
v 122.966987 -230.701754 9.750000
v 122.966987 -227.894737 9.750000
v 122.966987 -225.087719 9.750000
v 122.966987 -222.280702 9.750000
v 122.966987 -219.473684 9.750000
v 122.966987 -216.666667 9.750000
v 122.966987 -213.859649 9.750000
v 122.966987 -211.052632 9.750000
v 122.966987 -208.245614 9.750000
v 122.966987 -205.438596 9.750000
v 122.966987 -202.631579 9.750000
v 122.966987 -199.824561 9.750000
v 122.966987 -197.017544 9.750000
v 122.966987 -194.210526 9.750000
v 122.966987 -191.403509 9.750000
v 122.966987 -188.596491 9.750000
v 122.966987 -185.789474 9.750000
v 122.966987 -182.982456 9.750000
v 122.966987 -180.175439 9.750000
v 122.966987 -177.368421 9.750000
v 122.966987 -174.561404 9.750000
v 122.966987 -171.754386 9.750000
v 122.966987 -168.947368 9.750000
v 122.966987 -166.140351 9.750000
v 122.966987 -163.333333 9.750000
v 122.966987 -160.526316 9.750000
v 122.966987 -157.719298 9.750000
v 122.966987 -154.912281 9.750000
v 122.966987 -152.105263 9.750000
v 122.966987 -149.298246 9.750000
v 122.966987 -146.491228 9.750000
v 122.966987 -143.684211 9.750000
v 122.966987 -140.877193 9.750000
v 122.966987 -138.070175 9.750000
v 122.966987 -135.263158 9.750000
v 122.966987 -132.456140 9.750000
v 122.966987 -129.649123 9.750000
v 122.966987 -126.842105 9.750000
v 122.966987 -124.035088 9.750000
v 122.966987 -121.228070 9.750000
v 122.966987 -118.421053 9.750000
v 122.966987 -115.614035 9.750000
v 122.966987 -112.807018 9.750000
v 123.046447 -267.192982 9.853553
v 123.046447 -264.385965 9.853553
v 123.046447 -261.578947 9.853553
v 123.046447 -258.771930 9.853553
v 123.046447 -255.964912 9.853553
v 123.046447 -253.157895 9.853553
v 123.046447 -250.350877 9.853553
v 123.046447 -247.543860 9.853553
v 123.046447 -244.736842 9.853553
v 123.046447 -241.929825 9.853553
v 123.046447 -239.122807 9.853553
v 123.046447 -236.315789 9.853553
v 123.046447 -233.508772 9.853553
v 123.046447 -230.701754 9.853553
v 123.046447 -227.894737 9.853553
v 123.046447 -225.087719 9.853553
v 123.046447 -222.280702 9.853553
v 123.046447 -219.473684 9.853553
v 123.046447 -216.666667 9.853553
v 123.046447 -213.859649 9.853553
v 123.046447 -211.052632 9.853553
v 123.046447 -208.245614 9.853553
v 123.046447 -205.438596 9.853553
v 123.046447 -202.631579 9.853553
v 123.046447 -199.824561 9.853553
v 123.046447 -197.017544 9.853553
v 123.046447 -194.210526 9.853553
v 123.046447 -191.403509 9.853553
v 123.046447 -188.596491 9.853553
v 123.046447 -185.789474 9.853553
v 123.046447 -182.982456 9.853553
v 123.046447 -180.175439 9.853553
v 123.046447 -177.368421 9.853553
v 123.046447 -174.561404 9.853553
v 123.046447 -171.754386 9.853553
v 123.046447 -168.947368 9.853553
v 123.046447 -166.140351 9.853553
v 123.046447 -163.333333 9.853553
v 123.046447 -160.526316 9.853553
v 123.046447 -157.719298 9.853553
v 123.046447 -154.912281 9.853553
v 123.046447 -152.105263 9.853553
v 123.046447 -149.298246 9.853553
v 123.046447 -146.491228 9.853553
v 123.046447 -143.684211 9.853553
v 123.046447 -140.877193 9.853553
v 123.046447 -138.070175 9.853553
v 123.046447 -135.263158 9.853553
v 123.046447 -132.456140 9.853553
v 123.046447 -129.649123 9.853553
v 123.046447 -126.842105 9.853553
v 123.046447 -124.035088 9.853553
v 123.046447 -121.228070 9.853553
v 123.046447 -118.421053 9.853553
v 123.046447 -115.614035 9.853553
v 123.046447 -112.807018 9.853553
v 123.150000 -267.192982 9.933013
v 123.150000 -264.385965 9.933013
v 123.150000 -261.578947 9.933013
v 123.150000 -258.771930 9.933013
v 123.150000 -255.964912 9.933013
v 123.150000 -253.157895 9.933013
v 123.150000 -250.350877 9.933013
v 123.150000 -247.543860 9.933013
v 123.150000 -244.736842 9.933013
v 123.150000 -241.929825 9.933013
v 123.150000 -239.122807 9.933013
v 123.150000 -236.315789 9.933013
v 123.150000 -233.508772 9.933013
v 123.150000 -230.701754 9.933013
v 123.150000 -227.894737 9.933013
v 123.150000 -225.087719 9.933013
v 123.150000 -222.280702 9.933013
v 123.150000 -219.473684 9.933013
v 123.150000 -216.666667 9.933013
v 123.150000 -213.859649 9.933013
v 123.150000 -211.052632 9.933013
v 123.150000 -208.245614 9.933013
v 123.150000 -205.438596 9.933013
v 123.150000 -202.631579 9.933013
v 123.150000 -199.824561 9.933013
v 123.150000 -197.017544 9.933013
v 123.150000 -194.210526 9.933013
v 123.150000 -191.403509 9.933013
v 123.150000 -188.596491 9.933013
v 123.150000 -185.789474 9.933013
v 123.150000 -182.982456 9.933013
v 123.150000 -180.175439 9.933013
v 123.150000 -177.368421 9.933013
v 123.150000 -174.561404 9.933013
v 123.150000 -171.754386 9.933013
v 123.150000 -168.947368 9.933013
v 123.150000 -166.140351 9.933013
v 123.150000 -163.333333 9.933013
v 123.150000 -160.526316 9.933013
v 123.150000 -157.719298 9.933013
v 123.150000 -154.912281 9.933013
v 123.150000 -152.105263 9.933013
v 123.150000 -149.298246 9.933013
v 123.150000 -146.491228 9.933013
v 123.150000 -143.684211 9.933013
v 123.150000 -140.877193 9.933013
v 123.150000 -138.070175 9.933013
v 123.150000 -135.263158 9.933013
v 123.150000 -132.456140 9.933013
v 123.150000 -129.649123 9.933013
v 123.150000 -126.842105 9.933013
v 123.150000 -124.035088 9.933013
v 123.150000 -121.228070 9.933013
v 123.150000 -118.421053 9.933013
v 123.150000 -115.614035 9.933013
v 123.150000 -112.807018 9.933013
v 123.270590 -267.192982 9.982963
v 123.270590 -264.385965 9.982963
v 123.270590 -261.578947 9.982963
v 123.270590 -258.771930 9.982963
v 123.270590 -255.964912 9.982963
v 123.270590 -253.157895 9.982963
v 123.270590 -250.350877 9.982963
v 123.270590 -247.543860 9.982963
v 123.270590 -244.736842 9.982963
v 123.270590 -241.929825 9.982963
v 123.270590 -239.122807 9.982963
v 123.270590 -236.315789 9.982963
v 123.270590 -233.508772 9.982963
v 123.270590 -230.701754 9.982963
v 123.270590 -227.894737 9.982963
v 123.270590 -225.087719 9.982963
v 123.270590 -222.280702 9.982963
v 123.270590 -219.473684 9.982963
v 123.270590 -216.666667 9.982963
v 123.270590 -213.859649 9.982963
v 123.270590 -211.052632 9.982963
v 123.270590 -208.245614 9.982963
v 123.270590 -205.438596 9.982963
v 123.270590 -202.631579 9.982963
v 123.270590 -199.824561 9.982963
v 123.270590 -197.017544 9.982963
v 123.270590 -194.210526 9.982963
v 123.270590 -191.403509 9.982963
v 123.270590 -188.596491 9.982963
v 123.270590 -185.789474 9.982963
v 123.270590 -182.982456 9.982963
v 123.270590 -180.175439 9.982963
v 123.270590 -177.368421 9.982963
v 123.270590 -174.561404 9.982963
v 123.270590 -171.754386 9.982963
v 123.270590 -168.947368 9.982963
v 123.270590 -166.140351 9.982963
v 123.270590 -163.333333 9.982963
v 123.270590 -160.526316 9.982963
v 123.270590 -157.719298 9.982963
v 123.270590 -154.912281 9.982963
v 123.270590 -152.105263 9.982963
v 123.270590 -149.298246 9.982963
v 123.270590 -146.491228 9.982963
v 123.270590 -143.684211 9.982963
v 123.270590 -140.877193 9.982963
v 123.270590 -138.070175 9.982963
v 123.270590 -135.263158 9.982963
v 123.270590 -132.456140 9.982963
v 123.270590 -129.649123 9.982963
v 123.270590 -126.842105 9.982963
v 123.270590 -124.035088 9.982963
v 123.270590 -121.228070 9.982963
v 123.270590 -118.421053 9.982963
v 123.270590 -115.614035 9.982963
v 123.270590 -112.807018 9.982963
v 122.900000 -110.000000 7.093675
v 122.904778 -110.000000 7.050221
v 122.918882 -110.000000 7.008844
v 122.941640 -110.000000 6.971519
v 122.971963 -110.000000 6.940031
v 122.941640 -269.058824 6.971519
v 122.941640 -268.117647 6.971519
v 122.941640 -267.176471 6.971519
v 122.941640 -266.235294 6.971519
v 122.941640 -265.294118 6.971519
v 122.941640 -264.352941 6.971519
v 122.941640 -263.411765 6.971519
v 122.941640 -262.470588 6.971519
v 122.941640 -261.529412 6.971519
v 122.941640 -260.588235 6.971519
v 122.941640 -259.647059 6.971519
v 122.941640 -258.705882 6.971519
v 122.941640 -257.764706 6.971519
v 122.941640 -256.823529 6.971519
v 122.941640 -255.882353 6.971519
v 122.941640 -254.941176 6.971519
v 122.941640 -254.000000 6.971519
v 122.941640 -253.058824 6.971519
v 122.941640 -252.117647 6.971519
v 122.941640 -251.176471 6.971519
v 122.941640 -250.235294 6.971519
v 122.941640 -249.294118 6.971519
v 122.941640 -248.352941 6.971519
v 122.941640 -247.411765 6.971519
v 122.941640 -246.470588 6.971519
v 122.941640 -245.529412 6.971519
v 122.941640 -244.588235 6.971519
v 122.941640 -243.647059 6.971519
v 122.941640 -242.705882 6.971519
v 122.941640 -241.764706 6.971519
v 122.941640 -240.823529 6.971519
v 122.941640 -239.882353 6.971519
v 122.941640 -238.941176 6.971519
v 122.941640 -238.000000 6.971519
v 122.941640 -237.058824 6.971519
v 122.941640 -236.117647 6.971519
v 122.941640 -235.176471 6.971519
v 122.941640 -234.235294 6.971519
v 122.941640 -233.294118 6.971519
v 122.941640 -232.352941 6.971519
v 122.941640 -231.411765 6.971519
v 122.941640 -230.470588 6.971519
v 122.941640 -229.529412 6.971519
v 122.941640 -228.588235 6.971519
v 122.941640 -227.647059 6.971519
v 122.941640 -226.705882 6.971519
v 122.941640 -225.764706 6.971519
v 122.941640 -224.823529 6.971519
v 122.941640 -223.882353 6.971519
v 122.941640 -222.941176 6.971519
v 122.941640 -222.000000 6.971519
v 122.941640 -221.058824 6.971519
v 122.941640 -220.117647 6.971519
v 122.941640 -219.176471 6.971519
v 122.941640 -218.235294 6.971519
v 122.941640 -217.294118 6.971519
v 122.941640 -216.352941 6.971519
v 122.941640 -215.411765 6.971519
v 122.941640 -214.470588 6.971519
v 122.941640 -213.529412 6.971519
v 122.941640 -212.588235 6.971519
v 122.941640 -211.647059 6.971519
v 122.941640 -210.705882 6.971519
v 122.941640 -209.764706 6.971519
v 122.941640 -208.823529 6.971519
v 122.941640 -207.882353 6.971519
v 122.941640 -206.941176 6.971519
v 122.941640 -206.000000 6.971519
v 122.941640 -205.058824 6.971519
v 122.941640 -204.117647 6.971519
v 122.941640 -203.176471 6.971519
v 122.941640 -202.235294 6.971519
v 122.941640 -201.294118 6.971519
v 122.941640 -200.352941 6.971519
v 122.941640 -199.411765 6.971519
v 122.941640 -198.470588 6.971519
v 122.941640 -197.529412 6.971519
v 122.941640 -196.588235 6.971519
v 122.941640 -195.647059 6.971519
v 122.941640 -194.705882 6.971519
v 122.941640 -193.764706 6.971519
v 122.941640 -192.823529 6.971519
v 122.941640 -191.882353 6.971519
v 122.941640 -190.941176 6.971519
v 122.941640 -190.000000 6.971519
v 122.941640 -189.058824 6.971519
v 122.941640 -188.117647 6.971519
v 122.941640 -187.176471 6.971519
v 122.941640 -186.235294 6.971519
v 122.941640 -185.294118 6.971519
v 122.941640 -184.352941 6.971519
v 122.941640 -183.411765 6.971519
v 122.941640 -182.470588 6.971519
v 122.941640 -181.529412 6.971519
v 122.941640 -180.588235 6.971519
v 122.941640 -179.647059 6.971519
v 122.941640 -178.705882 6.971519
v 122.941640 -177.764706 6.971519
v 122.941640 -176.823529 6.971519
v 122.941640 -175.882353 6.971519
v 122.941640 -174.941176 6.971519
v 122.941640 -174.000000 6.971519
v 122.941640 -173.058824 6.971519
v 122.941640 -172.117647 6.971519
v 122.941640 -171.176471 6.971519
v 122.941640 -170.235294 6.971519
v 122.941640 -169.294118 6.971519
v 122.941640 -168.352941 6.971519
v 122.941640 -167.411765 6.971519
v 122.941640 -166.470588 6.971519
v 122.941640 -165.529412 6.971519
v 122.941640 -164.588235 6.971519
v 122.941640 -163.647059 6.971519
v 122.941640 -162.705882 6.971519
v 122.941640 -161.764706 6.971519
v 122.941640 -160.823529 6.971519
v 122.941640 -159.882353 6.971519
v 122.941640 -158.941176 6.971519
v 122.941640 -158.000000 6.971519
v 122.941640 -157.058824 6.971519
v 122.941640 -156.117647 6.971519
v 122.941640 -155.176471 6.971519
v 122.941640 -154.235294 6.971519
v 122.941640 -153.294118 6.971519
v 122.941640 -152.352941 6.971519
v 122.941640 -151.411765 6.971519
v 122.941640 -150.470588 6.971519
v 122.941640 -149.529412 6.971519
v 122.941640 -148.588235 6.971519
v 122.941640 -147.647059 6.971519
v 122.941640 -146.705882 6.971519
v 122.941640 -145.764706 6.971519
v 122.941640 -144.823529 6.971519
v 122.941640 -143.882353 6.971519
v 122.941640 -142.941176 6.971519
v 122.941640 -142.000000 6.971519
v 122.941640 -141.058824 6.971519
v 122.941640 -140.117647 6.971519
v 122.941640 -139.176471 6.971519
v 122.941640 -138.235294 6.971519
v 122.941640 -137.294118 6.971519
v 122.941640 -136.352941 6.971519
v 122.941640 -135.411765 6.971519
v 122.941640 -134.470588 6.971519
v 122.941640 -133.529412 6.971519
v 122.941640 -132.588235 6.971519
v 122.941640 -131.647059 6.971519
v 122.941640 -130.705882 6.971519
v 122.941640 -129.764706 6.971519
v 122.941640 -128.823529 6.971519
v 122.941640 -127.882353 6.971519
v 122.941640 -126.941176 6.971519
v 122.941640 -126.000000 6.971519
v 122.941640 -125.058824 6.971519
v 122.941640 -124.117647 6.971519
v 122.941640 -123.176471 6.971519
v 122.941640 -122.235294 6.971519
v 122.941640 -121.294118 6.971519
v 122.941640 -120.352941 6.971519
v 122.941640 -119.411765 6.971519
v 122.941640 -118.470588 6.971519
v 122.941640 -117.529412 6.971519
v 122.941640 -116.588235 6.971519
v 122.941640 -115.647059 6.971519
v 122.941640 -114.705882 6.971519
v 122.941640 -113.764706 6.971519
v 122.941640 -112.823529 6.971519
v 122.941640 -111.882353 6.971519
v 122.941640 -110.941176 6.971519
v 122.918882 -269.058824 7.008844
v 122.918882 -268.117647 7.008844
v 122.918882 -267.176471 7.008844
v 122.918882 -266.235294 7.008844
v 122.918882 -265.294118 7.008844
v 122.918882 -264.352941 7.008844
v 122.918882 -263.411765 7.008844
v 122.918882 -262.470588 7.008844
v 122.918882 -261.529412 7.008844
v 122.918882 -260.588235 7.008844
v 122.918882 -259.647059 7.008844
v 122.918882 -258.705882 7.008844
v 122.918882 -257.764706 7.008844
v 122.918882 -256.823529 7.008844
v 122.918882 -255.882353 7.008844
v 122.918882 -254.941176 7.008844
v 122.918882 -254.000000 7.008844
v 122.918882 -253.058824 7.008844
v 122.918882 -252.117647 7.008844
v 122.918882 -251.176471 7.008844
v 122.918882 -250.235294 7.008844
v 122.918882 -249.294118 7.008844
v 122.918882 -248.352941 7.008844
v 122.918882 -247.411765 7.008844
v 122.918882 -246.470588 7.008844
v 122.918882 -245.529412 7.008844
v 122.918882 -244.588235 7.008844
v 122.918882 -243.647059 7.008844
v 122.918882 -242.705882 7.008844
v 122.918882 -241.764706 7.008844
v 122.918882 -240.823529 7.008844
v 122.918882 -239.882353 7.008844
v 122.918882 -238.941176 7.008844
v 122.918882 -238.000000 7.008844
v 122.918882 -237.058824 7.008844
v 122.918882 -236.117647 7.008844
v 122.918882 -235.176471 7.008844
v 122.918882 -234.235294 7.008844
v 122.918882 -233.294118 7.008844
v 122.918882 -232.352941 7.008844
v 122.918882 -231.411765 7.008844
v 122.918882 -230.470588 7.008844
v 122.918882 -229.529412 7.008844
v 122.918882 -228.588235 7.008844
v 122.918882 -227.647059 7.008844
v 122.918882 -226.705882 7.008844
v 122.918882 -225.764706 7.008844
v 122.918882 -224.823529 7.008844
v 122.918882 -223.882353 7.008844
v 122.918882 -222.941176 7.008844
v 122.918882 -222.000000 7.008844
v 122.918882 -221.058824 7.008844
v 122.918882 -220.117647 7.008844
v 122.918882 -219.176471 7.008844
v 122.918882 -218.235294 7.008844
v 122.918882 -217.294118 7.008844
v 122.918882 -216.352941 7.008844
v 122.918882 -215.411765 7.008844
v 122.918882 -214.470588 7.008844
v 122.918882 -213.529412 7.008844
v 122.918882 -212.588235 7.008844
v 122.918882 -211.647059 7.008844
v 122.918882 -210.705882 7.008844
v 122.918882 -209.764706 7.008844
v 122.918882 -208.823529 7.008844
v 122.918882 -207.882353 7.008844
v 122.918882 -206.941176 7.008844
v 122.918882 -206.000000 7.008844
v 122.918882 -205.058824 7.008844
v 122.918882 -204.117647 7.008844
v 122.918882 -203.176471 7.008844
v 122.918882 -202.235294 7.008844
v 122.918882 -201.294118 7.008844
v 122.918882 -200.352941 7.008844
v 122.918882 -199.411765 7.008844
v 122.918882 -198.470588 7.008844
v 122.918882 -197.529412 7.008844
v 122.918882 -196.588235 7.008844
v 122.918882 -195.647059 7.008844
v 122.918882 -194.705882 7.008844
v 122.918882 -193.764706 7.008844
v 122.918882 -192.823529 7.008844
v 122.918882 -191.882353 7.008844
v 122.918882 -190.941176 7.008844
v 122.918882 -190.000000 7.008844
v 122.918882 -189.058824 7.008844
v 122.918882 -188.117647 7.008844
v 122.918882 -187.176471 7.008844
v 122.918882 -186.235294 7.008844
v 122.918882 -185.294118 7.008844
v 122.918882 -184.352941 7.008844
v 122.918882 -183.411765 7.008844
v 122.918882 -182.470588 7.008844
v 122.918882 -181.529412 7.008844
v 122.918882 -180.588235 7.008844
v 122.918882 -179.647059 7.008844
v 122.918882 -178.705882 7.008844
v 122.918882 -177.764706 7.008844
v 122.918882 -176.823529 7.008844
v 122.918882 -175.882353 7.008844
v 122.918882 -174.941176 7.008844
v 122.918882 -174.000000 7.008844
v 122.918882 -173.058824 7.008844
v 122.918882 -172.117647 7.008844
v 122.918882 -171.176471 7.008844
v 122.918882 -170.235294 7.008844
v 122.918882 -169.294118 7.008844
v 122.918882 -168.352941 7.008844
v 122.918882 -167.411765 7.008844
v 122.918882 -166.470588 7.008844
v 122.918882 -165.529412 7.008844
v 122.918882 -164.588235 7.008844
v 122.918882 -163.647059 7.008844
v 122.918882 -162.705882 7.008844
v 122.918882 -161.764706 7.008844
v 122.918882 -160.823529 7.008844
v 122.918882 -159.882353 7.008844
v 122.918882 -158.941176 7.008844
v 122.918882 -158.000000 7.008844
v 122.918882 -157.058824 7.008844
v 122.918882 -156.117647 7.008844
v 122.918882 -155.176471 7.008844
v 122.918882 -154.235294 7.008844
v 122.918882 -153.294118 7.008844
v 122.918882 -152.352941 7.008844
v 122.918882 -151.411765 7.008844
v 122.918882 -150.470588 7.008844
v 122.918882 -149.529412 7.008844
v 122.918882 -148.588235 7.008844
v 122.918882 -147.647059 7.008844
v 122.918882 -146.705882 7.008844
v 122.918882 -145.764706 7.008844
v 122.918882 -144.823529 7.008844
v 122.918882 -143.882353 7.008844
v 122.918882 -142.941176 7.008844
v 122.918882 -142.000000 7.008844
v 122.918882 -141.058824 7.008844
v 122.918882 -140.117647 7.008844
v 122.918882 -139.176471 7.008844
v 122.918882 -138.235294 7.008844
v 122.918882 -137.294118 7.008844
v 122.918882 -136.352941 7.008844
v 122.918882 -135.411765 7.008844
v 122.918882 -134.470588 7.008844
v 122.918882 -133.529412 7.008844
v 122.918882 -132.588235 7.008844
v 122.918882 -131.647059 7.008844
v 122.918882 -130.705882 7.008844
v 122.918882 -129.764706 7.008844
v 122.918882 -128.823529 7.008844
v 122.918882 -127.882353 7.008844
v 122.918882 -126.941176 7.008844
v 122.918882 -126.000000 7.008844
v 122.918882 -125.058824 7.008844
v 122.918882 -124.117647 7.008844
v 122.918882 -123.176471 7.008844
v 122.918882 -122.235294 7.008844
v 122.918882 -121.294118 7.008844
v 122.918882 -120.352941 7.008844
v 122.918882 -119.411765 7.008844
v 122.918882 -118.470588 7.008844
v 122.918882 -117.529412 7.008844
v 122.918882 -116.588235 7.008844
v 122.918882 -115.647059 7.008844
v 122.918882 -114.705882 7.008844
v 122.918882 -113.764706 7.008844
v 122.918882 -112.823529 7.008844
v 122.918882 -111.882353 7.008844
v 122.918882 -110.941176 7.008844
v 122.904778 -269.058824 7.050221
v 122.904778 -268.117647 7.050221
v 122.904778 -267.176471 7.050221
v 122.904778 -266.235294 7.050221
v 122.904778 -265.294118 7.050221
v 122.904778 -264.352941 7.050221
v 122.904778 -263.411765 7.050221
v 122.904778 -262.470588 7.050221
v 122.904778 -261.529412 7.050221
v 122.904778 -260.588235 7.050221
v 122.904778 -259.647059 7.050221
v 122.904778 -258.705882 7.050221
v 122.904778 -257.764706 7.050221
v 122.904778 -256.823529 7.050221
v 122.904778 -255.882353 7.050221
v 122.904778 -254.941176 7.050221
v 122.904778 -254.000000 7.050221
v 122.904778 -253.058824 7.050221
v 122.904778 -252.117647 7.050221
v 122.904778 -251.176471 7.050221
v 122.904778 -250.235294 7.050221
v 122.904778 -249.294118 7.050221
v 122.904778 -248.352941 7.050221
v 122.904778 -247.411765 7.050221
v 122.904778 -246.470588 7.050221
v 122.904778 -245.529412 7.050221
v 122.904778 -244.588235 7.050221
v 122.904778 -243.647059 7.050221
v 122.904778 -242.705882 7.050221
v 122.904778 -241.764706 7.050221
v 122.904778 -240.823529 7.050221
v 122.904778 -239.882353 7.050221
v 122.904778 -238.941176 7.050221
v 122.904778 -238.000000 7.050221
v 122.904778 -237.058824 7.050221
v 122.904778 -236.117647 7.050221
v 122.904778 -235.176471 7.050221
v 122.904778 -234.235294 7.050221
v 122.904778 -233.294118 7.050221
v 122.904778 -232.352941 7.050221
v 122.904778 -231.411765 7.050221
v 122.904778 -230.470588 7.050221
v 122.904778 -229.529412 7.050221
v 122.904778 -228.588235 7.050221
v 122.904778 -227.647059 7.050221
v 122.904778 -226.705882 7.050221
v 122.904778 -225.764706 7.050221
v 122.904778 -224.823529 7.050221
v 122.904778 -223.882353 7.050221
v 122.904778 -222.941176 7.050221
v 122.904778 -222.000000 7.050221
v 122.904778 -221.058824 7.050221
v 122.904778 -220.117647 7.050221
v 122.904778 -219.176471 7.050221
v 122.904778 -218.235294 7.050221
v 122.904778 -217.294118 7.050221
v 122.904778 -216.352941 7.050221
v 122.904778 -215.411765 7.050221
v 122.904778 -214.470588 7.050221
v 122.904778 -213.529412 7.050221
v 122.904778 -212.588235 7.050221
v 122.904778 -211.647059 7.050221
v 122.904778 -210.705882 7.050221
v 122.904778 -209.764706 7.050221
v 122.904778 -208.823529 7.050221
v 122.904778 -207.882353 7.050221
v 122.904778 -206.941176 7.050221
v 122.904778 -206.000000 7.050221
v 122.904778 -205.058824 7.050221
v 122.904778 -204.117647 7.050221
v 122.904778 -203.176471 7.050221
v 122.904778 -202.235294 7.050221
v 122.904778 -201.294118 7.050221
v 122.904778 -200.352941 7.050221
v 122.904778 -199.411765 7.050221
v 122.904778 -198.470588 7.050221
v 122.904778 -197.529412 7.050221
v 122.904778 -196.588235 7.050221
v 122.904778 -195.647059 7.050221
v 122.904778 -194.705882 7.050221
v 122.904778 -193.764706 7.050221
v 122.904778 -192.823529 7.050221
v 122.904778 -191.882353 7.050221
v 122.904778 -190.941176 7.050221
v 122.904778 -190.000000 7.050221
v 122.904778 -189.058824 7.050221
v 122.904778 -188.117647 7.050221
v 122.904778 -187.176471 7.050221
v 122.904778 -186.235294 7.050221
v 122.904778 -185.294118 7.050221
v 122.904778 -184.352941 7.050221
v 122.904778 -183.411765 7.050221
v 122.904778 -182.470588 7.050221
v 122.904778 -181.529412 7.050221
v 122.904778 -180.588235 7.050221
v 122.904778 -179.647059 7.050221
v 122.904778 -178.705882 7.050221
v 122.904778 -177.764706 7.050221
v 122.904778 -176.823529 7.050221
v 122.904778 -175.882353 7.050221
v 122.904778 -174.941176 7.050221
v 122.904778 -174.000000 7.050221
v 122.904778 -173.058824 7.050221
v 122.904778 -172.117647 7.050221
v 122.904778 -171.176471 7.050221
v 122.904778 -170.235294 7.050221
v 122.904778 -169.294118 7.050221
v 122.904778 -168.352941 7.050221
v 122.904778 -167.411765 7.050221
v 122.904778 -166.470588 7.050221
v 122.904778 -165.529412 7.050221
v 122.904778 -164.588235 7.050221
v 122.904778 -163.647059 7.050221
v 122.904778 -162.705882 7.050221
v 122.904778 -161.764706 7.050221
v 122.904778 -160.823529 7.050221
v 122.904778 -159.882353 7.050221
v 122.904778 -158.941176 7.050221
v 122.904778 -158.000000 7.050221
v 122.904778 -157.058824 7.050221
v 122.904778 -156.117647 7.050221
v 122.904778 -155.176471 7.050221
v 122.904778 -154.235294 7.050221
v 122.904778 -153.294118 7.050221
v 122.904778 -152.352941 7.050221
v 122.904778 -151.411765 7.050221
v 122.904778 -150.470588 7.050221
v 122.904778 -149.529412 7.050221
v 122.904778 -148.588235 7.050221
v 122.904778 -147.647059 7.050221
v 122.904778 -146.705882 7.050221
v 122.904778 -145.764706 7.050221
v 122.904778 -144.823529 7.050221
v 122.904778 -143.882353 7.050221
v 122.904778 -142.941176 7.050221
v 122.904778 -142.000000 7.050221
v 122.904778 -141.058824 7.050221
v 122.904778 -140.117647 7.050221
v 122.904778 -139.176471 7.050221
v 122.904778 -138.235294 7.050221
v 122.904778 -137.294118 7.050221
v 122.904778 -136.352941 7.050221
v 122.904778 -135.411765 7.050221
v 122.904778 -134.470588 7.050221
v 122.904778 -133.529412 7.050221
v 122.904778 -132.588235 7.050221
v 122.904778 -131.647059 7.050221
v 122.904778 -130.705882 7.050221
v 122.904778 -129.764706 7.050221
v 122.904778 -128.823529 7.050221
v 122.904778 -127.882353 7.050221
v 122.904778 -126.941176 7.050221
v 122.904778 -126.000000 7.050221
v 122.904778 -125.058824 7.050221
v 122.904778 -124.117647 7.050221
v 122.904778 -123.176471 7.050221
v 122.904778 -122.235294 7.050221
v 122.904778 -121.294118 7.050221
v 122.904778 -120.352941 7.050221
v 122.904778 -119.411765 7.050221
v 122.904778 -118.470588 7.050221
v 122.904778 -117.529412 7.050221
v 122.904778 -116.588235 7.050221
v 122.904778 -115.647059 7.050221
v 122.904778 -114.705882 7.050221
v 122.904778 -113.764706 7.050221
v 122.904778 -112.823529 7.050221
v 122.904778 -111.882353 7.050221
v 122.904778 -110.941176 7.050221
v 123.646990 -110.000000 6.377509
v 125.865926 -110.000000 9.258819
v 125.766025 -110.000000 9.500000
v 125.607107 -110.000000 9.707107
v 125.400000 -110.000000 9.866025
v 125.158819 -110.000000 9.965926
v 125.158819 -264.482759 9.965926
v 125.158819 -258.965517 9.965926
v 125.158819 -253.448276 9.965926
v 125.158819 -247.931034 9.965926
v 125.158819 -242.413793 9.965926
v 125.158819 -236.896552 9.965926
v 125.158819 -231.379310 9.965926
v 125.158819 -225.862069 9.965926
v 125.158819 -220.344828 9.965926
v 125.158819 -214.827586 9.965926
v 125.158819 -209.310345 9.965926
v 125.158819 -203.793103 9.965926
v 125.158819 -198.275862 9.965926
v 125.158819 -192.758621 9.965926
v 125.158819 -187.241379 9.965926
v 125.158819 -181.724138 9.965926
v 125.158819 -176.206897 9.965926
v 125.158819 -170.689655 9.965926
v 125.158819 -165.172414 9.965926
v 125.158819 -159.655172 9.965926
v 125.158819 -154.137931 9.965926
v 125.158819 -148.620690 9.965926
v 125.158819 -143.103448 9.965926
v 125.158819 -137.586207 9.965926
v 125.158819 -132.068966 9.965926
v 125.158819 -126.551724 9.965926
v 125.158819 -121.034483 9.965926
v 125.158819 -115.517241 9.965926
v 125.400000 -264.482759 9.866025
v 125.400000 -258.965517 9.866025
v 125.400000 -253.448276 9.866025
v 125.400000 -247.931034 9.866025
v 125.400000 -242.413793 9.866025
v 125.400000 -236.896552 9.866025
v 125.400000 -231.379310 9.866025
v 125.400000 -225.862069 9.866025
v 125.400000 -220.344828 9.866025
v 125.400000 -214.827586 9.866025
v 125.400000 -209.310345 9.866025
v 125.400000 -203.793103 9.866025
v 125.400000 -198.275862 9.866025
v 125.400000 -192.758621 9.866025
v 125.400000 -187.241379 9.866025
v 125.400000 -181.724138 9.866025
v 125.400000 -176.206897 9.866025
v 125.400000 -170.689655 9.866025
v 125.400000 -165.172414 9.866025
v 125.400000 -159.655172 9.866025
v 125.400000 -154.137931 9.866025
v 125.400000 -148.620690 9.866025
v 125.400000 -143.103448 9.866025
v 125.400000 -137.586207 9.866025
v 125.400000 -132.068966 9.866025
v 125.400000 -126.551724 9.866025
v 125.400000 -121.034483 9.866025
v 125.400000 -115.517241 9.866025
v 125.607107 -264.482759 9.707107
v 125.607107 -258.965517 9.707107
v 125.607107 -253.448276 9.707107
v 125.607107 -247.931034 9.707107
v 125.607107 -242.413793 9.707107
v 125.607107 -236.896552 9.707107
v 125.607107 -231.379310 9.707107
v 125.607107 -225.862069 9.707107
v 125.607107 -220.344828 9.707107
v 125.607107 -214.827586 9.707107
v 125.607107 -209.310345 9.707107
v 125.607107 -203.793103 9.707107
v 125.607107 -198.275862 9.707107
v 125.607107 -192.758621 9.707107
v 125.607107 -187.241379 9.707107
v 125.607107 -181.724138 9.707107
v 125.607107 -176.206897 9.707107
v 125.607107 -170.689655 9.707107
v 125.607107 -165.172414 9.707107
v 125.607107 -159.655172 9.707107
v 125.607107 -154.137931 9.707107
v 125.607107 -148.620690 9.707107
v 125.607107 -143.103448 9.707107
v 125.607107 -137.586207 9.707107
v 125.607107 -132.068966 9.707107
v 125.607107 -126.551724 9.707107
v 125.607107 -121.034483 9.707107
v 125.607107 -115.517241 9.707107
v 125.766025 -264.482759 9.500000
v 125.766025 -258.965517 9.500000
v 125.766025 -253.448276 9.500000
v 125.766025 -247.931034 9.500000
v 125.766025 -242.413793 9.500000
v 125.766025 -236.896552 9.500000
v 125.766025 -231.379310 9.500000
v 125.766025 -225.862069 9.500000
v 125.766025 -220.344828 9.500000
v 125.766025 -214.827586 9.500000
v 125.766025 -209.310345 9.500000
v 125.766025 -203.793103 9.500000
v 125.766025 -198.275862 9.500000
v 125.766025 -192.758621 9.500000
v 125.766025 -187.241379 9.500000
v 125.766025 -181.724138 9.500000
v 125.766025 -176.206897 9.500000
v 125.766025 -170.689655 9.500000
v 125.766025 -165.172414 9.500000
v 125.766025 -159.655172 9.500000
v 125.766025 -154.137931 9.500000
v 125.766025 -148.620690 9.500000
v 125.766025 -143.103448 9.500000
v 125.766025 -137.586207 9.500000
v 125.766025 -132.068966 9.500000
v 125.766025 -126.551724 9.500000
v 125.766025 -121.034483 9.500000
v 125.766025 -115.517241 9.500000
v 125.865926 -264.482759 9.258819
v 125.865926 -258.965517 9.258819
v 125.865926 -253.448276 9.258819
v 125.865926 -247.931034 9.258819
v 125.865926 -242.413793 9.258819
v 125.865926 -236.896552 9.258819
v 125.865926 -231.379310 9.258819
v 125.865926 -225.862069 9.258819
v 125.865926 -220.344828 9.258819
v 125.865926 -214.827586 9.258819
v 125.865926 -209.310345 9.258819
v 125.865926 -203.793103 9.258819
v 125.865926 -198.275862 9.258819
v 125.865926 -192.758621 9.258819
v 125.865926 -187.241379 9.258819
v 125.865926 -181.724138 9.258819
v 125.865926 -176.206897 9.258819
v 125.865926 -170.689655 9.258819
v 125.865926 -165.172414 9.258819
v 125.865926 -159.655172 9.258819
v 125.865926 -154.137931 9.258819
v 125.865926 -148.620690 9.258819
v 125.865926 -143.103448 9.258819
v 125.865926 -137.586207 9.258819
v 125.865926 -132.068966 9.258819
v 125.865926 -126.551724 9.258819
v 125.865926 -121.034483 9.258819
v 125.865926 -115.517241 9.258819
v -36.099756 -110.000000 2.375305
v -36.258040 -110.000000 2.217448
v -36.447436 -110.000000 2.098697
v -36.658480 -110.000000 2.024986
v -36.658480 -265.294118 2.024986
v -36.658480 -260.588235 2.024986
v -36.658480 -255.882353 2.024986
v -36.658480 -251.176471 2.024986
v -36.658480 -246.470588 2.024986
v -36.658480 -241.764706 2.024986
v -36.658480 -237.058824 2.024986
v -36.658480 -232.352941 2.024986
v -36.658480 -227.647059 2.024986
v -36.658480 -222.941176 2.024986
v -36.658480 -218.235294 2.024986
v -36.658480 -213.529412 2.024986
v -36.658480 -208.823529 2.024986
v -36.658480 -204.117647 2.024986
v -36.658480 -199.411765 2.024986
v -36.658480 -194.705882 2.024986
v -36.658480 -190.000000 2.024986
v -36.658480 -185.294118 2.024986
v -36.658480 -180.588235 2.024986
v -36.658480 -175.882353 2.024986
v -36.658480 -171.176471 2.024986
v -36.658480 -166.470588 2.024986
v -36.658480 -161.764706 2.024986
v -36.658480 -157.058824 2.024986
v -36.658480 -152.352941 2.024986
v -36.658480 -147.647059 2.024986
v -36.658480 -142.941176 2.024986
v -36.658480 -138.235294 2.024986
v -36.658480 -133.529412 2.024986
v -36.658480 -128.823529 2.024986
v -36.658480 -124.117647 2.024986
v -36.658480 -119.411765 2.024986
v -36.658480 -114.705882 2.024986
v -36.447436 -265.294118 2.098697
v -36.447436 -260.588235 2.098697
v -36.447436 -255.882353 2.098697
v -36.447436 -251.176471 2.098697
v -36.447436 -246.470588 2.098697
v -36.447436 -241.764706 2.098697
v -36.447436 -237.058824 2.098697
v -36.447436 -232.352941 2.098697
v -36.447436 -227.647059 2.098697
v -36.447436 -222.941176 2.098697
v -36.447436 -218.235294 2.098697
v -36.447436 -213.529412 2.098697
v -36.447436 -208.823529 2.098697
v -36.447436 -204.117647 2.098697
v -36.447436 -199.411765 2.098697
v -36.447436 -194.705882 2.098697
v -36.447436 -190.000000 2.098697
v -36.447436 -185.294118 2.098697
v -36.447436 -180.588235 2.098697
v -36.447436 -175.882353 2.098697
v -36.447436 -171.176471 2.098697
v -36.447436 -166.470588 2.098697
v -36.447436 -161.764706 2.098697
v -36.447436 -157.058824 2.098697
v -36.447436 -152.352941 2.098697
v -36.447436 -147.647059 2.098697
v -36.447436 -142.941176 2.098697
v -36.447436 -138.235294 2.098697
v -36.447436 -133.529412 2.098697
v -36.447436 -128.823529 2.098697
v -36.447436 -124.117647 2.098697
v -36.447436 -119.411765 2.098697
v -36.447436 -114.705882 2.098697
v -36.258040 -265.294118 2.217448
v -36.258040 -260.588235 2.217448
v -36.258040 -255.882353 2.217448
v -36.258040 -251.176471 2.217448
v -36.258040 -246.470588 2.217448
v -36.258040 -241.764706 2.217448
v -36.258040 -237.058824 2.217448
v -36.258040 -232.352941 2.217448
v -36.258040 -227.647059 2.217448
v -36.258040 -222.941176 2.217448
v -36.258040 -218.235294 2.217448
v -36.258040 -213.529412 2.217448
v -36.258040 -208.823529 2.217448
v -36.258040 -204.117647 2.217448
v -36.258040 -199.411765 2.217448
v -36.258040 -194.705882 2.217448
v -36.258040 -190.000000 2.217448
v -36.258040 -185.294118 2.217448
v -36.258040 -180.588235 2.217448
v -36.258040 -175.882353 2.217448
v -36.258040 -171.176471 2.217448
v -36.258040 -166.470588 2.217448
v -36.258040 -161.764706 2.217448
v -36.258040 -157.058824 2.217448
v -36.258040 -152.352941 2.217448
v -36.258040 -147.647059 2.217448
v -36.258040 -142.941176 2.217448
v -36.258040 -138.235294 2.217448
v -36.258040 -133.529412 2.217448
v -36.258040 -128.823529 2.217448
v -36.258040 -124.117647 2.217448
v -36.258040 -119.411765 2.217448
v -36.258040 -114.705882 2.217448
v -34.012326 -110.000000 4.984592
v -34.153010 -110.000000 6.377509
v -33.977919 -110.000000 6.188361
v -33.856990 -110.000000 5.960743
v -33.798257 -110.000000 5.709776
v -33.805621 -110.000000 5.452134
v -33.878593 -110.000000 5.204932
v -33.878593 -264.482759 5.204932
v -33.878593 -258.965517 5.204932
v -33.878593 -253.448276 5.204932
v -33.878593 -247.931034 5.204932
v -33.878593 -242.413793 5.204932
v -33.878593 -236.896552 5.204932
v -33.878593 -231.379310 5.204932
v -33.878593 -225.862069 5.204932
v -33.878593 -220.344828 5.204932
v -33.878593 -214.827586 5.204932
v -33.878593 -209.310345 5.204932
v -33.878593 -203.793103 5.204932
v -33.878593 -198.275862 5.204932
v -33.878593 -192.758621 5.204932
v -33.878593 -187.241379 5.204932
v -33.878593 -181.724138 5.204932
v -33.878593 -176.206897 5.204932
v -33.878593 -170.689655 5.204932
v -33.878593 -165.172414 5.204932
v -33.878593 -159.655172 5.204932
v -33.878593 -154.137931 5.204932
v -33.878593 -148.620690 5.204932
v -33.878593 -143.103448 5.204932
v -33.878593 -137.586207 5.204932
v -33.878593 -132.068966 5.204932
v -33.878593 -126.551724 5.204932
v -33.878593 -121.034483 5.204932
v -33.878593 -115.517241 5.204932
v -33.805621 -264.482759 5.452134
v -33.805621 -258.965517 5.452134
v -33.805621 -253.448276 5.452134
v -33.805621 -247.931034 5.452134
v -33.805621 -242.413793 5.452134
v -33.805621 -236.896552 5.452134
v -33.805621 -231.379310 5.452134
v -33.805621 -225.862069 5.452134
v -33.805621 -220.344828 5.452134
v -33.805621 -214.827586 5.452134
v -33.805621 -209.310345 5.452134
v -33.805621 -203.793103 5.452134
v -33.805621 -198.275862 5.452134
v -33.805621 -192.758621 5.452134
v -33.805621 -187.241379 5.452134
v -33.805621 -181.724138 5.452134
v -33.805621 -176.206897 5.452134
v -33.805621 -170.689655 5.452134
v -33.805621 -165.172414 5.452134
v -33.805621 -159.655172 5.452134
v -33.805621 -154.137931 5.452134
v -33.805621 -148.620690 5.452134
v -33.805621 -143.103448 5.452134
v -33.805621 -137.586207 5.452134
v -33.805621 -132.068966 5.452134
v -33.805621 -126.551724 5.452134
v -33.805621 -121.034483 5.452134
v -33.805621 -115.517241 5.452134
v -33.798257 -264.482759 5.709776
v -33.798257 -258.965517 5.709776
v -33.798257 -253.448276 5.709776
v -33.798257 -247.931034 5.709776
v -33.798257 -242.413793 5.709776
v -33.798257 -236.896552 5.709776
v -33.798257 -231.379310 5.709776
v -33.798257 -225.862069 5.709776
v -33.798257 -220.344828 5.709776
v -33.798257 -214.827586 5.709776
v -33.798257 -209.310345 5.709776
v -33.798257 -203.793103 5.709776
v -33.798257 -198.275862 5.709776
v -33.798257 -192.758621 5.709776
v -33.798257 -187.241379 5.709776
v -33.798257 -181.724138 5.709776
v -33.798257 -176.206897 5.709776
v -33.798257 -170.689655 5.709776
v -33.798257 -165.172414 5.709776
v -33.798257 -159.655172 5.709776
v -33.798257 -154.137931 5.709776
v -33.798257 -148.620690 5.709776
v -33.798257 -143.103448 5.709776
v -33.798257 -137.586207 5.709776
v -33.798257 -132.068966 5.709776
v -33.798257 -126.551724 5.709776
v -33.798257 -121.034483 5.709776
v -33.798257 -115.517241 5.709776
v -33.856990 -264.482759 5.960743
v -33.856990 -258.965517 5.960743
v -33.856990 -253.448276 5.960743
v -33.856990 -247.931034 5.960743
v -33.856990 -242.413793 5.960743
v -33.856990 -236.896552 5.960743
v -33.856990 -231.379310 5.960743
v -33.856990 -225.862069 5.960743
v -33.856990 -220.344828 5.960743
v -33.856990 -214.827586 5.960743
v -33.856990 -209.310345 5.960743
v -33.856990 -203.793103 5.960743
v -33.856990 -198.275862 5.960743
v -33.856990 -192.758621 5.960743
v -33.856990 -187.241379 5.960743
v -33.856990 -181.724138 5.960743
v -33.856990 -176.206897 5.960743
v -33.856990 -170.689655 5.960743
v -33.856990 -165.172414 5.960743
v -33.856990 -159.655172 5.960743
v -33.856990 -154.137931 5.960743
v -33.856990 -148.620690 5.960743
v -33.856990 -143.103448 5.960743
v -33.856990 -137.586207 5.960743
v -33.856990 -132.068966 5.960743
v -33.856990 -126.551724 5.960743
v -33.856990 -121.034483 5.960743
v -33.856990 -115.517241 5.960743
v -33.977919 -264.482759 6.188361
v -33.977919 -258.965517 6.188361
v -33.977919 -253.448276 6.188361
v -33.977919 -247.931034 6.188361
v -33.977919 -242.413793 6.188361
v -33.977919 -236.896552 6.188361
v -33.977919 -231.379310 6.188361
v -33.977919 -225.862069 6.188361
v -33.977919 -220.344828 6.188361
v -33.977919 -214.827586 6.188361
v -33.977919 -209.310345 6.188361
v -33.977919 -203.793103 6.188361
v -33.977919 -198.275862 6.188361
v -33.977919 -192.758621 6.188361
v -33.977919 -187.241379 6.188361
v -33.977919 -181.724138 6.188361
v -33.977919 -176.206897 6.188361
v -33.977919 -170.689655 6.188361
v -33.977919 -165.172414 6.188361
v -33.977919 -159.655172 6.188361
v -33.977919 -154.137931 6.188361
v -33.977919 -148.620690 6.188361
v -33.977919 -143.103448 6.188361
v -33.977919 -137.586207 6.188361
v -33.977919 -132.068966 6.188361
v -33.977919 -126.551724 6.188361
v -33.977919 -121.034483 6.188361
v -33.977919 -115.517241 6.188361
v -34.828037 -110.000000 6.940031
v -34.900000 -110.000000 7.093675
v -34.895222 -110.000000 7.050221
v -34.881118 -110.000000 7.008844
v -34.858360 -110.000000 6.971519
v -34.858360 -269.058824 6.971519
v -34.858360 -268.117647 6.971519
v -34.858360 -267.176471 6.971519
v -34.858360 -266.235294 6.971519
v -34.858360 -265.294118 6.971519
v -34.858360 -264.352941 6.971519
v -34.858360 -263.411765 6.971519
v -34.858360 -262.470588 6.971519
v -34.858360 -261.529412 6.971519
v -34.858360 -260.588235 6.971519
v -34.858360 -259.647059 6.971519
v -34.858360 -258.705882 6.971519
v -34.858360 -257.764706 6.971519
v -34.858360 -256.823529 6.971519
v -34.858360 -255.882353 6.971519
v -34.858360 -254.941176 6.971519
v -34.858360 -254.000000 6.971519
v -34.858360 -253.058824 6.971519
v -34.858360 -252.117647 6.971519
v -34.858360 -251.176471 6.971519
v -34.858360 -250.235294 6.971519
v -34.858360 -249.294118 6.971519
v -34.858360 -248.352941 6.971519
v -34.858360 -247.411765 6.971519
v -34.858360 -246.470588 6.971519
v -34.858360 -245.529412 6.971519
v -34.858360 -244.588235 6.971519
v -34.858360 -243.647059 6.971519
v -34.858360 -242.705882 6.971519
v -34.858360 -241.764706 6.971519
v -34.858360 -240.823529 6.971519
v -34.858360 -239.882353 6.971519
v -34.858360 -238.941176 6.971519
v -34.858360 -238.000000 6.971519
v -34.858360 -237.058824 6.971519
v -34.858360 -236.117647 6.971519
v -34.858360 -235.176471 6.971519
v -34.858360 -234.235294 6.971519
v -34.858360 -233.294118 6.971519
v -34.858360 -232.352941 6.971519
v -34.858360 -231.411765 6.971519
v -34.858360 -230.470588 6.971519
v -34.858360 -229.529412 6.971519
v -34.858360 -228.588235 6.971519
v -34.858360 -227.647059 6.971519
v -34.858360 -226.705882 6.971519
v -34.858360 -225.764706 6.971519
v -34.858360 -224.823529 6.971519
v -34.858360 -223.882353 6.971519
v -34.858360 -222.941176 6.971519
v -34.858360 -222.000000 6.971519
v -34.858360 -221.058824 6.971519
v -34.858360 -220.117647 6.971519
v -34.858360 -219.176471 6.971519
v -34.858360 -218.235294 6.971519
v -34.858360 -217.294118 6.971519
v -34.858360 -216.352941 6.971519
v -34.858360 -215.411765 6.971519
v -34.858360 -214.470588 6.971519
v -34.858360 -213.529412 6.971519
v -34.858360 -212.588235 6.971519
v -34.858360 -211.647059 6.971519
v -34.858360 -210.705882 6.971519
v -34.858360 -209.764706 6.971519
v -34.858360 -208.823529 6.971519
v -34.858360 -207.882353 6.971519
v -34.858360 -206.941176 6.971519
v -34.858360 -206.000000 6.971519
v -34.858360 -205.058824 6.971519
v -34.858360 -204.117647 6.971519
v -34.858360 -203.176471 6.971519
v -34.858360 -202.235294 6.971519
v -34.858360 -201.294118 6.971519
v -34.858360 -200.352941 6.971519
v -34.858360 -199.411765 6.971519
v -34.858360 -198.470588 6.971519
v -34.858360 -197.529412 6.971519
v -34.858360 -196.588235 6.971519
v -34.858360 -195.647059 6.971519
v -34.858360 -194.705882 6.971519
v -34.858360 -193.764706 6.971519
v -34.858360 -192.823529 6.971519
v -34.858360 -191.882353 6.971519
v -34.858360 -190.941176 6.971519
v -34.858360 -190.000000 6.971519
v -34.858360 -189.058824 6.971519
v -34.858360 -188.117647 6.971519
v -34.858360 -187.176471 6.971519
v -34.858360 -186.235294 6.971519
v -34.858360 -185.294118 6.971519
v -34.858360 -184.352941 6.971519
v -34.858360 -183.411765 6.971519
v -34.858360 -182.470588 6.971519
v -34.858360 -181.529412 6.971519
v -34.858360 -180.588235 6.971519
v -34.858360 -179.647059 6.971519
v -34.858360 -178.705882 6.971519
v -34.858360 -177.764706 6.971519
v -34.858360 -176.823529 6.971519
v -34.858360 -175.882353 6.971519
v -34.858360 -174.941176 6.971519
v -34.858360 -174.000000 6.971519
v -34.858360 -173.058824 6.971519
v -34.858360 -172.117647 6.971519
v -34.858360 -171.176471 6.971519
v -34.858360 -170.235294 6.971519
v -34.858360 -169.294118 6.971519
v -34.858360 -168.352941 6.971519
v -34.858360 -167.411765 6.971519
v -34.858360 -166.470588 6.971519
v -34.858360 -165.529412 6.971519
v -34.858360 -164.588235 6.971519
v -34.858360 -163.647059 6.971519
v -34.858360 -162.705882 6.971519
v -34.858360 -161.764706 6.971519
v -34.858360 -160.823529 6.971519
v -34.858360 -159.882353 6.971519
v -34.858360 -158.941176 6.971519
v -34.858360 -158.000000 6.971519
v -34.858360 -157.058824 6.971519
v -34.858360 -156.117647 6.971519
v -34.858360 -155.176471 6.971519
v -34.858360 -154.235294 6.971519
v -34.858360 -153.294118 6.971519
v -34.858360 -152.352941 6.971519
v -34.858360 -151.411765 6.971519
v -34.858360 -150.470588 6.971519
v -34.858360 -149.529412 6.971519
v -34.858360 -148.588235 6.971519
v -34.858360 -147.647059 6.971519
v -34.858360 -146.705882 6.971519
v -34.858360 -145.764706 6.971519
v -34.858360 -144.823529 6.971519
v -34.858360 -143.882353 6.971519
v -34.858360 -142.941176 6.971519
v -34.858360 -142.000000 6.971519
v -34.858360 -141.058824 6.971519
v -34.858360 -140.117647 6.971519
v -34.858360 -139.176471 6.971519
v -34.858360 -138.235294 6.971519
v -34.858360 -137.294118 6.971519
v -34.858360 -136.352941 6.971519
v -34.858360 -135.411765 6.971519
v -34.858360 -134.470588 6.971519
v -34.858360 -133.529412 6.971519
v -34.858360 -132.588235 6.971519
v -34.858360 -131.647059 6.971519
v -34.858360 -130.705882 6.971519
v -34.858360 -129.764706 6.971519
v -34.858360 -128.823529 6.971519
v -34.858360 -127.882353 6.971519
v -34.858360 -126.941176 6.971519
v -34.858360 -126.000000 6.971519
v -34.858360 -125.058824 6.971519
v -34.858360 -124.117647 6.971519
v -34.858360 -123.176471 6.971519
v -34.858360 -122.235294 6.971519
v -34.858360 -121.294118 6.971519
v -34.858360 -120.352941 6.971519
v -34.858360 -119.411765 6.971519
v -34.858360 -118.470588 6.971519
v -34.858360 -117.529412 6.971519
v -34.858360 -116.588235 6.971519
v -34.858360 -115.647059 6.971519
v -34.858360 -114.705882 6.971519
v -34.858360 -113.764706 6.971519
v -34.858360 -112.823529 6.971519
v -34.858360 -111.882353 6.971519
v -34.858360 -110.941176 6.971519
v -34.881118 -269.058824 7.008844
v -34.881118 -268.117647 7.008844
v -34.881118 -267.176471 7.008844
v -34.881118 -266.235294 7.008844
v -34.881118 -265.294118 7.008844
v -34.881118 -264.352941 7.008844
v -34.881118 -263.411765 7.008844
v -34.881118 -262.470588 7.008844
v -34.881118 -261.529412 7.008844
v -34.881118 -260.588235 7.008844
v -34.881118 -259.647059 7.008844
v -34.881118 -258.705882 7.008844
v -34.881118 -257.764706 7.008844
v -34.881118 -256.823529 7.008844
v -34.881118 -255.882353 7.008844
v -34.881118 -254.941176 7.008844
v -34.881118 -254.000000 7.008844
v -34.881118 -253.058824 7.008844
v -34.881118 -252.117647 7.008844
v -34.881118 -251.176471 7.008844
v -34.881118 -250.235294 7.008844
v -34.881118 -249.294118 7.008844
v -34.881118 -248.352941 7.008844
v -34.881118 -247.411765 7.008844
v -34.881118 -246.470588 7.008844
v -34.881118 -245.529412 7.008844
v -34.881118 -244.588235 7.008844
v -34.881118 -243.647059 7.008844
v -34.881118 -242.705882 7.008844
v -34.881118 -241.764706 7.008844
v -34.881118 -240.823529 7.008844
v -34.881118 -239.882353 7.008844
v -34.881118 -238.941176 7.008844
v -34.881118 -238.000000 7.008844
v -34.881118 -237.058824 7.008844
v -34.881118 -236.117647 7.008844
v -34.881118 -235.176471 7.008844
v -34.881118 -234.235294 7.008844
v -34.881118 -233.294118 7.008844
v -34.881118 -232.352941 7.008844
v -34.881118 -231.411765 7.008844
v -34.881118 -230.470588 7.008844
v -34.881118 -229.529412 7.008844
v -34.881118 -228.588235 7.008844
v -34.881118 -227.647059 7.008844
v -34.881118 -226.705882 7.008844
v -34.881118 -225.764706 7.008844
v -34.881118 -224.823529 7.008844
v -34.881118 -223.882353 7.008844
v -34.881118 -222.941176 7.008844
v -34.881118 -222.000000 7.008844
v -34.881118 -221.058824 7.008844
v -34.881118 -220.117647 7.008844
v -34.881118 -219.176471 7.008844
v -34.881118 -218.235294 7.008844
v -34.881118 -217.294118 7.008844
v -34.881118 -216.352941 7.008844
v -34.881118 -215.411765 7.008844
v -34.881118 -214.470588 7.008844
v -34.881118 -213.529412 7.008844
v -34.881118 -212.588235 7.008844
v -34.881118 -211.647059 7.008844
v -34.881118 -210.705882 7.008844
v -34.881118 -209.764706 7.008844
v -34.881118 -208.823529 7.008844
v -34.881118 -207.882353 7.008844
v -34.881118 -206.941176 7.008844
v -34.881118 -206.000000 7.008844
v -34.881118 -205.058824 7.008844
v -34.881118 -204.117647 7.008844
v -34.881118 -203.176471 7.008844
v -34.881118 -202.235294 7.008844
v -34.881118 -201.294118 7.008844
v -34.881118 -200.352941 7.008844
v -34.881118 -199.411765 7.008844
v -34.881118 -198.470588 7.008844
v -34.881118 -197.529412 7.008844
v -34.881118 -196.588235 7.008844
v -34.881118 -195.647059 7.008844
v -34.881118 -194.705882 7.008844
v -34.881118 -193.764706 7.008844
v -34.881118 -192.823529 7.008844
v -34.881118 -191.882353 7.008844
v -34.881118 -190.941176 7.008844
v -34.881118 -190.000000 7.008844
v -34.881118 -189.058824 7.008844
v -34.881118 -188.117647 7.008844
v -34.881118 -187.176471 7.008844
v -34.881118 -186.235294 7.008844
v -34.881118 -185.294118 7.008844
v -34.881118 -184.352941 7.008844
v -34.881118 -183.411765 7.008844
v -34.881118 -182.470588 7.008844
v -34.881118 -181.529412 7.008844
v -34.881118 -180.588235 7.008844
v -34.881118 -179.647059 7.008844
v -34.881118 -178.705882 7.008844
v -34.881118 -177.764706 7.008844
v -34.881118 -176.823529 7.008844
v -34.881118 -175.882353 7.008844
v -34.881118 -174.941176 7.008844
v -34.881118 -174.000000 7.008844
v -34.881118 -173.058824 7.008844
v -34.881118 -172.117647 7.008844
v -34.881118 -171.176471 7.008844
v -34.881118 -170.235294 7.008844
v -34.881118 -169.294118 7.008844
v -34.881118 -168.352941 7.008844
v -34.881118 -167.411765 7.008844
v -34.881118 -166.470588 7.008844
v -34.881118 -165.529412 7.008844
v -34.881118 -164.588235 7.008844
v -34.881118 -163.647059 7.008844
v -34.881118 -162.705882 7.008844
v -34.881118 -161.764706 7.008844
v -34.881118 -160.823529 7.008844
v -34.881118 -159.882353 7.008844
v -34.881118 -158.941176 7.008844
v -34.881118 -158.000000 7.008844
v -34.881118 -157.058824 7.008844
v -34.881118 -156.117647 7.008844
v -34.881118 -155.176471 7.008844
v -34.881118 -154.235294 7.008844
v -34.881118 -153.294118 7.008844
v -34.881118 -152.352941 7.008844
v -34.881118 -151.411765 7.008844
v -34.881118 -150.470588 7.008844
v -34.881118 -149.529412 7.008844
v -34.881118 -148.588235 7.008844
v -34.881118 -147.647059 7.008844
v -34.881118 -146.705882 7.008844
v -34.881118 -145.764706 7.008844
v -34.881118 -144.823529 7.008844
v -34.881118 -143.882353 7.008844
v -34.881118 -142.941176 7.008844
v -34.881118 -142.000000 7.008844
v -34.881118 -141.058824 7.008844
v -34.881118 -140.117647 7.008844
v -34.881118 -139.176471 7.008844
v -34.881118 -138.235294 7.008844
v -34.881118 -137.294118 7.008844
v -34.881118 -136.352941 7.008844
v -34.881118 -135.411765 7.008844
v -34.881118 -134.470588 7.008844
v -34.881118 -133.529412 7.008844
v -34.881118 -132.588235 7.008844
v -34.881118 -131.647059 7.008844
v -34.881118 -130.705882 7.008844
v -34.881118 -129.764706 7.008844
v -34.881118 -128.823529 7.008844
v -34.881118 -127.882353 7.008844
v -34.881118 -126.941176 7.008844
v -34.881118 -126.000000 7.008844
v -34.881118 -125.058824 7.008844
v -34.881118 -124.117647 7.008844
v -34.881118 -123.176471 7.008844
v -34.881118 -122.235294 7.008844
v -34.881118 -121.294118 7.008844
v -34.881118 -120.352941 7.008844
v -34.881118 -119.411765 7.008844
v -34.881118 -118.470588 7.008844
v -34.881118 -117.529412 7.008844
v -34.881118 -116.588235 7.008844
v -34.881118 -115.647059 7.008844
v -34.881118 -114.705882 7.008844
v -34.881118 -113.764706 7.008844
v -34.881118 -112.823529 7.008844
v -34.881118 -111.882353 7.008844
v -34.881118 -110.941176 7.008844
v -34.895222 -269.058824 7.050221
v -34.895222 -268.117647 7.050221
v -34.895222 -267.176471 7.050221
v -34.895222 -266.235294 7.050221
v -34.895222 -265.294118 7.050221
v -34.895222 -264.352941 7.050221
v -34.895222 -263.411765 7.050221
v -34.895222 -262.470588 7.050221
v -34.895222 -261.529412 7.050221
v -34.895222 -260.588235 7.050221
v -34.895222 -259.647059 7.050221
v -34.895222 -258.705882 7.050221
v -34.895222 -257.764706 7.050221
v -34.895222 -256.823529 7.050221
v -34.895222 -255.882353 7.050221
v -34.895222 -254.941176 7.050221
v -34.895222 -254.000000 7.050221
v -34.895222 -253.058824 7.050221
v -34.895222 -252.117647 7.050221
v -34.895222 -251.176471 7.050221
v -34.895222 -250.235294 7.050221
v -34.895222 -249.294118 7.050221
v -34.895222 -248.352941 7.050221
v -34.895222 -247.411765 7.050221
v -34.895222 -246.470588 7.050221
v -34.895222 -245.529412 7.050221
v -34.895222 -244.588235 7.050221
v -34.895222 -243.647059 7.050221
v -34.895222 -242.705882 7.050221
v -34.895222 -241.764706 7.050221
v -34.895222 -240.823529 7.050221
v -34.895222 -239.882353 7.050221
v -34.895222 -238.941176 7.050221
v -34.895222 -238.000000 7.050221
v -34.895222 -237.058824 7.050221
v -34.895222 -236.117647 7.050221
v -34.895222 -235.176471 7.050221
v -34.895222 -234.235294 7.050221
v -34.895222 -233.294118 7.050221
v -34.895222 -232.352941 7.050221
v -34.895222 -231.411765 7.050221
v -34.895222 -230.470588 7.050221
v -34.895222 -229.529412 7.050221
v -34.895222 -228.588235 7.050221
v -34.895222 -227.647059 7.050221
v -34.895222 -226.705882 7.050221
v -34.895222 -225.764706 7.050221
v -34.895222 -224.823529 7.050221
v -34.895222 -223.882353 7.050221
v -34.895222 -222.941176 7.050221
v -34.895222 -222.000000 7.050221
v -34.895222 -221.058824 7.050221
v -34.895222 -220.117647 7.050221
v -34.895222 -219.176471 7.050221
v -34.895222 -218.235294 7.050221
v -34.895222 -217.294118 7.050221
v -34.895222 -216.352941 7.050221
v -34.895222 -215.411765 7.050221
v -34.895222 -214.470588 7.050221
v -34.895222 -213.529412 7.050221
v -34.895222 -212.588235 7.050221
v -34.895222 -211.647059 7.050221
v -34.895222 -210.705882 7.050221
v -34.895222 -209.764706 7.050221
v -34.895222 -208.823529 7.050221
v -34.895222 -207.882353 7.050221
v -34.895222 -206.941176 7.050221
v -34.895222 -206.000000 7.050221
v -34.895222 -205.058824 7.050221
v -34.895222 -204.117647 7.050221
v -34.895222 -203.176471 7.050221
v -34.895222 -202.235294 7.050221
v -34.895222 -201.294118 7.050221
v -34.895222 -200.352941 7.050221
v -34.895222 -199.411765 7.050221
v -34.895222 -198.470588 7.050221
v -34.895222 -197.529412 7.050221
v -34.895222 -196.588235 7.050221
v -34.895222 -195.647059 7.050221
v -34.895222 -194.705882 7.050221
v -34.895222 -193.764706 7.050221
v -34.895222 -192.823529 7.050221
v -34.895222 -191.882353 7.050221
v -34.895222 -190.941176 7.050221
v -34.895222 -190.000000 7.050221
v -34.895222 -189.058824 7.050221
v -34.895222 -188.117647 7.050221
v -34.895222 -187.176471 7.050221
v -34.895222 -186.235294 7.050221
v -34.895222 -185.294118 7.050221
v -34.895222 -184.352941 7.050221
v -34.895222 -183.411765 7.050221
v -34.895222 -182.470588 7.050221
v -34.895222 -181.529412 7.050221
v -34.895222 -180.588235 7.050221
v -34.895222 -179.647059 7.050221
v -34.895222 -178.705882 7.050221
v -34.895222 -177.764706 7.050221
v -34.895222 -176.823529 7.050221
v -34.895222 -175.882353 7.050221
v -34.895222 -174.941176 7.050221
v -34.895222 -174.000000 7.050221
v -34.895222 -173.058824 7.050221
v -34.895222 -172.117647 7.050221
v -34.895222 -171.176471 7.050221
v -34.895222 -170.235294 7.050221
v -34.895222 -169.294118 7.050221
v -34.895222 -168.352941 7.050221
v -34.895222 -167.411765 7.050221
v -34.895222 -166.470588 7.050221
v -34.895222 -165.529412 7.050221
v -34.895222 -164.588235 7.050221
v -34.895222 -163.647059 7.050221
v -34.895222 -162.705882 7.050221
v -34.895222 -161.764706 7.050221
v -34.895222 -160.823529 7.050221
v -34.895222 -159.882353 7.050221
v -34.895222 -158.941176 7.050221
v -34.895222 -158.000000 7.050221
v -34.895222 -157.058824 7.050221
v -34.895222 -156.117647 7.050221
v -34.895222 -155.176471 7.050221
v -34.895222 -154.235294 7.050221
v -34.895222 -153.294118 7.050221
v -34.895222 -152.352941 7.050221
v -34.895222 -151.411765 7.050221
v -34.895222 -150.470588 7.050221
v -34.895222 -149.529412 7.050221
v -34.895222 -148.588235 7.050221
v -34.895222 -147.647059 7.050221
v -34.895222 -146.705882 7.050221
v -34.895222 -145.764706 7.050221
v -34.895222 -144.823529 7.050221
v -34.895222 -143.882353 7.050221
v -34.895222 -142.941176 7.050221
v -34.895222 -142.000000 7.050221
v -34.895222 -141.058824 7.050221
v -34.895222 -140.117647 7.050221
v -34.895222 -139.176471 7.050221
v -34.895222 -138.235294 7.050221
v -34.895222 -137.294118 7.050221
v -34.895222 -136.352941 7.050221
v -34.895222 -135.411765 7.050221
v -34.895222 -134.470588 7.050221
v -34.895222 -133.529412 7.050221
v -34.895222 -132.588235 7.050221
v -34.895222 -131.647059 7.050221
v -34.895222 -130.705882 7.050221
v -34.895222 -129.764706 7.050221
v -34.895222 -128.823529 7.050221
v -34.895222 -127.882353 7.050221
v -34.895222 -126.941176 7.050221
v -34.895222 -126.000000 7.050221
v -34.895222 -125.058824 7.050221
v -34.895222 -124.117647 7.050221
v -34.895222 -123.176471 7.050221
v -34.895222 -122.235294 7.050221
v -34.895222 -121.294118 7.050221
v -34.895222 -120.352941 7.050221
v -34.895222 -119.411765 7.050221
v -34.895222 -118.470588 7.050221
v -34.895222 -117.529412 7.050221
v -34.895222 -116.588235 7.050221
v -34.895222 -115.647059 7.050221
v -34.895222 -114.705882 7.050221
v -34.895222 -113.764706 7.050221
v -34.895222 -112.823529 7.050221
v -34.895222 -111.882353 7.050221
v -34.895222 -110.941176 7.050221
v -34.900000 -110.000000 9.500000
v -34.529410 -110.000000 9.982963
v -34.650000 -110.000000 9.933013
v -34.753553 -110.000000 9.853553
v -34.833013 -110.000000 9.750000
v -34.882963 -110.000000 9.629410
v -34.882963 -267.192982 9.629410
v -34.882963 -264.385965 9.629410
v -34.882963 -261.578947 9.629410
v -34.882963 -258.771930 9.629410
v -34.882963 -255.964912 9.629410
v -34.882963 -253.157895 9.629410
v -34.882963 -250.350877 9.629410
v -34.882963 -247.543860 9.629410
v -34.882963 -244.736842 9.629410
v -34.882963 -241.929825 9.629410
v -34.882963 -239.122807 9.629410
v -34.882963 -236.315789 9.629410
v -34.882963 -233.508772 9.629410
v -34.882963 -230.701754 9.629410
v -34.882963 -227.894737 9.629410
v -34.882963 -225.087719 9.629410
v -34.882963 -222.280702 9.629410
v -34.882963 -219.473684 9.629410
v -34.882963 -216.666667 9.629410
v -34.882963 -213.859649 9.629410
v -34.882963 -211.052632 9.629410
v -34.882963 -208.245614 9.629410
v -34.882963 -205.438596 9.629410
v -34.882963 -202.631579 9.629410
v -34.882963 -199.824561 9.629410
v -34.882963 -197.017544 9.629410
v -34.882963 -194.210526 9.629410
v -34.882963 -191.403509 9.629410
v -34.882963 -188.596491 9.629410
v -34.882963 -185.789474 9.629410
v -34.882963 -182.982456 9.629410
v -34.882963 -180.175439 9.629410
v -34.882963 -177.368421 9.629410
v -34.882963 -174.561404 9.629410
v -34.882963 -171.754386 9.629410
v -34.882963 -168.947368 9.629410
v -34.882963 -166.140351 9.629410
v -34.882963 -163.333333 9.629410
v -34.882963 -160.526316 9.629410
v -34.882963 -157.719298 9.629410
v -34.882963 -154.912281 9.629410
v -34.882963 -152.105263 9.629410
v -34.882963 -149.298246 9.629410
v -34.882963 -146.491228 9.629410
v -34.882963 -143.684211 9.629410
v -34.882963 -140.877193 9.629410
v -34.882963 -138.070175 9.629410
v -34.882963 -135.263158 9.629410
v -34.882963 -132.456140 9.629410
v -34.882963 -129.649123 9.629410
v -34.882963 -126.842105 9.629410
v -34.882963 -124.035088 9.629410
v -34.882963 -121.228070 9.629410
v -34.882963 -118.421053 9.629410
v -34.882963 -115.614035 9.629410
v -34.882963 -112.807018 9.629410
v -34.833013 -267.192982 9.750000
v -34.833013 -264.385965 9.750000
v -34.833013 -261.578947 9.750000
v -34.833013 -258.771930 9.750000
v -34.833013 -255.964912 9.750000
v -34.833013 -253.157895 9.750000
v -34.833013 -250.350877 9.750000
v -34.833013 -247.543860 9.750000
v -34.833013 -244.736842 9.750000
v -34.833013 -241.929825 9.750000
v -34.833013 -239.122807 9.750000
v -34.833013 -236.315789 9.750000
v -34.833013 -233.508772 9.750000
v -34.833013 -230.701754 9.750000
v -34.833013 -227.894737 9.750000
v -34.833013 -225.087719 9.750000
v -34.833013 -222.280702 9.750000
v -34.833013 -219.473684 9.750000
v -34.833013 -216.666667 9.750000
v -34.833013 -213.859649 9.750000
v -34.833013 -211.052632 9.750000
v -34.833013 -208.245614 9.750000
v -34.833013 -205.438596 9.750000
v -34.833013 -202.631579 9.750000
v -34.833013 -199.824561 9.750000
v -34.833013 -197.017544 9.750000
v -34.833013 -194.210526 9.750000
v -34.833013 -191.403509 9.750000
v -34.833013 -188.596491 9.750000
v -34.833013 -185.789474 9.750000
v -34.833013 -182.982456 9.750000
v -34.833013 -180.175439 9.750000
v -34.833013 -177.368421 9.750000
v -34.833013 -174.561404 9.750000
v -34.833013 -171.754386 9.750000
v -34.833013 -168.947368 9.750000
v -34.833013 -166.140351 9.750000
v -34.833013 -163.333333 9.750000
v -34.833013 -160.526316 9.750000
v -34.833013 -157.719298 9.750000
v -34.833013 -154.912281 9.750000
v -34.833013 -152.105263 9.750000
v -34.833013 -149.298246 9.750000
v -34.833013 -146.491228 9.750000
v -34.833013 -143.684211 9.750000
v -34.833013 -140.877193 9.750000
v -34.833013 -138.070175 9.750000
v -34.833013 -135.263158 9.750000
v -34.833013 -132.456140 9.750000
v -34.833013 -129.649123 9.750000
v -34.833013 -126.842105 9.750000
v -34.833013 -124.035088 9.750000
v -34.833013 -121.228070 9.750000
v -34.833013 -118.421053 9.750000
v -34.833013 -115.614035 9.750000
v -34.833013 -112.807018 9.750000
v -34.753553 -267.192982 9.853553
v -34.753553 -264.385965 9.853553
v -34.753553 -261.578947 9.853553
v -34.753553 -258.771930 9.853553
v -34.753553 -255.964912 9.853553
v -34.753553 -253.157895 9.853553
v -34.753553 -250.350877 9.853553
v -34.753553 -247.543860 9.853553
v -34.753553 -244.736842 9.853553
v -34.753553 -241.929825 9.853553
v -34.753553 -239.122807 9.853553
v -34.753553 -236.315789 9.853553
v -34.753553 -233.508772 9.853553
v -34.753553 -230.701754 9.853553
v -34.753553 -227.894737 9.853553
v -34.753553 -225.087719 9.853553
v -34.753553 -222.280702 9.853553
v -34.753553 -219.473684 9.853553
v -34.753553 -216.666667 9.853553
v -34.753553 -213.859649 9.853553
v -34.753553 -211.052632 9.853553
v -34.753553 -208.245614 9.853553
v -34.753553 -205.438596 9.853553
v -34.753553 -202.631579 9.853553
v -34.753553 -199.824561 9.853553
v -34.753553 -197.017544 9.853553
v -34.753553 -194.210526 9.853553
v -34.753553 -191.403509 9.853553
v -34.753553 -188.596491 9.853553
v -34.753553 -185.789474 9.853553
v -34.753553 -182.982456 9.853553
v -34.753553 -180.175439 9.853553
v -34.753553 -177.368421 9.853553
v -34.753553 -174.561404 9.853553
v -34.753553 -171.754386 9.853553
v -34.753553 -168.947368 9.853553
v -34.753553 -166.140351 9.853553
v -34.753553 -163.333333 9.853553
v -34.753553 -160.526316 9.853553
v -34.753553 -157.719298 9.853553
v -34.753553 -154.912281 9.853553
v -34.753553 -152.105263 9.853553
v -34.753553 -149.298246 9.853553
v -34.753553 -146.491228 9.853553
v -34.753553 -143.684211 9.853553
v -34.753553 -140.877193 9.853553
v -34.753553 -138.070175 9.853553
v -34.753553 -135.263158 9.853553
v -34.753553 -132.456140 9.853553
v -34.753553 -129.649123 9.853553
v -34.753553 -126.842105 9.853553
v -34.753553 -124.035088 9.853553
v -34.753553 -121.228070 9.853553
v -34.753553 -118.421053 9.853553
v -34.753553 -115.614035 9.853553
v -34.753553 -112.807018 9.853553
v -34.650000 -267.192982 9.933013
v -34.650000 -264.385965 9.933013
v -34.650000 -261.578947 9.933013
v -34.650000 -258.771930 9.933013
v -34.650000 -255.964912 9.933013
v -34.650000 -253.157895 9.933013
v -34.650000 -250.350877 9.933013
v -34.650000 -247.543860 9.933013
v -34.650000 -244.736842 9.933013
v -34.650000 -241.929825 9.933013
v -34.650000 -239.122807 9.933013
v -34.650000 -236.315789 9.933013
v -34.650000 -233.508772 9.933013
v -34.650000 -230.701754 9.933013
v -34.650000 -227.894737 9.933013
v -34.650000 -225.087719 9.933013
v -34.650000 -222.280702 9.933013
v -34.650000 -219.473684 9.933013
v -34.650000 -216.666667 9.933013
v -34.650000 -213.859649 9.933013
v -34.650000 -211.052632 9.933013
v -34.650000 -208.245614 9.933013
v -34.650000 -205.438596 9.933013
v -34.650000 -202.631579 9.933013
v -34.650000 -199.824561 9.933013
v -34.650000 -197.017544 9.933013
v -34.650000 -194.210526 9.933013
v -34.650000 -191.403509 9.933013
v -34.650000 -188.596491 9.933013
v -34.650000 -185.789474 9.933013
v -34.650000 -182.982456 9.933013
v -34.650000 -180.175439 9.933013
v -34.650000 -177.368421 9.933013
v -34.650000 -174.561404 9.933013
v -34.650000 -171.754386 9.933013
v -34.650000 -168.947368 9.933013
v -34.650000 -166.140351 9.933013
v -34.650000 -163.333333 9.933013
v -34.650000 -160.526316 9.933013
v -34.650000 -157.719298 9.933013
v -34.650000 -154.912281 9.933013
v -34.650000 -152.105263 9.933013
v -34.650000 -149.298246 9.933013
v -34.650000 -146.491228 9.933013
v -34.650000 -143.684211 9.933013
v -34.650000 -140.877193 9.933013
v -34.650000 -138.070175 9.933013
v -34.650000 -135.263158 9.933013
v -34.650000 -132.456140 9.933013
v -34.650000 -129.649123 9.933013
v -34.650000 -126.842105 9.933013
v -34.650000 -124.035088 9.933013
v -34.650000 -121.228070 9.933013
v -34.650000 -118.421053 9.933013
v -34.650000 -115.614035 9.933013
v -34.650000 -112.807018 9.933013
v -34.529410 -267.192982 9.982963
v -34.529410 -264.385965 9.982963
v -34.529410 -261.578947 9.982963
v -34.529410 -258.771930 9.982963
v -34.529410 -255.964912 9.982963
v -34.529410 -253.157895 9.982963
v -34.529410 -250.350877 9.982963
v -34.529410 -247.543860 9.982963
v -34.529410 -244.736842 9.982963
v -34.529410 -241.929825 9.982963
v -34.529410 -239.122807 9.982963
v -34.529410 -236.315789 9.982963
v -34.529410 -233.508772 9.982963
v -34.529410 -230.701754 9.982963
v -34.529410 -227.894737 9.982963
v -34.529410 -225.087719 9.982963
v -34.529410 -222.280702 9.982963
v -34.529410 -219.473684 9.982963
v -34.529410 -216.666667 9.982963
v -34.529410 -213.859649 9.982963
v -34.529410 -211.052632 9.982963
v -34.529410 -208.245614 9.982963
v -34.529410 -205.438596 9.982963
v -34.529410 -202.631579 9.982963
v -34.529410 -199.824561 9.982963
v -34.529410 -197.017544 9.982963
v -34.529410 -194.210526 9.982963
v -34.529410 -191.403509 9.982963
v -34.529410 -188.596491 9.982963
v -34.529410 -185.789474 9.982963
v -34.529410 -182.982456 9.982963
v -34.529410 -180.175439 9.982963
v -34.529410 -177.368421 9.982963
v -34.529410 -174.561404 9.982963
v -34.529410 -171.754386 9.982963
v -34.529410 -168.947368 9.982963
v -34.529410 -166.140351 9.982963
v -34.529410 -163.333333 9.982963
v -34.529410 -160.526316 9.982963
v -34.529410 -157.719298 9.982963
v -34.529410 -154.912281 9.982963
v -34.529410 -152.105263 9.982963
v -34.529410 -149.298246 9.982963
v -34.529410 -146.491228 9.982963
v -34.529410 -143.684211 9.982963
v -34.529410 -140.877193 9.982963
v -34.529410 -138.070175 9.982963
v -34.529410 -135.263158 9.982963
v -34.529410 -132.456140 9.982963
v -34.529410 -129.649123 9.982963
v -34.529410 -126.842105 9.982963
v -34.529410 -124.035088 9.982963
v -34.529410 -121.228070 9.982963
v -34.529410 -118.421053 9.982963
v -34.529410 -115.614035 9.982963
v -34.529410 -112.807018 9.982963
v -41.865926 -110.000000 0.741181
v -41.766025 -110.000000 0.500000
v -41.607107 -110.000000 0.292893
v -41.400000 -110.000000 0.133975
v -41.158819 -110.000000 0.034074
v -41.158819 -264.482759 0.034074
v -41.158819 -258.965517 0.034074
v -41.158819 -253.448276 0.034074
v -41.158819 -247.931034 0.034074
v -41.158819 -242.413793 0.034074
v -41.158819 -236.896552 0.034074
v -41.158819 -231.379310 0.034074
v -41.158819 -225.862069 0.034074
v -41.158819 -220.344828 0.034074
v -41.158819 -214.827586 0.034074
v -41.158819 -209.310345 0.034074
v -41.158819 -203.793103 0.034074
v -41.158819 -198.275862 0.034074
v -41.158819 -192.758621 0.034074
v -41.158819 -187.241379 0.034074
v -41.158819 -181.724138 0.034074
v -41.158819 -176.206897 0.034074
v -41.158819 -170.689655 0.034074
v -41.158819 -165.172414 0.034074
v -41.158819 -159.655172 0.034074
v -41.158819 -154.137931 0.034074
v -41.158819 -148.620690 0.034074
v -41.158819 -143.103448 0.034074
v -41.158819 -137.586207 0.034074
v -41.158819 -132.068966 0.034074
v -41.158819 -126.551724 0.034074
v -41.158819 -121.034483 0.034074
v -41.158819 -115.517241 0.034074
v -41.400000 -264.482759 0.133975
v -41.400000 -258.965517 0.133975
v -41.400000 -253.448276 0.133975
v -41.400000 -247.931034 0.133975
v -41.400000 -242.413793 0.133975
v -41.400000 -236.896552 0.133975
v -41.400000 -231.379310 0.133975
v -41.400000 -225.862069 0.133975
v -41.400000 -220.344828 0.133975
v -41.400000 -214.827586 0.133975
v -41.400000 -209.310345 0.133975
v -41.400000 -203.793103 0.133975
v -41.400000 -198.275862 0.133975
v -41.400000 -192.758621 0.133975
v -41.400000 -187.241379 0.133975
v -41.400000 -181.724138 0.133975
v -41.400000 -176.206897 0.133975
v -41.400000 -170.689655 0.133975
v -41.400000 -165.172414 0.133975
v -41.400000 -159.655172 0.133975
v -41.400000 -154.137931 0.133975
v -41.400000 -148.620690 0.133975
v -41.400000 -143.103448 0.133975
v -41.400000 -137.586207 0.133975
v -41.400000 -132.068966 0.133975
v -41.400000 -126.551724 0.133975
v -41.400000 -121.034483 0.133975
v -41.400000 -115.517241 0.133975
v -41.607107 -264.482759 0.292893
v -41.607107 -258.965517 0.292893
v -41.607107 -253.448276 0.292893
v -41.607107 -247.931034 0.292893
v -41.607107 -242.413793 0.292893
v -41.607107 -236.896552 0.292893
v -41.607107 -231.379310 0.292893
v -41.607107 -225.862069 0.292893
v -41.607107 -220.344828 0.292893
v -41.607107 -214.827586 0.292893
v -41.607107 -209.310345 0.292893
v -41.607107 -203.793103 0.292893
v -41.607107 -198.275862 0.292893
v -41.607107 -192.758621 0.292893
v -41.607107 -187.241379 0.292893
v -41.607107 -181.724138 0.292893
v -41.607107 -176.206897 0.292893
v -41.607107 -170.689655 0.292893
v -41.607107 -165.172414 0.292893
v -41.607107 -159.655172 0.292893
v -41.607107 -154.137931 0.292893
v -41.607107 -148.620690 0.292893
v -41.607107 -143.103448 0.292893
v -41.607107 -137.586207 0.292893
v -41.607107 -132.068966 0.292893
v -41.607107 -126.551724 0.292893
v -41.607107 -121.034483 0.292893
v -41.607107 -115.517241 0.292893
v -41.766025 -264.482759 0.500000
v -41.766025 -258.965517 0.500000
v -41.766025 -253.448276 0.500000
v -41.766025 -247.931034 0.500000
v -41.766025 -242.413793 0.500000
v -41.766025 -236.896552 0.500000
v -41.766025 -231.379310 0.500000
v -41.766025 -225.862069 0.500000
v -41.766025 -220.344828 0.500000
v -41.766025 -214.827586 0.500000
v -41.766025 -209.310345 0.500000
v -41.766025 -203.793103 0.500000
v -41.766025 -198.275862 0.500000
v -41.766025 -192.758621 0.500000
v -41.766025 -187.241379 0.500000
v -41.766025 -181.724138 0.500000
v -41.766025 -176.206897 0.500000
v -41.766025 -170.689655 0.500000
v -41.766025 -165.172414 0.500000
v -41.766025 -159.655172 0.500000
v -41.766025 -154.137931 0.500000
v -41.766025 -148.620690 0.500000
v -41.766025 -143.103448 0.500000
v -41.766025 -137.586207 0.500000
v -41.766025 -132.068966 0.500000
v -41.766025 -126.551724 0.500000
v -41.766025 -121.034483 0.500000
v -41.766025 -115.517241 0.500000
v -41.865926 -264.482759 0.741181
v -41.865926 -258.965517 0.741181
v -41.865926 -253.448276 0.741181
v -41.865926 -247.931034 0.741181
v -41.865926 -242.413793 0.741181
v -41.865926 -236.896552 0.741181
v -41.865926 -231.379310 0.741181
v -41.865926 -225.862069 0.741181
v -41.865926 -220.344828 0.741181
v -41.865926 -214.827586 0.741181
v -41.865926 -209.310345 0.741181
v -41.865926 -203.793103 0.741181
v -41.865926 -198.275862 0.741181
v -41.865926 -192.758621 0.741181
v -41.865926 -187.241379 0.741181
v -41.865926 -181.724138 0.741181
v -41.865926 -176.206897 0.741181
v -41.865926 -170.689655 0.741181
v -41.865926 -165.172414 0.741181
v -41.865926 -159.655172 0.741181
v -41.865926 -154.137931 0.741181
v -41.865926 -148.620690 0.741181
v -41.865926 -143.103448 0.741181
v -41.865926 -137.586207 0.741181
v -41.865926 -132.068966 0.741181
v -41.865926 -126.551724 0.741181
v -41.865926 -121.034483 0.741181
v -41.865926 -115.517241 0.741181
v 121.700244 -110.000000 2.375305
v 121.541960 -110.000000 2.217448
v 121.352564 -110.000000 2.098697
v 121.141520 -110.000000 2.024986
v 121.141520 -265.294118 2.024986
v 121.141520 -260.588235 2.024986
v 121.141520 -255.882353 2.024986
v 121.141520 -251.176471 2.024986
v 121.141520 -246.470588 2.024986
v 121.141520 -241.764706 2.024986
v 121.141520 -237.058824 2.024986
v 121.141520 -232.352941 2.024986
v 121.141520 -227.647059 2.024986
v 121.141520 -222.941176 2.024986
v 121.141520 -218.235294 2.024986
v 121.141520 -213.529412 2.024986
v 121.141520 -208.823529 2.024986
v 121.141520 -204.117647 2.024986
v 121.141520 -199.411765 2.024986
v 121.141520 -194.705882 2.024986
v 121.141520 -190.000000 2.024986
v 121.141520 -185.294118 2.024986
v 121.141520 -180.588235 2.024986
v 121.141520 -175.882353 2.024986
v 121.141520 -171.176471 2.024986
v 121.141520 -166.470588 2.024986
v 121.141520 -161.764706 2.024986
v 121.141520 -157.058824 2.024986
v 121.141520 -152.352941 2.024986
v 121.141520 -147.647059 2.024986
v 121.141520 -142.941176 2.024986
v 121.141520 -138.235294 2.024986
v 121.141520 -133.529412 2.024986
v 121.141520 -128.823529 2.024986
v 121.141520 -124.117647 2.024986
v 121.141520 -119.411765 2.024986
v 121.141520 -114.705882 2.024986
v 121.352564 -265.294118 2.098697
v 121.352564 -260.588235 2.098697
v 121.352564 -255.882353 2.098697
v 121.352564 -251.176471 2.098697
v 121.352564 -246.470588 2.098697
v 121.352564 -241.764706 2.098697
v 121.352564 -237.058824 2.098697
v 121.352564 -232.352941 2.098697
v 121.352564 -227.647059 2.098697
v 121.352564 -222.941176 2.098697
v 121.352564 -218.235294 2.098697
v 121.352564 -213.529412 2.098697
v 121.352564 -208.823529 2.098697
v 121.352564 -204.117647 2.098697
v 121.352564 -199.411765 2.098697
v 121.352564 -194.705882 2.098697
v 121.352564 -190.000000 2.098697
v 121.352564 -185.294118 2.098697
v 121.352564 -180.588235 2.098697
v 121.352564 -175.882353 2.098697
v 121.352564 -171.176471 2.098697
v 121.352564 -166.470588 2.098697
v 121.352564 -161.764706 2.098697
v 121.352564 -157.058824 2.098697
v 121.352564 -152.352941 2.098697
v 121.352564 -147.647059 2.098697
v 121.352564 -142.941176 2.098697
v 121.352564 -138.235294 2.098697
v 121.352564 -133.529412 2.098697
v 121.352564 -128.823529 2.098697
v 121.352564 -124.117647 2.098697
v 121.352564 -119.411765 2.098697
v 121.352564 -114.705882 2.098697
v 121.541960 -265.294118 2.217448
v 121.541960 -260.588235 2.217448
v 121.541960 -255.882353 2.217448
v 121.541960 -251.176471 2.217448
v 121.541960 -246.470588 2.217448
v 121.541960 -241.764706 2.217448
v 121.541960 -237.058824 2.217448
v 121.541960 -232.352941 2.217448
v 121.541960 -227.647059 2.217448
v 121.541960 -222.941176 2.217448
v 121.541960 -218.235294 2.217448
v 121.541960 -213.529412 2.217448
v 121.541960 -208.823529 2.217448
v 121.541960 -204.117647 2.217448
v 121.541960 -199.411765 2.217448
v 121.541960 -194.705882 2.217448
v 121.541960 -190.000000 2.217448
v 121.541960 -185.294118 2.217448
v 121.541960 -180.588235 2.217448
v 121.541960 -175.882353 2.217448
v 121.541960 -171.176471 2.217448
v 121.541960 -166.470588 2.217448
v 121.541960 -161.764706 2.217448
v 121.541960 -157.058824 2.217448
v 121.541960 -152.352941 2.217448
v 121.541960 -147.647059 2.217448
v 121.541960 -142.941176 2.217448
v 121.541960 -138.235294 2.217448
v 121.541960 -133.529412 2.217448
v 121.541960 -128.823529 2.217448
v 121.541960 -124.117647 2.217448
v 121.541960 -119.411765 2.217448
v 121.541960 -114.705882 2.217448
v 123.787674 -110.000000 4.984592
v 123.822081 -110.000000 6.188361
v 123.943010 -110.000000 5.960743
v 124.001743 -110.000000 5.709776
v 123.994379 -110.000000 5.452134
v 123.921407 -110.000000 5.204932
v 123.921407 -264.482759 5.204932
v 123.921407 -258.965517 5.204932
v 123.921407 -253.448276 5.204932
v 123.921407 -247.931034 5.204932
v 123.921407 -242.413793 5.204932
v 123.921407 -236.896552 5.204932
v 123.921407 -231.379310 5.204932
v 123.921407 -225.862069 5.204932
v 123.921407 -220.344828 5.204932
v 123.921407 -214.827586 5.204932
v 123.921407 -209.310345 5.204932
v 123.921407 -203.793103 5.204932
v 123.921407 -198.275862 5.204932
v 123.921407 -192.758621 5.204932
v 123.921407 -187.241379 5.204932
v 123.921407 -181.724138 5.204932
v 123.921407 -176.206897 5.204932
v 123.921407 -170.689655 5.204932
v 123.921407 -165.172414 5.204932
v 123.921407 -159.655172 5.204932
v 123.921407 -154.137931 5.204932
v 123.921407 -148.620690 5.204932
v 123.921407 -143.103448 5.204932
v 123.921407 -137.586207 5.204932
v 123.921407 -132.068966 5.204932
v 123.921407 -126.551724 5.204932
v 123.921407 -121.034483 5.204932
v 123.921407 -115.517241 5.204932
v 123.994379 -264.482759 5.452134
v 123.994379 -258.965517 5.452134
v 123.994379 -253.448276 5.452134
v 123.994379 -247.931034 5.452134
v 123.994379 -242.413793 5.452134
v 123.994379 -236.896552 5.452134
v 123.994379 -231.379310 5.452134
v 123.994379 -225.862069 5.452134
v 123.994379 -220.344828 5.452134
v 123.994379 -214.827586 5.452134
v 123.994379 -209.310345 5.452134
v 123.994379 -203.793103 5.452134
v 123.994379 -198.275862 5.452134
v 123.994379 -192.758621 5.452134
v 123.994379 -187.241379 5.452134
v 123.994379 -181.724138 5.452134
v 123.994379 -176.206897 5.452134
v 123.994379 -170.689655 5.452134
v 123.994379 -165.172414 5.452134
v 123.994379 -159.655172 5.452134
v 123.994379 -154.137931 5.452134
v 123.994379 -148.620690 5.452134
v 123.994379 -143.103448 5.452134
v 123.994379 -137.586207 5.452134
v 123.994379 -132.068966 5.452134
v 123.994379 -126.551724 5.452134
v 123.994379 -121.034483 5.452134
v 123.994379 -115.517241 5.452134
v 124.001743 -264.482759 5.709776
v 124.001743 -258.965517 5.709776
v 124.001743 -253.448276 5.709776
v 124.001743 -247.931034 5.709776
v 124.001743 -242.413793 5.709776
v 124.001743 -236.896552 5.709776
v 124.001743 -231.379310 5.709776
v 124.001743 -225.862069 5.709776
v 124.001743 -220.344828 5.709776
v 124.001743 -214.827586 5.709776
v 124.001743 -209.310345 5.709776
v 124.001743 -203.793103 5.709776
v 124.001743 -198.275862 5.709776
v 124.001743 -192.758621 5.709776
v 124.001743 -187.241379 5.709776
v 124.001743 -181.724138 5.709776
v 124.001743 -176.206897 5.709776
v 124.001743 -170.689655 5.709776
v 124.001743 -165.172414 5.709776
v 124.001743 -159.655172 5.709776
v 124.001743 -154.137931 5.709776
v 124.001743 -148.620690 5.709776
v 124.001743 -143.103448 5.709776
v 124.001743 -137.586207 5.709776
v 124.001743 -132.068966 5.709776
v 124.001743 -126.551724 5.709776
v 124.001743 -121.034483 5.709776
v 124.001743 -115.517241 5.709776
v 123.943010 -264.482759 5.960743
v 123.943010 -258.965517 5.960743
v 123.943010 -253.448276 5.960743
v 123.943010 -247.931034 5.960743
v 123.943010 -242.413793 5.960743
v 123.943010 -236.896552 5.960743
v 123.943010 -231.379310 5.960743
v 123.943010 -225.862069 5.960743
v 123.943010 -220.344828 5.960743
v 123.943010 -214.827586 5.960743
v 123.943010 -209.310345 5.960743
v 123.943010 -203.793103 5.960743
v 123.943010 -198.275862 5.960743
v 123.943010 -192.758621 5.960743
v 123.943010 -187.241379 5.960743
v 123.943010 -181.724138 5.960743
v 123.943010 -176.206897 5.960743
v 123.943010 -170.689655 5.960743
v 123.943010 -165.172414 5.960743
v 123.943010 -159.655172 5.960743
v 123.943010 -154.137931 5.960743
v 123.943010 -148.620690 5.960743
v 123.943010 -143.103448 5.960743
v 123.943010 -137.586207 5.960743
v 123.943010 -132.068966 5.960743
v 123.943010 -126.551724 5.960743
v 123.943010 -121.034483 5.960743
v 123.943010 -115.517241 5.960743
v 123.822081 -264.482759 6.188361
v 123.822081 -258.965517 6.188361
v 123.822081 -253.448276 6.188361
v 123.822081 -247.931034 6.188361
v 123.822081 -242.413793 6.188361
v 123.822081 -236.896552 6.188361
v 123.822081 -231.379310 6.188361
v 123.822081 -225.862069 6.188361
v 123.822081 -220.344828 6.188361
v 123.822081 -214.827586 6.188361
v 123.822081 -209.310345 6.188361
v 123.822081 -203.793103 6.188361
v 123.822081 -198.275862 6.188361
v 123.822081 -192.758621 6.188361
v 123.822081 -187.241379 6.188361
v 123.822081 -181.724138 6.188361
v 123.822081 -176.206897 6.188361
v 123.822081 -170.689655 6.188361
v 123.822081 -165.172414 6.188361
v 123.822081 -159.655172 6.188361
v 123.822081 -154.137931 6.188361
v 123.822081 -148.620690 6.188361
v 123.822081 -143.103448 6.188361
v 123.822081 -137.586207 6.188361
v 123.822081 -132.068966 6.188361
v 123.822081 -126.551724 6.188361
v 123.822081 -121.034483 6.188361
v 123.822081 -115.517241 6.188361
vt 0.520296 1.520703 0.000000
vt -0.479704 1.520703 0.000000
vt 0.520296 -1.520703 0.000000
vt -0.479704 -1.520703 0.000000
vt 0.021837 -7.601233 0.000000
vt 0.282766 -7.809976 0.000000
vt 0.520296 -7.390000 0.000000
vt 0.298551 -7.825804 0.000000
vt 0.310426 -7.844744 0.000000
vt 0.317797 -7.865848 0.000000
vt 0.320296 -7.888062 0.000000
vt 0.520296 -8.290000 0.000000
vt 0.320296 -7.891938 0.000000
vt 0.317797 -7.914152 0.000000
vt 0.310426 -7.935256 0.000000
vt 0.298551 -7.954196 0.000000
vt 0.282766 -7.970024 0.000000
vt 0.420296 -8.390000 0.000000
vt 0.021837 -8.178767 0.000000
vt -0.000197 -8.192141 0.000000
vt -0.024917 -8.199438 0.000000
vt -0.379704 -8.390000 0.000000
vt -0.050682 -8.200174 0.000000
vt -0.075778 -8.194301 0.000000
vt -0.098540 -8.182208 0.000000
vt -0.117455 -8.164699 0.000000
vt -0.189071 -8.090000 0.000000
vt -0.173707 -8.097196 0.000000
vt -0.176856 -8.094164 0.000000
vt -0.180588 -8.091888 0.000000
vt -0.184726 -8.090478 0.000000
vt -0.479704 -8.290000 0.000000
vt -0.429704 -8.090000 0.000000
vt -0.479704 -8.140000 0.000000
vt -0.478000 -8.127059 0.000000
vt -0.473005 -8.115000 0.000000
vt -0.465059 -8.104645 0.000000
vt -0.454704 -8.096699 0.000000
vt -0.442645 -8.091704 0.000000
vt -0.476297 -8.315882 0.000000
vt -0.466306 -8.340000 0.000000
vt -0.450415 -8.360711 0.000000
vt -0.429704 -8.376603 0.000000
vt -0.405586 -8.386593 0.000000
vt 0.446178 -8.386593 0.000000
vt 0.470296 -8.376603 0.000000
vt 0.491007 -8.360711 0.000000
vt 0.506899 -8.340000 0.000000
vt 0.516889 -8.315882 0.000000
vt -0.479704 -7.390000 0.000000
vt -0.024917 -7.580562 0.000000
vt -0.000197 -7.587859 0.000000
vt -0.479704 -7.640000 0.000000
vt -0.189071 -7.690000 0.000000
vt -0.117455 -7.615301 0.000000
vt -0.098540 -7.597792 0.000000
vt -0.478000 -7.652941 0.000000
vt -0.473005 -7.665000 0.000000
vt -0.465059 -7.675355 0.000000
vt -0.454704 -7.683301 0.000000
vt -0.442645 -7.688296 0.000000
vt -0.429704 -7.690000 0.000000
vt -0.173707 -7.682804 0.000000
vt -0.184726 -7.689522 0.000000
vt -0.180588 -7.688112 0.000000
vt -0.176856 -7.685836 0.000000
vt -0.075778 -7.585699 0.000000
vt -0.050682 -7.579826 0.000000
vt 0.317797 7.914152 0.000000
vt 0.320296 7.891938 0.000000
vt 0.520296 8.290000 0.000000
vt 0.320296 7.888062 0.000000
vt 0.520296 7.390000 0.000000
vt 0.317797 7.865848 0.000000
vt 0.310426 7.844744 0.000000
vt 0.298551 7.825804 0.000000
vt 0.282766 7.809976 0.000000
vt 0.021837 7.601233 0.000000
vt -0.000197 7.587859 0.000000
vt -0.024917 7.580562 0.000000
vt -0.479704 7.390000 0.000000
vt -0.050682 7.579826 0.000000
vt -0.075778 7.585699 0.000000
vt -0.098540 7.597792 0.000000
vt -0.117455 7.615301 0.000000
vt -0.479704 7.640000 0.000000
vt -0.429704 7.690000 0.000000
vt -0.478000 7.652941 0.000000
vt -0.473005 7.665000 0.000000
vt -0.465059 7.675355 0.000000
vt -0.454704 7.683301 0.000000
vt -0.442645 7.688296 0.000000
vt -0.189071 7.690000 0.000000
vt -0.173707 7.682804 0.000000
vt -0.176856 7.685836 0.000000
vt -0.180588 7.688112 0.000000
vt -0.184726 7.689522 0.000000
vt 0.516889 8.315882 0.000000
vt 0.420296 8.390000 0.000000
vt 0.282766 7.970024 0.000000
vt 0.298551 7.954196 0.000000
vt 0.506899 8.340000 0.000000
vt 0.491007 8.360711 0.000000
vt 0.470296 8.376603 0.000000
vt 0.446178 8.386593 0.000000
vt -0.379704 8.390000 0.000000
vt -0.024917 8.199438 0.000000
vt -0.000197 8.192141 0.000000
vt 0.021837 8.178767 0.000000
vt -0.405586 8.386593 0.000000
vt -0.429704 8.376603 0.000000
vt -0.450415 8.360711 0.000000
vt -0.466306 8.340000 0.000000
vt -0.476297 8.315882 0.000000
vt -0.479704 8.290000 0.000000
vt -0.189071 8.090000 0.000000
vt -0.429704 8.090000 0.000000
vt -0.479704 8.140000 0.000000
vt -0.442645 8.091704 0.000000
vt -0.454704 8.096699 0.000000
vt -0.465059 8.104645 0.000000
vt -0.473005 8.115000 0.000000
vt -0.478000 8.127059 0.000000
vt -0.184726 8.090478 0.000000
vt -0.173707 8.097196 0.000000
vt -0.117455 8.164699 0.000000
vt -0.098540 8.182208 0.000000
vt -0.075778 8.194301 0.000000
vt -0.180588 8.091888 0.000000
vt -0.176856 8.094164 0.000000
vt -0.050682 8.200174 0.000000
vt 0.310426 7.935256 0.000000
vt 0.000000 0.057783 0.000000
vt 1.000000 0.057783 0.000000
vt -0.000000 0.161594 0.000000
vt 1.000000 0.161594 0.000000
vt 0.000000 0.265405 0.000000
vt 1.000000 0.265405 0.000000
vt -0.000000 0.369217 0.000000
vt 1.000000 0.369217 0.000000
vt 27.000000 0.900000 0.000000
vt 11.000000 0.900000 0.000000
vt 27.000000 0.100000 0.000000
vt 11.000000 0.100000 0.000000
vt -27.000000 0.130900 0.000000
vt -26.448276 0.130900 0.000000
vt -27.000000 0.157080 0.000000
vt -25.896552 0.130900 0.000000
vt -25.344828 0.130900 0.000000
vt -25.344828 0.104720 0.000000
vt -24.793103 0.104720 0.000000
vt -24.793103 0.078540 0.000000
vt -24.241379 0.078540 0.000000
vt -24.241379 0.052360 0.000000
vt -23.689655 0.052360 0.000000
vt -23.689655 0.026180 0.000000
vt -23.137931 0.026180 0.000000
vt -27.000000 -0.000000 0.000000
vt -22.586207 0.026180 0.000000
vt -22.034483 0.026180 0.000000
vt -22.586207 0.052360 0.000000
vt -22.034483 0.052360 0.000000
vt -22.586207 0.078540 0.000000
vt -22.034483 0.078540 0.000000
vt -22.586207 0.104720 0.000000
vt -22.034483 0.104720 0.000000
vt -22.586207 0.130900 0.000000
vt -22.034483 0.130900 0.000000
vt -21.482759 0.130900 0.000000
vt -20.931034 0.130900 0.000000
vt -20.931034 0.104720 0.000000
vt -20.379310 0.104720 0.000000
vt -20.379310 0.078540 0.000000
vt -19.827586 0.078540 0.000000
vt -19.827586 0.052360 0.000000
vt -19.275862 0.052360 0.000000
vt -19.275862 0.026180 0.000000
vt -18.724138 0.026180 0.000000
vt -11.000000 0.000000 0.000000
vt -18.172414 0.026180 0.000000
vt -17.620690 0.026180 0.000000
vt -18.172414 0.052360 0.000000
vt -17.620690 0.052360 0.000000
vt -18.172414 0.078540 0.000000
vt -17.620690 0.078540 0.000000
vt -18.172414 0.104720 0.000000
vt -17.620690 0.104720 0.000000
vt -18.172414 0.130900 0.000000
vt -17.620690 0.130900 0.000000
vt -11.000000 0.157080 0.000000
vt -17.068966 0.130900 0.000000
vt -16.517241 0.130900 0.000000
vt -16.517241 0.104720 0.000000
vt -15.965517 0.104720 0.000000
vt -15.965517 0.078540 0.000000
vt -15.413793 0.078540 0.000000
vt -15.413793 0.052360 0.000000
vt -14.862069 0.052360 0.000000
vt -14.862069 0.026180 0.000000
vt -14.310345 0.026180 0.000000
vt -13.758621 0.026180 0.000000
vt -13.206897 0.026180 0.000000
vt -13.758621 0.052360 0.000000
vt -13.206897 0.052360 0.000000
vt -13.758621 0.078540 0.000000
vt -13.206897 0.078540 0.000000
vt -13.758621 0.104720 0.000000
vt -13.206897 0.104720 0.000000
vt -13.758621 0.130900 0.000000
vt -13.206897 0.130900 0.000000
vt -12.655172 0.130900 0.000000
vt -12.103448 0.130900 0.000000
vt -12.103448 0.104720 0.000000
vt -11.551724 0.104720 0.000000
vt -11.551724 0.078540 0.000000
vt -11.000000 0.078540 0.000000
vt -11.000000 0.052360 0.000000
vt -11.551724 0.052360 0.000000
vt -11.000000 0.026180 0.000000
vt -11.551724 0.026180 0.000000
vt -12.103448 0.026180 0.000000
vt -12.655172 0.026180 0.000000
vt -12.655172 0.052360 0.000000
vt -26.448276 0.104720 0.000000
vt -27.000000 0.104720 0.000000
vt -26.448276 0.078540 0.000000
vt -27.000000 0.078540 0.000000
vt -26.448276 0.052360 0.000000
vt -27.000000 0.052360 0.000000
vt -26.448276 0.026180 0.000000
vt -27.000000 0.026180 0.000000
vt -19.827586 0.026180 0.000000
vt -20.379310 0.026180 0.000000
vt -20.379310 0.052360 0.000000
vt -20.931034 0.052360 0.000000
vt -20.931034 0.078540 0.000000
vt -21.482759 0.078540 0.000000
vt -21.482759 0.104720 0.000000
vt -11.000000 0.104720 0.000000
vt -11.551724 0.130900 0.000000
vt -11.000000 0.130900 0.000000
vt -18.724138 0.130900 0.000000
vt -19.275862 0.130900 0.000000
vt -19.827586 0.130900 0.000000
vt -19.275862 0.104720 0.000000
vt -19.827586 0.104720 0.000000
vt -19.275862 0.078540 0.000000
vt -25.896552 0.104720 0.000000
vt -25.896552 0.078540 0.000000
vt -25.896552 0.052360 0.000000
vt -25.896552 0.026180 0.000000
vt -24.793103 0.130900 0.000000
vt -24.241379 0.130900 0.000000
vt -23.689655 0.130900 0.000000
vt -23.689655 0.104720 0.000000
vt -23.137931 0.104720 0.000000
vt -23.137931 0.078540 0.000000
vt -24.241379 0.104720 0.000000
vt -23.137931 0.130900 0.000000
vt -20.379310 0.130900 0.000000
vt -18.724138 0.104720 0.000000
vt -18.724138 0.078540 0.000000
vt -18.724138 0.052360 0.000000
vt -17.068966 0.104720 0.000000
vt -17.068966 0.078540 0.000000
vt -17.068966 0.052360 0.000000
vt -17.068966 0.026180 0.000000
vt -15.965517 0.130900 0.000000
vt -15.413793 0.130900 0.000000
vt -14.862069 0.130900 0.000000
vt -14.862069 0.104720 0.000000
vt -14.310345 0.104720 0.000000
vt -14.310345 0.078540 0.000000
vt -15.413793 0.104720 0.000000
vt -14.310345 0.130900 0.000000
vt -12.655172 0.104720 0.000000
vt -12.655172 0.078540 0.000000
vt -25.344828 0.078540 0.000000
vt -24.793103 0.052360 0.000000
vt -24.241379 0.026180 0.000000
vt -23.689655 0.078540 0.000000
vt -16.517241 0.078540 0.000000
vt -15.965517 0.052360 0.000000
vt -15.413793 0.026180 0.000000
vt -14.862069 0.078540 0.000000
vt -12.103448 0.078540 0.000000
vt -25.344828 0.052360 0.000000
vt -25.344828 0.026180 0.000000
vt -23.137931 0.052360 0.000000
vt -21.482759 0.052360 0.000000
vt -21.482759 0.026180 0.000000
vt -16.517241 0.052360 0.000000
vt -16.517241 0.026180 0.000000
vt -14.310345 0.052360 0.000000
vt -12.103448 0.052360 0.000000
vt -24.793103 0.026180 0.000000
vt -20.931034 0.026180 0.000000
vt -15.965517 0.026180 0.000000
vt -27.000000 0.065450 0.000000
vt -26.719298 0.065450 0.000000
vt -27.000000 0.078540 0.000000
vt -26.438596 0.065450 0.000000
vt -26.157895 0.065450 0.000000
vt -26.157895 0.052360 0.000000
vt -25.877193 0.052360 0.000000
vt -25.877193 0.039270 0.000000
vt -25.596491 0.039270 0.000000
vt -25.596491 0.026180 0.000000
vt -25.315789 0.026180 0.000000
vt -25.315789 0.013090 0.000000
vt -25.035088 0.013090 0.000000
vt -27.000000 -0.000000 0.000000
vt -24.754386 0.013090 0.000000
vt -24.473684 0.013090 0.000000
vt -24.754386 0.026180 0.000000
vt -24.473684 0.026180 0.000000
vt -24.754386 0.039270 0.000000
vt -24.473684 0.039270 0.000000
vt -24.754386 0.052360 0.000000
vt -24.473684 0.052360 0.000000
vt -24.754386 0.065450 0.000000
vt -24.473684 0.065450 0.000000
vt -24.192982 0.065450 0.000000
vt -23.912281 0.065450 0.000000
vt -23.912281 0.052360 0.000000
vt -23.631579 0.052360 0.000000
vt -23.631579 0.039270 0.000000
vt -23.350877 0.039270 0.000000
vt -23.350877 0.026180 0.000000
vt -23.070175 0.026180 0.000000
vt -23.070175 0.013090 0.000000
vt -22.789474 0.013090 0.000000
vt -22.508772 0.013090 0.000000
vt -22.228070 0.013090 0.000000
vt -22.508772 0.026180 0.000000
vt -22.228070 0.026180 0.000000
vt -22.508772 0.039270 0.000000
vt -22.228070 0.039270 0.000000
vt -22.508772 0.052360 0.000000
vt -22.228070 0.052360 0.000000
vt -22.508772 0.065450 0.000000
vt -22.228070 0.065450 0.000000
vt -21.947368 0.065450 0.000000
vt -21.666667 0.065450 0.000000
vt -21.666667 0.052360 0.000000
vt -21.385965 0.052360 0.000000
vt -21.385965 0.039270 0.000000
vt -21.105263 0.039270 0.000000
vt -21.105263 0.026180 0.000000
vt -20.824561 0.026180 0.000000
vt -20.824561 0.013090 0.000000
vt -20.543860 0.013090 0.000000
vt -20.263158 0.013090 0.000000
vt -19.982456 0.013090 0.000000
vt -20.263158 0.026180 0.000000
vt -19.982456 0.026180 0.000000
vt -20.263158 0.039270 0.000000
vt -19.982456 0.039270 0.000000
vt -20.263158 0.052360 0.000000
vt -19.982456 0.052360 0.000000
vt -20.263158 0.065450 0.000000
vt -19.982456 0.065450 0.000000
vt -19.701754 0.065450 0.000000
vt -19.421053 0.065450 0.000000
vt -19.421053 0.052360 0.000000
vt -19.140351 0.052360 0.000000
vt -19.140351 0.039270 0.000000
vt -18.859649 0.039270 0.000000
vt -18.859649 0.026180 0.000000
vt -18.578947 0.026180 0.000000
vt -18.578947 0.013090 0.000000
vt -18.298246 0.013090 0.000000
vt -11.000000 0.000000 0.000000
vt -18.017544 0.013090 0.000000
vt -17.736842 0.013090 0.000000
vt -18.017544 0.026180 0.000000
vt -17.736842 0.026180 0.000000
vt -18.017544 0.039270 0.000000
vt -17.736842 0.039270 0.000000
vt -18.017544 0.052360 0.000000
vt -17.736842 0.052360 0.000000
vt -18.017544 0.065450 0.000000
vt -17.736842 0.065450 0.000000
vt -11.000000 0.078540 0.000000
vt -17.456140 0.065450 0.000000
vt -17.175439 0.065450 0.000000
vt -17.175439 0.052360 0.000000
vt -16.894737 0.052360 0.000000
vt -16.894737 0.039270 0.000000
vt -16.614035 0.039270 0.000000
vt -16.614035 0.026180 0.000000
vt -16.333333 0.026180 0.000000
vt -16.333333 0.013090 0.000000
vt -16.052632 0.013090 0.000000
vt -15.771930 0.013090 0.000000
vt -15.491228 0.013090 0.000000
vt -15.771930 0.026180 0.000000
vt -15.491228 0.026180 0.000000
vt -15.771930 0.039270 0.000000
vt -15.491228 0.039270 0.000000
vt -15.771930 0.052360 0.000000
vt -15.491228 0.052360 0.000000
vt -15.771930 0.065450 0.000000
vt -15.491228 0.065450 0.000000
vt -15.210526 0.065450 0.000000
vt -14.929825 0.065450 0.000000
vt -14.929825 0.052360 0.000000
vt -14.649123 0.052360 0.000000
vt -14.649123 0.039270 0.000000
vt -14.368421 0.039270 0.000000
vt -14.368421 0.026180 0.000000
vt -14.087719 0.026180 0.000000
vt -14.087719 0.013090 0.000000
vt -13.807018 0.013090 0.000000
vt -13.526316 0.013090 0.000000
vt -13.245614 0.013090 0.000000
vt -13.526316 0.026180 0.000000
vt -13.245614 0.026180 0.000000
vt -13.526316 0.039270 0.000000
vt -13.245614 0.039270 0.000000
vt -13.526316 0.052360 0.000000
vt -13.245614 0.052360 0.000000
vt -13.526316 0.065450 0.000000
vt -13.245614 0.065450 0.000000
vt -12.964912 0.065450 0.000000
vt -12.684211 0.065450 0.000000
vt -12.684211 0.052360 0.000000
vt -12.403509 0.052360 0.000000
vt -12.403509 0.039270 0.000000
vt -12.122807 0.039270 0.000000
vt -12.122807 0.026180 0.000000
vt -11.842105 0.026180 0.000000
vt -11.842105 0.013090 0.000000
vt -11.561404 0.013090 0.000000
vt -11.280702 0.013090 0.000000
vt -11.000000 0.013090 0.000000
vt -11.280702 0.026180 0.000000
vt -11.000000 0.026180 0.000000
vt -11.280702 0.039270 0.000000
vt -11.000000 0.039270 0.000000
vt -11.280702 0.052360 0.000000
vt -11.000000 0.052360 0.000000
vt -11.280702 0.065450 0.000000
vt -11.000000 0.065450 0.000000
vt -26.719298 0.052360 0.000000
vt -27.000000 0.052360 0.000000
vt -26.719298 0.039270 0.000000
vt -27.000000 0.039270 0.000000
vt -26.719298 0.026180 0.000000
vt -27.000000 0.026180 0.000000
vt -26.719298 0.013090 0.000000
vt -27.000000 0.013090 0.000000
vt -19.140351 0.013090 0.000000
vt -19.421053 0.013090 0.000000
vt -19.701754 0.013090 0.000000
vt -19.701754 0.026180 0.000000
vt -18.859649 0.065450 0.000000
vt -18.578947 0.065450 0.000000
vt -18.298246 0.065450 0.000000
vt -18.298246 0.052360 0.000000
vt -26.438596 0.052360 0.000000
vt -26.438596 0.039270 0.000000
vt -26.438596 0.026180 0.000000
vt -26.438596 0.013090 0.000000
vt -25.877193 0.065450 0.000000
vt -25.596491 0.065450 0.000000
vt -25.315789 0.065450 0.000000
vt -25.315789 0.052360 0.000000
vt -25.035088 0.052360 0.000000
vt -25.035088 0.039270 0.000000
vt -25.596491 0.052360 0.000000
vt -25.035088 0.065450 0.000000
vt -24.192982 0.052360 0.000000
vt -24.192982 0.039270 0.000000
vt -24.192982 0.026180 0.000000
vt -24.192982 0.013090 0.000000
vt -23.631579 0.065450 0.000000
vt -23.350877 0.065450 0.000000
vt -23.070175 0.065450 0.000000
vt -23.070175 0.052360 0.000000
vt -22.789474 0.052360 0.000000
vt -22.789474 0.039270 0.000000
vt -23.350877 0.052360 0.000000
vt -22.789474 0.065450 0.000000
vt -21.947368 0.052360 0.000000
vt -21.947368 0.039270 0.000000
vt -21.947368 0.026180 0.000000
vt -21.947368 0.013090 0.000000
vt -21.385965 0.065450 0.000000
vt -21.105263 0.065450 0.000000
vt -20.824561 0.065450 0.000000
vt -20.824561 0.052360 0.000000
vt -20.543860 0.052360 0.000000
vt -20.543860 0.039270 0.000000
vt -21.105263 0.052360 0.000000
vt -20.543860 0.065450 0.000000
vt -19.701754 0.052360 0.000000
vt -19.701754 0.039270 0.000000
vt -19.140351 0.065450 0.000000
vt -18.859649 0.052360 0.000000
vt -18.578947 0.052360 0.000000
vt -18.578947 0.039270 0.000000
vt -17.456140 0.052360 0.000000
vt -17.456140 0.039270 0.000000
vt -17.456140 0.026180 0.000000
vt -17.456140 0.013090 0.000000
vt -16.894737 0.065450 0.000000
vt -16.614035 0.065450 0.000000
vt -16.333333 0.065450 0.000000
vt -16.333333 0.052360 0.000000
vt -16.052632 0.052360 0.000000
vt -16.052632 0.039270 0.000000
vt -16.614035 0.052360 0.000000
vt -16.052632 0.065450 0.000000
vt -15.210526 0.052360 0.000000
vt -15.210526 0.039270 0.000000
vt -15.210526 0.026180 0.000000
vt -15.210526 0.013090 0.000000
vt -14.649123 0.065450 0.000000
vt -14.368421 0.065450 0.000000
vt -14.087719 0.065450 0.000000
vt -14.087719 0.052360 0.000000
vt -13.807018 0.052360 0.000000
vt -13.807018 0.039270 0.000000
vt -14.368421 0.052360 0.000000
vt -13.807018 0.065450 0.000000
vt -12.964912 0.052360 0.000000
vt -12.964912 0.039270 0.000000
vt -12.964912 0.026180 0.000000
vt -12.964912 0.013090 0.000000
vt -12.403509 0.065450 0.000000
vt -12.122807 0.065450 0.000000
vt -11.842105 0.065450 0.000000
vt -11.842105 0.052360 0.000000
vt -11.561404 0.052360 0.000000
vt -11.561404 0.039270 0.000000
vt -12.122807 0.052360 0.000000
vt -11.561404 0.065450 0.000000
vt -26.157895 0.039270 0.000000
vt -25.877193 0.026180 0.000000
vt -25.596491 0.013090 0.000000
vt -25.315789 0.039270 0.000000
vt -23.912281 0.039270 0.000000
vt -23.631579 0.026180 0.000000
vt -23.350877 0.013090 0.000000
vt -23.070175 0.039270 0.000000
vt -21.666667 0.039270 0.000000
vt -21.385965 0.026180 0.000000
vt -21.105263 0.013090 0.000000
vt -20.824561 0.039270 0.000000
vt -19.421053 0.039270 0.000000
vt -19.140351 0.026180 0.000000
vt -18.859649 0.013090 0.000000
vt -18.298246 0.039270 0.000000
vt -17.175439 0.039270 0.000000
vt -16.894737 0.026180 0.000000
vt -16.614035 0.013090 0.000000
vt -16.333333 0.039270 0.000000
vt -14.929825 0.039270 0.000000
vt -14.649123 0.026180 0.000000
vt -14.368421 0.013090 0.000000
vt -14.087719 0.039270 0.000000
vt -12.684211 0.039270 0.000000
vt -12.403509 0.026180 0.000000
vt -12.122807 0.013090 0.000000
vt -11.842105 0.039270 0.000000
vt -26.157895 0.026180 0.000000
vt -26.157895 0.013090 0.000000
vt -25.035088 0.026180 0.000000
vt -23.912281 0.026180 0.000000
vt -23.912281 0.013090 0.000000
vt -22.789474 0.026180 0.000000
vt -21.666667 0.026180 0.000000
vt -21.666667 0.013090 0.000000
vt -20.543860 0.026180 0.000000
vt -19.421053 0.026180 0.000000
vt -18.298246 0.026180 0.000000
vt -17.175439 0.026180 0.000000
vt -17.175439 0.013090 0.000000
vt -16.052632 0.026180 0.000000
vt -14.929825 0.026180 0.000000
vt -14.929825 0.013090 0.000000
vt -13.807018 0.026180 0.000000
vt -12.684211 0.026180 0.000000
vt -12.684211 0.013090 0.000000
vt -11.561404 0.026180 0.000000
vt -25.877193 0.013090 0.000000
vt -23.631579 0.013090 0.000000
vt -21.385965 0.013090 0.000000
vt -16.894737 0.013090 0.000000
vt -14.649123 0.013090 0.000000
vt -12.403509 0.013090 0.000000
vt -0.000000 27.000000 0.000000
vt -0.240633 27.000000 0.000000
vt -0.000000 11.000000 0.000000
vt -0.240633 11.000000 0.000000
vt -27.000000 0.013141 0.000000
vt -26.905882 0.013141 0.000000
vt -27.000000 0.017521 0.000000
vt -26.811765 0.013141 0.000000
vt -26.717647 0.013141 0.000000
vt -26.717647 0.008761 0.000000
vt -26.623529 0.008761 0.000000
vt -26.623529 0.004380 0.000000
vt -26.529412 0.004380 0.000000
vt -27.000000 0.000000 0.000000
vt -26.435294 0.004380 0.000000
vt -26.341176 0.004380 0.000000
vt -26.435294 0.008761 0.000000
vt -26.341176 0.008761 0.000000
vt -26.435294 0.013141 0.000000
vt -26.341176 0.013141 0.000000
vt -26.247059 0.013141 0.000000
vt -26.152941 0.013141 0.000000
vt -26.152941 0.008761 0.000000
vt -26.058824 0.008761 0.000000
vt -26.058824 0.004380 0.000000
vt -25.964706 0.004380 0.000000
vt -25.870588 0.004380 0.000000
vt -25.776471 0.004380 0.000000
vt -25.870588 0.008761 0.000000
vt -25.776471 0.008761 0.000000
vt -25.870588 0.013141 0.000000
vt -25.776471 0.013141 0.000000
vt -25.682353 0.013141 0.000000
vt -25.588235 0.013141 0.000000
vt -25.588235 0.008761 0.000000
vt -25.494118 0.008761 0.000000
vt -25.494118 0.004380 0.000000
vt -25.400000 0.004380 0.000000
vt -25.305882 0.004380 0.000000
vt -25.211765 0.004380 0.000000
vt -25.305882 0.008761 0.000000
vt -25.211765 0.008761 0.000000
vt -25.305882 0.013141 0.000000
vt -25.211765 0.013141 0.000000
vt -25.117647 0.013141 0.000000
vt -25.023529 0.013141 0.000000
vt -25.023529 0.008761 0.000000
vt -24.929412 0.008761 0.000000
vt -24.929412 0.004380 0.000000
vt -24.835294 0.004380 0.000000
vt -24.741176 0.004380 0.000000
vt -24.647059 0.004380 0.000000
vt -24.741176 0.008761 0.000000
vt -24.647059 0.008761 0.000000
vt -24.741176 0.013141 0.000000
vt -24.647059 0.013141 0.000000
vt -24.552941 0.013141 0.000000
vt -24.458824 0.013141 0.000000
vt -24.458824 0.008761 0.000000
vt -24.364706 0.008761 0.000000
vt -24.364706 0.004380 0.000000
vt -24.270588 0.004380 0.000000
vt -24.176471 0.004380 0.000000
vt -24.082353 0.004380 0.000000
vt -24.176471 0.008761 0.000000
vt -24.082353 0.008761 0.000000
vt -24.176471 0.013141 0.000000
vt -24.082353 0.013141 0.000000
vt -23.988235 0.013141 0.000000
vt -23.894118 0.013141 0.000000
vt -23.894118 0.008761 0.000000
vt -23.800000 0.008761 0.000000
vt -23.800000 0.004380 0.000000
vt -23.705882 0.004380 0.000000
vt -23.611765 0.004380 0.000000
vt -23.517647 0.004380 0.000000
vt -23.611765 0.008761 0.000000
vt -23.517647 0.008761 0.000000
vt -23.611765 0.013141 0.000000
vt -23.517647 0.013141 0.000000
vt -23.423529 0.013141 0.000000
vt -23.329412 0.013141 0.000000
vt -23.329412 0.008761 0.000000
vt -23.235294 0.008761 0.000000
vt -23.235294 0.004380 0.000000
vt -23.141176 0.004380 0.000000
vt -23.047059 0.004380 0.000000
vt -22.952941 0.004380 0.000000
vt -23.047059 0.008761 0.000000
vt -22.952941 0.008761 0.000000
vt -23.047059 0.013141 0.000000
vt -22.952941 0.013141 0.000000
vt -22.858824 0.013141 0.000000
vt -22.764706 0.013141 0.000000
vt -22.764706 0.008761 0.000000
vt -22.670588 0.008761 0.000000
vt -22.670588 0.004380 0.000000
vt -22.576471 0.004380 0.000000
vt -22.482353 0.004380 0.000000
vt -22.388235 0.004380 0.000000
vt -22.482353 0.008761 0.000000
vt -22.388235 0.008761 0.000000
vt -22.482353 0.013141 0.000000
vt -22.388235 0.013141 0.000000
vt -22.294118 0.013141 0.000000
vt -22.200000 0.013141 0.000000
vt -22.200000 0.008761 0.000000
vt -22.105882 0.008761 0.000000
vt -22.105882 0.004380 0.000000
vt -22.011765 0.004380 0.000000
vt -21.917647 0.004380 0.000000
vt -21.823529 0.004380 0.000000
vt -21.917647 0.008761 0.000000
vt -21.823529 0.008761 0.000000
vt -21.917647 0.013141 0.000000
vt -21.823529 0.013141 0.000000
vt -21.729412 0.013141 0.000000
vt -21.635294 0.013141 0.000000
vt -21.635294 0.008761 0.000000
vt -21.541176 0.008761 0.000000
vt -21.541176 0.004380 0.000000
vt -21.447059 0.004380 0.000000
vt -21.352941 0.004380 0.000000
vt -21.258824 0.004380 0.000000
vt -21.352941 0.008761 0.000000
vt -21.258824 0.008761 0.000000
vt -21.352941 0.013141 0.000000
vt -21.258824 0.013141 0.000000
vt -21.164706 0.013141 0.000000
vt -21.070588 0.013141 0.000000
vt -21.070588 0.008761 0.000000
vt -20.976471 0.008761 0.000000
vt -20.976471 0.004380 0.000000
vt -20.882353 0.004380 0.000000
vt -20.788235 0.004380 0.000000
vt -20.694118 0.004380 0.000000
vt -20.788235 0.008761 0.000000
vt -20.694118 0.008761 0.000000
vt -20.788235 0.013141 0.000000
vt -20.694118 0.013141 0.000000
vt -20.600000 0.013141 0.000000
vt -20.505882 0.013141 0.000000
vt -20.505882 0.008761 0.000000
vt -20.411765 0.008761 0.000000
vt -20.411765 0.004380 0.000000
vt -20.317647 0.004380 0.000000
vt -20.223529 0.004380 0.000000
vt -20.129412 0.004380 0.000000
vt -20.223529 0.008761 0.000000
vt -20.129412 0.008761 0.000000
vt -20.223529 0.013141 0.000000
vt -20.129412 0.013141 0.000000
vt -20.035294 0.013141 0.000000
vt -19.941176 0.013141 0.000000
vt -19.941176 0.008761 0.000000
vt -19.847059 0.008761 0.000000
vt -19.847059 0.004380 0.000000
vt -19.752941 0.004380 0.000000
vt -19.658824 0.004380 0.000000
vt -19.564706 0.004380 0.000000
vt -19.658824 0.008761 0.000000
vt -19.564706 0.008761 0.000000
vt -19.658824 0.013141 0.000000
vt -19.564706 0.013141 0.000000
vt -19.470588 0.013141 0.000000
vt -19.376471 0.013141 0.000000
vt -19.376471 0.008761 0.000000
vt -19.282353 0.008761 0.000000
vt -19.282353 0.004380 0.000000
vt -19.188235 0.004380 0.000000
vt -19.094118 0.004380 0.000000
vt -19.000000 0.004380 0.000000
vt -19.094118 0.008761 0.000000
vt -19.000000 0.008761 0.000000
vt -19.094118 0.013141 0.000000
vt -19.000000 0.013141 0.000000
vt -11.000000 0.017521 0.000000
vt -18.905882 0.013141 0.000000
vt -18.811765 0.013141 0.000000
vt -18.811765 0.008761 0.000000
vt -18.717647 0.008761 0.000000
vt -18.717647 0.004380 0.000000
vt -18.623529 0.004380 0.000000
vt -11.000000 -0.000000 0.000000
vt -18.529412 0.004380 0.000000
vt -18.435294 0.004380 0.000000
vt -18.529412 0.008761 0.000000
vt -18.435294 0.008761 0.000000
vt -18.529412 0.013141 0.000000
vt -18.435294 0.013141 0.000000
vt -18.341176 0.013141 0.000000
vt -18.247059 0.013141 0.000000
vt -18.247059 0.008761 0.000000
vt -18.152941 0.008761 0.000000
vt -18.152941 0.004380 0.000000
vt -18.058824 0.004380 0.000000
vt -17.964706 0.004380 0.000000
vt -17.870588 0.004380 0.000000
vt -17.964706 0.008761 0.000000
vt -17.870588 0.008761 0.000000
vt -17.964706 0.013141 0.000000
vt -17.870588 0.013141 0.000000
vt -17.776471 0.013141 0.000000
vt -17.682353 0.013141 0.000000
vt -17.682353 0.008761 0.000000
vt -17.588235 0.008761 0.000000
vt -17.588235 0.004380 0.000000
vt -17.494118 0.004380 0.000000
vt -17.400000 0.004380 0.000000
vt -17.305882 0.004380 0.000000
vt -17.400000 0.008761 0.000000
vt -17.305882 0.008761 0.000000
vt -17.400000 0.013141 0.000000
vt -17.305882 0.013141 0.000000
vt -17.211765 0.013141 0.000000
vt -17.117647 0.013141 0.000000
vt -17.117647 0.008761 0.000000
vt -17.023529 0.008761 0.000000
vt -17.023529 0.004380 0.000000
vt -16.929412 0.004380 0.000000
vt -16.835294 0.004380 0.000000
vt -16.741176 0.004380 0.000000
vt -16.835294 0.008761 0.000000
vt -16.741176 0.008761 0.000000
vt -16.835294 0.013141 0.000000
vt -16.741176 0.013141 0.000000
vt -16.647059 0.013141 0.000000
vt -16.552941 0.013141 0.000000
vt -16.552941 0.008761 0.000000
vt -16.458824 0.008761 0.000000
vt -16.458824 0.004380 0.000000
vt -16.364706 0.004380 0.000000
vt -16.270588 0.004380 0.000000
vt -16.176471 0.004380 0.000000
vt -16.270588 0.008761 0.000000
vt -16.176471 0.008761 0.000000
vt -16.270588 0.013141 0.000000
vt -16.176471 0.013141 0.000000
vt -16.082353 0.013141 0.000000
vt -15.988235 0.013141 0.000000
vt -15.988235 0.008761 0.000000
vt -15.894118 0.008761 0.000000
vt -15.894118 0.004380 0.000000
vt -15.800000 0.004380 0.000000
vt -15.705882 0.004380 0.000000
vt -15.611765 0.004380 0.000000
vt -15.705882 0.008761 0.000000
vt -15.611765 0.008761 0.000000
vt -15.705882 0.013141 0.000000
vt -15.611765 0.013141 0.000000
vt -15.517647 0.013141 0.000000
vt -15.423529 0.013141 0.000000
vt -15.423529 0.008761 0.000000
vt -15.329412 0.008761 0.000000
vt -15.329412 0.004380 0.000000
vt -15.235294 0.004380 0.000000
vt -15.141176 0.004380 0.000000
vt -15.047059 0.004380 0.000000
vt -15.141176 0.008761 0.000000
vt -15.047059 0.008761 0.000000
vt -15.141176 0.013141 0.000000
vt -15.047059 0.013141 0.000000
vt -14.952941 0.013141 0.000000
vt -14.858824 0.013141 0.000000
vt -14.858824 0.008761 0.000000
vt -14.764706 0.008761 0.000000
vt -14.764706 0.004380 0.000000
vt -14.670588 0.004380 0.000000
vt -14.576471 0.004380 0.000000
vt -14.482353 0.004380 0.000000
vt -14.576471 0.008761 0.000000
vt -14.482353 0.008761 0.000000
vt -14.576471 0.013141 0.000000
vt -14.482353 0.013141 0.000000
vt -14.388235 0.013141 0.000000
vt -14.294118 0.013141 0.000000
vt -14.294118 0.008761 0.000000
vt -14.200000 0.008761 0.000000
vt -14.200000 0.004380 0.000000
vt -14.105882 0.004380 0.000000
vt -14.011765 0.004380 0.000000
vt -13.917647 0.004380 0.000000
vt -14.011765 0.008761 0.000000
vt -13.917647 0.008761 0.000000
vt -14.011765 0.013141 0.000000
vt -13.917647 0.013141 0.000000
vt -13.823529 0.013141 0.000000
vt -13.729412 0.013141 0.000000
vt -13.729412 0.008761 0.000000
vt -13.635294 0.008761 0.000000
vt -13.635294 0.004380 0.000000
vt -13.541176 0.004380 0.000000
vt -13.447059 0.004380 0.000000
vt -13.352941 0.004380 0.000000
vt -13.447059 0.008761 0.000000
vt -13.352941 0.008761 0.000000
vt -13.447059 0.013141 0.000000
vt -13.352941 0.013141 0.000000
vt -13.258824 0.013141 0.000000
vt -13.164706 0.013141 0.000000
vt -13.164706 0.008761 0.000000
vt -13.070588 0.008761 0.000000
vt -13.070588 0.004380 0.000000
vt -12.976471 0.004380 0.000000
vt -12.882353 0.004380 0.000000
vt -12.788235 0.004380 0.000000
vt -12.882353 0.008761 0.000000
vt -12.788235 0.008761 0.000000
vt -12.882353 0.013141 0.000000
vt -12.788235 0.013141 0.000000
vt -12.694118 0.013141 0.000000
vt -12.600000 0.013141 0.000000
vt -12.600000 0.008761 0.000000
vt -12.505882 0.008761 0.000000
vt -12.505882 0.004380 0.000000
vt -12.411765 0.004380 0.000000
vt -12.317647 0.004380 0.000000
vt -12.223529 0.004380 0.000000
vt -12.317647 0.008761 0.000000
vt -12.223529 0.008761 0.000000
vt -12.317647 0.013141 0.000000
vt -12.223529 0.013141 0.000000
vt -12.129412 0.013141 0.000000
vt -12.035294 0.013141 0.000000
vt -12.035294 0.008761 0.000000
vt -11.941176 0.008761 0.000000
vt -11.941176 0.004380 0.000000
vt -11.847059 0.004380 0.000000
vt -11.752941 0.004380 0.000000
vt -11.658824 0.004380 0.000000
vt -11.752941 0.008761 0.000000
vt -11.658824 0.008761 0.000000
vt -11.752941 0.013141 0.000000
vt -11.658824 0.013141 0.000000
vt -11.564706 0.013141 0.000000
vt -11.470588 0.013141 0.000000
vt -11.470588 0.008761 0.000000
vt -11.376471 0.008761 0.000000
vt -11.376471 0.004380 0.000000
vt -11.282353 0.004380 0.000000
vt -11.188235 0.004380 0.000000
vt -11.094118 0.004380 0.000000
vt -11.188235 0.008761 0.000000
vt -11.094118 0.008761 0.000000
vt -11.188235 0.013141 0.000000
vt -11.094118 0.013141 0.000000
vt -11.000000 0.013141 0.000000
vt -11.000000 0.008761 0.000000
vt -11.000000 0.004380 0.000000
vt -26.905882 0.008761 0.000000
vt -27.000000 0.008761 0.000000
vt -26.905882 0.004380 0.000000
vt -27.000000 0.004380 0.000000
vt -18.905882 0.004380 0.000000
vt -18.905882 0.008761 0.000000
vt -26.811765 0.008761 0.000000
vt -26.811765 0.004380 0.000000
vt -26.623529 0.013141 0.000000
vt -26.529412 0.013141 0.000000
vt -26.529412 0.008761 0.000000
vt -26.247059 0.008761 0.000000
vt -26.247059 0.004380 0.000000
vt -26.058824 0.013141 0.000000
vt -25.964706 0.013141 0.000000
vt -25.964706 0.008761 0.000000
vt -25.682353 0.008761 0.000000
vt -25.682353 0.004380 0.000000
vt -25.494118 0.013141 0.000000
vt -25.400000 0.013141 0.000000
vt -25.400000 0.008761 0.000000
vt -25.117647 0.008761 0.000000
vt -25.117647 0.004380 0.000000
vt -24.929412 0.013141 0.000000
vt -24.835294 0.013141 0.000000
vt -24.835294 0.008761 0.000000
vt -24.552941 0.008761 0.000000
vt -24.552941 0.004380 0.000000
vt -24.364706 0.013141 0.000000
vt -24.270588 0.013141 0.000000
vt -24.270588 0.008761 0.000000
vt -23.988235 0.008761 0.000000
vt -23.988235 0.004380 0.000000
vt -23.800000 0.013141 0.000000
vt -23.705882 0.013141 0.000000
vt -23.705882 0.008761 0.000000
vt -23.423529 0.008761 0.000000
vt -23.423529 0.004380 0.000000
vt -23.235294 0.013141 0.000000
vt -23.141176 0.013141 0.000000
vt -23.141176 0.008761 0.000000
vt -22.858824 0.008761 0.000000
vt -22.858824 0.004380 0.000000
vt -22.670588 0.013141 0.000000
vt -22.576471 0.013141 0.000000
vt -22.576471 0.008761 0.000000
vt -22.294118 0.008761 0.000000
vt -22.294118 0.004380 0.000000
vt -22.105882 0.013141 0.000000
vt -22.011765 0.013141 0.000000
vt -22.011765 0.008761 0.000000
vt -21.729412 0.008761 0.000000
vt -21.729412 0.004380 0.000000
vt -21.541176 0.013141 0.000000
vt -21.447059 0.013141 0.000000
vt -21.447059 0.008761 0.000000
vt -21.164706 0.008761 0.000000
vt -21.164706 0.004380 0.000000
vt -20.976471 0.013141 0.000000
vt -20.882353 0.013141 0.000000
vt -20.882353 0.008761 0.000000
vt -20.600000 0.008761 0.000000
vt -20.600000 0.004380 0.000000
vt -20.411765 0.013141 0.000000
vt -20.317647 0.013141 0.000000
vt -20.317647 0.008761 0.000000
vt -20.035294 0.008761 0.000000
vt -20.035294 0.004380 0.000000
vt -19.847059 0.013141 0.000000
vt -19.752941 0.013141 0.000000
vt -19.752941 0.008761 0.000000
vt -19.470588 0.008761 0.000000
vt -19.470588 0.004380 0.000000
vt -19.282353 0.013141 0.000000
vt -19.188235 0.013141 0.000000
vt -19.188235 0.008761 0.000000
vt -18.717647 0.013141 0.000000
vt -18.623529 0.013141 0.000000
vt -18.623529 0.008761 0.000000
vt -18.341176 0.008761 0.000000
vt -18.341176 0.004380 0.000000
vt -18.152941 0.013141 0.000000
vt -18.058824 0.013141 0.000000
vt -18.058824 0.008761 0.000000
vt -17.776471 0.008761 0.000000
vt -17.776471 0.004380 0.000000
vt -17.588235 0.013141 0.000000
vt -17.494118 0.013141 0.000000
vt -17.494118 0.008761 0.000000
vt -17.211765 0.008761 0.000000
vt -17.211765 0.004380 0.000000
vt -17.023529 0.013141 0.000000
vt -16.929412 0.013141 0.000000
vt -16.929412 0.008761 0.000000
vt -16.647059 0.008761 0.000000
vt -16.647059 0.004380 0.000000
vt -16.458824 0.013141 0.000000
vt -16.364706 0.013141 0.000000
vt -16.364706 0.008761 0.000000
vt -16.082353 0.008761 0.000000
vt -16.082353 0.004380 0.000000
vt -15.894118 0.013141 0.000000
vt -15.800000 0.013141 0.000000
vt -15.800000 0.008761 0.000000
vt -15.517647 0.008761 0.000000
vt -15.517647 0.004380 0.000000
vt -15.329412 0.013141 0.000000
vt -15.235294 0.013141 0.000000
vt -15.235294 0.008761 0.000000
vt -14.952941 0.008761 0.000000
vt -14.952941 0.004380 0.000000
vt -14.764706 0.013141 0.000000
vt -14.670588 0.013141 0.000000
vt -14.670588 0.008761 0.000000
vt -14.388235 0.008761 0.000000
vt -14.388235 0.004380 0.000000
vt -14.200000 0.013141 0.000000
vt -14.105882 0.013141 0.000000
vt -14.105882 0.008761 0.000000
vt -13.823529 0.008761 0.000000
vt -13.823529 0.004380 0.000000
vt -13.635294 0.013141 0.000000
vt -13.541176 0.013141 0.000000
vt -13.541176 0.008761 0.000000
vt -13.258824 0.008761 0.000000
vt -13.258824 0.004380 0.000000
vt -13.070588 0.013141 0.000000
vt -12.976471 0.013141 0.000000
vt -12.976471 0.008761 0.000000
vt -12.694118 0.008761 0.000000
vt -12.694118 0.004380 0.000000
vt -12.505882 0.013141 0.000000
vt -12.411765 0.013141 0.000000
vt -12.411765 0.008761 0.000000
vt -12.129412 0.008761 0.000000
vt -12.129412 0.004380 0.000000
vt -11.941176 0.013141 0.000000
vt -11.847059 0.013141 0.000000
vt -11.847059 0.008761 0.000000
vt -11.564706 0.008761 0.000000
vt -11.564706 0.004380 0.000000
vt -11.376471 0.013141 0.000000
vt -11.282353 0.013141 0.000000
vt -11.282353 0.008761 0.000000
vt -26.717647 0.004380 0.000000
vt -26.152941 0.004380 0.000000
vt -25.588235 0.004380 0.000000
vt -25.023529 0.004380 0.000000
vt -24.458824 0.004380 0.000000
vt -23.894118 0.004380 0.000000
vt -23.329412 0.004380 0.000000
vt -22.764706 0.004380 0.000000
vt -22.200000 0.004380 0.000000
vt -21.635294 0.004380 0.000000
vt -21.070588 0.004380 0.000000
vt -20.505882 0.004380 0.000000
vt -19.941176 0.004380 0.000000
vt -19.376471 0.004380 0.000000
vt -18.811765 0.004380 0.000000
vt -18.247059 0.004380 0.000000
vt -17.682353 0.004380 0.000000
vt -17.117647 0.004380 0.000000
vt -16.552941 0.004380 0.000000
vt -15.988235 0.004380 0.000000
vt -15.423529 0.004380 0.000000
vt -14.858824 0.004380 0.000000
vt -14.294118 0.004380 0.000000
vt -13.729412 0.004380 0.000000
vt -13.164706 0.004380 0.000000
vt -12.600000 0.004380 0.000000
vt -12.035294 0.004380 0.000000
vt -11.470588 0.004380 0.000000
vt -0.000000 27.000000 0.000000
vt -0.087869 27.000000 0.000000
vt -0.000000 11.000000 0.000000
vt -0.087869 11.000000 0.000000
vt 27.000000 0.025847 0.000000
vt 26.448276 0.025847 0.000000
vt 27.000000 -0.000000 0.000000
vt 25.896552 0.025847 0.000000
vt 25.344828 0.025847 0.000000
vt 25.344828 0.051693 0.000000
vt 24.793103 0.051693 0.000000
vt 24.793103 0.077540 0.000000
vt 24.241379 0.077540 0.000000
vt 24.241379 0.103387 0.000000
vt 23.689655 0.103387 0.000000
vt 23.689655 0.129233 0.000000
vt 23.137931 0.129233 0.000000
vt 27.000000 0.155080 0.000000
vt 22.586207 0.129233 0.000000
vt 22.034483 0.129233 0.000000
vt 22.586207 0.103387 0.000000
vt 22.034483 0.103387 0.000000
vt 22.586207 0.077540 0.000000
vt 22.034483 0.077540 0.000000
vt 22.586207 0.051693 0.000000
vt 22.034483 0.051693 0.000000
vt 22.586207 0.025847 0.000000
vt 22.034483 0.025847 0.000000
vt 21.482759 0.025847 0.000000
vt 20.931034 0.025847 0.000000
vt 20.931034 0.051693 0.000000
vt 20.379310 0.051693 0.000000
vt 20.379310 0.077540 0.000000
vt 19.827586 0.077540 0.000000
vt 19.827586 0.103387 0.000000
vt 19.275862 0.103387 0.000000
vt 19.275862 0.129233 0.000000
vt 18.724138 0.129233 0.000000
vt 11.000000 0.155080 0.000000
vt 18.172414 0.129233 0.000000
vt 17.620690 0.129233 0.000000
vt 18.172414 0.103387 0.000000
vt 17.620690 0.103387 0.000000
vt 18.172414 0.077540 0.000000
vt 17.620690 0.077540 0.000000
vt 18.172414 0.051693 0.000000
vt 17.620690 0.051693 0.000000
vt 18.172414 0.025847 0.000000
vt 17.620690 0.025847 0.000000
vt 11.000000 0.000000 0.000000
vt 17.068966 0.025847 0.000000
vt 16.517241 0.025847 0.000000
vt 16.517241 0.051693 0.000000
vt 15.965517 0.051693 0.000000
vt 15.965517 0.077540 0.000000
vt 15.413793 0.077540 0.000000
vt 15.413793 0.103387 0.000000
vt 14.862069 0.103387 0.000000
vt 14.862069 0.129233 0.000000
vt 14.310345 0.129233 0.000000
vt 13.758621 0.129233 0.000000
vt 13.206897 0.129233 0.000000
vt 13.758621 0.103387 0.000000
vt 13.206897 0.103387 0.000000
vt 13.758621 0.077540 0.000000
vt 13.206897 0.077540 0.000000
vt 13.758621 0.051693 0.000000
vt 13.206897 0.051693 0.000000
vt 13.758621 0.025847 0.000000
vt 13.206897 0.025847 0.000000
vt 12.655172 0.025847 0.000000
vt 12.103448 0.025847 0.000000
vt 12.103448 0.051693 0.000000
vt 11.551724 0.051693 0.000000
vt 11.551724 0.077540 0.000000
vt 11.000000 0.077540 0.000000
vt 11.000000 0.103387 0.000000
vt 11.551724 0.103387 0.000000
vt 11.000000 0.129233 0.000000
vt 11.551724 0.129233 0.000000
vt 12.103448 0.129233 0.000000
vt 12.655172 0.129233 0.000000
vt 12.655172 0.103387 0.000000
vt 26.448276 0.051693 0.000000
vt 27.000000 0.051693 0.000000
vt 26.448276 0.077540 0.000000
vt 27.000000 0.077540 0.000000
vt 26.448276 0.103387 0.000000
vt 27.000000 0.103387 0.000000
vt 26.448276 0.129233 0.000000
vt 27.000000 0.129233 0.000000
vt 19.827586 0.129233 0.000000
vt 20.379310 0.129233 0.000000
vt 20.379310 0.103387 0.000000
vt 20.931034 0.103387 0.000000
vt 20.931034 0.077540 0.000000
vt 21.482759 0.077540 0.000000
vt 21.482759 0.051693 0.000000
vt 11.000000 0.051693 0.000000
vt 11.551724 0.025847 0.000000
vt 11.000000 0.025847 0.000000
vt 18.724138 0.025847 0.000000
vt 19.275862 0.025847 0.000000
vt 19.827586 0.025847 0.000000
vt 19.275862 0.051693 0.000000
vt 19.827586 0.051693 0.000000
vt 19.275862 0.077540 0.000000
vt 25.896552 0.051693 0.000000
vt 25.896552 0.077540 0.000000
vt 25.896552 0.103387 0.000000
vt 25.896552 0.129233 0.000000
vt 24.793103 0.025847 0.000000
vt 24.241379 0.025847 0.000000
vt 23.689655 0.025847 0.000000
vt 23.689655 0.051693 0.000000
vt 23.137931 0.051693 0.000000
vt 23.137931 0.077540 0.000000
vt 24.241379 0.051693 0.000000
vt 23.137931 0.025847 0.000000
vt 20.379310 0.025847 0.000000
vt 18.724138 0.051693 0.000000
vt 18.724138 0.077540 0.000000
vt 18.724138 0.103387 0.000000
vt 17.068966 0.051693 0.000000
vt 17.068966 0.077540 0.000000
vt 17.068966 0.103387 0.000000
vt 17.068966 0.129233 0.000000
vt 15.965517 0.025847 0.000000
vt 15.413793 0.025847 0.000000
vt 14.862069 0.025847 0.000000
vt 14.862069 0.051693 0.000000
vt 14.310345 0.051693 0.000000
vt 14.310345 0.077540 0.000000
vt 15.413793 0.051693 0.000000
vt 14.310345 0.025847 0.000000
vt 12.655172 0.051693 0.000000
vt 12.655172 0.077540 0.000000
vt 25.344828 0.077540 0.000000
vt 24.793103 0.103387 0.000000
vt 24.241379 0.129233 0.000000
vt 23.689655 0.077540 0.000000
vt 16.517241 0.077540 0.000000
vt 15.965517 0.103387 0.000000
vt 15.413793 0.129233 0.000000
vt 14.862069 0.077540 0.000000
vt 12.103448 0.077540 0.000000
vt 25.344828 0.103387 0.000000
vt 25.344828 0.129233 0.000000
vt 23.137931 0.103387 0.000000
vt 21.482759 0.103387 0.000000
vt 21.482759 0.129233 0.000000
vt 16.517241 0.103387 0.000000
vt 16.517241 0.129233 0.000000
vt 14.310345 0.103387 0.000000
vt 12.103448 0.103387 0.000000
vt 24.793103 0.129233 0.000000
vt 20.931034 0.129233 0.000000
vt 15.965517 0.129233 0.000000
vt 0.000000 27.000000 0.000000
vt -0.334152 27.000000 0.000000
vt 0.000000 11.000000 0.000000
vt -0.334152 11.000000 0.000000
vt 27.000000 0.022401 0.000000
vt 26.529412 0.022401 0.000000
vt 27.000000 0.000000 0.000000
vt 26.058824 0.022401 0.000000
vt 25.588235 0.022401 0.000000
vt 25.588235 0.044803 0.000000
vt 25.117647 0.044803 0.000000
vt 25.117647 0.067204 0.000000
vt 24.647059 0.067204 0.000000
vt 27.000000 0.089606 0.000000
vt 24.176471 0.067204 0.000000
vt 23.705882 0.067204 0.000000
vt 24.176471 0.044803 0.000000
vt 23.705882 0.044803 0.000000
vt 24.176471 0.022401 0.000000
vt 23.705882 0.022401 0.000000
vt 23.235294 0.022401 0.000000
vt 22.764706 0.022401 0.000000
vt 22.764706 0.044803 0.000000
vt 22.294118 0.044803 0.000000
vt 22.294118 0.067204 0.000000
vt 21.823529 0.067204 0.000000
vt 21.352941 0.067204 0.000000
vt 20.882353 0.067204 0.000000
vt 21.352941 0.044803 0.000000
vt 20.882353 0.044803 0.000000
vt 21.352941 0.022401 0.000000
vt 20.882353 0.022401 0.000000
vt 20.411765 0.022401 0.000000
vt 19.941176 0.022401 0.000000
vt 19.941176 0.044803 0.000000
vt 19.470588 0.044803 0.000000
vt 19.470588 0.067204 0.000000
vt 19.000000 0.067204 0.000000
vt 11.000000 0.089606 0.000000
vt 26.529412 0.044803 0.000000
vt 27.000000 0.044803 0.000000
vt 26.529412 0.067204 0.000000
vt 27.000000 0.067204 0.000000
vt 11.000000 0.067204 0.000000
vt 11.470588 0.067204 0.000000
vt 11.941176 0.067204 0.000000
vt 12.411765 0.067204 0.000000
vt 12.411765 0.044803 0.000000
vt 12.882353 0.044803 0.000000
vt 12.882353 0.022401 0.000000
vt 13.352941 0.022401 0.000000
vt 11.000000 -0.000000 0.000000
vt 13.823529 0.022401 0.000000
vt 14.294118 0.022401 0.000000
vt 13.823529 0.044803 0.000000
vt 14.294118 0.044803 0.000000
vt 13.823529 0.067204 0.000000
vt 14.294118 0.067204 0.000000
vt 14.764706 0.067204 0.000000
vt 15.235294 0.067204 0.000000
vt 15.235294 0.044803 0.000000
vt 15.705882 0.044803 0.000000
vt 15.705882 0.022401 0.000000
vt 16.176471 0.022401 0.000000
vt 16.647059 0.022401 0.000000
vt 17.117647 0.022401 0.000000
vt 16.647059 0.044803 0.000000
vt 17.117647 0.044803 0.000000
vt 16.647059 0.067204 0.000000
vt 17.117647 0.067204 0.000000
vt 17.588235 0.067204 0.000000
vt 18.058824 0.067204 0.000000
vt 18.058824 0.044803 0.000000
vt 18.529412 0.044803 0.000000
vt 18.529412 0.022401 0.000000
vt 19.000000 0.022401 0.000000
vt 11.470588 0.044803 0.000000
vt 11.000000 0.044803 0.000000
vt 11.470588 0.022401 0.000000
vt 11.000000 0.022401 0.000000
vt 26.058824 0.044803 0.000000
vt 26.058824 0.067204 0.000000
vt 25.117647 0.022401 0.000000
vt 24.647059 0.022401 0.000000
vt 24.647059 0.044803 0.000000
vt 23.235294 0.044803 0.000000
vt 23.235294 0.067204 0.000000
vt 22.294118 0.022401 0.000000
vt 21.823529 0.022401 0.000000
vt 21.823529 0.044803 0.000000
vt 20.411765 0.044803 0.000000
vt 20.411765 0.067204 0.000000
vt 19.470588 0.022401 0.000000
vt 19.000000 0.044803 0.000000
vt 18.058824 0.022401 0.000000
vt 17.588235 0.022401 0.000000
vt 17.588235 0.044803 0.000000
vt 16.176471 0.044803 0.000000
vt 16.176471 0.067204 0.000000
vt 15.235294 0.022401 0.000000
vt 14.764706 0.022401 0.000000
vt 14.764706 0.044803 0.000000
vt 13.352941 0.044803 0.000000
vt 13.352941 0.067204 0.000000
vt 12.411765 0.022401 0.000000
vt 11.941176 0.022401 0.000000
vt 11.941176 0.044803 0.000000
vt 25.588235 0.067204 0.000000
vt 22.764706 0.067204 0.000000
vt 19.941176 0.067204 0.000000
vt 18.529412 0.067204 0.000000
vt 15.705882 0.067204 0.000000
vt 12.882353 0.067204 0.000000
vt -1.500000 -0.052360 0.000000
vt -2.051724 -0.052360 0.000000
vt -1.500000 -0.078540 0.000000
vt -2.603448 -0.052360 0.000000
vt -3.155172 -0.052360 0.000000
vt -3.155172 -0.026180 0.000000
vt -3.706897 -0.026180 0.000000
vt -3.706897 -0.000000 0.000000
vt -4.258621 -0.000000 0.000000
vt -4.258621 0.026180 0.000000
vt -4.810345 0.026180 0.000000
vt -4.810345 0.052360 0.000000
vt -5.362069 0.052360 0.000000
vt -1.500000 0.078540 0.000000
vt -5.913793 0.052360 0.000000
vt -6.465517 0.052360 0.000000
vt -5.913793 0.026180 0.000000
vt -6.465517 0.026180 0.000000
vt -5.913793 -0.000000 0.000000
vt -6.465517 -0.000000 0.000000
vt -5.913793 -0.026180 0.000000
vt -6.465517 -0.026180 0.000000
vt -5.913793 -0.052360 0.000000
vt -6.465517 -0.052360 0.000000
vt -7.017241 -0.052360 0.000000
vt -7.568966 -0.052360 0.000000
vt -7.568966 -0.026180 0.000000
vt -8.120690 -0.026180 0.000000
vt -8.120690 -0.000000 0.000000
vt -8.672414 -0.000000 0.000000
vt -8.672414 0.026180 0.000000
vt -9.224138 0.026180 0.000000
vt -9.224138 0.052360 0.000000
vt -9.775862 0.052360 0.000000
vt -17.500000 0.078540 0.000000
vt -10.327586 0.052360 0.000000
vt -10.879310 0.052360 0.000000
vt -10.327586 0.026180 0.000000
vt -10.879310 0.026180 0.000000
vt -10.327586 -0.000000 0.000000
vt -10.879310 -0.000000 0.000000
vt -10.327586 -0.026180 0.000000
vt -10.879310 -0.026180 0.000000
vt -10.327586 -0.052360 0.000000
vt -10.879310 -0.052360 0.000000
vt -17.500000 -0.078540 0.000000
vt -11.431034 -0.052360 0.000000
vt -11.982759 -0.052360 0.000000
vt -11.982759 -0.026180 0.000000
vt -12.534483 -0.026180 0.000000
vt -12.534483 -0.000000 0.000000
vt -13.086207 -0.000000 0.000000
vt -13.086207 0.026180 0.000000
vt -13.637931 0.026180 0.000000
vt -13.637931 0.052360 0.000000
vt -14.189655 0.052360 0.000000
vt -14.741379 0.052360 0.000000
vt -15.293103 0.052360 0.000000
vt -14.741379 0.026180 0.000000
vt -15.293103 0.026180 0.000000
vt -14.741379 -0.000000 0.000000
vt -15.293103 -0.000000 0.000000
vt -14.741379 -0.026180 0.000000
vt -15.293103 -0.026180 0.000000
vt -14.741379 -0.052360 0.000000
vt -15.293103 -0.052360 0.000000
vt -15.844828 -0.052360 0.000000
vt -16.396552 -0.052360 0.000000
vt -16.396552 -0.026180 0.000000
vt -16.948276 -0.026180 0.000000
vt -16.948276 -0.000000 0.000000
vt -17.500000 -0.000000 0.000000
vt -17.500000 0.026180 0.000000
vt -16.948276 0.026180 0.000000
vt -17.500000 0.052360 0.000000
vt -16.948276 0.052360 0.000000
vt -16.396552 0.052360 0.000000
vt -15.844828 0.052360 0.000000
vt -15.844828 0.026180 0.000000
vt -2.051724 -0.026180 0.000000
vt -1.500000 -0.026180 0.000000
vt -2.051724 -0.000000 0.000000
vt -1.500000 -0.000000 0.000000
vt -2.051724 0.026180 0.000000
vt -1.500000 0.026180 0.000000
vt -2.051724 0.052360 0.000000
vt -1.500000 0.052360 0.000000
vt -8.672414 0.052360 0.000000
vt -8.120690 0.052360 0.000000
vt -8.120690 0.026180 0.000000
vt -7.568966 0.026180 0.000000
vt -7.568966 -0.000000 0.000000
vt -7.017241 -0.000000 0.000000
vt -7.017241 -0.026180 0.000000
vt -17.500000 -0.026180 0.000000
vt -16.948276 -0.052360 0.000000
vt -17.500000 -0.052360 0.000000
vt -9.775862 -0.052360 0.000000
vt -9.224138 -0.052360 0.000000
vt -8.672414 -0.052360 0.000000
vt -9.224138 -0.026180 0.000000
vt -8.672414 -0.026180 0.000000
vt -9.224138 -0.000000 0.000000
vt -2.603448 -0.026180 0.000000
vt -2.603448 -0.000000 0.000000
vt -2.603448 0.026180 0.000000
vt -2.603448 0.052360 0.000000
vt -3.706897 -0.052360 0.000000
vt -4.258621 -0.052360 0.000000
vt -4.810345 -0.052360 0.000000
vt -4.810345 -0.026180 0.000000
vt -5.362069 -0.026180 0.000000
vt -5.362069 -0.000000 0.000000
vt -4.258621 -0.026180 0.000000
vt -5.362069 -0.052360 0.000000
vt -8.120690 -0.052360 0.000000
vt -9.775862 -0.026180 0.000000
vt -9.775862 -0.000000 0.000000
vt -9.775862 0.026180 0.000000
vt -11.431034 -0.026180 0.000000
vt -11.431034 -0.000000 0.000000
vt -11.431034 0.026180 0.000000
vt -11.431034 0.052360 0.000000
vt -12.534483 -0.052360 0.000000
vt -13.086207 -0.052360 0.000000
vt -13.637931 -0.052360 0.000000
vt -13.637931 -0.026180 0.000000
vt -14.189655 -0.026180 0.000000
vt -14.189655 -0.000000 0.000000
vt -13.086207 -0.026180 0.000000
vt -14.189655 -0.052360 0.000000
vt -15.844828 -0.026180 0.000000
vt -15.844828 -0.000000 0.000000
vt -3.155172 -0.000000 0.000000
vt -3.706897 0.026180 0.000000
vt -4.258621 0.052360 0.000000
vt -4.810345 -0.000000 0.000000
vt -11.982759 -0.000000 0.000000
vt -12.534483 0.026180 0.000000
vt -13.086207 0.052360 0.000000
vt -13.637931 -0.000000 0.000000
vt -16.396552 -0.000000 0.000000
vt -3.155172 0.026180 0.000000
vt -3.155172 0.052360 0.000000
vt -5.362069 0.026180 0.000000
vt -7.017241 0.026180 0.000000
vt -7.017241 0.052360 0.000000
vt -11.982759 0.026180 0.000000
vt -11.982759 0.052360 0.000000
vt -14.189655 0.026180 0.000000
vt -16.396552 0.026180 0.000000
vt -3.706897 0.052360 0.000000
vt -7.568966 0.052360 0.000000
vt -12.534483 0.052360 0.000000
vt 5.287488 1.000000 0.000000
vt 0.663404 1.000000 0.000000
vt 5.287488 0.000000 0.000000
vt 0.663404 0.000000 0.000000
vt -8.140000 8.000000 0.000000
vt -8.290000 8.000000 0.000000
vt -8.140000 -8.000000 0.000000
vt -8.290000 -8.000000 0.000000
vt 8.290000 8.000000 0.000000
vt 8.140000 8.000000 0.000000
vt 8.290000 -8.000000 0.000000
vt 8.140000 -8.000000 0.000000
vt 7.383262 -1.974184 0.000000
vt 7.390000 -3.375916 0.000000
vt 7.390000 -1.910958 0.000000
vt 7.640000 -8.000000 0.000000
vt 7.390000 1.910958 0.000000
vt 7.640000 8.000000 0.000000
vt 7.390000 3.375916 0.000000
vt 7.390000 8.000000 0.000000
vt 7.380322 -3.300333 0.000000
vt 7.363350 -2.034570 0.000000
vt 7.351914 -3.229625 0.000000
vt 7.331158 -2.089403 0.000000
vt 7.306608 -3.168357 0.000000
vt 7.288133 -2.136220 0.000000
vt 7.247327 -3.120479 0.000000
vt 7.177896 -3.089081 0.000000
vt 7.102794 -3.076189 0.000000
vt 7.026866 -3.082634 0.000000
vt 6.955012 -3.108002 0.000000
vt 6.891867 -3.150654 0.000000
vt 1.047316 -7.625437 0.000000
vt 1.677707 -7.736856 0.000000
vt 1.607409 -7.812989 0.000000
vt 1.554314 -7.901978 0.000000
vt 1.520703 -8.000000 0.000000
vt 0.948400 -7.693280 0.000000
vt 0.836173 -7.735613 0.000000
vt 0.717094 -7.750000 0.000000
vt -0.717094 -7.750000 0.000000
vt -1.520703 -8.000000 0.000000
vt -0.836173 -7.735613 0.000000
vt -0.948400 -7.693280 0.000000
vt -1.047316 -7.625437 0.000000
vt -1.554314 -7.901978 0.000000
vt -1.607409 -7.812989 0.000000
vt -1.677707 -7.736856 0.000000
vt -6.891867 -3.150654 0.000000
vt -7.288133 -2.136220 0.000000
vt -6.955012 -3.108002 0.000000
vt -7.026866 -3.082634 0.000000
vt -7.102794 -3.076189 0.000000
vt -7.177896 -3.089081 0.000000
vt -7.247327 -3.120479 0.000000
vt -7.306608 -3.168357 0.000000
vt -7.331158 -2.089403 0.000000
vt -7.351914 -3.229625 0.000000
vt -7.363350 -2.034570 0.000000
vt -7.380322 -3.300333 0.000000
vt -7.383262 -1.974184 0.000000
vt -7.390000 -3.375916 0.000000
vt -7.390000 -1.910958 0.000000
vt -7.640000 -8.000000 0.000000
vt -7.390000 1.910958 0.000000
vt -7.640000 8.000000 0.000000
vt -7.390000 3.375916 0.000000
vt -7.390000 8.000000 0.000000
vt -7.383262 1.974184 0.000000
vt -7.380322 3.300333 0.000000
vt -7.363350 2.034570 0.000000
vt -7.351914 3.229625 0.000000
vt -7.331158 2.089403 0.000000
vt -7.306608 3.168357 0.000000
vt -7.288133 2.136220 0.000000
vt -7.247327 3.120479 0.000000
vt -7.177896 3.089081 0.000000
vt -7.102794 3.076189 0.000000
vt -7.026866 3.082634 0.000000
vt -6.955012 3.108002 0.000000
vt -6.891867 3.150654 0.000000
vt -1.047316 7.625437 0.000000
vt -1.677707 7.736856 0.000000
vt -1.607409 7.812989 0.000000
vt -1.554314 7.901978 0.000000
vt -1.520703 8.000000 0.000000
vt -0.948400 7.693280 0.000000
vt -0.836173 7.735613 0.000000
vt -0.717094 7.750000 0.000000
vt 0.717094 7.750000 0.000000
vt 1.520703 8.000000 0.000000
vt 0.836173 7.735613 0.000000
vt 0.948400 7.693280 0.000000
vt 1.047316 7.625437 0.000000
vt 1.554314 7.901978 0.000000
vt 1.607409 7.812989 0.000000
vt 1.677707 7.736856 0.000000
vt 6.891867 3.150654 0.000000
vt 7.288133 2.136220 0.000000
vt 6.955012 3.108002 0.000000
vt 7.026866 3.082634 0.000000
vt 7.102794 3.076189 0.000000
vt 7.177896 3.089081 0.000000
vt 7.247327 3.120479 0.000000
vt 7.306608 3.168357 0.000000
vt 7.331158 2.089403 0.000000
vt 7.351914 3.229625 0.000000
vt 7.363350 2.034570 0.000000
vt 7.380322 3.300333 0.000000
vt 7.383262 1.974184 0.000000
vt -7.390000 -8.000000 0.000000
vt 7.390000 -8.000000 0.000000
vt 0.000000 0.013090 0.000000
vt -0.280702 0.013090 0.000000
vt -0.000000 0.000000 0.000000
vt -0.561404 0.013090 0.000000
vt -0.842105 0.013090 0.000000
vt -0.842105 0.026180 0.000000
vt -1.122807 0.026180 0.000000
vt -1.122807 0.039270 0.000000
vt -1.403509 0.039270 0.000000
vt -1.403509 0.052360 0.000000
vt -1.684211 0.052360 0.000000
vt -1.684211 0.065450 0.000000
vt -1.964912 0.065450 0.000000
vt 0.000000 0.078540 0.000000
vt -2.245614 0.065450 0.000000
vt -2.526316 0.065450 0.000000
vt -2.245614 0.052360 0.000000
vt -2.526316 0.052360 0.000000
vt -2.245614 0.039270 0.000000
vt -2.526316 0.039270 0.000000
vt -2.245614 0.026180 0.000000
vt -2.526316 0.026180 0.000000
vt -2.245614 0.013090 0.000000
vt -2.526316 0.013090 0.000000
vt -2.807018 0.013090 0.000000
vt -3.087719 0.013090 0.000000
vt -3.087719 0.026180 0.000000
vt -3.368421 0.026180 0.000000
vt -3.368421 0.039270 0.000000
vt -3.649123 0.039270 0.000000
vt -3.649123 0.052360 0.000000
vt -3.929825 0.052360 0.000000
vt -3.929825 0.065450 0.000000
vt -4.210526 0.065450 0.000000
vt -4.491228 0.065450 0.000000
vt -4.771930 0.065450 0.000000
vt -4.491228 0.052360 0.000000
vt -4.771930 0.052360 0.000000
vt -4.491228 0.039270 0.000000
vt -4.771930 0.039270 0.000000
vt -4.491228 0.026180 0.000000
vt -4.771930 0.026180 0.000000
vt -4.491228 0.013090 0.000000
vt -4.771930 0.013090 0.000000
vt -5.052632 0.013090 0.000000
vt -5.333333 0.013090 0.000000
vt -5.333333 0.026180 0.000000
vt -5.614035 0.026180 0.000000
vt -5.614035 0.039270 0.000000
vt -5.894737 0.039270 0.000000
vt -5.894737 0.052360 0.000000
vt -6.175439 0.052360 0.000000
vt -6.175439 0.065450 0.000000
vt -6.456140 0.065450 0.000000
vt -6.736842 0.065450 0.000000
vt -7.017544 0.065450 0.000000
vt -6.736842 0.052360 0.000000
vt -7.017544 0.052360 0.000000
vt -6.736842 0.039270 0.000000
vt -7.017544 0.039270 0.000000
vt -6.736842 0.026180 0.000000
vt -7.017544 0.026180 0.000000
vt -6.736842 0.013090 0.000000
vt -7.017544 0.013090 0.000000
vt -7.298246 0.013090 0.000000
vt -7.578947 0.013090 0.000000
vt -7.578947 0.026180 0.000000
vt -7.859649 0.026180 0.000000
vt -7.859649 0.039270 0.000000
vt -8.140351 0.039270 0.000000
vt -8.140351 0.052360 0.000000
vt -8.421053 0.052360 0.000000
vt -8.421053 0.065450 0.000000
vt -8.701754 0.065450 0.000000
vt -16.000000 0.078540 0.000000
vt -8.982456 0.065450 0.000000
vt -9.263158 0.065450 0.000000
vt -8.982456 0.052360 0.000000
vt -9.263158 0.052360 0.000000
vt -8.982456 0.039270 0.000000
vt -9.263158 0.039270 0.000000
vt -8.982456 0.026180 0.000000
vt -9.263158 0.026180 0.000000
vt -8.982456 0.013090 0.000000
vt -9.263158 0.013090 0.000000
vt -16.000000 -0.000000 0.000000
vt -9.543860 0.013090 0.000000
vt -9.824561 0.013090 0.000000
vt -9.824561 0.026180 0.000000
vt -10.105263 0.026180 0.000000
vt -10.105263 0.039270 0.000000
vt -10.385965 0.039270 0.000000
vt -10.385965 0.052360 0.000000
vt -10.666667 0.052360 0.000000
vt -10.666667 0.065450 0.000000
vt -10.947368 0.065450 0.000000
vt -11.228070 0.065450 0.000000
vt -11.508772 0.065450 0.000000
vt -11.228070 0.052360 0.000000
vt -11.508772 0.052360 0.000000
vt -11.228070 0.039270 0.000000
vt -11.508772 0.039270 0.000000
vt -11.228070 0.026180 0.000000
vt -11.508772 0.026180 0.000000
vt -11.228070 0.013090 0.000000
vt -11.508772 0.013090 0.000000
vt -11.789474 0.013090 0.000000
vt -12.070175 0.013090 0.000000
vt -12.070175 0.026180 0.000000
vt -12.350877 0.026180 0.000000
vt -12.350877 0.039270 0.000000
vt -12.631579 0.039270 0.000000
vt -12.631579 0.052360 0.000000
vt -12.912281 0.052360 0.000000
vt -12.912281 0.065450 0.000000
vt -13.192982 0.065450 0.000000
vt -13.473684 0.065450 0.000000
vt -13.754386 0.065450 0.000000
vt -13.473684 0.052360 0.000000
vt -13.754386 0.052360 0.000000
vt -13.473684 0.039270 0.000000
vt -13.754386 0.039270 0.000000
vt -13.473684 0.026180 0.000000
vt -13.754386 0.026180 0.000000
vt -13.473684 0.013090 0.000000
vt -13.754386 0.013090 0.000000
vt -14.035088 0.013090 0.000000
vt -14.315789 0.013090 0.000000
vt -14.315789 0.026180 0.000000
vt -14.596491 0.026180 0.000000
vt -14.596491 0.039270 0.000000
vt -14.877193 0.039270 0.000000
vt -14.877193 0.052360 0.000000
vt -15.157895 0.052360 0.000000
vt -15.157895 0.065450 0.000000
vt -15.438596 0.065450 0.000000
vt -15.719298 0.065450 0.000000
vt -16.000000 0.065450 0.000000
vt -15.719298 0.052360 0.000000
vt -16.000000 0.052360 0.000000
vt -15.719298 0.039270 0.000000
vt -16.000000 0.039270 0.000000
vt -15.719298 0.026180 0.000000
vt -16.000000 0.026180 0.000000
vt -15.719298 0.013090 0.000000
vt -16.000000 0.013090 0.000000
vt -0.280702 0.026180 0.000000
vt 0.000000 0.026180 0.000000
vt -0.280702 0.039270 0.000000
vt 0.000000 0.039270 0.000000
vt -0.280702 0.052360 0.000000
vt 0.000000 0.052360 0.000000
vt -0.280702 0.065450 0.000000
vt 0.000000 0.065450 0.000000
vt -7.859649 0.065450 0.000000
vt -7.578947 0.065450 0.000000
vt -7.298246 0.065450 0.000000
vt -7.298246 0.052360 0.000000
vt -8.140351 0.013090 0.000000
vt -8.421053 0.013090 0.000000
vt -8.701754 0.013090 0.000000
vt -8.701754 0.026180 0.000000
vt -0.561404 0.026180 0.000000
vt -0.561404 0.039270 0.000000
vt -0.561404 0.052360 0.000000
vt -0.561404 0.065450 0.000000
vt -1.122807 0.013090 0.000000
vt -1.403509 0.013090 0.000000
vt -1.684211 0.013090 0.000000
vt -1.684211 0.026180 0.000000
vt -1.964912 0.026180 0.000000
vt -1.964912 0.039270 0.000000
vt -1.403509 0.026180 0.000000
vt -1.964912 0.013090 0.000000
vt -2.807018 0.026180 0.000000
vt -2.807018 0.039270 0.000000
vt -2.807018 0.052360 0.000000
vt -2.807018 0.065450 0.000000
vt -3.368421 0.013090 0.000000
vt -3.649123 0.013090 0.000000
vt -3.929825 0.013090 0.000000
vt -3.929825 0.026180 0.000000
vt -4.210526 0.026180 0.000000
vt -4.210526 0.039270 0.000000
vt -3.649123 0.026180 0.000000
vt -4.210526 0.013090 0.000000
vt -5.052632 0.026180 0.000000
vt -5.052632 0.039270 0.000000
vt -5.052632 0.052360 0.000000
vt -5.052632 0.065450 0.000000
vt -5.614035 0.013090 0.000000
vt -5.894737 0.013090 0.000000
vt -6.175439 0.013090 0.000000
vt -6.175439 0.026180 0.000000
vt -6.456140 0.026180 0.000000
vt -6.456140 0.039270 0.000000
vt -5.894737 0.026180 0.000000
vt -6.456140 0.013090 0.000000
vt -7.298246 0.026180 0.000000
vt -7.298246 0.039270 0.000000
vt -7.859649 0.013090 0.000000
vt -8.140351 0.026180 0.000000
vt -8.421053 0.026180 0.000000
vt -8.421053 0.039270 0.000000
vt -9.543860 0.026180 0.000000
vt -9.543860 0.039270 0.000000
vt -9.543860 0.052360 0.000000
vt -9.543860 0.065450 0.000000
vt -10.105263 0.013090 0.000000
vt -10.385965 0.013090 0.000000
vt -10.666667 0.013090 0.000000
vt -10.666667 0.026180 0.000000
vt -10.947368 0.026180 0.000000
vt -10.947368 0.039270 0.000000
vt -10.385965 0.026180 0.000000
vt -10.947368 0.013090 0.000000
vt -11.789474 0.026180 0.000000
vt -11.789474 0.039270 0.000000
vt -11.789474 0.052360 0.000000
vt -11.789474 0.065450 0.000000
vt -12.350877 0.013090 0.000000
vt -12.631579 0.013090 0.000000
vt -12.912281 0.013090 0.000000
vt -12.912281 0.026180 0.000000
vt -13.192982 0.026180 0.000000
vt -13.192982 0.039270 0.000000
vt -12.631579 0.026180 0.000000
vt -13.192982 0.013090 0.000000
vt -14.035088 0.026180 0.000000
vt -14.035088 0.039270 0.000000
vt -14.035088 0.052360 0.000000
vt -14.035088 0.065450 0.000000
vt -14.596491 0.013090 0.000000
vt -14.877193 0.013090 0.000000
vt -15.157895 0.013090 0.000000
vt -15.157895 0.026180 0.000000
vt -15.438596 0.026180 0.000000
vt -15.438596 0.039270 0.000000
vt -14.877193 0.026180 0.000000
vt -15.438596 0.013090 0.000000
vt -0.842105 0.039270 0.000000
vt -1.122807 0.052360 0.000000
vt -1.403509 0.065450 0.000000
vt -1.684211 0.039270 0.000000
vt -3.087719 0.039270 0.000000
vt -3.368421 0.052360 0.000000
vt -3.649123 0.065450 0.000000
vt -3.929825 0.039270 0.000000
vt -5.333333 0.039270 0.000000
vt -5.614035 0.052360 0.000000
vt -5.894737 0.065450 0.000000
vt -6.175439 0.039270 0.000000
vt -7.578947 0.039270 0.000000
vt -7.859649 0.052360 0.000000
vt -8.140351 0.065450 0.000000
vt -8.701754 0.039270 0.000000
vt -9.824561 0.039270 0.000000
vt -10.105263 0.052360 0.000000
vt -10.385965 0.065450 0.000000
vt -10.666667 0.039270 0.000000
vt -12.070175 0.039270 0.000000
vt -12.350877 0.052360 0.000000
vt -12.631579 0.065450 0.000000
vt -12.912281 0.039270 0.000000
vt -14.315789 0.039270 0.000000
vt -14.596491 0.052360 0.000000
vt -14.877193 0.065450 0.000000
vt -15.157895 0.039270 0.000000
vt -0.842105 0.052360 0.000000
vt -0.842105 0.065450 0.000000
vt -1.964912 0.052360 0.000000
vt -3.087719 0.052360 0.000000
vt -3.087719 0.065450 0.000000
vt -4.210526 0.052360 0.000000
vt -5.333333 0.052360 0.000000
vt -5.333333 0.065450 0.000000
vt -6.456140 0.052360 0.000000
vt -7.578947 0.052360 0.000000
vt -8.701754 0.052360 0.000000
vt -9.824561 0.052360 0.000000
vt -9.824561 0.065450 0.000000
vt -10.947368 0.052360 0.000000
vt -12.070175 0.052360 0.000000
vt -12.070175 0.065450 0.000000
vt -13.192982 0.052360 0.000000
vt -14.315789 0.052360 0.000000
vt -14.315789 0.065450 0.000000
vt -15.438596 0.052360 0.000000
vt -1.122807 0.065450 0.000000
vt -3.368421 0.065450 0.000000
vt -5.614035 0.065450 0.000000
vt -10.105263 0.065450 0.000000
vt -12.350877 0.065450 0.000000
vt -14.596491 0.065450 0.000000
vt -0.240633 0.000000 0.000000
vt -0.000000 0.000000 0.000000
vt -0.240633 16.000000 0.000000
vt -0.000000 16.000000 0.000000
vt 0.000000 0.004380 0.000000
vt -0.094118 0.004380 0.000000
vt 0.000000 0.000000 0.000000
vt -0.188235 0.004380 0.000000
vt -0.282353 0.004380 0.000000
vt -0.282353 0.008761 0.000000
vt -0.376471 0.008761 0.000000
vt -0.376471 0.013141 0.000000
vt -0.470588 0.013141 0.000000
vt 0.000000 0.017521 0.000000
vt -0.564706 0.013141 0.000000
vt -0.658824 0.013141 0.000000
vt -0.564706 0.008761 0.000000
vt -0.658824 0.008761 0.000000
vt -0.564706 0.004380 0.000000
vt -0.658824 0.004380 0.000000
vt -0.752941 0.004380 0.000000
vt -0.847059 0.004380 0.000000
vt -0.847059 0.008761 0.000000
vt -0.941176 0.008761 0.000000
vt -0.941176 0.013141 0.000000
vt -1.035294 0.013141 0.000000
vt -1.129412 0.013141 0.000000
vt -1.223529 0.013141 0.000000
vt -1.129412 0.008761 0.000000
vt -1.223529 0.008761 0.000000
vt -1.129412 0.004380 0.000000
vt -1.223529 0.004380 0.000000
vt -1.317647 0.004380 0.000000
vt -1.411765 0.004380 0.000000
vt -1.411765 0.008761 0.000000
vt -1.505882 0.008761 0.000000
vt -1.505882 0.013141 0.000000
vt -1.600000 0.013141 0.000000
vt -1.694118 0.013141 0.000000
vt -1.788235 0.013141 0.000000
vt -1.694118 0.008761 0.000000
vt -1.788235 0.008761 0.000000
vt -1.694118 0.004380 0.000000
vt -1.788235 0.004380 0.000000
vt -1.882353 0.004380 0.000000
vt -1.976471 0.004380 0.000000
vt -1.976471 0.008761 0.000000
vt -2.070588 0.008761 0.000000
vt -2.070588 0.013141 0.000000
vt -2.164706 0.013141 0.000000
vt -2.258824 0.013141 0.000000
vt -2.352941 0.013141 0.000000
vt -2.258824 0.008761 0.000000
vt -2.352941 0.008761 0.000000
vt -2.258824 0.004380 0.000000
vt -2.352941 0.004380 0.000000
vt -2.447059 0.004380 0.000000
vt -2.541176 0.004380 0.000000
vt -2.541176 0.008761 0.000000
vt -2.635294 0.008761 0.000000
vt -2.635294 0.013141 0.000000
vt -2.729412 0.013141 0.000000
vt -2.823529 0.013141 0.000000
vt -2.917647 0.013141 0.000000
vt -2.823529 0.008761 0.000000
vt -2.917647 0.008761 0.000000
vt -2.823529 0.004380 0.000000
vt -2.917647 0.004380 0.000000
vt -3.011765 0.004380 0.000000
vt -3.105882 0.004380 0.000000
vt -3.105882 0.008761 0.000000
vt -3.200000 0.008761 0.000000
vt -3.200000 0.013141 0.000000
vt -3.294118 0.013141 0.000000
vt -3.388235 0.013141 0.000000
vt -3.482353 0.013141 0.000000
vt -3.388235 0.008761 0.000000
vt -3.482353 0.008761 0.000000
vt -3.388235 0.004380 0.000000
vt -3.482353 0.004380 0.000000
vt -3.576471 0.004380 0.000000
vt -3.670588 0.004380 0.000000
vt -3.670588 0.008761 0.000000
vt -3.764706 0.008761 0.000000
vt -3.764706 0.013141 0.000000
vt -3.858824 0.013141 0.000000
vt -3.952941 0.013141 0.000000
vt -4.047059 0.013141 0.000000
vt -3.952941 0.008761 0.000000
vt -4.047059 0.008761 0.000000
vt -3.952941 0.004380 0.000000
vt -4.047059 0.004380 0.000000
vt -4.141176 0.004380 0.000000
vt -4.235294 0.004380 0.000000
vt -4.235294 0.008761 0.000000
vt -4.329412 0.008761 0.000000
vt -4.329412 0.013141 0.000000
vt -4.423529 0.013141 0.000000
vt -4.517647 0.013141 0.000000
vt -4.611765 0.013141 0.000000
vt -4.517647 0.008761 0.000000
vt -4.611765 0.008761 0.000000
vt -4.517647 0.004380 0.000000
vt -4.611765 0.004380 0.000000
vt -4.705882 0.004380 0.000000
vt -4.800000 0.004380 0.000000
vt -4.800000 0.008761 0.000000
vt -4.894118 0.008761 0.000000
vt -4.894118 0.013141 0.000000
vt -4.988235 0.013141 0.000000
vt -5.082353 0.013141 0.000000
vt -5.176471 0.013141 0.000000
vt -5.082353 0.008761 0.000000
vt -5.176471 0.008761 0.000000
vt -5.082353 0.004380 0.000000
vt -5.176471 0.004380 0.000000
vt -5.270588 0.004380 0.000000
vt -5.364706 0.004380 0.000000
vt -5.364706 0.008761 0.000000
vt -5.458824 0.008761 0.000000
vt -5.458824 0.013141 0.000000
vt -5.552941 0.013141 0.000000
vt -5.647059 0.013141 0.000000
vt -5.741176 0.013141 0.000000
vt -5.647059 0.008761 0.000000
vt -5.741176 0.008761 0.000000
vt -5.647059 0.004380 0.000000
vt -5.741176 0.004380 0.000000
vt -5.835294 0.004380 0.000000
vt -5.929412 0.004380 0.000000
vt -5.929412 0.008761 0.000000
vt -6.023529 0.008761 0.000000
vt -6.023529 0.013141 0.000000
vt -6.117647 0.013141 0.000000
vt -6.211765 0.013141 0.000000
vt -6.305882 0.013141 0.000000
vt -6.211765 0.008761 0.000000
vt -6.305882 0.008761 0.000000
vt -6.211765 0.004380 0.000000
vt -6.305882 0.004380 0.000000
vt -6.400000 0.004380 0.000000
vt -6.494118 0.004380 0.000000
vt -6.494118 0.008761 0.000000
vt -6.588235 0.008761 0.000000
vt -6.588235 0.013141 0.000000
vt -6.682353 0.013141 0.000000
vt -6.776471 0.013141 0.000000
vt -6.870588 0.013141 0.000000
vt -6.776471 0.008761 0.000000
vt -6.870588 0.008761 0.000000
vt -6.776471 0.004380 0.000000
vt -6.870588 0.004380 0.000000
vt -6.964706 0.004380 0.000000
vt -7.058824 0.004380 0.000000
vt -7.058824 0.008761 0.000000
vt -7.152941 0.008761 0.000000
vt -7.152941 0.013141 0.000000
vt -7.247059 0.013141 0.000000
vt -7.341176 0.013141 0.000000
vt -7.435294 0.013141 0.000000
vt -7.341176 0.008761 0.000000
vt -7.435294 0.008761 0.000000
vt -7.341176 0.004380 0.000000
vt -7.435294 0.004380 0.000000
vt -7.529412 0.004380 0.000000
vt -7.623529 0.004380 0.000000
vt -7.623529 0.008761 0.000000
vt -7.717647 0.008761 0.000000
vt -7.717647 0.013141 0.000000
vt -7.811765 0.013141 0.000000
vt -7.905882 0.013141 0.000000
vt -8.000000 0.013141 0.000000
vt -7.905882 0.008761 0.000000
vt -8.000000 0.008761 0.000000
vt -7.905882 0.004380 0.000000
vt -8.000000 0.004380 0.000000
vt -16.000000 0.000000 0.000000
vt -8.094118 0.004380 0.000000
vt -8.188235 0.004380 0.000000
vt -8.188235 0.008761 0.000000
vt -8.282353 0.008761 0.000000
vt -8.282353 0.013141 0.000000
vt -8.376471 0.013141 0.000000
vt -16.000000 0.017521 0.000000
vt -8.470588 0.013141 0.000000
vt -8.564706 0.013141 0.000000
vt -8.470588 0.008761 0.000000
vt -8.564706 0.008761 0.000000
vt -8.470588 0.004380 0.000000
vt -8.564706 0.004380 0.000000
vt -8.658824 0.004380 0.000000
vt -8.752941 0.004380 0.000000
vt -8.752941 0.008761 0.000000
vt -8.847059 0.008761 0.000000
vt -8.847059 0.013141 0.000000
vt -8.941176 0.013141 0.000000
vt -9.035294 0.013141 0.000000
vt -9.129412 0.013141 0.000000
vt -9.035294 0.008761 0.000000
vt -9.129412 0.008761 0.000000
vt -9.035294 0.004380 0.000000
vt -9.129412 0.004380 0.000000
vt -9.223529 0.004380 0.000000
vt -9.317647 0.004380 0.000000
vt -9.317647 0.008761 0.000000
vt -9.411765 0.008761 0.000000
vt -9.411765 0.013141 0.000000
vt -9.505882 0.013141 0.000000
vt -9.600000 0.013141 0.000000
vt -9.694118 0.013141 0.000000
vt -9.600000 0.008761 0.000000
vt -9.694118 0.008761 0.000000
vt -9.600000 0.004380 0.000000
vt -9.694118 0.004380 0.000000
vt -9.788235 0.004380 0.000000
vt -9.882353 0.004380 0.000000
vt -9.882353 0.008761 0.000000
vt -9.976471 0.008761 0.000000
vt -9.976471 0.013141 0.000000
vt -10.070588 0.013141 0.000000
vt -10.164706 0.013141 0.000000
vt -10.258824 0.013141 0.000000
vt -10.164706 0.008761 0.000000
vt -10.258824 0.008761 0.000000
vt -10.164706 0.004380 0.000000
vt -10.258824 0.004380 0.000000
vt -10.352941 0.004380 0.000000
vt -10.447059 0.004380 0.000000
vt -10.447059 0.008761 0.000000
vt -10.541176 0.008761 0.000000
vt -10.541176 0.013141 0.000000
vt -10.635294 0.013141 0.000000
vt -10.729412 0.013141 0.000000
vt -10.823529 0.013141 0.000000
vt -10.729412 0.008761 0.000000
vt -10.823529 0.008761 0.000000
vt -10.729412 0.004380 0.000000
vt -10.823529 0.004380 0.000000
vt -10.917647 0.004380 0.000000
vt -11.011765 0.004380 0.000000
vt -11.011765 0.008761 0.000000
vt -11.105882 0.008761 0.000000
vt -11.105882 0.013141 0.000000
vt -11.200000 0.013141 0.000000
vt -11.294118 0.013141 0.000000
vt -11.388235 0.013141 0.000000
vt -11.294118 0.008761 0.000000
vt -11.388235 0.008761 0.000000
vt -11.294118 0.004380 0.000000
vt -11.388235 0.004380 0.000000
vt -11.482353 0.004380 0.000000
vt -11.576471 0.004380 0.000000
vt -11.576471 0.008761 0.000000
vt -11.670588 0.008761 0.000000
vt -11.670588 0.013141 0.000000
vt -11.764706 0.013141 0.000000
vt -11.858824 0.013141 0.000000
vt -11.952941 0.013141 0.000000
vt -11.858824 0.008761 0.000000
vt -11.952941 0.008761 0.000000
vt -11.858824 0.004380 0.000000
vt -11.952941 0.004380 0.000000
vt -12.047059 0.004380 0.000000
vt -12.141176 0.004380 0.000000
vt -12.141176 0.008761 0.000000
vt -12.235294 0.008761 0.000000
vt -12.235294 0.013141 0.000000
vt -12.329412 0.013141 0.000000
vt -12.423529 0.013141 0.000000
vt -12.517647 0.013141 0.000000
vt -12.423529 0.008761 0.000000
vt -12.517647 0.008761 0.000000
vt -12.423529 0.004380 0.000000
vt -12.517647 0.004380 0.000000
vt -12.611765 0.004380 0.000000
vt -12.705882 0.004380 0.000000
vt -12.705882 0.008761 0.000000
vt -12.800000 0.008761 0.000000
vt -12.800000 0.013141 0.000000
vt -12.894118 0.013141 0.000000
vt -12.988235 0.013141 0.000000
vt -13.082353 0.013141 0.000000
vt -12.988235 0.008761 0.000000
vt -13.082353 0.008761 0.000000
vt -12.988235 0.004380 0.000000
vt -13.082353 0.004380 0.000000
vt -13.176471 0.004380 0.000000
vt -13.270588 0.004380 0.000000
vt -13.270588 0.008761 0.000000
vt -13.364706 0.008761 0.000000
vt -13.364706 0.013141 0.000000
vt -13.458824 0.013141 0.000000
vt -13.552941 0.013141 0.000000
vt -13.647059 0.013141 0.000000
vt -13.552941 0.008761 0.000000
vt -13.647059 0.008761 0.000000
vt -13.552941 0.004380 0.000000
vt -13.647059 0.004380 0.000000
vt -13.741176 0.004380 0.000000
vt -13.835294 0.004380 0.000000
vt -13.835294 0.008761 0.000000
vt -13.929412 0.008761 0.000000
vt -13.929412 0.013141 0.000000
vt -14.023529 0.013141 0.000000
vt -14.117647 0.013141 0.000000
vt -14.211765 0.013141 0.000000
vt -14.117647 0.008761 0.000000
vt -14.211765 0.008761 0.000000
vt -14.117647 0.004380 0.000000
vt -14.211765 0.004380 0.000000
vt -14.305882 0.004380 0.000000
vt -14.400000 0.004380 0.000000
vt -14.400000 0.008761 0.000000
vt -14.494118 0.008761 0.000000
vt -14.494118 0.013141 0.000000
vt -14.588235 0.013141 0.000000
vt -14.682353 0.013141 0.000000
vt -14.776471 0.013141 0.000000
vt -14.682353 0.008761 0.000000
vt -14.776471 0.008761 0.000000
vt -14.682353 0.004380 0.000000
vt -14.776471 0.004380 0.000000
vt -14.870588 0.004380 0.000000
vt -14.964706 0.004380 0.000000
vt -14.964706 0.008761 0.000000
vt -15.058824 0.008761 0.000000
vt -15.058824 0.013141 0.000000
vt -15.152941 0.013141 0.000000
vt -15.247059 0.013141 0.000000
vt -15.341176 0.013141 0.000000
vt -15.247059 0.008761 0.000000
vt -15.341176 0.008761 0.000000
vt -15.247059 0.004380 0.000000
vt -15.341176 0.004380 0.000000
vt -15.435294 0.004380 0.000000
vt -15.529412 0.004380 0.000000
vt -15.529412 0.008761 0.000000
vt -15.623529 0.008761 0.000000
vt -15.623529 0.013141 0.000000
vt -15.717647 0.013141 0.000000
vt -15.811765 0.013141 0.000000
vt -15.905882 0.013141 0.000000
vt -15.811765 0.008761 0.000000
vt -15.905882 0.008761 0.000000
vt -15.811765 0.004380 0.000000
vt -15.905882 0.004380 0.000000
vt -16.000000 0.004380 0.000000
vt -16.000000 0.008761 0.000000
vt -16.000000 0.013141 0.000000
vt -0.094118 0.008761 0.000000
vt 0.000000 0.008761 0.000000
vt -0.094118 0.013141 0.000000
vt 0.000000 0.013141 0.000000
vt -8.094118 0.013141 0.000000
vt -8.094118 0.008761 0.000000
vt -0.188235 0.008761 0.000000
vt -0.188235 0.013141 0.000000
vt -0.376471 0.004380 0.000000
vt -0.470588 0.004380 0.000000
vt -0.470588 0.008761 0.000000
vt -0.752941 0.008761 0.000000
vt -0.752941 0.013141 0.000000
vt -0.941176 0.004380 0.000000
vt -1.035294 0.004380 0.000000
vt -1.035294 0.008761 0.000000
vt -1.317647 0.008761 0.000000
vt -1.317647 0.013141 0.000000
vt -1.505882 0.004380 0.000000
vt -1.600000 0.004380 0.000000
vt -1.600000 0.008761 0.000000
vt -1.882353 0.008761 0.000000
vt -1.882353 0.013141 0.000000
vt -2.070588 0.004380 0.000000
vt -2.164706 0.004380 0.000000
vt -2.164706 0.008761 0.000000
vt -2.447059 0.008761 0.000000
vt -2.447059 0.013141 0.000000
vt -2.635294 0.004380 0.000000
vt -2.729412 0.004380 0.000000
vt -2.729412 0.008761 0.000000
vt -3.011765 0.008761 0.000000
vt -3.011765 0.013141 0.000000
vt -3.200000 0.004380 0.000000
vt -3.294118 0.004380 0.000000
vt -3.294118 0.008761 0.000000
vt -3.576471 0.008761 0.000000
vt -3.576471 0.013141 0.000000
vt -3.764706 0.004380 0.000000
vt -3.858824 0.004380 0.000000
vt -3.858824 0.008761 0.000000
vt -4.141176 0.008761 0.000000
vt -4.141176 0.013141 0.000000
vt -4.329412 0.004380 0.000000
vt -4.423529 0.004380 0.000000
vt -4.423529 0.008761 0.000000
vt -4.705882 0.008761 0.000000
vt -4.705882 0.013141 0.000000
vt -4.894118 0.004380 0.000000
vt -4.988235 0.004380 0.000000
vt -4.988235 0.008761 0.000000
vt -5.270588 0.008761 0.000000
vt -5.270588 0.013141 0.000000
vt -5.458824 0.004380 0.000000
vt -5.552941 0.004380 0.000000
vt -5.552941 0.008761 0.000000
vt -5.835294 0.008761 0.000000
vt -5.835294 0.013141 0.000000
vt -6.023529 0.004380 0.000000
vt -6.117647 0.004380 0.000000
vt -6.117647 0.008761 0.000000
vt -6.400000 0.008761 0.000000
vt -6.400000 0.013141 0.000000
vt -6.588235 0.004380 0.000000
vt -6.682353 0.004380 0.000000
vt -6.682353 0.008761 0.000000
vt -6.964706 0.008761 0.000000
vt -6.964706 0.013141 0.000000
vt -7.152941 0.004380 0.000000
vt -7.247059 0.004380 0.000000
vt -7.247059 0.008761 0.000000
vt -7.529412 0.008761 0.000000
vt -7.529412 0.013141 0.000000
vt -7.717647 0.004380 0.000000
vt -7.811765 0.004380 0.000000
vt -7.811765 0.008761 0.000000
vt -8.282353 0.004380 0.000000
vt -8.376471 0.004380 0.000000
vt -8.376471 0.008761 0.000000
vt -8.658824 0.008761 0.000000
vt -8.658824 0.013141 0.000000
vt -8.847059 0.004380 0.000000
vt -8.941176 0.004380 0.000000
vt -8.941176 0.008761 0.000000
vt -9.223529 0.008761 0.000000
vt -9.223529 0.013141 0.000000
vt -9.411765 0.004380 0.000000
vt -9.505882 0.004380 0.000000
vt -9.505882 0.008761 0.000000
vt -9.788235 0.008761 0.000000
vt -9.788235 0.013141 0.000000
vt -9.976471 0.004380 0.000000
vt -10.070588 0.004380 0.000000
vt -10.070588 0.008761 0.000000
vt -10.352941 0.008761 0.000000
vt -10.352941 0.013141 0.000000
vt -10.541176 0.004380 0.000000
vt -10.635294 0.004380 0.000000
vt -10.635294 0.008761 0.000000
vt -10.917647 0.008761 0.000000
vt -10.917647 0.013141 0.000000
vt -11.105882 0.004380 0.000000
vt -11.200000 0.004380 0.000000
vt -11.200000 0.008761 0.000000
vt -11.482353 0.008761 0.000000
vt -11.482353 0.013141 0.000000
vt -11.670588 0.004380 0.000000
vt -11.764706 0.004380 0.000000
vt -11.764706 0.008761 0.000000
vt -12.047059 0.008761 0.000000
vt -12.047059 0.013141 0.000000
vt -12.235294 0.004380 0.000000
vt -12.329412 0.004380 0.000000
vt -12.329412 0.008761 0.000000
vt -12.611765 0.008761 0.000000
vt -12.611765 0.013141 0.000000
vt -12.800000 0.004380 0.000000
vt -12.894118 0.004380 0.000000
vt -12.894118 0.008761 0.000000
vt -13.176471 0.008761 0.000000
vt -13.176471 0.013141 0.000000
vt -13.364706 0.004380 0.000000
vt -13.458824 0.004380 0.000000
vt -13.458824 0.008761 0.000000
vt -13.741176 0.008761 0.000000
vt -13.741176 0.013141 0.000000
vt -13.929412 0.004380 0.000000
vt -14.023529 0.004380 0.000000
vt -14.023529 0.008761 0.000000
vt -14.305882 0.008761 0.000000
vt -14.305882 0.013141 0.000000
vt -14.494118 0.004380 0.000000
vt -14.588235 0.004380 0.000000
vt -14.588235 0.008761 0.000000
vt -14.870588 0.008761 0.000000
vt -14.870588 0.013141 0.000000
vt -15.058824 0.004380 0.000000
vt -15.152941 0.004380 0.000000
vt -15.152941 0.008761 0.000000
vt -15.435294 0.008761 0.000000
vt -15.435294 0.013141 0.000000
vt -15.623529 0.004380 0.000000
vt -15.717647 0.004380 0.000000
vt -15.717647 0.008761 0.000000
vt -0.282353 0.013141 0.000000
vt -0.847059 0.013141 0.000000
vt -1.411765 0.013141 0.000000
vt -1.976471 0.013141 0.000000
vt -2.541176 0.013141 0.000000
vt -3.105882 0.013141 0.000000
vt -3.670588 0.013141 0.000000
vt -4.235294 0.013141 0.000000
vt -4.800000 0.013141 0.000000
vt -5.364706 0.013141 0.000000
vt -5.929412 0.013141 0.000000
vt -6.494118 0.013141 0.000000
vt -7.058824 0.013141 0.000000
vt -7.623529 0.013141 0.000000
vt -8.188235 0.013141 0.000000
vt -8.752941 0.013141 0.000000
vt -9.317647 0.013141 0.000000
vt -9.882353 0.013141 0.000000
vt -10.447059 0.013141 0.000000
vt -11.011765 0.013141 0.000000
vt -11.576471 0.013141 0.000000
vt -12.141176 0.013141 0.000000
vt -12.705882 0.013141 0.000000
vt -13.270588 0.013141 0.000000
vt -13.835294 0.013141 0.000000
vt -14.400000 0.013141 0.000000
vt -14.964706 0.013141 0.000000
vt -15.529412 0.013141 0.000000
vt -0.087869 -0.000000 0.000000
vt 0.000000 -0.000000 0.000000
vt -0.087869 16.000000 0.000000
vt 0.000000 16.000000 0.000000
vt 0.000000 0.129233 0.000000
vt 0.551724 0.129233 0.000000
vt 0.000000 0.155080 0.000000
vt 1.103448 0.129233 0.000000
vt 1.655172 0.129233 0.000000
vt 1.655172 0.103387 0.000000
vt 2.206897 0.103387 0.000000
vt 2.206897 0.077540 0.000000
vt 2.758621 0.077540 0.000000
vt 2.758621 0.051693 0.000000
vt 3.310345 0.051693 0.000000
vt 3.310345 0.025847 0.000000
vt 3.862069 0.025847 0.000000
vt 0.000000 0.000000 0.000000
vt 4.413793 0.025847 0.000000
vt 4.965517 0.025847 0.000000
vt 4.413793 0.051693 0.000000
vt 4.965517 0.051693 0.000000
vt 4.413793 0.077540 0.000000
vt 4.965517 0.077540 0.000000
vt 4.413793 0.103387 0.000000
vt 4.965517 0.103387 0.000000
vt 4.413793 0.129233 0.000000
vt 4.965517 0.129233 0.000000
vt 5.517241 0.129233 0.000000
vt 6.068966 0.129233 0.000000
vt 6.068966 0.103387 0.000000
vt 6.620690 0.103387 0.000000
vt 6.620690 0.077540 0.000000
vt 7.172414 0.077540 0.000000
vt 7.172414 0.051693 0.000000
vt 7.724138 0.051693 0.000000
vt 7.724138 0.025847 0.000000
vt 8.275862 0.025847 0.000000
vt 16.000000 0.000000 0.000000
vt 8.827586 0.025847 0.000000
vt 9.379310 0.025847 0.000000
vt 8.827586 0.051693 0.000000
vt 9.379310 0.051693 0.000000
vt 8.827586 0.077540 0.000000
vt 9.379310 0.077540 0.000000
vt 8.827586 0.103387 0.000000
vt 9.379310 0.103387 0.000000
vt 8.827586 0.129233 0.000000
vt 9.379310 0.129233 0.000000
vt 16.000000 0.155080 0.000000
vt 9.931034 0.129233 0.000000
vt 10.482759 0.129233 0.000000
vt 10.482759 0.103387 0.000000
vt 11.034483 0.103387 0.000000
vt 11.034483 0.077540 0.000000
vt 11.586207 0.077540 0.000000
vt 11.586207 0.051693 0.000000
vt 12.137931 0.051693 0.000000
vt 12.137931 0.025847 0.000000
vt 12.689655 0.025847 0.000000
vt 13.241379 0.025847 0.000000
vt 13.793103 0.025847 0.000000
vt 13.241379 0.051693 0.000000
vt 13.793103 0.051693 0.000000
vt 13.241379 0.077540 0.000000
vt 13.793103 0.077540 0.000000
vt 13.241379 0.103387 0.000000
vt 13.793103 0.103387 0.000000
vt 13.241379 0.129233 0.000000
vt 13.793103 0.129233 0.000000
vt 14.344828 0.129233 0.000000
vt 14.896552 0.129233 0.000000
vt 14.896552 0.103387 0.000000
vt 15.448276 0.103387 0.000000
vt 15.448276 0.077540 0.000000
vt 16.000000 0.077540 0.000000
vt 16.000000 0.051693 0.000000
vt 15.448276 0.051693 0.000000
vt 16.000000 0.025847 0.000000
vt 15.448276 0.025847 0.000000
vt 14.896552 0.025847 0.000000
vt 14.344828 0.025847 0.000000
vt 14.344828 0.051693 0.000000
vt 0.551724 0.103387 0.000000
vt 0.000000 0.103387 0.000000
vt 0.551724 0.077540 0.000000
vt 0.000000 0.077540 0.000000
vt 0.551724 0.051693 0.000000
vt 0.000000 0.051693 0.000000
vt 0.551724 0.025847 0.000000
vt 0.000000 0.025847 0.000000
vt 7.172414 0.025847 0.000000
vt 6.620690 0.025847 0.000000
vt 6.620690 0.051693 0.000000
vt 6.068966 0.051693 0.000000
vt 6.068966 0.077540 0.000000
vt 5.517241 0.077540 0.000000
vt 5.517241 0.103387 0.000000
vt 16.000000 0.103387 0.000000
vt 15.448276 0.129233 0.000000
vt 16.000000 0.129233 0.000000
vt 8.275862 0.129233 0.000000
vt 7.724138 0.129233 0.000000
vt 7.172414 0.129233 0.000000
vt 7.724138 0.103387 0.000000
vt 7.172414 0.103387 0.000000
vt 7.724138 0.077540 0.000000
vt 1.103448 0.103387 0.000000
vt 1.103448 0.077540 0.000000
vt 1.103448 0.051693 0.000000
vt 1.103448 0.025847 0.000000
vt 2.206897 0.129233 0.000000
vt 2.758621 0.129233 0.000000
vt 3.310345 0.129233 0.000000
vt 3.310345 0.103387 0.000000
vt 3.862069 0.103387 0.000000
vt 3.862069 0.077540 0.000000
vt 2.758621 0.103387 0.000000
vt 3.862069 0.129233 0.000000
vt 6.620690 0.129233 0.000000
vt 8.275862 0.103387 0.000000
vt 8.275862 0.077540 0.000000
vt 8.275862 0.051693 0.000000
vt 9.931034 0.103387 0.000000
vt 9.931034 0.077540 0.000000
vt 9.931034 0.051693 0.000000
vt 9.931034 0.025847 0.000000
vt 11.034483 0.129233 0.000000
vt 11.586207 0.129233 0.000000
vt 12.137931 0.129233 0.000000
vt 12.137931 0.103387 0.000000
vt 12.689655 0.103387 0.000000
vt 12.689655 0.077540 0.000000
vt 11.586207 0.103387 0.000000
vt 12.689655 0.129233 0.000000
vt 14.344828 0.103387 0.000000
vt 14.344828 0.077540 0.000000
vt 1.655172 0.077540 0.000000
vt 2.206897 0.051693 0.000000
vt 2.758621 0.025847 0.000000
vt 3.310345 0.077540 0.000000
vt 10.482759 0.077540 0.000000
vt 11.034483 0.051693 0.000000
vt 11.586207 0.025847 0.000000
vt 12.137931 0.077540 0.000000
vt 14.896552 0.077540 0.000000
vt 1.655172 0.051693 0.000000
vt 1.655172 0.025847 0.000000
vt 3.862069 0.051693 0.000000
vt 5.517241 0.051693 0.000000
vt 5.517241 0.025847 0.000000
vt 10.482759 0.051693 0.000000
vt 10.482759 0.025847 0.000000
vt 12.689655 0.051693 0.000000
vt 14.896552 0.051693 0.000000
vt 2.206897 0.025847 0.000000
vt 6.068966 0.025847 0.000000
vt 11.034483 0.025847 0.000000
vt -0.334152 0.000000 0.000000
vt -0.000000 -0.000000 0.000000
vt -0.334152 16.000000 0.000000
vt -0.000000 16.000000 0.000000
vt 0.000000 0.067204 0.000000
vt 0.470588 0.067204 0.000000
vt 0.000000 0.089606 0.000000
vt 0.941176 0.067204 0.000000
vt 1.411765 0.067204 0.000000
vt 1.411765 0.044803 0.000000
vt 1.882353 0.044803 0.000000
vt 1.882353 0.022401 0.000000
vt 2.352941 0.022401 0.000000
vt 0.000000 0.000000 0.000000
vt 2.823529 0.022401 0.000000
vt 3.294118 0.022401 0.000000
vt 2.823529 0.044803 0.000000
vt 3.294118 0.044803 0.000000
vt 2.823529 0.067204 0.000000
vt 3.294118 0.067204 0.000000
vt 3.764706 0.067204 0.000000
vt 4.235294 0.067204 0.000000
vt 4.235294 0.044803 0.000000
vt 4.705882 0.044803 0.000000
vt 4.705882 0.022401 0.000000
vt 5.176471 0.022401 0.000000
vt 5.647059 0.022401 0.000000
vt 6.117647 0.022401 0.000000
vt 5.647059 0.044803 0.000000
vt 6.117647 0.044803 0.000000
vt 5.647059 0.067204 0.000000
vt 6.117647 0.067204 0.000000
vt 6.588235 0.067204 0.000000
vt 7.058824 0.067204 0.000000
vt 7.058824 0.044803 0.000000
vt 7.529412 0.044803 0.000000
vt 7.529412 0.022401 0.000000
vt 8.000000 0.022401 0.000000
vt 16.000000 0.000000 0.000000
vt 0.470588 0.044803 0.000000
vt 0.000000 0.044803 0.000000
vt 0.470588 0.022401 0.000000
vt 0.000000 0.022401 0.000000
vt 16.000000 0.022401 0.000000
vt 15.529412 0.022401 0.000000
vt 15.058824 0.022401 0.000000
vt 14.588235 0.022401 0.000000
vt 14.588235 0.044803 0.000000
vt 14.117647 0.044803 0.000000
vt 14.117647 0.067204 0.000000
vt 13.647059 0.067204 0.000000
vt 16.000000 0.089606 0.000000
vt 13.176471 0.067204 0.000000
vt 12.705882 0.067204 0.000000
vt 13.176471 0.044803 0.000000
vt 12.705882 0.044803 0.000000
vt 13.176471 0.022401 0.000000
vt 12.705882 0.022401 0.000000
vt 12.235294 0.022401 0.000000
vt 11.764706 0.022401 0.000000
vt 11.764706 0.044803 0.000000
vt 11.294118 0.044803 0.000000
vt 11.294118 0.067204 0.000000
vt 10.823529 0.067204 0.000000
vt 10.352941 0.067204 0.000000
vt 9.882353 0.067204 0.000000
vt 10.352941 0.044803 0.000000
vt 9.882353 0.044803 0.000000
vt 10.352941 0.022401 0.000000
vt 9.882353 0.022401 0.000000
vt 9.411765 0.022401 0.000000
vt 8.941176 0.022401 0.000000
vt 8.941176 0.044803 0.000000
vt 8.470588 0.044803 0.000000
vt 8.470588 0.067204 0.000000
vt 8.000000 0.067204 0.000000
vt 15.529412 0.044803 0.000000
vt 16.000000 0.044803 0.000000
vt 15.529412 0.067204 0.000000
vt 16.000000 0.067204 0.000000
vt 0.941176 0.044803 0.000000
vt 0.941176 0.022401 0.000000
vt 1.882353 0.067204 0.000000
vt 2.352941 0.067204 0.000000
vt 2.352941 0.044803 0.000000
vt 3.764706 0.044803 0.000000
vt 3.764706 0.022401 0.000000
vt 4.705882 0.067204 0.000000
vt 5.176471 0.067204 0.000000
vt 5.176471 0.044803 0.000000
vt 6.588235 0.044803 0.000000
vt 6.588235 0.022401 0.000000
vt 7.529412 0.067204 0.000000
vt 8.000000 0.044803 0.000000
vt 8.941176 0.067204 0.000000
vt 9.411765 0.067204 0.000000
vt 9.411765 0.044803 0.000000
vt 10.823529 0.044803 0.000000
vt 10.823529 0.022401 0.000000
vt 11.764706 0.067204 0.000000
vt 12.235294 0.067204 0.000000
vt 12.235294 0.044803 0.000000
vt 13.647059 0.044803 0.000000
vt 13.647059 0.022401 0.000000
vt 14.588235 0.067204 0.000000
vt 15.058824 0.067204 0.000000
vt 15.058824 0.044803 0.000000
vt 1.411765 0.022401 0.000000
vt 4.235294 0.022401 0.000000
vt 7.058824 0.022401 0.000000
vt 8.470588 0.022401 0.000000
vt 11.294118 0.022401 0.000000
vt 14.117647 0.022401 0.000000
vt -29.041938 -2.041938 0.000000
vt -13.041938 -2.041938 0.000000
vt -29.041938 -2.038062 0.000000
vt -13.041938 -2.038062 0.000000
vt -29.041938 13.738062 0.000000
vt -13.041938 13.738062 0.000000
vt -29.041938 13.741938 0.000000
vt -13.041938 13.741938 0.000000
vt 1.000000 -0.057783 0.000000
vt 0.000000 -0.057783 0.000000
vt 1.000000 -0.161594 0.000000
vt -0.000000 -0.161594 0.000000
vt 1.000000 -0.265405 0.000000
vt 0.000000 -0.265405 0.000000
vt 1.000000 -0.369217 0.000000
vt -0.000000 -0.369217 0.000000
vt -1.520703 8.000000 0.000000
vt 0.717094 7.750000 0.000000
vt 1.520703 8.000000 0.000000
vt 0.836173 7.735613 0.000000
vt 0.948400 7.693280 0.000000
vt -1.554314 7.901978 0.000000
vt -1.047316 7.625437 0.000000
vt -0.948400 7.693280 0.000000
vt -0.836173 7.735613 0.000000
vt -1.607409 7.812989 0.000000
vt -1.677707 7.736856 0.000000
vt -6.891867 3.150654 0.000000
vt -7.288133 2.136220 0.000000
vt -6.955012 3.108002 0.000000
vt -7.026866 3.082634 0.000000
vt -7.102794 3.076189 0.000000
vt -7.177896 3.089081 0.000000
vt -7.247327 3.120479 0.000000
vt -7.306608 3.168357 0.000000
vt -7.331158 2.089403 0.000000
vt -7.351914 3.229625 0.000000
vt -7.363350 2.034570 0.000000
vt -7.380322 3.300333 0.000000
vt -7.383262 1.974184 0.000000
vt -7.390000 3.375916 0.000000
vt -7.390000 1.910958 0.000000
vt -8.290000 8.000000 0.000000
vt -8.290000 -8.000000 0.000000
vt -7.390000 8.000000 0.000000
vt -7.390000 -8.000000 0.000000
vt -7.390000 -3.375916 0.000000
vt -7.390000 -1.910958 0.000000
vt -7.383262 -1.974184 0.000000
vt -7.380322 -3.300333 0.000000
vt -7.363350 -2.034570 0.000000
vt -7.351914 -3.229625 0.000000
vt -7.331158 -2.089403 0.000000
vt -7.306608 -3.168357 0.000000
vt -7.288133 -2.136220 0.000000
vt -7.247327 -3.120479 0.000000
vt -7.177896 -3.089081 0.000000
vt -7.102794 -3.076189 0.000000
vt -7.026866 -3.082634 0.000000
vt -6.955012 -3.108002 0.000000
vt -6.891867 -3.150654 0.000000
vt -1.047316 -7.625437 0.000000
vt -1.677707 -7.736856 0.000000
vt -1.607409 -7.812989 0.000000
vt -1.554314 -7.901978 0.000000
vt -1.520703 -8.000000 0.000000
vt -0.948400 -7.693280 0.000000
vt -0.836173 -7.735613 0.000000
vt -0.717094 -7.750000 0.000000
vt 1.520703 -8.000000 0.000000
vt 0.717094 -7.750000 0.000000
vt 0.836173 -7.735613 0.000000
vt 0.948400 -7.693280 0.000000
vt 1.047316 -7.625437 0.000000
vt 1.554314 -7.901978 0.000000
vt 1.607409 -7.812989 0.000000
vt 1.677707 -7.736856 0.000000
vt 6.891867 -3.150654 0.000000
vt 7.288133 -2.136220 0.000000
vt 6.955012 -3.108002 0.000000
vt 7.026866 -3.082634 0.000000
vt 7.102794 -3.076189 0.000000
vt 7.177896 -3.089081 0.000000
vt 7.247327 -3.120479 0.000000
vt 7.306608 -3.168357 0.000000
vt 7.331158 -2.089403 0.000000
vt 7.351914 -3.229625 0.000000
vt 7.363350 -2.034570 0.000000
vt 7.380322 -3.300333 0.000000
vt 7.383262 -1.974184 0.000000
vt 7.390000 -3.375916 0.000000
vt 7.390000 -1.910958 0.000000
vt 8.290000 -8.000000 0.000000
vt 7.390000 1.910958 0.000000
vt 8.290000 8.000000 0.000000
vt 7.390000 3.375916 0.000000
vt 7.390000 8.000000 0.000000
vt 7.390000 -8.000000 0.000000
vt 7.383262 1.974184 0.000000
vt 7.380322 3.300333 0.000000
vt 7.363350 2.034570 0.000000
vt 7.351914 3.229625 0.000000
vt 7.331158 2.089403 0.000000
vt 7.306608 3.168357 0.000000
vt 7.288133 2.136220 0.000000
vt 7.247327 3.120479 0.000000
vt 7.177896 3.089081 0.000000
vt 7.102794 3.076189 0.000000
vt 7.026866 3.082634 0.000000
vt 6.955012 3.108002 0.000000
vt 6.891867 3.150654 0.000000
vt 1.047316 7.625437 0.000000
vt 1.677707 7.736856 0.000000
vt 1.607409 7.812989 0.000000
vt 1.554314 7.901978 0.000000
vt -0.717094 7.750000 0.000000
vt 8.384778 0.000000 0.000000
vt 13.008862 0.000000 0.000000
vt 8.384778 1.000000 0.000000
vt 13.008862 1.000000 0.000000
vt 5.287488 1.000000 0.000000
vt 0.663404 1.000000 0.000000
vt 5.287488 0.000000 0.000000
vt 0.663404 0.000000 0.000000
vt 1.000000 0.343831 0.000000
vt 0.000000 0.343831 0.000000
vt 1.000000 0.267424 0.000000
vt 0.000000 0.267424 0.000000
vt 1.000000 0.191017 0.000000
vt 0.000000 0.191017 0.000000
vt 1.000000 0.114610 0.000000
vt -0.000000 0.114610 0.000000
vt 1.000000 0.038203 0.000000
vt 0.000000 0.038203 0.000000
vt 1.000000 -0.038203 0.000000
vt -0.000000 -0.038203 0.000000
vt 1.000000 -0.114610 0.000000
vt 0.000000 -0.114610 0.000000
vt 1.000000 -0.191017 0.000000
vt 0.000000 -0.191017 0.000000
vt 1.000000 -0.267424 0.000000
vt -0.000000 -0.267424 0.000000
vt 1.000000 -0.343831 0.000000
vt 0.000000 -0.343831 0.000000
vt 0.663404 0.000000 0.000000
vt 7.607517 0.000000 0.000000
vt 0.663404 1.000000 0.000000
vt 7.607517 1.000000 0.000000
vt 1.000000 0.127408 0.000000
vt 0.000000 0.127408 0.000000
vt 1.000000 0.063704 0.000000
vt 0.000000 0.063704 0.000000
vt 1.000000 -0.000000 0.000000
vt 0.000000 0.000000 0.000000
vt 1.000000 -0.063704 0.000000
vt -0.000000 -0.063704 0.000000
vt 1.000000 -0.127408 0.000000
vt -0.000000 -0.127408 0.000000
vt 0.135664 0.000000 0.000000
vt 8.447060 0.000000 0.000000
vt 0.135664 1.000000 0.000000
vt 8.447060 1.000000 0.000000
vt 1.000000 0.127408 0.000000
vt 0.000000 0.127408 0.000000
vt 1.000000 0.063704 0.000000
vt 0.000000 0.063704 0.000000
vt 1.000000 0.000000 0.000000
vt -0.000000 0.000000 0.000000
vt 1.000000 -0.063704 0.000000
vt 0.000000 -0.063704 0.000000
vt 1.000000 -0.127408 0.000000
vt 0.000000 -0.127408 0.000000
vt 3.957580 1.000000 0.000000
vt 0.135664 1.000000 0.000000
vt 3.957580 0.000000 0.000000
vt 0.135664 0.000000 0.000000
vt 1.000000 0.343831 0.000000
vt -0.000000 0.343831 0.000000
vt 1.000000 0.267424 0.000000
vt 0.000000 0.267424 0.000000
vt 1.000000 0.191017 0.000000
vt -0.000000 0.191017 0.000000
vt 1.000000 0.114610 0.000000
vt 0.000000 0.114610 0.000000
vt 1.000000 0.038203 0.000000
vt -0.000000 0.038203 0.000000
vt 1.000000 -0.038203 0.000000
vt 0.000000 -0.038203 0.000000
vt 1.000000 -0.114610 0.000000
vt -0.000000 -0.114610 0.000000
vt 1.000000 -0.191017 0.000000
vt 0.000000 -0.191017 0.000000
vt 1.000000 -0.267424 0.000000
vt 0.000000 -0.267424 0.000000
vt 1.000000 -0.343831 0.000000
vt -0.000000 -0.343831 0.000000
vt 1.000000 0.343831 0.000000
vt -0.000000 0.343831 0.000000
vt 1.000000 0.267424 0.000000
vt -0.000000 0.267424 0.000000
vt 1.000000 0.191017 0.000000
vt 0.000000 0.191017 0.000000
vt 1.000000 0.114610 0.000000
vt 0.000000 0.114610 0.000000
vt 1.000000 0.038203 0.000000
vt 0.000000 0.038203 0.000000
vt 1.000000 -0.038203 0.000000
vt 0.000000 -0.038203 0.000000
vt 1.000000 -0.114610 0.000000
vt -0.000000 -0.114610 0.000000
vt 1.000000 -0.191017 0.000000
vt 0.000000 -0.191017 0.000000
vt 1.000000 -0.267424 0.000000
vt -0.000000 -0.267424 0.000000
vt 1.000000 -0.343831 0.000000
vt -0.000000 -0.343831 0.000000
vt 0.663404 0.000000 0.000000
vt 7.607517 0.000000 0.000000
vt 0.663404 1.000000 0.000000
vt 7.607517 1.000000 0.000000
vt 1.000000 0.343831 0.000000
vt -0.000000 0.343831 0.000000
vt 1.000000 0.267424 0.000000
vt -0.000000 0.267424 0.000000
vt 1.000000 0.191017 0.000000
vt -0.000000 0.191017 0.000000
vt 1.000000 0.114610 0.000000
vt 0.000000 0.114610 0.000000
vt 1.000000 0.038203 0.000000
vt -0.000000 0.038203 0.000000
vt 1.000000 -0.038203 0.000000
vt 0.000000 -0.038203 0.000000
vt 1.000000 -0.114610 0.000000
vt -0.000000 -0.114610 0.000000
vt 1.000000 -0.191017 0.000000
vt 0.000000 -0.191017 0.000000
vt 1.000000 -0.267424 0.000000
vt -0.000000 -0.267424 0.000000
vt 1.000000 -0.343831 0.000000
vt -0.000000 -0.343831 0.000000
vt 8.384778 0.000000 0.000000
vt 13.008862 0.000000 0.000000
vt 8.384778 1.000000 0.000000
vt 13.008862 1.000000 0.000000
vt 1.000000 0.127408 0.000000
vt -0.000000 0.127408 0.000000
vt 1.000000 0.063704 0.000000
vt -0.000000 0.063704 0.000000
vt 1.000000 -0.000000 0.000000
vt 0.000000 -0.000000 0.000000
vt 1.000000 -0.063704 0.000000
vt 0.000000 -0.063704 0.000000
vt 1.000000 -0.127408 0.000000
vt -0.000000 -0.127408 0.000000
vt 0.135664 0.000000 0.000000
vt 3.957580 0.000000 0.000000
vt 0.135664 1.000000 0.000000
vt 3.957580 1.000000 0.000000
vt 1.000000 0.127408 0.000000
vt -0.000000 0.127408 0.000000
vt 1.000000 0.063704 0.000000
vt 0.000000 0.063704 0.000000
vt 1.000000 0.000000 0.000000
vt 0.000000 0.000000 0.000000
vt 1.000000 -0.063704 0.000000
vt -0.000000 -0.063704 0.000000
vt 1.000000 -0.127408 0.000000
vt -0.000000 -0.127408 0.000000
vt 0.135664 0.000000 0.000000
vt 8.447060 0.000000 0.000000
vt 0.135664 1.000000 0.000000
vt 8.447060 1.000000 0.000000
vt 1.000000 -0.057783 0.000000
vt 0.000000 -0.057783 0.000000
vt 1.000000 -0.161594 0.000000
vt -0.000000 -0.161594 0.000000
vt 1.000000 -0.265405 0.000000
vt -0.000000 -0.265405 0.000000
vt 1.000000 -0.369217 0.000000
vt 0.000000 -0.369217 0.000000
vt 7.399224 1.000000 0.000000
vt 0.455110 1.000000 0.000000
vt 7.399224 0.000000 0.000000
vt 0.455110 0.000000 0.000000
vt 1.000000 0.180353 0.000000
vt 0.000000 0.180353 0.000000
vt 1.000000 0.060118 0.000000
vt 0.000000 0.060118 0.000000
vt 1.000000 -0.060118 0.000000
vt -0.000000 -0.060118 0.000000
vt 1.000000 -0.180353 0.000000
vt 0.000000 -0.180353 0.000000
vt 0.188604 0.000000 0.000000
vt 1.622792 0.000000 0.000000
vt 0.188604 1.000000 0.000000
vt 1.622792 1.000000 0.000000
vt 1.000000 0.180353 0.000000
vt 0.000000 0.180353 0.000000
vt 1.000000 0.060118 0.000000
vt -0.000000 0.060118 0.000000
vt 1.000000 -0.060118 0.000000
vt 0.000000 -0.060118 0.000000
vt 1.000000 -0.180353 0.000000
vt -0.000000 -0.180353 0.000000
vt 8.500000 1.000000 0.000000
vt 0.188604 1.000000 0.000000
vt 8.500000 0.000000 0.000000
vt 0.188604 0.000000 0.000000
vt 1.000000 0.180353 0.000000
vt 0.000000 0.180353 0.000000
vt 1.000000 0.060118 0.000000
vt 0.000000 0.060118 0.000000
vt 1.000000 -0.060118 0.000000
vt -0.000000 -0.060118 0.000000
vt 1.000000 -0.180353 0.000000
vt -0.000000 -0.180353 0.000000
vt 8.500000 1.000000 0.000000
vt 0.188604 1.000000 0.000000
vt 8.500000 0.000000 0.000000
vt 0.188604 0.000000 0.000000
vt 1.000000 0.180353 0.000000
vt -0.000000 0.180353 0.000000
vt 1.000000 0.060118 0.000000
vt -0.000000 0.060118 0.000000
vt 1.000000 -0.060118 0.000000
vt 0.000000 -0.060118 0.000000
vt 1.000000 -0.180353 0.000000
vt 0.000000 -0.180353 0.000000
vt 1.622792 1.000000 0.000000
vt 0.188604 1.000000 0.000000
vt 1.622792 0.000000 0.000000
vt 0.188604 0.000000 0.000000
vt 7.399224 1.000000 0.000000
vt 0.455110 1.000000 0.000000
vt 7.399224 0.000000 0.000000
vt 0.455110 0.000000 0.000000
vt 11.000000 0.100000 0.000000
vt 27.000000 0.100000 0.000000
vt 11.000000 0.900000 0.000000
vt 27.000000 0.900000 0.000000
vt -0.000000 0.013090 0.000000
vt -0.280702 0.013090 0.000000
vt -0.000000 0.000000 0.000000
vt -0.561404 0.013090 0.000000
vt -0.842105 0.013090 0.000000
vt -0.842105 0.026180 0.000000
vt -1.122807 0.026180 0.000000
vt -1.122807 0.039270 0.000000
vt -1.403509 0.039270 0.000000
vt -1.403509 0.052360 0.000000
vt -1.684211 0.052360 0.000000
vt -1.684211 0.065450 0.000000
vt -1.964912 0.065450 0.000000
vt -0.000000 0.078540 0.000000
vt -2.245614 0.065450 0.000000
vt -2.526316 0.065450 0.000000
vt -2.245614 0.052360 0.000000
vt -2.526316 0.052360 0.000000
vt -2.245614 0.039270 0.000000
vt -2.526316 0.039270 0.000000
vt -2.245614 0.026180 0.000000
vt -2.526316 0.026180 0.000000
vt -2.245614 0.013090 0.000000
vt -2.526316 0.013090 0.000000
vt -2.807018 0.013090 0.000000
vt -3.087719 0.013090 0.000000
vt -3.087719 0.026180 0.000000
vt -3.368421 0.026180 0.000000
vt -3.368421 0.039270 0.000000
vt -3.649123 0.039270 0.000000
vt -3.649123 0.052360 0.000000
vt -3.929825 0.052360 0.000000
vt -3.929825 0.065450 0.000000
vt -4.210526 0.065450 0.000000
vt -4.491228 0.065450 0.000000
vt -4.771930 0.065450 0.000000
vt -4.491228 0.052360 0.000000
vt -4.771930 0.052360 0.000000
vt -4.491228 0.039270 0.000000
vt -4.771930 0.039270 0.000000
vt -4.491228 0.026180 0.000000
vt -4.771930 0.026180 0.000000
vt -4.491228 0.013090 0.000000
vt -4.771930 0.013090 0.000000
vt -5.052632 0.013090 0.000000
vt -5.333333 0.013090 0.000000
vt -5.333333 0.026180 0.000000
vt -5.614035 0.026180 0.000000
vt -5.614035 0.039270 0.000000
vt -5.894737 0.039270 0.000000
vt -5.894737 0.052360 0.000000
vt -6.175439 0.052360 0.000000
vt -6.175439 0.065450 0.000000
vt -6.456140 0.065450 0.000000
vt -6.736842 0.065450 0.000000
vt -7.017544 0.065450 0.000000
vt -6.736842 0.052360 0.000000
vt -7.017544 0.052360 0.000000
vt -6.736842 0.039270 0.000000
vt -7.017544 0.039270 0.000000
vt -6.736842 0.026180 0.000000
vt -7.017544 0.026180 0.000000
vt -6.736842 0.013090 0.000000
vt -7.017544 0.013090 0.000000
vt -7.298246 0.013090 0.000000
vt -7.578947 0.013090 0.000000
vt -7.578947 0.026180 0.000000
vt -7.859649 0.026180 0.000000
vt -7.859649 0.039270 0.000000
vt -8.140351 0.039270 0.000000
vt -8.140351 0.052360 0.000000
vt -8.421053 0.052360 0.000000
vt -8.421053 0.065450 0.000000
vt -8.701754 0.065450 0.000000
vt -16.000000 0.078540 0.000000
vt -8.982456 0.065450 0.000000
vt -9.263158 0.065450 0.000000
vt -8.982456 0.052360 0.000000
vt -9.263158 0.052360 0.000000
vt -8.982456 0.039270 0.000000
vt -9.263158 0.039270 0.000000
vt -8.982456 0.026180 0.000000
vt -9.263158 0.026180 0.000000
vt -8.982456 0.013090 0.000000
vt -9.263158 0.013090 0.000000
vt -16.000000 -0.000000 0.000000
vt -9.543860 0.013090 0.000000
vt -9.824561 0.013090 0.000000
vt -9.824561 0.026180 0.000000
vt -10.105263 0.026180 0.000000
vt -10.105263 0.039270 0.000000
vt -10.385965 0.039270 0.000000
vt -10.385965 0.052360 0.000000
vt -10.666667 0.052360 0.000000
vt -10.666667 0.065450 0.000000
vt -10.947368 0.065450 0.000000
vt -11.228070 0.065450 0.000000
vt -11.508772 0.065450 0.000000
vt -11.228070 0.052360 0.000000
vt -11.508772 0.052360 0.000000
vt -11.228070 0.039270 0.000000
vt -11.508772 0.039270 0.000000
vt -11.228070 0.026180 0.000000
vt -11.508772 0.026180 0.000000
vt -11.228070 0.013090 0.000000
vt -11.508772 0.013090 0.000000
vt -11.789474 0.013090 0.000000
vt -12.070175 0.013090 0.000000
vt -12.070175 0.026180 0.000000
vt -12.350877 0.026180 0.000000
vt -12.350877 0.039270 0.000000
vt -12.631579 0.039270 0.000000
vt -12.631579 0.052360 0.000000
vt -12.912281 0.052360 0.000000
vt -12.912281 0.065450 0.000000
vt -13.192982 0.065450 0.000000
vt -13.473684 0.065450 0.000000
vt -13.754386 0.065450 0.000000
vt -13.473684 0.052360 0.000000
vt -13.754386 0.052360 0.000000
vt -13.473684 0.039270 0.000000
vt -13.754386 0.039270 0.000000
vt -13.473684 0.026180 0.000000
vt -13.754386 0.026180 0.000000
vt -13.473684 0.013090 0.000000
vt -13.754386 0.013090 0.000000
vt -14.035088 0.013090 0.000000
vt -14.315789 0.013090 0.000000
vt -14.315789 0.026180 0.000000
vt -14.596491 0.026180 0.000000
vt -14.596491 0.039270 0.000000
vt -14.877193 0.039270 0.000000
vt -14.877193 0.052360 0.000000
vt -15.157895 0.052360 0.000000
vt -15.157895 0.065450 0.000000
vt -15.438596 0.065450 0.000000
vt -15.719298 0.065450 0.000000
vt -16.000000 0.065450 0.000000
vt -15.719298 0.052360 0.000000
vt -16.000000 0.052360 0.000000
vt -15.719298 0.039270 0.000000
vt -16.000000 0.039270 0.000000
vt -15.719298 0.026180 0.000000
vt -16.000000 0.026180 0.000000
vt -15.719298 0.013090 0.000000
vt -16.000000 0.013090 0.000000
vt -0.280702 0.026180 0.000000
vt -0.000000 0.026180 0.000000
vt -0.280702 0.039270 0.000000
vt -0.000000 0.039270 0.000000
vt -0.280702 0.052360 0.000000
vt -0.000000 0.052360 0.000000
vt -0.280702 0.065450 0.000000
vt -0.000000 0.065450 0.000000
vt -7.859649 0.065450 0.000000
vt -7.578947 0.065450 0.000000
vt -7.298246 0.065450 0.000000
vt -7.298246 0.052360 0.000000
vt -8.140351 0.013090 0.000000
vt -8.421053 0.013090 0.000000
vt -8.701754 0.013090 0.000000
vt -8.701754 0.026180 0.000000
vt -0.561404 0.026180 0.000000
vt -0.561404 0.039270 0.000000
vt -0.561404 0.052360 0.000000
vt -0.561404 0.065450 0.000000
vt -1.122807 0.013090 0.000000
vt -1.403509 0.013090 0.000000
vt -1.684211 0.013090 0.000000
vt -1.684211 0.026180 0.000000
vt -1.964912 0.026180 0.000000
vt -1.964912 0.039270 0.000000
vt -1.403509 0.026180 0.000000
vt -1.964912 0.013090 0.000000
vt -2.807018 0.026180 0.000000
vt -2.807018 0.039270 0.000000
vt -2.807018 0.052360 0.000000
vt -2.807018 0.065450 0.000000
vt -3.368421 0.013090 0.000000
vt -3.649123 0.013090 0.000000
vt -3.929825 0.013090 0.000000
vt -3.929825 0.026180 0.000000
vt -4.210526 0.026180 0.000000
vt -4.210526 0.039270 0.000000
vt -3.649123 0.026180 0.000000
vt -4.210526 0.013090 0.000000
vt -5.052632 0.026180 0.000000
vt -5.052632 0.039270 0.000000
vt -5.052632 0.052360 0.000000
vt -5.052632 0.065450 0.000000
vt -5.614035 0.013090 0.000000
vt -5.894737 0.013090 0.000000
vt -6.175439 0.013090 0.000000
vt -6.175439 0.026180 0.000000
vt -6.456140 0.026180 0.000000
vt -6.456140 0.039270 0.000000
vt -5.894737 0.026180 0.000000
vt -6.456140 0.013090 0.000000
vt -7.298246 0.026180 0.000000
vt -7.298246 0.039270 0.000000
vt -7.859649 0.013090 0.000000
vt -8.140351 0.026180 0.000000
vt -8.421053 0.026180 0.000000
vt -8.421053 0.039270 0.000000
vt -9.543860 0.026180 0.000000
vt -9.543860 0.039270 0.000000
vt -9.543860 0.052360 0.000000
vt -9.543860 0.065450 0.000000
vt -10.105263 0.013090 0.000000
vt -10.385965 0.013090 0.000000
vt -10.666667 0.013090 0.000000
vt -10.666667 0.026180 0.000000
vt -10.947368 0.026180 0.000000
vt -10.947368 0.039270 0.000000
vt -10.385965 0.026180 0.000000
vt -10.947368 0.013090 0.000000
vt -11.789474 0.026180 0.000000
vt -11.789474 0.039270 0.000000
vt -11.789474 0.052360 0.000000
vt -11.789474 0.065450 0.000000
vt -12.350877 0.013090 0.000000
vt -12.631579 0.013090 0.000000
vt -12.912281 0.013090 0.000000
vt -12.912281 0.026180 0.000000
vt -13.192982 0.026180 0.000000
vt -13.192982 0.039270 0.000000
vt -12.631579 0.026180 0.000000
vt -13.192982 0.013090 0.000000
vt -14.035088 0.026180 0.000000
vt -14.035088 0.039270 0.000000
vt -14.035088 0.052360 0.000000
vt -14.035088 0.065450 0.000000
vt -14.596491 0.013090 0.000000
vt -14.877193 0.013090 0.000000
vt -15.157895 0.013090 0.000000
vt -15.157895 0.026180 0.000000
vt -15.438596 0.026180 0.000000
vt -15.438596 0.039270 0.000000
vt -14.877193 0.026180 0.000000
vt -15.438596 0.013090 0.000000
vt -0.842105 0.039270 0.000000
vt -1.122807 0.052360 0.000000
vt -1.403509 0.065450 0.000000
vt -1.684211 0.039270 0.000000
vt -3.087719 0.039270 0.000000
vt -3.368421 0.052360 0.000000
vt -3.649123 0.065450 0.000000
vt -3.929825 0.039270 0.000000
vt -5.333333 0.039270 0.000000
vt -5.614035 0.052360 0.000000
vt -5.894737 0.065450 0.000000
vt -6.175439 0.039270 0.000000
vt -7.578947 0.039270 0.000000
vt -7.859649 0.052360 0.000000
vt -8.140351 0.065450 0.000000
vt -8.701754 0.039270 0.000000
vt -9.824561 0.039270 0.000000
vt -10.105263 0.052360 0.000000
vt -10.385965 0.065450 0.000000
vt -10.666667 0.039270 0.000000
vt -12.070175 0.039270 0.000000
vt -12.350877 0.052360 0.000000
vt -12.631579 0.065450 0.000000
vt -12.912281 0.039270 0.000000
vt -14.315789 0.039270 0.000000
vt -14.596491 0.052360 0.000000
vt -14.877193 0.065450 0.000000
vt -15.157895 0.039270 0.000000
vt -0.842105 0.052360 0.000000
vt -0.842105 0.065450 0.000000
vt -1.964912 0.052360 0.000000
vt -3.087719 0.052360 0.000000
vt -3.087719 0.065450 0.000000
vt -4.210526 0.052360 0.000000
vt -5.333333 0.052360 0.000000
vt -5.333333 0.065450 0.000000
vt -6.456140 0.052360 0.000000
vt -7.578947 0.052360 0.000000
vt -8.701754 0.052360 0.000000
vt -9.824561 0.052360 0.000000
vt -9.824561 0.065450 0.000000
vt -10.947368 0.052360 0.000000
vt -12.070175 0.052360 0.000000
vt -12.070175 0.065450 0.000000
vt -13.192982 0.052360 0.000000
vt -14.315789 0.052360 0.000000
vt -14.315789 0.065450 0.000000
vt -15.438596 0.052360 0.000000
vt -1.122807 0.065450 0.000000
vt -3.368421 0.065450 0.000000
vt -5.614035 0.065450 0.000000
vt -10.105263 0.065450 0.000000
vt -12.350877 0.065450 0.000000
vt -14.596491 0.065450 0.000000
vt -0.240633 0.000000 0.000000
vt -0.000000 0.000000 0.000000
vt -0.240633 16.000000 0.000000
vt -0.000000 16.000000 0.000000
vt -0.000000 0.004380 0.000000
vt -0.094118 0.004380 0.000000
vt -0.000000 0.000000 0.000000
vt -0.188235 0.004380 0.000000
vt -0.282353 0.004380 0.000000
vt -0.282353 0.008761 0.000000
vt -0.376471 0.008761 0.000000
vt -0.376471 0.013141 0.000000
vt -0.470588 0.013141 0.000000
vt -0.000000 0.017521 0.000000
vt -0.564706 0.013141 0.000000
vt -0.658824 0.013141 0.000000
vt -0.564706 0.008761 0.000000
vt -0.658824 0.008761 0.000000
vt -0.564706 0.004380 0.000000
vt -0.658824 0.004380 0.000000
vt -0.752941 0.004380 0.000000
vt -0.847059 0.004380 0.000000
vt -0.847059 0.008761 0.000000
vt -0.941176 0.008761 0.000000
vt -0.941176 0.013141 0.000000
vt -1.035294 0.013141 0.000000
vt -1.129412 0.013141 0.000000
vt -1.223529 0.013141 0.000000
vt -1.129412 0.008761 0.000000
vt -1.223529 0.008761 0.000000
vt -1.129412 0.004380 0.000000
vt -1.223529 0.004380 0.000000
vt -1.317647 0.004380 0.000000
vt -1.411765 0.004380 0.000000
vt -1.411765 0.008761 0.000000
vt -1.505882 0.008761 0.000000
vt -1.505882 0.013141 0.000000
vt -1.600000 0.013141 0.000000
vt -1.694118 0.013141 0.000000
vt -1.788235 0.013141 0.000000
vt -1.694118 0.008761 0.000000
vt -1.788235 0.008761 0.000000
vt -1.694118 0.004380 0.000000
vt -1.788235 0.004380 0.000000
vt -1.882353 0.004380 0.000000
vt -1.976471 0.004380 0.000000
vt -1.976471 0.008761 0.000000
vt -2.070588 0.008761 0.000000
vt -2.070588 0.013141 0.000000
vt -2.164706 0.013141 0.000000
vt -2.258824 0.013141 0.000000
vt -2.352941 0.013141 0.000000
vt -2.258824 0.008761 0.000000
vt -2.352941 0.008761 0.000000
vt -2.258824 0.004380 0.000000
vt -2.352941 0.004380 0.000000
vt -2.447059 0.004380 0.000000
vt -2.541176 0.004380 0.000000
vt -2.541176 0.008761 0.000000
vt -2.635294 0.008761 0.000000
vt -2.635294 0.013141 0.000000
vt -2.729412 0.013141 0.000000
vt -2.823529 0.013141 0.000000
vt -2.917647 0.013141 0.000000
vt -2.823529 0.008761 0.000000
vt -2.917647 0.008761 0.000000
vt -2.823529 0.004380 0.000000
vt -2.917647 0.004380 0.000000
vt -3.011765 0.004380 0.000000
vt -3.105882 0.004380 0.000000
vt -3.105882 0.008761 0.000000
vt -3.200000 0.008761 0.000000
vt -3.200000 0.013141 0.000000
vt -3.294118 0.013141 0.000000
vt -3.388235 0.013141 0.000000
vt -3.482353 0.013141 0.000000
vt -3.388235 0.008761 0.000000
vt -3.482353 0.008761 0.000000
vt -3.388235 0.004380 0.000000
vt -3.482353 0.004380 0.000000
vt -3.576471 0.004380 0.000000
vt -3.670588 0.004380 0.000000
vt -3.670588 0.008761 0.000000
vt -3.764706 0.008761 0.000000
vt -3.764706 0.013141 0.000000
vt -3.858824 0.013141 0.000000
vt -3.952941 0.013141 0.000000
vt -4.047059 0.013141 0.000000
vt -3.952941 0.008761 0.000000
vt -4.047059 0.008761 0.000000
vt -3.952941 0.004380 0.000000
vt -4.047059 0.004380 0.000000
vt -4.141176 0.004380 0.000000
vt -4.235294 0.004380 0.000000
vt -4.235294 0.008761 0.000000
vt -4.329412 0.008761 0.000000
vt -4.329412 0.013141 0.000000
vt -4.423529 0.013141 0.000000
vt -4.517647 0.013141 0.000000
vt -4.611765 0.013141 0.000000
vt -4.517647 0.008761 0.000000
vt -4.611765 0.008761 0.000000
vt -4.517647 0.004380 0.000000
vt -4.611765 0.004380 0.000000
vt -4.705882 0.004380 0.000000
vt -4.800000 0.004380 0.000000
vt -4.800000 0.008761 0.000000
vt -4.894118 0.008761 0.000000
vt -4.894118 0.013141 0.000000
vt -4.988235 0.013141 0.000000
vt -5.082353 0.013141 0.000000
vt -5.176471 0.013141 0.000000
vt -5.082353 0.008761 0.000000
vt -5.176471 0.008761 0.000000
vt -5.082353 0.004380 0.000000
vt -5.176471 0.004380 0.000000
vt -5.270588 0.004380 0.000000
vt -5.364706 0.004380 0.000000
vt -5.364706 0.008761 0.000000
vt -5.458824 0.008761 0.000000
vt -5.458824 0.013141 0.000000
vt -5.552941 0.013141 0.000000
vt -5.647059 0.013141 0.000000
vt -5.741176 0.013141 0.000000
vt -5.647059 0.008761 0.000000
vt -5.741176 0.008761 0.000000
vt -5.647059 0.004380 0.000000
vt -5.741176 0.004380 0.000000
vt -5.835294 0.004380 0.000000
vt -5.929412 0.004380 0.000000
vt -5.929412 0.008761 0.000000
vt -6.023529 0.008761 0.000000
vt -6.023529 0.013141 0.000000
vt -6.117647 0.013141 0.000000
vt -6.211765 0.013141 0.000000
vt -6.305882 0.013141 0.000000
vt -6.211765 0.008761 0.000000
vt -6.305882 0.008761 0.000000
vt -6.211765 0.004380 0.000000
vt -6.305882 0.004380 0.000000
vt -6.400000 0.004380 0.000000
vt -6.494118 0.004380 0.000000
vt -6.494118 0.008761 0.000000
vt -6.588235 0.008761 0.000000
vt -6.588235 0.013141 0.000000
vt -6.682353 0.013141 0.000000
vt -6.776471 0.013141 0.000000
vt -6.870588 0.013141 0.000000
vt -6.776471 0.008761 0.000000
vt -6.870588 0.008761 0.000000
vt -6.776471 0.004380 0.000000
vt -6.870588 0.004380 0.000000
vt -6.964706 0.004380 0.000000
vt -7.058824 0.004380 0.000000
vt -7.058824 0.008761 0.000000
vt -7.152941 0.008761 0.000000
vt -7.152941 0.013141 0.000000
vt -7.247059 0.013141 0.000000
vt -7.341176 0.013141 0.000000
vt -7.435294 0.013141 0.000000
vt -7.341176 0.008761 0.000000
vt -7.435294 0.008761 0.000000
vt -7.341176 0.004380 0.000000
vt -7.435294 0.004380 0.000000
vt -7.529412 0.004380 0.000000
vt -7.623529 0.004380 0.000000
vt -7.623529 0.008761 0.000000
vt -7.717647 0.008761 0.000000
vt -7.717647 0.013141 0.000000
vt -7.811765 0.013141 0.000000
vt -7.905882 0.013141 0.000000
vt -8.000000 0.013141 0.000000
vt -7.905882 0.008761 0.000000
vt -8.000000 0.008761 0.000000
vt -7.905882 0.004380 0.000000
vt -8.000000 0.004380 0.000000
vt -16.000000 0.000000 0.000000
vt -8.094118 0.004380 0.000000
vt -8.188235 0.004380 0.000000
vt -8.188235 0.008761 0.000000
vt -8.282353 0.008761 0.000000
vt -8.282353 0.013141 0.000000
vt -8.376471 0.013141 0.000000
vt -16.000000 0.017521 0.000000
vt -8.470588 0.013141 0.000000
vt -8.564706 0.013141 0.000000
vt -8.470588 0.008761 0.000000
vt -8.564706 0.008761 0.000000
vt -8.470588 0.004380 0.000000
vt -8.564706 0.004380 0.000000
vt -8.658824 0.004380 0.000000
vt -8.752941 0.004380 0.000000
vt -8.752941 0.008761 0.000000
vt -8.847059 0.008761 0.000000
vt -8.847059 0.013141 0.000000
vt -8.941176 0.013141 0.000000
vt -9.035294 0.013141 0.000000
vt -9.129412 0.013141 0.000000
vt -9.035294 0.008761 0.000000
vt -9.129412 0.008761 0.000000
vt -9.035294 0.004380 0.000000
vt -9.129412 0.004380 0.000000
vt -9.223529 0.004380 0.000000
vt -9.317647 0.004380 0.000000
vt -9.317647 0.008761 0.000000
vt -9.411765 0.008761 0.000000
vt -9.411765 0.013141 0.000000
vt -9.505882 0.013141 0.000000
vt -9.600000 0.013141 0.000000
vt -9.694118 0.013141 0.000000
vt -9.600000 0.008761 0.000000
vt -9.694118 0.008761 0.000000
vt -9.600000 0.004380 0.000000
vt -9.694118 0.004380 0.000000
vt -9.788235 0.004380 0.000000
vt -9.882353 0.004380 0.000000
vt -9.882353 0.008761 0.000000
vt -9.976471 0.008761 0.000000
vt -9.976471 0.013141 0.000000
vt -10.070588 0.013141 0.000000
vt -10.164706 0.013141 0.000000
vt -10.258824 0.013141 0.000000
vt -10.164706 0.008761 0.000000
vt -10.258824 0.008761 0.000000
vt -10.164706 0.004380 0.000000
vt -10.258824 0.004380 0.000000
vt -10.352941 0.004380 0.000000
vt -10.447059 0.004380 0.000000
vt -10.447059 0.008761 0.000000
vt -10.541176 0.008761 0.000000
vt -10.541176 0.013141 0.000000
vt -10.635294 0.013141 0.000000
vt -10.729412 0.013141 0.000000
vt -10.823529 0.013141 0.000000
vt -10.729412 0.008761 0.000000
vt -10.823529 0.008761 0.000000
vt -10.729412 0.004380 0.000000
vt -10.823529 0.004380 0.000000
vt -10.917647 0.004380 0.000000
vt -11.011765 0.004380 0.000000
vt -11.011765 0.008761 0.000000
vt -11.105882 0.008761 0.000000
vt -11.105882 0.013141 0.000000
vt -11.200000 0.013141 0.000000
vt -11.294118 0.013141 0.000000
vt -11.388235 0.013141 0.000000
vt -11.294118 0.008761 0.000000
vt -11.388235 0.008761 0.000000
vt -11.294118 0.004380 0.000000
vt -11.388235 0.004380 0.000000
vt -11.482353 0.004380 0.000000
vt -11.576471 0.004380 0.000000
vt -11.576471 0.008761 0.000000
vt -11.670588 0.008761 0.000000
vt -11.670588 0.013141 0.000000
vt -11.764706 0.013141 0.000000
vt -11.858824 0.013141 0.000000
vt -11.952941 0.013141 0.000000
vt -11.858824 0.008761 0.000000
vt -11.952941 0.008761 0.000000
vt -11.858824 0.004380 0.000000
vt -11.952941 0.004380 0.000000
vt -12.047059 0.004380 0.000000
vt -12.141176 0.004380 0.000000
vt -12.141176 0.008761 0.000000
vt -12.235294 0.008761 0.000000
vt -12.235294 0.013141 0.000000
vt -12.329412 0.013141 0.000000
vt -12.423529 0.013141 0.000000
vt -12.517647 0.013141 0.000000
vt -12.423529 0.008761 0.000000
vt -12.517647 0.008761 0.000000
vt -12.423529 0.004380 0.000000
vt -12.517647 0.004380 0.000000
vt -12.611765 0.004380 0.000000
vt -12.705882 0.004380 0.000000
vt -12.705882 0.008761 0.000000
vt -12.800000 0.008761 0.000000
vt -12.800000 0.013141 0.000000
vt -12.894118 0.013141 0.000000
vt -12.988235 0.013141 0.000000
vt -13.082353 0.013141 0.000000
vt -12.988235 0.008761 0.000000
vt -13.082353 0.008761 0.000000
vt -12.988235 0.004380 0.000000
vt -13.082353 0.004380 0.000000
vt -13.176471 0.004380 0.000000
vt -13.270588 0.004380 0.000000
vt -13.270588 0.008761 0.000000
vt -13.364706 0.008761 0.000000
vt -13.364706 0.013141 0.000000
vt -13.458824 0.013141 0.000000
vt -13.552941 0.013141 0.000000
vt -13.647059 0.013141 0.000000
vt -13.552941 0.008761 0.000000
vt -13.647059 0.008761 0.000000
vt -13.552941 0.004380 0.000000
vt -13.647059 0.004380 0.000000
vt -13.741176 0.004380 0.000000
vt -13.835294 0.004380 0.000000
vt -13.835294 0.008761 0.000000
vt -13.929412 0.008761 0.000000
vt -13.929412 0.013141 0.000000
vt -14.023529 0.013141 0.000000
vt -14.117647 0.013141 0.000000
vt -14.211765 0.013141 0.000000
vt -14.117647 0.008761 0.000000
vt -14.211765 0.008761 0.000000
vt -14.117647 0.004380 0.000000
vt -14.211765 0.004380 0.000000
vt -14.305882 0.004380 0.000000
vt -14.400000 0.004380 0.000000
vt -14.400000 0.008761 0.000000
vt -14.494118 0.008761 0.000000
vt -14.494118 0.013141 0.000000
vt -14.588235 0.013141 0.000000
vt -14.682353 0.013141 0.000000
vt -14.776471 0.013141 0.000000
vt -14.682353 0.008761 0.000000
vt -14.776471 0.008761 0.000000
vt -14.682353 0.004380 0.000000
vt -14.776471 0.004380 0.000000
vt -14.870588 0.004380 0.000000
vt -14.964706 0.004380 0.000000
vt -14.964706 0.008761 0.000000
vt -15.058824 0.008761 0.000000
vt -15.058824 0.013141 0.000000
vt -15.152941 0.013141 0.000000
vt -15.247059 0.013141 0.000000
vt -15.341176 0.013141 0.000000
vt -15.247059 0.008761 0.000000
vt -15.341176 0.008761 0.000000
vt -15.247059 0.004380 0.000000
vt -15.341176 0.004380 0.000000
vt -15.435294 0.004380 0.000000
vt -15.529412 0.004380 0.000000
vt -15.529412 0.008761 0.000000
vt -15.623529 0.008761 0.000000
vt -15.623529 0.013141 0.000000
vt -15.717647 0.013141 0.000000
vt -15.811765 0.013141 0.000000
vt -15.905882 0.013141 0.000000
vt -15.811765 0.008761 0.000000
vt -15.905882 0.008761 0.000000
vt -15.811765 0.004380 0.000000
vt -15.905882 0.004380 0.000000
vt -16.000000 0.004380 0.000000
vt -16.000000 0.008761 0.000000
vt -16.000000 0.013141 0.000000
vt -0.094118 0.008761 0.000000
vt -0.000000 0.008761 0.000000
vt -0.094118 0.013141 0.000000
vt -0.000000 0.013141 0.000000
vt -8.094118 0.013141 0.000000
vt -8.094118 0.008761 0.000000
vt -0.188235 0.008761 0.000000
vt -0.188235 0.013141 0.000000
vt -0.376471 0.004380 0.000000
vt -0.470588 0.004380 0.000000
vt -0.470588 0.008761 0.000000
vt -0.752941 0.008761 0.000000
vt -0.752941 0.013141 0.000000
vt -0.941176 0.004380 0.000000
vt -1.035294 0.004380 0.000000
vt -1.035294 0.008761 0.000000
vt -1.317647 0.008761 0.000000
vt -1.317647 0.013141 0.000000
vt -1.505882 0.004380 0.000000
vt -1.600000 0.004380 0.000000
vt -1.600000 0.008761 0.000000
vt -1.882353 0.008761 0.000000
vt -1.882353 0.013141 0.000000
vt -2.070588 0.004380 0.000000
vt -2.164706 0.004380 0.000000
vt -2.164706 0.008761 0.000000
vt -2.447059 0.008761 0.000000
vt -2.447059 0.013141 0.000000
vt -2.635294 0.004380 0.000000
vt -2.729412 0.004380 0.000000
vt -2.729412 0.008761 0.000000
vt -3.011765 0.008761 0.000000
vt -3.011765 0.013141 0.000000
vt -3.200000 0.004380 0.000000
vt -3.294118 0.004380 0.000000
vt -3.294118 0.008761 0.000000
vt -3.576471 0.008761 0.000000
vt -3.576471 0.013141 0.000000
vt -3.764706 0.004380 0.000000
vt -3.858824 0.004380 0.000000
vt -3.858824 0.008761 0.000000
vt -4.141176 0.008761 0.000000
vt -4.141176 0.013141 0.000000
vt -4.329412 0.004380 0.000000
vt -4.423529 0.004380 0.000000
vt -4.423529 0.008761 0.000000
vt -4.705882 0.008761 0.000000
vt -4.705882 0.013141 0.000000
vt -4.894118 0.004380 0.000000
vt -4.988235 0.004380 0.000000
vt -4.988235 0.008761 0.000000
vt -5.270588 0.008761 0.000000
vt -5.270588 0.013141 0.000000
vt -5.458824 0.004380 0.000000
vt -5.552941 0.004380 0.000000
vt -5.552941 0.008761 0.000000
vt -5.835294 0.008761 0.000000
vt -5.835294 0.013141 0.000000
vt -6.023529 0.004380 0.000000
vt -6.117647 0.004380 0.000000
vt -6.117647 0.008761 0.000000
vt -6.400000 0.008761 0.000000
vt -6.400000 0.013141 0.000000
vt -6.588235 0.004380 0.000000
vt -6.682353 0.004380 0.000000
vt -6.682353 0.008761 0.000000
vt -6.964706 0.008761 0.000000
vt -6.964706 0.013141 0.000000
vt -7.152941 0.004380 0.000000
vt -7.247059 0.004380 0.000000
vt -7.247059 0.008761 0.000000
vt -7.529412 0.008761 0.000000
vt -7.529412 0.013141 0.000000
vt -7.717647 0.004380 0.000000
vt -7.811765 0.004380 0.000000
vt -7.811765 0.008761 0.000000
vt -8.282353 0.004380 0.000000
vt -8.376471 0.004380 0.000000
vt -8.376471 0.008761 0.000000
vt -8.658824 0.008761 0.000000
vt -8.658824 0.013141 0.000000
vt -8.847059 0.004380 0.000000
vt -8.941176 0.004380 0.000000
vt -8.941176 0.008761 0.000000
vt -9.223529 0.008761 0.000000
vt -9.223529 0.013141 0.000000
vt -9.411765 0.004380 0.000000
vt -9.505882 0.004380 0.000000
vt -9.505882 0.008761 0.000000
vt -9.788235 0.008761 0.000000
vt -9.788235 0.013141 0.000000
vt -9.976471 0.004380 0.000000
vt -10.070588 0.004380 0.000000
vt -10.070588 0.008761 0.000000
vt -10.352941 0.008761 0.000000
vt -10.352941 0.013141 0.000000
vt -10.541176 0.004380 0.000000
vt -10.635294 0.004380 0.000000
vt -10.635294 0.008761 0.000000
vt -10.917647 0.008761 0.000000
vt -10.917647 0.013141 0.000000
vt -11.105882 0.004380 0.000000
vt -11.200000 0.004380 0.000000
vt -11.200000 0.008761 0.000000
vt -11.482353 0.008761 0.000000
vt -11.482353 0.013141 0.000000
vt -11.670588 0.004380 0.000000
vt -11.764706 0.004380 0.000000
vt -11.764706 0.008761 0.000000
vt -12.047059 0.008761 0.000000
vt -12.047059 0.013141 0.000000
vt -12.235294 0.004380 0.000000
vt -12.329412 0.004380 0.000000
vt -12.329412 0.008761 0.000000
vt -12.611765 0.008761 0.000000
vt -12.611765 0.013141 0.000000
vt -12.800000 0.004380 0.000000
vt -12.894118 0.004380 0.000000
vt -12.894118 0.008761 0.000000
vt -13.176471 0.008761 0.000000
vt -13.176471 0.013141 0.000000
vt -13.364706 0.004380 0.000000
vt -13.458824 0.004380 0.000000
vt -13.458824 0.008761 0.000000
vt -13.741176 0.008761 0.000000
vt -13.741176 0.013141 0.000000
vt -13.929412 0.004380 0.000000
vt -14.023529 0.004380 0.000000
vt -14.023529 0.008761 0.000000
vt -14.305882 0.008761 0.000000
vt -14.305882 0.013141 0.000000
vt -14.494118 0.004380 0.000000
vt -14.588235 0.004380 0.000000
vt -14.588235 0.008761 0.000000
vt -14.870588 0.008761 0.000000
vt -14.870588 0.013141 0.000000
vt -15.058824 0.004380 0.000000
vt -15.152941 0.004380 0.000000
vt -15.152941 0.008761 0.000000
vt -15.435294 0.008761 0.000000
vt -15.435294 0.013141 0.000000
vt -15.623529 0.004380 0.000000
vt -15.717647 0.004380 0.000000
vt -15.717647 0.008761 0.000000
vt -0.282353 0.013141 0.000000
vt -0.847059 0.013141 0.000000
vt -1.411765 0.013141 0.000000
vt -1.976471 0.013141 0.000000
vt -2.541176 0.013141 0.000000
vt -3.105882 0.013141 0.000000
vt -3.670588 0.013141 0.000000
vt -4.235294 0.013141 0.000000
vt -4.800000 0.013141 0.000000
vt -5.364706 0.013141 0.000000
vt -5.929412 0.013141 0.000000
vt -6.494118 0.013141 0.000000
vt -7.058824 0.013141 0.000000
vt -7.623529 0.013141 0.000000
vt -8.188235 0.013141 0.000000
vt -8.752941 0.013141 0.000000
vt -9.317647 0.013141 0.000000
vt -9.882353 0.013141 0.000000
vt -10.447059 0.013141 0.000000
vt -11.011765 0.013141 0.000000
vt -11.576471 0.013141 0.000000
vt -12.141176 0.013141 0.000000
vt -12.705882 0.013141 0.000000
vt -13.270588 0.013141 0.000000
vt -13.835294 0.013141 0.000000
vt -14.400000 0.013141 0.000000
vt -14.964706 0.013141 0.000000
vt -15.529412 0.013141 0.000000
vt -0.087869 0.000000 0.000000
vt -0.000000 0.000000 0.000000
vt -0.087869 16.000000 0.000000
vt 0.000000 16.000000 0.000000
vt 0.000000 0.026180 0.000000
vt -0.551724 0.026180 0.000000
vt 0.000000 0.000000 0.000000
vt -1.103448 0.026180 0.000000
vt -1.655172 0.026180 0.000000
vt -1.655172 0.052360 0.000000
vt -2.206897 0.052360 0.000000
vt -2.206897 0.078540 0.000000
vt -2.758621 0.078540 0.000000
vt -2.758621 0.104720 0.000000
vt -3.310345 0.104720 0.000000
vt -3.310345 0.130900 0.000000
vt -3.862069 0.130900 0.000000
vt 0.000000 0.157080 0.000000
vt -4.413793 0.130900 0.000000
vt -4.965517 0.130900 0.000000
vt -4.413793 0.104720 0.000000
vt -4.965517 0.104720 0.000000
vt -4.413793 0.078540 0.000000
vt -4.965517 0.078540 0.000000
vt -4.413793 0.052360 0.000000
vt -4.965517 0.052360 0.000000
vt -4.413793 0.026180 0.000000
vt -4.965517 0.026180 0.000000
vt -5.517241 0.026180 0.000000
vt -6.068966 0.026180 0.000000
vt -6.068966 0.052360 0.000000
vt -6.620690 0.052360 0.000000
vt -6.620690 0.078540 0.000000
vt -7.172414 0.078540 0.000000
vt -7.172414 0.104720 0.000000
vt -7.724138 0.104720 0.000000
vt -7.724138 0.130900 0.000000
vt -8.275862 0.130900 0.000000
vt -16.000000 0.157080 0.000000
vt -8.827586 0.130900 0.000000
vt -9.379310 0.130900 0.000000
vt -8.827586 0.104720 0.000000
vt -9.379310 0.104720 0.000000
vt -8.827586 0.078540 0.000000
vt -9.379310 0.078540 0.000000
vt -8.827586 0.052360 0.000000
vt -9.379310 0.052360 0.000000
vt -8.827586 0.026180 0.000000
vt -9.379310 0.026180 0.000000
vt -16.000000 -0.000000 0.000000
vt -9.931034 0.026180 0.000000
vt -10.482759 0.026180 0.000000
vt -10.482759 0.052360 0.000000
vt -11.034483 0.052360 0.000000
vt -11.034483 0.078540 0.000000
vt -11.586207 0.078540 0.000000
vt -11.586207 0.104720 0.000000
vt -12.137931 0.104720 0.000000
vt -12.137931 0.130900 0.000000
vt -12.689655 0.130900 0.000000
vt -13.241379 0.130900 0.000000
vt -13.793103 0.130900 0.000000
vt -13.241379 0.104720 0.000000
vt -13.793103 0.104720 0.000000
vt -13.241379 0.078540 0.000000
vt -13.793103 0.078540 0.000000
vt -13.241379 0.052360 0.000000
vt -13.793103 0.052360 0.000000
vt -13.241379 0.026180 0.000000
vt -13.793103 0.026180 0.000000
vt -14.344828 0.026180 0.000000
vt -14.896552 0.026180 0.000000
vt -14.896552 0.052360 0.000000
vt -15.448276 0.052360 0.000000
vt -15.448276 0.078540 0.000000
vt -16.000000 0.078540 0.000000
vt -16.000000 0.104720 0.000000
vt -15.448276 0.104720 0.000000
vt -16.000000 0.130900 0.000000
vt -15.448276 0.130900 0.000000
vt -14.896552 0.130900 0.000000
vt -14.344828 0.130900 0.000000
vt -14.344828 0.104720 0.000000
vt -0.551724 0.052360 0.000000
vt 0.000000 0.052360 0.000000
vt -0.551724 0.078540 0.000000
vt 0.000000 0.078540 0.000000
vt -0.551724 0.104720 0.000000
vt 0.000000 0.104720 0.000000
vt -0.551724 0.130900 0.000000
vt 0.000000 0.130900 0.000000
vt -7.172414 0.130900 0.000000
vt -6.620690 0.130900 0.000000
vt -6.620690 0.104720 0.000000
vt -6.068966 0.104720 0.000000
vt -6.068966 0.078540 0.000000
vt -5.517241 0.078540 0.000000
vt -5.517241 0.052360 0.000000
vt -16.000000 0.052360 0.000000
vt -15.448276 0.026180 0.000000
vt -16.000000 0.026180 0.000000
vt -8.275862 0.026180 0.000000
vt -7.724138 0.026180 0.000000
vt -7.172414 0.026180 0.000000
vt -7.724138 0.052360 0.000000
vt -7.172414 0.052360 0.000000
vt -7.724138 0.078540 0.000000
vt -1.103448 0.052360 0.000000
vt -1.103448 0.078540 0.000000
vt -1.103448 0.104720 0.000000
vt -1.103448 0.130900 0.000000
vt -2.206897 0.026180 0.000000
vt -2.758621 0.026180 0.000000
vt -3.310345 0.026180 0.000000
vt -3.310345 0.052360 0.000000
vt -3.862069 0.052360 0.000000
vt -3.862069 0.078540 0.000000
vt -2.758621 0.052360 0.000000
vt -3.862069 0.026180 0.000000
vt -6.620690 0.026180 0.000000
vt -8.275862 0.052360 0.000000
vt -8.275862 0.078540 0.000000
vt -8.275862 0.104720 0.000000
vt -9.931034 0.052360 0.000000
vt -9.931034 0.078540 0.000000
vt -9.931034 0.104720 0.000000
vt -9.931034 0.130900 0.000000
vt -11.034483 0.026180 0.000000
vt -11.586207 0.026180 0.000000
vt -12.137931 0.026180 0.000000
vt -12.137931 0.052360 0.000000
vt -12.689655 0.052360 0.000000
vt -12.689655 0.078540 0.000000
vt -11.586207 0.052360 0.000000
vt -12.689655 0.026180 0.000000
vt -14.344828 0.052360 0.000000
vt -14.344828 0.078540 0.000000
vt -1.655172 0.078540 0.000000
vt -2.206897 0.104720 0.000000
vt -2.758621 0.130900 0.000000
vt -3.310345 0.078540 0.000000
vt -10.482759 0.078540 0.000000
vt -11.034483 0.104720 0.000000
vt -11.586207 0.130900 0.000000
vt -12.137931 0.078540 0.000000
vt -14.896552 0.078540 0.000000
vt -1.655172 0.104720 0.000000
vt -1.655172 0.130900 0.000000
vt -3.862069 0.104720 0.000000
vt -5.517241 0.104720 0.000000
vt -5.517241 0.130900 0.000000
vt -10.482759 0.104720 0.000000
vt -10.482759 0.130900 0.000000
vt -12.689655 0.104720 0.000000
vt -14.896552 0.104720 0.000000
vt -2.206897 0.130900 0.000000
vt -6.068966 0.130900 0.000000
vt -11.034483 0.130900 0.000000
vt 27.000000 0.022401 0.000000
vt 26.529412 0.022401 0.000000
vt 27.000000 0.000000 0.000000
vt 26.058824 0.022401 0.000000
vt 25.588235 0.022401 0.000000
vt 25.588235 0.044803 0.000000
vt 25.117647 0.044803 0.000000
vt 25.117647 0.067204 0.000000
vt 24.647059 0.067204 0.000000
vt 27.000000 0.089606 0.000000
vt 24.176471 0.067204 0.000000
vt 23.705882 0.067204 0.000000
vt 24.176471 0.044803 0.000000
vt 23.705882 0.044803 0.000000
vt 24.176471 0.022401 0.000000
vt 23.705882 0.022401 0.000000
vt 23.235294 0.022401 0.000000
vt 22.764706 0.022401 0.000000
vt 22.764706 0.044803 0.000000
vt 22.294118 0.044803 0.000000
vt 22.294118 0.067204 0.000000
vt 21.823529 0.067204 0.000000
vt 21.352941 0.067204 0.000000
vt 20.882353 0.067204 0.000000
vt 21.352941 0.044803 0.000000
vt 20.882353 0.044803 0.000000
vt 21.352941 0.022401 0.000000
vt 20.882353 0.022401 0.000000
vt 20.411765 0.022401 0.000000
vt 19.941176 0.022401 0.000000
vt 19.941176 0.044803 0.000000
vt 19.470588 0.044803 0.000000
vt 19.470588 0.067204 0.000000
vt 19.000000 0.067204 0.000000
vt 11.000000 0.089606 0.000000
vt 26.529412 0.044803 0.000000
vt 27.000000 0.044803 0.000000
vt 26.529412 0.067204 0.000000
vt 27.000000 0.067204 0.000000
vt 11.000000 0.067204 0.000000
vt 11.470588 0.067204 0.000000
vt 11.941176 0.067204 0.000000
vt 12.411765 0.067204 0.000000
vt 12.411765 0.044803 0.000000
vt 12.882353 0.044803 0.000000
vt 12.882353 0.022401 0.000000
vt 13.352941 0.022401 0.000000
vt 11.000000 -0.000000 0.000000
vt 13.823529 0.022401 0.000000
vt 14.294118 0.022401 0.000000
vt 13.823529 0.044803 0.000000
vt 14.294118 0.044803 0.000000
vt 13.823529 0.067204 0.000000
vt 14.294118 0.067204 0.000000
vt 14.764706 0.067204 0.000000
vt 15.235294 0.067204 0.000000
vt 15.235294 0.044803 0.000000
vt 15.705882 0.044803 0.000000
vt 15.705882 0.022401 0.000000
vt 16.176471 0.022401 0.000000
vt 16.647059 0.022401 0.000000
vt 17.117647 0.022401 0.000000
vt 16.647059 0.044803 0.000000
vt 17.117647 0.044803 0.000000
vt 16.647059 0.067204 0.000000
vt 17.117647 0.067204 0.000000
vt 17.588235 0.067204 0.000000
vt 18.058824 0.067204 0.000000
vt 18.058824 0.044803 0.000000
vt 18.529412 0.044803 0.000000
vt 18.529412 0.022401 0.000000
vt 19.000000 0.022401 0.000000
vt 11.470588 0.044803 0.000000
vt 11.000000 0.044803 0.000000
vt 11.470588 0.022401 0.000000
vt 11.000000 0.022401 0.000000
vt 26.058824 0.044803 0.000000
vt 26.058824 0.067204 0.000000
vt 25.117647 0.022401 0.000000
vt 24.647059 0.022401 0.000000
vt 24.647059 0.044803 0.000000
vt 23.235294 0.044803 0.000000
vt 23.235294 0.067204 0.000000
vt 22.294118 0.022401 0.000000
vt 21.823529 0.022401 0.000000
vt 21.823529 0.044803 0.000000
vt 20.411765 0.044803 0.000000
vt 20.411765 0.067204 0.000000
vt 19.470588 0.022401 0.000000
vt 19.000000 0.044803 0.000000
vt 18.058824 0.022401 0.000000
vt 17.588235 0.022401 0.000000
vt 17.588235 0.044803 0.000000
vt 16.176471 0.044803 0.000000
vt 16.176471 0.067204 0.000000
vt 15.235294 0.022401 0.000000
vt 14.764706 0.022401 0.000000
vt 14.764706 0.044803 0.000000
vt 13.352941 0.044803 0.000000
vt 13.352941 0.067204 0.000000
vt 12.411765 0.022401 0.000000
vt 11.941176 0.022401 0.000000
vt 11.941176 0.044803 0.000000
vt 25.588235 0.067204 0.000000
vt 22.764706 0.067204 0.000000
vt 19.941176 0.067204 0.000000
vt 18.529412 0.067204 0.000000
vt 15.705882 0.067204 0.000000
vt 12.882353 0.067204 0.000000
vt 0.000000 27.000000 0.000000
vt -0.334152 27.000000 0.000000
vt 0.000000 11.000000 0.000000
vt -0.334152 11.000000 0.000000
vt 27.000000 0.025847 0.000000
vt 26.448276 0.025847 0.000000
vt 27.000000 0.000000 0.000000
vt 25.896552 0.025847 0.000000
vt 25.344828 0.025847 0.000000
vt 25.344828 0.051693 0.000000
vt 24.793103 0.051693 0.000000
vt 24.793103 0.077540 0.000000
vt 24.241379 0.077540 0.000000
vt 24.241379 0.103387 0.000000
vt 23.689655 0.103387 0.000000
vt 23.689655 0.129233 0.000000
vt 23.137931 0.129233 0.000000
vt 27.000000 0.155080 0.000000
vt 22.586207 0.129233 0.000000
vt 22.034483 0.129233 0.000000
vt 22.586207 0.103387 0.000000
vt 22.034483 0.103387 0.000000
vt 22.586207 0.077540 0.000000
vt 22.034483 0.077540 0.000000
vt 22.586207 0.051693 0.000000
vt 22.034483 0.051693 0.000000
vt 22.586207 0.025847 0.000000
vt 22.034483 0.025847 0.000000
vt 21.482759 0.025847 0.000000
vt 20.931034 0.025847 0.000000
vt 20.931034 0.051693 0.000000
vt 20.379310 0.051693 0.000000
vt 20.379310 0.077540 0.000000
vt 19.827586 0.077540 0.000000
vt 19.827586 0.103387 0.000000
vt 19.275862 0.103387 0.000000
vt 19.275862 0.129233 0.000000
vt 18.724138 0.129233 0.000000
vt 11.000000 0.155080 0.000000
vt 18.172414 0.129233 0.000000
vt 17.620690 0.129233 0.000000
vt 18.172414 0.103387 0.000000
vt 17.620690 0.103387 0.000000
vt 18.172414 0.077540 0.000000
vt 17.620690 0.077540 0.000000
vt 18.172414 0.051693 0.000000
vt 17.620690 0.051693 0.000000
vt 18.172414 0.025847 0.000000
vt 17.620690 0.025847 0.000000
vt 11.000000 -0.000000 0.000000
vt 17.068966 0.025847 0.000000
vt 16.517241 0.025847 0.000000
vt 16.517241 0.051693 0.000000
vt 15.965517 0.051693 0.000000
vt 15.965517 0.077540 0.000000
vt 15.413793 0.077540 0.000000
vt 15.413793 0.103387 0.000000
vt 14.862069 0.103387 0.000000
vt 14.862069 0.129233 0.000000
vt 14.310345 0.129233 0.000000
vt 13.758621 0.129233 0.000000
vt 13.206897 0.129233 0.000000
vt 13.758621 0.103387 0.000000
vt 13.206897 0.103387 0.000000
vt 13.758621 0.077540 0.000000
vt 13.206897 0.077540 0.000000
vt 13.758621 0.051693 0.000000
vt 13.206897 0.051693 0.000000
vt 13.758621 0.025847 0.000000
vt 13.206897 0.025847 0.000000
vt 12.655172 0.025847 0.000000
vt 12.103448 0.025847 0.000000
vt 12.103448 0.051693 0.000000
vt 11.551724 0.051693 0.000000
vt 11.551724 0.077540 0.000000
vt 11.000000 0.077540 0.000000
vt 11.000000 0.103387 0.000000
vt 11.551724 0.103387 0.000000
vt 11.000000 0.129233 0.000000
vt 11.551724 0.129233 0.000000
vt 12.103448 0.129233 0.000000
vt 12.655172 0.129233 0.000000
vt 12.655172 0.103387 0.000000
vt 26.448276 0.051693 0.000000
vt 27.000000 0.051693 0.000000
vt 26.448276 0.077540 0.000000
vt 27.000000 0.077540 0.000000
vt 26.448276 0.103387 0.000000
vt 27.000000 0.103387 0.000000
vt 26.448276 0.129233 0.000000
vt 27.000000 0.129233 0.000000
vt 19.827586 0.129233 0.000000
vt 20.379310 0.129233 0.000000
vt 20.379310 0.103387 0.000000
vt 20.931034 0.103387 0.000000
vt 20.931034 0.077540 0.000000
vt 21.482759 0.077540 0.000000
vt 21.482759 0.051693 0.000000
vt 11.000000 0.051693 0.000000
vt 11.551724 0.025847 0.000000
vt 11.000000 0.025847 0.000000
vt 18.724138 0.025847 0.000000
vt 19.275862 0.025847 0.000000
vt 19.827586 0.025847 0.000000
vt 19.275862 0.051693 0.000000
vt 19.827586 0.051693 0.000000
vt 19.275862 0.077540 0.000000
vt 25.896552 0.051693 0.000000
vt 25.896552 0.077540 0.000000
vt 25.896552 0.103387 0.000000
vt 25.896552 0.129233 0.000000
vt 24.793103 0.025847 0.000000
vt 24.241379 0.025847 0.000000
vt 23.689655 0.025847 0.000000
vt 23.689655 0.051693 0.000000
vt 23.137931 0.051693 0.000000
vt 23.137931 0.077540 0.000000
vt 24.241379 0.051693 0.000000
vt 23.137931 0.025847 0.000000
vt 20.379310 0.025847 0.000000
vt 18.724138 0.051693 0.000000
vt 18.724138 0.077540 0.000000
vt 18.724138 0.103387 0.000000
vt 17.068966 0.051693 0.000000
vt 17.068966 0.077540 0.000000
vt 17.068966 0.103387 0.000000
vt 17.068966 0.129233 0.000000
vt 15.965517 0.025847 0.000000
vt 15.413793 0.025847 0.000000
vt 14.862069 0.025847 0.000000
vt 14.862069 0.051693 0.000000
vt 14.310345 0.051693 0.000000
vt 14.310345 0.077540 0.000000
vt 15.413793 0.051693 0.000000
vt 14.310345 0.025847 0.000000
vt 12.655172 0.051693 0.000000
vt 12.655172 0.077540 0.000000
vt 25.344828 0.077540 0.000000
vt 24.793103 0.103387 0.000000
vt 24.241379 0.129233 0.000000
vt 23.689655 0.077540 0.000000
vt 16.517241 0.077540 0.000000
vt 15.965517 0.103387 0.000000
vt 15.413793 0.129233 0.000000
vt 14.862069 0.077540 0.000000
vt 12.103448 0.077540 0.000000
vt 25.344828 0.103387 0.000000
vt 25.344828 0.129233 0.000000
vt 23.137931 0.103387 0.000000
vt 21.482759 0.103387 0.000000
vt 21.482759 0.129233 0.000000
vt 16.517241 0.103387 0.000000
vt 16.517241 0.129233 0.000000
vt 14.310345 0.103387 0.000000
vt 12.103448 0.103387 0.000000
vt 24.793103 0.129233 0.000000
vt 20.931034 0.129233 0.000000
vt 15.965517 0.129233 0.000000
vt -0.000000 27.000000 0.000000
vt -0.087869 27.000000 0.000000
vt -0.000000 11.000000 0.000000
vt -0.087869 11.000000 0.000000
vt -27.000000 0.013141 0.000000
vt -26.905882 0.013141 0.000000
vt -27.000000 0.017521 0.000000
vt -26.811765 0.013141 0.000000
vt -26.717647 0.013141 0.000000
vt -26.717647 0.008761 0.000000
vt -26.623529 0.008761 0.000000
vt -26.623529 0.004380 0.000000
vt -26.529412 0.004380 0.000000
vt -27.000000 0.000000 0.000000
vt -26.435294 0.004380 0.000000
vt -26.341176 0.004380 0.000000
vt -26.435294 0.008761 0.000000
vt -26.341176 0.008761 0.000000
vt -26.435294 0.013141 0.000000
vt -26.341176 0.013141 0.000000
vt -26.247059 0.013141 0.000000
vt -26.152941 0.013141 0.000000
vt -26.152941 0.008761 0.000000
vt -26.058824 0.008761 0.000000
vt -26.058824 0.004380 0.000000
vt -25.964706 0.004380 0.000000
vt -25.870588 0.004380 0.000000
vt -25.776471 0.004380 0.000000
vt -25.870588 0.008761 0.000000
vt -25.776471 0.008761 0.000000
vt -25.870588 0.013141 0.000000
vt -25.776471 0.013141 0.000000
vt -25.682353 0.013141 0.000000
vt -25.588235 0.013141 0.000000
vt -25.588235 0.008761 0.000000
vt -25.494118 0.008761 0.000000
vt -25.494118 0.004380 0.000000
vt -25.400000 0.004380 0.000000
vt -25.305882 0.004380 0.000000
vt -25.211765 0.004380 0.000000
vt -25.305882 0.008761 0.000000
vt -25.211765 0.008761 0.000000
vt -25.305882 0.013141 0.000000
vt -25.211765 0.013141 0.000000
vt -25.117647 0.013141 0.000000
vt -25.023529 0.013141 0.000000
vt -25.023529 0.008761 0.000000
vt -24.929412 0.008761 0.000000
vt -24.929412 0.004380 0.000000
vt -24.835294 0.004380 0.000000
vt -24.741176 0.004380 0.000000
vt -24.647059 0.004380 0.000000
vt -24.741176 0.008761 0.000000
vt -24.647059 0.008761 0.000000
vt -24.741176 0.013141 0.000000
vt -24.647059 0.013141 0.000000
vt -24.552941 0.013141 0.000000
vt -24.458824 0.013141 0.000000
vt -24.458824 0.008761 0.000000
vt -24.364706 0.008761 0.000000
vt -24.364706 0.004380 0.000000
vt -24.270588 0.004380 0.000000
vt -24.176471 0.004380 0.000000
vt -24.082353 0.004380 0.000000
vt -24.176471 0.008761 0.000000
vt -24.082353 0.008761 0.000000
vt -24.176471 0.013141 0.000000
vt -24.082353 0.013141 0.000000
vt -23.988235 0.013141 0.000000
vt -23.894118 0.013141 0.000000
vt -23.894118 0.008761 0.000000
vt -23.800000 0.008761 0.000000
vt -23.800000 0.004380 0.000000
vt -23.705882 0.004380 0.000000
vt -23.611765 0.004380 0.000000
vt -23.517647 0.004380 0.000000
vt -23.611765 0.008761 0.000000
vt -23.517647 0.008761 0.000000
vt -23.611765 0.013141 0.000000
vt -23.517647 0.013141 0.000000
vt -23.423529 0.013141 0.000000
vt -23.329412 0.013141 0.000000
vt -23.329412 0.008761 0.000000
vt -23.235294 0.008761 0.000000
vt -23.235294 0.004380 0.000000
vt -23.141176 0.004380 0.000000
vt -23.047059 0.004380 0.000000
vt -22.952941 0.004380 0.000000
vt -23.047059 0.008761 0.000000
vt -22.952941 0.008761 0.000000
vt -23.047059 0.013141 0.000000
vt -22.952941 0.013141 0.000000
vt -22.858824 0.013141 0.000000
vt -22.764706 0.013141 0.000000
vt -22.764706 0.008761 0.000000
vt -22.670588 0.008761 0.000000
vt -22.670588 0.004380 0.000000
vt -22.576471 0.004380 0.000000
vt -22.482353 0.004380 0.000000
vt -22.388235 0.004380 0.000000
vt -22.482353 0.008761 0.000000
vt -22.388235 0.008761 0.000000
vt -22.482353 0.013141 0.000000
vt -22.388235 0.013141 0.000000
vt -22.294118 0.013141 0.000000
vt -22.200000 0.013141 0.000000
vt -22.200000 0.008761 0.000000
vt -22.105882 0.008761 0.000000
vt -22.105882 0.004380 0.000000
vt -22.011765 0.004380 0.000000
vt -21.917647 0.004380 0.000000
vt -21.823529 0.004380 0.000000
vt -21.917647 0.008761 0.000000
vt -21.823529 0.008761 0.000000
vt -21.917647 0.013141 0.000000
vt -21.823529 0.013141 0.000000
vt -21.729412 0.013141 0.000000
vt -21.635294 0.013141 0.000000
vt -21.635294 0.008761 0.000000
vt -21.541176 0.008761 0.000000
vt -21.541176 0.004380 0.000000
vt -21.447059 0.004380 0.000000
vt -21.352941 0.004380 0.000000
vt -21.258824 0.004380 0.000000
vt -21.352941 0.008761 0.000000
vt -21.258824 0.008761 0.000000
vt -21.352941 0.013141 0.000000
vt -21.258824 0.013141 0.000000
vt -21.164706 0.013141 0.000000
vt -21.070588 0.013141 0.000000
vt -21.070588 0.008761 0.000000
vt -20.976471 0.008761 0.000000
vt -20.976471 0.004380 0.000000
vt -20.882353 0.004380 0.000000
vt -20.788235 0.004380 0.000000
vt -20.694118 0.004380 0.000000
vt -20.788235 0.008761 0.000000
vt -20.694118 0.008761 0.000000
vt -20.788235 0.013141 0.000000
vt -20.694118 0.013141 0.000000
vt -20.600000 0.013141 0.000000
vt -20.505882 0.013141 0.000000
vt -20.505882 0.008761 0.000000
vt -20.411765 0.008761 0.000000
vt -20.411765 0.004380 0.000000
vt -20.317647 0.004380 0.000000
vt -20.223529 0.004380 0.000000
vt -20.129412 0.004380 0.000000
vt -20.223529 0.008761 0.000000
vt -20.129412 0.008761 0.000000
vt -20.223529 0.013141 0.000000
vt -20.129412 0.013141 0.000000
vt -20.035294 0.013141 0.000000
vt -19.941176 0.013141 0.000000
vt -19.941176 0.008761 0.000000
vt -19.847059 0.008761 0.000000
vt -19.847059 0.004380 0.000000
vt -19.752941 0.004380 0.000000
vt -19.658824 0.004380 0.000000
vt -19.564706 0.004380 0.000000
vt -19.658824 0.008761 0.000000
vt -19.564706 0.008761 0.000000
vt -19.658824 0.013141 0.000000
vt -19.564706 0.013141 0.000000
vt -19.470588 0.013141 0.000000
vt -19.376471 0.013141 0.000000
vt -19.376471 0.008761 0.000000
vt -19.282353 0.008761 0.000000
vt -19.282353 0.004380 0.000000
vt -19.188235 0.004380 0.000000
vt -19.094118 0.004380 0.000000
vt -19.000000 0.004380 0.000000
vt -19.094118 0.008761 0.000000
vt -19.000000 0.008761 0.000000
vt -19.094118 0.013141 0.000000
vt -19.000000 0.013141 0.000000
vt -11.000000 0.017521 0.000000
vt -18.905882 0.013141 0.000000
vt -18.811765 0.013141 0.000000
vt -18.811765 0.008761 0.000000
vt -18.717647 0.008761 0.000000
vt -18.717647 0.004380 0.000000
vt -18.623529 0.004380 0.000000
vt -11.000000 0.000000 0.000000
vt -18.529412 0.004380 0.000000
vt -18.435294 0.004380 0.000000
vt -18.529412 0.008761 0.000000
vt -18.435294 0.008761 0.000000
vt -18.529412 0.013141 0.000000
vt -18.435294 0.013141 0.000000
vt -18.341176 0.013141 0.000000
vt -18.247059 0.013141 0.000000
vt -18.247059 0.008761 0.000000
vt -18.152941 0.008761 0.000000
vt -18.152941 0.004380 0.000000
vt -18.058824 0.004380 0.000000
vt -17.964706 0.004380 0.000000
vt -17.870588 0.004380 0.000000
vt -17.964706 0.008761 0.000000
vt -17.870588 0.008761 0.000000
vt -17.964706 0.013141 0.000000
vt -17.870588 0.013141 0.000000
vt -17.776471 0.013141 0.000000
vt -17.682353 0.013141 0.000000
vt -17.682353 0.008761 0.000000
vt -17.588235 0.008761 0.000000
vt -17.588235 0.004380 0.000000
vt -17.494118 0.004380 0.000000
vt -17.400000 0.004380 0.000000
vt -17.305882 0.004380 0.000000
vt -17.400000 0.008761 0.000000
vt -17.305882 0.008761 0.000000
vt -17.400000 0.013141 0.000000
vt -17.305882 0.013141 0.000000
vt -17.211765 0.013141 0.000000
vt -17.117647 0.013141 0.000000
vt -17.117647 0.008761 0.000000
vt -17.023529 0.008761 0.000000
vt -17.023529 0.004380 0.000000
vt -16.929412 0.004380 0.000000
vt -16.835294 0.004380 0.000000
vt -16.741176 0.004380 0.000000
vt -16.835294 0.008761 0.000000
vt -16.741176 0.008761 0.000000
vt -16.835294 0.013141 0.000000
vt -16.741176 0.013141 0.000000
vt -16.647059 0.013141 0.000000
vt -16.552941 0.013141 0.000000
vt -16.552941 0.008761 0.000000
vt -16.458824 0.008761 0.000000
vt -16.458824 0.004380 0.000000
vt -16.364706 0.004380 0.000000
vt -16.270588 0.004380 0.000000
vt -16.176471 0.004380 0.000000
vt -16.270588 0.008761 0.000000
vt -16.176471 0.008761 0.000000
vt -16.270588 0.013141 0.000000
vt -16.176471 0.013141 0.000000
vt -16.082353 0.013141 0.000000
vt -15.988235 0.013141 0.000000
vt -15.988235 0.008761 0.000000
vt -15.894118 0.008761 0.000000
vt -15.894118 0.004380 0.000000
vt -15.800000 0.004380 0.000000
vt -15.705882 0.004380 0.000000
vt -15.611765 0.004380 0.000000
vt -15.705882 0.008761 0.000000
vt -15.611765 0.008761 0.000000
vt -15.705882 0.013141 0.000000
vt -15.611765 0.013141 0.000000
vt -15.517647 0.013141 0.000000
vt -15.423529 0.013141 0.000000
vt -15.423529 0.008761 0.000000
vt -15.329412 0.008761 0.000000
vt -15.329412 0.004380 0.000000
vt -15.235294 0.004380 0.000000
vt -15.141176 0.004380 0.000000
vt -15.047059 0.004380 0.000000
vt -15.141176 0.008761 0.000000
vt -15.047059 0.008761 0.000000
vt -15.141176 0.013141 0.000000
vt -15.047059 0.013141 0.000000
vt -14.952941 0.013141 0.000000
vt -14.858824 0.013141 0.000000
vt -14.858824 0.008761 0.000000
vt -14.764706 0.008761 0.000000
vt -14.764706 0.004380 0.000000
vt -14.670588 0.004380 0.000000
vt -14.576471 0.004380 0.000000
vt -14.482353 0.004380 0.000000
vt -14.576471 0.008761 0.000000
vt -14.482353 0.008761 0.000000
vt -14.576471 0.013141 0.000000
vt -14.482353 0.013141 0.000000
vt -14.388235 0.013141 0.000000
vt -14.294118 0.013141 0.000000
vt -14.294118 0.008761 0.000000
vt -14.200000 0.008761 0.000000
vt -14.200000 0.004380 0.000000
vt -14.105882 0.004380 0.000000
vt -14.011765 0.004380 0.000000
vt -13.917647 0.004380 0.000000
vt -14.011765 0.008761 0.000000
vt -13.917647 0.008761 0.000000
vt -14.011765 0.013141 0.000000
vt -13.917647 0.013141 0.000000
vt -13.823529 0.013141 0.000000
vt -13.729412 0.013141 0.000000
vt -13.729412 0.008761 0.000000
vt -13.635294 0.008761 0.000000
vt -13.635294 0.004380 0.000000
vt -13.541176 0.004380 0.000000
vt -13.447059 0.004380 0.000000
vt -13.352941 0.004380 0.000000
vt -13.447059 0.008761 0.000000
vt -13.352941 0.008761 0.000000
vt -13.447059 0.013141 0.000000
vt -13.352941 0.013141 0.000000
vt -13.258824 0.013141 0.000000
vt -13.164706 0.013141 0.000000
vt -13.164706 0.008761 0.000000
vt -13.070588 0.008761 0.000000
vt -13.070588 0.004380 0.000000
vt -12.976471 0.004380 0.000000
vt -12.882353 0.004380 0.000000
vt -12.788235 0.004380 0.000000
vt -12.882353 0.008761 0.000000
vt -12.788235 0.008761 0.000000
vt -12.882353 0.013141 0.000000
vt -12.788235 0.013141 0.000000
vt -12.694118 0.013141 0.000000
vt -12.600000 0.013141 0.000000
vt -12.600000 0.008761 0.000000
vt -12.505882 0.008761 0.000000
vt -12.505882 0.004380 0.000000
vt -12.411765 0.004380 0.000000
vt -12.317647 0.004380 0.000000
vt -12.223529 0.004380 0.000000
vt -12.317647 0.008761 0.000000
vt -12.223529 0.008761 0.000000
vt -12.317647 0.013141 0.000000
vt -12.223529 0.013141 0.000000
vt -12.129412 0.013141 0.000000
vt -12.035294 0.013141 0.000000
vt -12.035294 0.008761 0.000000
vt -11.941176 0.008761 0.000000
vt -11.941176 0.004380 0.000000
vt -11.847059 0.004380 0.000000
vt -11.752941 0.004380 0.000000
vt -11.658824 0.004380 0.000000
vt -11.752941 0.008761 0.000000
vt -11.658824 0.008761 0.000000
vt -11.752941 0.013141 0.000000
vt -11.658824 0.013141 0.000000
vt -11.564706 0.013141 0.000000
vt -11.470588 0.013141 0.000000
vt -11.470588 0.008761 0.000000
vt -11.376471 0.008761 0.000000
vt -11.376471 0.004380 0.000000
vt -11.282353 0.004380 0.000000
vt -11.188235 0.004380 0.000000
vt -11.094118 0.004380 0.000000
vt -11.188235 0.008761 0.000000
vt -11.094118 0.008761 0.000000
vt -11.188235 0.013141 0.000000
vt -11.094118 0.013141 0.000000
vt -11.000000 0.013141 0.000000
vt -11.000000 0.008761 0.000000
vt -11.000000 0.004380 0.000000
vt -26.905882 0.008761 0.000000
vt -27.000000 0.008761 0.000000
vt -26.905882 0.004380 0.000000
vt -27.000000 0.004380 0.000000
vt -18.905882 0.004380 0.000000
vt -18.905882 0.008761 0.000000
vt -26.811765 0.008761 0.000000
vt -26.811765 0.004380 0.000000
vt -26.623529 0.013141 0.000000
vt -26.529412 0.013141 0.000000
vt -26.529412 0.008761 0.000000
vt -26.247059 0.008761 0.000000
vt -26.247059 0.004380 0.000000
vt -26.058824 0.013141 0.000000
vt -25.964706 0.013141 0.000000
vt -25.964706 0.008761 0.000000
vt -25.682353 0.008761 0.000000
vt -25.682353 0.004380 0.000000
vt -25.494118 0.013141 0.000000
vt -25.400000 0.013141 0.000000
vt -25.400000 0.008761 0.000000
vt -25.117647 0.008761 0.000000
vt -25.117647 0.004380 0.000000
vt -24.929412 0.013141 0.000000
vt -24.835294 0.013141 0.000000
vt -24.835294 0.008761 0.000000
vt -24.552941 0.008761 0.000000
vt -24.552941 0.004380 0.000000
vt -24.364706 0.013141 0.000000
vt -24.270588 0.013141 0.000000
vt -24.270588 0.008761 0.000000
vt -23.988235 0.008761 0.000000
vt -23.988235 0.004380 0.000000
vt -23.800000 0.013141 0.000000
vt -23.705882 0.013141 0.000000
vt -23.705882 0.008761 0.000000
vt -23.423529 0.008761 0.000000
vt -23.423529 0.004380 0.000000
vt -23.235294 0.013141 0.000000
vt -23.141176 0.013141 0.000000
vt -23.141176 0.008761 0.000000
vt -22.858824 0.008761 0.000000
vt -22.858824 0.004380 0.000000
vt -22.670588 0.013141 0.000000
vt -22.576471 0.013141 0.000000
vt -22.576471 0.008761 0.000000
vt -22.294118 0.008761 0.000000
vt -22.294118 0.004380 0.000000
vt -22.105882 0.013141 0.000000
vt -22.011765 0.013141 0.000000
vt -22.011765 0.008761 0.000000
vt -21.729412 0.008761 0.000000
vt -21.729412 0.004380 0.000000
vt -21.541176 0.013141 0.000000
vt -21.447059 0.013141 0.000000
vt -21.447059 0.008761 0.000000
vt -21.164706 0.008761 0.000000
vt -21.164706 0.004380 0.000000
vt -20.976471 0.013141 0.000000
vt -20.882353 0.013141 0.000000
vt -20.882353 0.008761 0.000000
vt -20.600000 0.008761 0.000000
vt -20.600000 0.004380 0.000000
vt -20.411765 0.013141 0.000000
vt -20.317647 0.013141 0.000000
vt -20.317647 0.008761 0.000000
vt -20.035294 0.008761 0.000000
vt -20.035294 0.004380 0.000000
vt -19.847059 0.013141 0.000000
vt -19.752941 0.013141 0.000000
vt -19.752941 0.008761 0.000000
vt -19.470588 0.008761 0.000000
vt -19.470588 0.004380 0.000000
vt -19.282353 0.013141 0.000000
vt -19.188235 0.013141 0.000000
vt -19.188235 0.008761 0.000000
vt -18.717647 0.013141 0.000000
vt -18.623529 0.013141 0.000000
vt -18.623529 0.008761 0.000000
vt -18.341176 0.008761 0.000000
vt -18.341176 0.004380 0.000000
vt -18.152941 0.013141 0.000000
vt -18.058824 0.013141 0.000000
vt -18.058824 0.008761 0.000000
vt -17.776471 0.008761 0.000000
vt -17.776471 0.004380 0.000000
vt -17.588235 0.013141 0.000000
vt -17.494118 0.013141 0.000000
vt -17.494118 0.008761 0.000000
vt -17.211765 0.008761 0.000000
vt -17.211765 0.004380 0.000000
vt -17.023529 0.013141 0.000000
vt -16.929412 0.013141 0.000000
vt -16.929412 0.008761 0.000000
vt -16.647059 0.008761 0.000000
vt -16.647059 0.004380 0.000000
vt -16.458824 0.013141 0.000000
vt -16.364706 0.013141 0.000000
vt -16.364706 0.008761 0.000000
vt -16.082353 0.008761 0.000000
vt -16.082353 0.004380 0.000000
vt -15.894118 0.013141 0.000000
vt -15.800000 0.013141 0.000000
vt -15.800000 0.008761 0.000000
vt -15.517647 0.008761 0.000000
vt -15.517647 0.004380 0.000000
vt -15.329412 0.013141 0.000000
vt -15.235294 0.013141 0.000000
vt -15.235294 0.008761 0.000000
vt -14.952941 0.008761 0.000000
vt -14.952941 0.004380 0.000000
vt -14.764706 0.013141 0.000000
vt -14.670588 0.013141 0.000000
vt -14.670588 0.008761 0.000000
vt -14.388235 0.008761 0.000000
vt -14.388235 0.004380 0.000000
vt -14.200000 0.013141 0.000000
vt -14.105882 0.013141 0.000000
vt -14.105882 0.008761 0.000000
vt -13.823529 0.008761 0.000000
vt -13.823529 0.004380 0.000000
vt -13.635294 0.013141 0.000000
vt -13.541176 0.013141 0.000000
vt -13.541176 0.008761 0.000000
vt -13.258824 0.008761 0.000000
vt -13.258824 0.004380 0.000000
vt -13.070588 0.013141 0.000000
vt -12.976471 0.013141 0.000000
vt -12.976471 0.008761 0.000000
vt -12.694118 0.008761 0.000000
vt -12.694118 0.004380 0.000000
vt -12.505882 0.013141 0.000000
vt -12.411765 0.013141 0.000000
vt -12.411765 0.008761 0.000000
vt -12.129412 0.008761 0.000000
vt -12.129412 0.004380 0.000000
vt -11.941176 0.013141 0.000000
vt -11.847059 0.013141 0.000000
vt -11.847059 0.008761 0.000000
vt -11.564706 0.008761 0.000000
vt -11.564706 0.004380 0.000000
vt -11.376471 0.013141 0.000000
vt -11.282353 0.013141 0.000000
vt -11.282353 0.008761 0.000000
vt -26.717647 0.004380 0.000000
vt -26.152941 0.004380 0.000000
vt -25.588235 0.004380 0.000000
vt -25.023529 0.004380 0.000000
vt -24.458824 0.004380 0.000000
vt -23.894118 0.004380 0.000000
vt -23.329412 0.004380 0.000000
vt -22.764706 0.004380 0.000000
vt -22.200000 0.004380 0.000000
vt -21.635294 0.004380 0.000000
vt -21.070588 0.004380 0.000000
vt -20.505882 0.004380 0.000000
vt -19.941176 0.004380 0.000000
vt -19.376471 0.004380 0.000000
vt -18.811765 0.004380 0.000000
vt -18.247059 0.004380 0.000000
vt -17.682353 0.004380 0.000000
vt -17.117647 0.004380 0.000000
vt -16.552941 0.004380 0.000000
vt -15.988235 0.004380 0.000000
vt -15.423529 0.004380 0.000000
vt -14.858824 0.004380 0.000000
vt -14.294118 0.004380 0.000000
vt -13.729412 0.004380 0.000000
vt -13.164706 0.004380 0.000000
vt -12.600000 0.004380 0.000000
vt -12.035294 0.004380 0.000000
vt -11.470588 0.004380 0.000000
vt -0.000000 27.000000 0.000000
vt -0.240633 27.000000 0.000000
vt -0.000000 11.000000 0.000000
vt -0.240633 11.000000 0.000000
vt -27.000000 0.065450 0.000000
vt -26.719298 0.065450 0.000000
vt -27.000000 0.078540 0.000000
vt -26.438596 0.065450 0.000000
vt -26.157895 0.065450 0.000000
vt -26.157895 0.052360 0.000000
vt -25.877193 0.052360 0.000000
vt -25.877193 0.039270 0.000000
vt -25.596491 0.039270 0.000000
vt -25.596491 0.026180 0.000000
vt -25.315789 0.026180 0.000000
vt -25.315789 0.013090 0.000000
vt -25.035088 0.013090 0.000000
vt -27.000000 -0.000000 0.000000
vt -24.754386 0.013090 0.000000
vt -24.473684 0.013090 0.000000
vt -24.754386 0.026180 0.000000
vt -24.473684 0.026180 0.000000
vt -24.754386 0.039270 0.000000
vt -24.473684 0.039270 0.000000
vt -24.754386 0.052360 0.000000
vt -24.473684 0.052360 0.000000
vt -24.754386 0.065450 0.000000
vt -24.473684 0.065450 0.000000
vt -24.192982 0.065450 0.000000
vt -23.912281 0.065450 0.000000
vt -23.912281 0.052360 0.000000
vt -23.631579 0.052360 0.000000
vt -23.631579 0.039270 0.000000
vt -23.350877 0.039270 0.000000
vt -23.350877 0.026180 0.000000
vt -23.070175 0.026180 0.000000
vt -23.070175 0.013090 0.000000
vt -22.789474 0.013090 0.000000
vt -22.508772 0.013090 0.000000
vt -22.228070 0.013090 0.000000
vt -22.508772 0.026180 0.000000
vt -22.228070 0.026180 0.000000
vt -22.508772 0.039270 0.000000
vt -22.228070 0.039270 0.000000
vt -22.508772 0.052360 0.000000
vt -22.228070 0.052360 0.000000
vt -22.508772 0.065450 0.000000
vt -22.228070 0.065450 0.000000
vt -21.947368 0.065450 0.000000
vt -21.666667 0.065450 0.000000
vt -21.666667 0.052360 0.000000
vt -21.385965 0.052360 0.000000
vt -21.385965 0.039270 0.000000
vt -21.105263 0.039270 0.000000
vt -21.105263 0.026180 0.000000
vt -20.824561 0.026180 0.000000
vt -20.824561 0.013090 0.000000
vt -20.543860 0.013090 0.000000
vt -20.263158 0.013090 0.000000
vt -19.982456 0.013090 0.000000
vt -20.263158 0.026180 0.000000
vt -19.982456 0.026180 0.000000
vt -20.263158 0.039270 0.000000
vt -19.982456 0.039270 0.000000
vt -20.263158 0.052360 0.000000
vt -19.982456 0.052360 0.000000
vt -20.263158 0.065450 0.000000
vt -19.982456 0.065450 0.000000
vt -19.701754 0.065450 0.000000
vt -19.421053 0.065450 0.000000
vt -19.421053 0.052360 0.000000
vt -19.140351 0.052360 0.000000
vt -19.140351 0.039270 0.000000
vt -18.859649 0.039270 0.000000
vt -18.859649 0.026180 0.000000
vt -18.578947 0.026180 0.000000
vt -18.578947 0.013090 0.000000
vt -18.298246 0.013090 0.000000
vt -11.000000 0.000000 0.000000
vt -18.017544 0.013090 0.000000
vt -17.736842 0.013090 0.000000
vt -18.017544 0.026180 0.000000
vt -17.736842 0.026180 0.000000
vt -18.017544 0.039270 0.000000
vt -17.736842 0.039270 0.000000
vt -18.017544 0.052360 0.000000
vt -17.736842 0.052360 0.000000
vt -18.017544 0.065450 0.000000
vt -17.736842 0.065450 0.000000
vt -11.000000 0.078540 0.000000
vt -17.456140 0.065450 0.000000
vt -17.175439 0.065450 0.000000
vt -17.175439 0.052360 0.000000
vt -16.894737 0.052360 0.000000
vt -16.894737 0.039270 0.000000
vt -16.614035 0.039270 0.000000
vt -16.614035 0.026180 0.000000
vt -16.333333 0.026180 0.000000
vt -16.333333 0.013090 0.000000
vt -16.052632 0.013090 0.000000
vt -15.771930 0.013090 0.000000
vt -15.491228 0.013090 0.000000
vt -15.771930 0.026180 0.000000
vt -15.491228 0.026180 0.000000
vt -15.771930 0.039270 0.000000
vt -15.491228 0.039270 0.000000
vt -15.771930 0.052360 0.000000
vt -15.491228 0.052360 0.000000
vt -15.771930 0.065450 0.000000
vt -15.491228 0.065450 0.000000
vt -15.210526 0.065450 0.000000
vt -14.929825 0.065450 0.000000
vt -14.929825 0.052360 0.000000
vt -14.649123 0.052360 0.000000
vt -14.649123 0.039270 0.000000
vt -14.368421 0.039270 0.000000
vt -14.368421 0.026180 0.000000
vt -14.087719 0.026180 0.000000
vt -14.087719 0.013090 0.000000
vt -13.807018 0.013090 0.000000
vt -13.526316 0.013090 0.000000
vt -13.245614 0.013090 0.000000
vt -13.526316 0.026180 0.000000
vt -13.245614 0.026180 0.000000
vt -13.526316 0.039270 0.000000
vt -13.245614 0.039270 0.000000
vt -13.526316 0.052360 0.000000
vt -13.245614 0.052360 0.000000
vt -13.526316 0.065450 0.000000
vt -13.245614 0.065450 0.000000
vt -12.964912 0.065450 0.000000
vt -12.684211 0.065450 0.000000
vt -12.684211 0.052360 0.000000
vt -12.403509 0.052360 0.000000
vt -12.403509 0.039270 0.000000
vt -12.122807 0.039270 0.000000
vt -12.122807 0.026180 0.000000
vt -11.842105 0.026180 0.000000
vt -11.842105 0.013090 0.000000
vt -11.561404 0.013090 0.000000
vt -11.280702 0.013090 0.000000
vt -11.000000 0.013090 0.000000
vt -11.280702 0.026180 0.000000
vt -11.000000 0.026180 0.000000
vt -11.280702 0.039270 0.000000
vt -11.000000 0.039270 0.000000
vt -11.280702 0.052360 0.000000
vt -11.000000 0.052360 0.000000
vt -11.280702 0.065450 0.000000
vt -11.000000 0.065450 0.000000
vt -26.719298 0.052360 0.000000
vt -27.000000 0.052360 0.000000
vt -26.719298 0.039270 0.000000
vt -27.000000 0.039270 0.000000
vt -26.719298 0.026180 0.000000
vt -27.000000 0.026180 0.000000
vt -26.719298 0.013090 0.000000
vt -27.000000 0.013090 0.000000
vt -19.140351 0.013090 0.000000
vt -19.421053 0.013090 0.000000
vt -19.701754 0.013090 0.000000
vt -19.701754 0.026180 0.000000
vt -18.859649 0.065450 0.000000
vt -18.578947 0.065450 0.000000
vt -18.298246 0.065450 0.000000
vt -18.298246 0.052360 0.000000
vt -26.438596 0.052360 0.000000
vt -26.438596 0.039270 0.000000
vt -26.438596 0.026180 0.000000
vt -26.438596 0.013090 0.000000
vt -25.877193 0.065450 0.000000
vt -25.596491 0.065450 0.000000
vt -25.315789 0.065450 0.000000
vt -25.315789 0.052360 0.000000
vt -25.035088 0.052360 0.000000
vt -25.035088 0.039270 0.000000
vt -25.596491 0.052360 0.000000
vt -25.035088 0.065450 0.000000
vt -24.192982 0.052360 0.000000
vt -24.192982 0.039270 0.000000
vt -24.192982 0.026180 0.000000
vt -24.192982 0.013090 0.000000
vt -23.631579 0.065450 0.000000
vt -23.350877 0.065450 0.000000
vt -23.070175 0.065450 0.000000
vt -23.070175 0.052360 0.000000
vt -22.789474 0.052360 0.000000
vt -22.789474 0.039270 0.000000
vt -23.350877 0.052360 0.000000
vt -22.789474 0.065450 0.000000
vt -21.947368 0.052360 0.000000
vt -21.947368 0.039270 0.000000
vt -21.947368 0.026180 0.000000
vt -21.947368 0.013090 0.000000
vt -21.385965 0.065450 0.000000
vt -21.105263 0.065450 0.000000
vt -20.824561 0.065450 0.000000
vt -20.824561 0.052360 0.000000
vt -20.543860 0.052360 0.000000
vt -20.543860 0.039270 0.000000
vt -21.105263 0.052360 0.000000
vt -20.543860 0.065450 0.000000
vt -19.701754 0.052360 0.000000
vt -19.701754 0.039270 0.000000
vt -19.140351 0.065450 0.000000
vt -18.859649 0.052360 0.000000
vt -18.578947 0.052360 0.000000
vt -18.578947 0.039270 0.000000
vt -17.456140 0.052360 0.000000
vt -17.456140 0.039270 0.000000
vt -17.456140 0.026180 0.000000
vt -17.456140 0.013090 0.000000
vt -16.894737 0.065450 0.000000
vt -16.614035 0.065450 0.000000
vt -16.333333 0.065450 0.000000
vt -16.333333 0.052360 0.000000
vt -16.052632 0.052360 0.000000
vt -16.052632 0.039270 0.000000
vt -16.614035 0.052360 0.000000
vt -16.052632 0.065450 0.000000
vt -15.210526 0.052360 0.000000
vt -15.210526 0.039270 0.000000
vt -15.210526 0.026180 0.000000
vt -15.210526 0.013090 0.000000
vt -14.649123 0.065450 0.000000
vt -14.368421 0.065450 0.000000
vt -14.087719 0.065450 0.000000
vt -14.087719 0.052360 0.000000
vt -13.807018 0.052360 0.000000
vt -13.807018 0.039270 0.000000
vt -14.368421 0.052360 0.000000
vt -13.807018 0.065450 0.000000
vt -12.964912 0.052360 0.000000
vt -12.964912 0.039270 0.000000
vt -12.964912 0.026180 0.000000
vt -12.964912 0.013090 0.000000
vt -12.403509 0.065450 0.000000
vt -12.122807 0.065450 0.000000
vt -11.842105 0.065450 0.000000
vt -11.842105 0.052360 0.000000
vt -11.561404 0.052360 0.000000
vt -11.561404 0.039270 0.000000
vt -12.122807 0.052360 0.000000
vt -11.561404 0.065450 0.000000
vt -26.157895 0.039270 0.000000
vt -25.877193 0.026180 0.000000
vt -25.596491 0.013090 0.000000
vt -25.315789 0.039270 0.000000
vt -23.912281 0.039270 0.000000
vt -23.631579 0.026180 0.000000
vt -23.350877 0.013090 0.000000
vt -23.070175 0.039270 0.000000
vt -21.666667 0.039270 0.000000
vt -21.385965 0.026180 0.000000
vt -21.105263 0.013090 0.000000
vt -20.824561 0.039270 0.000000
vt -19.421053 0.039270 0.000000
vt -19.140351 0.026180 0.000000
vt -18.859649 0.013090 0.000000
vt -18.298246 0.039270 0.000000
vt -17.175439 0.039270 0.000000
vt -16.894737 0.026180 0.000000
vt -16.614035 0.013090 0.000000
vt -16.333333 0.039270 0.000000
vt -14.929825 0.039270 0.000000
vt -14.649123 0.026180 0.000000
vt -14.368421 0.013090 0.000000
vt -14.087719 0.039270 0.000000
vt -12.684211 0.039270 0.000000
vt -12.403509 0.026180 0.000000
vt -12.122807 0.013090 0.000000
vt -11.842105 0.039270 0.000000
vt -26.157895 0.026180 0.000000
vt -26.157895 0.013090 0.000000
vt -25.035088 0.026180 0.000000
vt -23.912281 0.026180 0.000000
vt -23.912281 0.013090 0.000000
vt -22.789474 0.026180 0.000000
vt -21.666667 0.026180 0.000000
vt -21.666667 0.013090 0.000000
vt -20.543860 0.026180 0.000000
vt -19.421053 0.026180 0.000000
vt -18.298246 0.026180 0.000000
vt -17.175439 0.026180 0.000000
vt -17.175439 0.013090 0.000000
vt -16.052632 0.026180 0.000000
vt -14.929825 0.026180 0.000000
vt -14.929825 0.013090 0.000000
vt -13.807018 0.026180 0.000000
vt -12.684211 0.026180 0.000000
vt -12.684211 0.013090 0.000000
vt -11.561404 0.026180 0.000000
vt -25.877193 0.013090 0.000000
vt -23.631579 0.013090 0.000000
vt -21.385965 0.013090 0.000000
vt -16.894737 0.013090 0.000000
vt -14.649123 0.013090 0.000000
vt -12.403509 0.013090 0.000000
vt 17.500000 -0.052360 0.000000
vt 16.948276 -0.052360 0.000000
vt 17.500000 -0.078540 0.000000
vt 16.396552 -0.052360 0.000000
vt 15.844828 -0.052360 0.000000
vt 15.844828 -0.026180 0.000000
vt 15.293103 -0.026180 0.000000
vt 15.293103 0.000000 0.000000
vt 14.741379 0.000000 0.000000
vt 14.741379 0.026180 0.000000
vt 14.189655 0.026180 0.000000
vt 14.189655 0.052360 0.000000
vt 13.637931 0.052360 0.000000
vt 17.500000 0.078540 0.000000
vt 13.086207 0.052360 0.000000
vt 12.534483 0.052360 0.000000
vt 13.086207 0.026180 0.000000
vt 12.534483 0.026180 0.000000
vt 13.086207 0.000000 0.000000
vt 12.534483 0.000000 0.000000
vt 13.086207 -0.026180 0.000000
vt 12.534483 -0.026180 0.000000
vt 13.086207 -0.052360 0.000000
vt 12.534483 -0.052360 0.000000
vt 11.982759 -0.052360 0.000000
vt 11.431034 -0.052360 0.000000
vt 11.431034 -0.026180 0.000000
vt 10.879310 -0.026180 0.000000
vt 10.879310 0.000000 0.000000
vt 10.327586 0.000000 0.000000
vt 10.327586 0.026180 0.000000
vt 9.775862 0.026180 0.000000
vt 9.775862 0.052360 0.000000
vt 9.224138 0.052360 0.000000
vt 1.500000 0.078540 0.000000
vt 8.672414 0.052360 0.000000
vt 8.120690 0.052360 0.000000
vt 8.672414 0.026180 0.000000
vt 8.120690 0.026180 0.000000
vt 8.672414 0.000000 0.000000
vt 8.120690 0.000000 0.000000
vt 8.672414 -0.026180 0.000000
vt 8.120690 -0.026180 0.000000
vt 8.672414 -0.052360 0.000000
vt 8.120690 -0.052360 0.000000
vt 1.500000 -0.078540 0.000000
vt 7.568966 -0.052360 0.000000
vt 7.017241 -0.052360 0.000000
vt 7.017241 -0.026180 0.000000
vt 6.465517 -0.026180 0.000000
vt 6.465517 0.000000 0.000000
vt 5.913793 0.000000 0.000000
vt 5.913793 0.026180 0.000000
vt 5.362069 0.026180 0.000000
vt 5.362069 0.052360 0.000000
vt 4.810345 0.052360 0.000000
vt 4.258621 0.052360 0.000000
vt 3.706897 0.052360 0.000000
vt 4.258621 0.026180 0.000000
vt 3.706897 0.026180 0.000000
vt 4.258621 0.000000 0.000000
vt 3.706897 0.000000 0.000000
vt 4.258621 -0.026180 0.000000
vt 3.706897 -0.026180 0.000000
vt 4.258621 -0.052360 0.000000
vt 3.706897 -0.052360 0.000000
vt 3.155172 -0.052360 0.000000
vt 2.603448 -0.052360 0.000000
vt 2.603448 -0.026180 0.000000
vt 2.051724 -0.026180 0.000000
vt 2.051724 0.000000 0.000000
vt 1.500000 0.000000 0.000000
vt 1.500000 0.026180 0.000000
vt 2.051724 0.026180 0.000000
vt 1.500000 0.052360 0.000000
vt 2.051724 0.052360 0.000000
vt 2.603448 0.052360 0.000000
vt 3.155172 0.052360 0.000000
vt 3.155172 0.026180 0.000000
vt 16.948276 -0.026180 0.000000
vt 17.500000 -0.026180 0.000000
vt 16.948276 0.000000 0.000000
vt 17.500000 0.000000 0.000000
vt 16.948276 0.026180 0.000000
vt 17.500000 0.026180 0.000000
vt 16.948276 0.052360 0.000000
vt 17.500000 0.052360 0.000000
vt 10.327586 0.052360 0.000000
vt 10.879310 0.052360 0.000000
vt 10.879310 0.026180 0.000000
vt 11.431034 0.026180 0.000000
vt 11.431034 0.000000 0.000000
vt 11.982759 0.000000 0.000000
vt 11.982759 -0.026180 0.000000
vt 1.500000 -0.026180 0.000000
vt 2.051724 -0.052360 0.000000
vt 1.500000 -0.052360 0.000000
vt 9.224138 -0.052360 0.000000
vt 9.775862 -0.052360 0.000000
vt 10.327586 -0.052360 0.000000
vt 9.775862 -0.026180 0.000000
vt 10.327586 -0.026180 0.000000
vt 9.775862 0.000000 0.000000
vt 16.396552 -0.026180 0.000000
vt 16.396552 0.000000 0.000000
vt 16.396552 0.026180 0.000000
vt 16.396552 0.052360 0.000000
vt 15.293103 -0.052360 0.000000
vt 14.741379 -0.052360 0.000000
vt 14.189655 -0.052360 0.000000
vt 14.189655 -0.026180 0.000000
vt 13.637931 -0.026180 0.000000
vt 13.637931 0.000000 0.000000
vt 14.741379 -0.026180 0.000000
vt 13.637931 -0.052360 0.000000
vt 10.879310 -0.052360 0.000000
vt 9.224138 -0.026180 0.000000
vt 9.224138 0.000000 0.000000
vt 9.224138 0.026180 0.000000
vt 7.568966 -0.026180 0.000000
vt 7.568966 0.000000 0.000000
vt 7.568966 0.026180 0.000000
vt 7.568966 0.052360 0.000000
vt 6.465517 -0.052360 0.000000
vt 5.913793 -0.052360 0.000000
vt 5.362069 -0.052360 0.000000
vt 5.362069 -0.026180 0.000000
vt 4.810345 -0.026180 0.000000
vt 4.810345 0.000000 0.000000
vt 5.913793 -0.026180 0.000000
vt 4.810345 -0.052360 0.000000
vt 3.155172 -0.026180 0.000000
vt 3.155172 0.000000 0.000000
vt 15.844828 0.000000 0.000000
vt 15.293103 0.026180 0.000000
vt 14.741379 0.052360 0.000000
vt 14.189655 0.000000 0.000000
vt 7.017241 0.000000 0.000000
vt 6.465517 0.026180 0.000000
vt 5.913793 0.052360 0.000000
vt 5.362069 0.000000 0.000000
vt 2.603448 0.000000 0.000000
vt 15.844828 0.026180 0.000000
vt 15.844828 0.052360 0.000000
vt 13.637931 0.026180 0.000000
vt 11.982759 0.026180 0.000000
vt 11.982759 0.052360 0.000000
vt 7.017241 0.026180 0.000000
vt 7.017241 0.052360 0.000000
vt 4.810345 0.026180 0.000000
vt 2.603448 0.026180 0.000000
vt 15.293103 0.052360 0.000000
vt 11.431034 0.052360 0.000000
vt 6.465517 0.052360 0.000000
vt 0.000000 0.057783 0.000000
vt 1.000000 0.057783 0.000000
vt 0.000000 0.161594 0.000000
vt 1.000000 0.161594 0.000000
vt -0.000000 0.265405 0.000000
vt 1.000000 0.265405 0.000000
vt 0.000000 0.369217 0.000000
vt 1.000000 0.369217 0.000000
vt -0.000000 0.067204 0.000000
vt 0.470588 0.067204 0.000000
vt 0.000000 0.089606 0.000000
vt 0.941176 0.067204 0.000000
vt 1.411765 0.067204 0.000000
vt 1.411765 0.044803 0.000000
vt 1.882353 0.044803 0.000000
vt 1.882353 0.022401 0.000000
vt 2.352941 0.022401 0.000000
vt -0.000000 0.000000 0.000000
vt 2.823529 0.022401 0.000000
vt 3.294118 0.022401 0.000000
vt 2.823529 0.044803 0.000000
vt 3.294118 0.044803 0.000000
vt 2.823529 0.067204 0.000000
vt 3.294118 0.067204 0.000000
vt 3.764706 0.067204 0.000000
vt 4.235294 0.067204 0.000000
vt 4.235294 0.044803 0.000000
vt 4.705882 0.044803 0.000000
vt 4.705882 0.022401 0.000000
vt 5.176471 0.022401 0.000000
vt 5.647059 0.022401 0.000000
vt 6.117647 0.022401 0.000000
vt 5.647059 0.044803 0.000000
vt 6.117647 0.044803 0.000000
vt 5.647059 0.067204 0.000000
vt 6.117647 0.067204 0.000000
vt 6.588235 0.067204 0.000000
vt 7.058824 0.067204 0.000000
vt 7.058824 0.044803 0.000000
vt 7.529412 0.044803 0.000000
vt 7.529412 0.022401 0.000000
vt 8.000000 0.022401 0.000000
vt 16.000000 0.000000 0.000000
vt 0.470588 0.044803 0.000000
vt -0.000000 0.044803 0.000000
vt 0.470588 0.022401 0.000000
vt -0.000000 0.022401 0.000000
vt 16.000000 0.022401 0.000000
vt 15.529412 0.022401 0.000000
vt 15.058824 0.022401 0.000000
vt 14.588235 0.022401 0.000000
vt 14.588235 0.044803 0.000000
vt 14.117647 0.044803 0.000000
vt 14.117647 0.067204 0.000000
vt 13.647059 0.067204 0.000000
vt 16.000000 0.089606 0.000000
vt 13.176471 0.067204 0.000000
vt 12.705882 0.067204 0.000000
vt 13.176471 0.044803 0.000000
vt 12.705882 0.044803 0.000000
vt 13.176471 0.022401 0.000000
vt 12.705882 0.022401 0.000000
vt 12.235294 0.022401 0.000000
vt 11.764706 0.022401 0.000000
vt 11.764706 0.044803 0.000000
vt 11.294118 0.044803 0.000000
vt 11.294118 0.067204 0.000000
vt 10.823529 0.067204 0.000000
vt 10.352941 0.067204 0.000000
vt 9.882353 0.067204 0.000000
vt 10.352941 0.044803 0.000000
vt 9.882353 0.044803 0.000000
vt 10.352941 0.022401 0.000000
vt 9.882353 0.022401 0.000000
vt 9.411765 0.022401 0.000000
vt 8.941176 0.022401 0.000000
vt 8.941176 0.044803 0.000000
vt 8.470588 0.044803 0.000000
vt 8.470588 0.067204 0.000000
vt 8.000000 0.067204 0.000000
vt 15.529412 0.044803 0.000000
vt 16.000000 0.044803 0.000000
vt 15.529412 0.067204 0.000000
vt 16.000000 0.067204 0.000000
vt 0.941176 0.044803 0.000000
vt 0.941176 0.022401 0.000000
vt 1.882353 0.067204 0.000000
vt 2.352941 0.067204 0.000000
vt 2.352941 0.044803 0.000000
vt 3.764706 0.044803 0.000000
vt 3.764706 0.022401 0.000000
vt 4.705882 0.067204 0.000000
vt 5.176471 0.067204 0.000000
vt 5.176471 0.044803 0.000000
vt 6.588235 0.044803 0.000000
vt 6.588235 0.022401 0.000000
vt 7.529412 0.067204 0.000000
vt 8.000000 0.044803 0.000000
vt 8.941176 0.067204 0.000000
vt 9.411765 0.067204 0.000000
vt 9.411765 0.044803 0.000000
vt 10.823529 0.044803 0.000000
vt 10.823529 0.022401 0.000000
vt 11.764706 0.067204 0.000000
vt 12.235294 0.067204 0.000000
vt 12.235294 0.044803 0.000000
vt 13.647059 0.044803 0.000000
vt 13.647059 0.022401 0.000000
vt 14.588235 0.067204 0.000000
vt 15.058824 0.067204 0.000000
vt 15.058824 0.044803 0.000000
vt 1.411765 0.022401 0.000000
vt 4.235294 0.022401 0.000000
vt 7.058824 0.022401 0.000000
vt 8.470588 0.022401 0.000000
vt 11.294118 0.022401 0.000000
vt 14.117647 0.022401 0.000000
vt -0.334152 0.000000 0.000000
vt -0.000000 -0.000000 0.000000
vt -0.334152 16.000000 0.000000
vt -0.000000 16.000000 0.000000
vt -0.000000 0.129233 0.000000
vt 0.551724 0.129233 0.000000
vt -0.000000 0.155080 0.000000
vt 1.103448 0.129233 0.000000
vt 1.655172 0.129233 0.000000
vt 1.655172 0.103387 0.000000
vt 2.206897 0.103387 0.000000
vt 2.206897 0.077540 0.000000
vt 2.758621 0.077540 0.000000
vt 2.758621 0.051693 0.000000
vt 3.310345 0.051693 0.000000
vt 3.310345 0.025847 0.000000
vt 3.862069 0.025847 0.000000
vt -0.000000 0.000000 0.000000
vt 4.413793 0.025847 0.000000
vt 4.965517 0.025847 0.000000
vt 4.413793 0.051693 0.000000
vt 4.965517 0.051693 0.000000
vt 4.413793 0.077540 0.000000
vt 4.965517 0.077540 0.000000
vt 4.413793 0.103387 0.000000
vt 4.965517 0.103387 0.000000
vt 4.413793 0.129233 0.000000
vt 4.965517 0.129233 0.000000
vt 5.517241 0.129233 0.000000
vt 6.068966 0.129233 0.000000
vt 6.068966 0.103387 0.000000
vt 6.620690 0.103387 0.000000
vt 6.620690 0.077540 0.000000
vt 7.172414 0.077540 0.000000
vt 7.172414 0.051693 0.000000
vt 7.724138 0.051693 0.000000
vt 7.724138 0.025847 0.000000
vt 8.275862 0.025847 0.000000
vt 16.000000 -0.000000 0.000000
vt 8.827586 0.025847 0.000000
vt 9.379310 0.025847 0.000000
vt 8.827586 0.051693 0.000000
vt 9.379310 0.051693 0.000000
vt 8.827586 0.077540 0.000000
vt 9.379310 0.077540 0.000000
vt 8.827586 0.103387 0.000000
vt 9.379310 0.103387 0.000000
vt 8.827586 0.129233 0.000000
vt 9.379310 0.129233 0.000000
vt 16.000000 0.155080 0.000000
vt 9.931034 0.129233 0.000000
vt 10.482759 0.129233 0.000000
vt 10.482759 0.103387 0.000000
vt 11.034483 0.103387 0.000000
vt 11.034483 0.077540 0.000000
vt 11.586207 0.077540 0.000000
vt 11.586207 0.051693 0.000000
vt 12.137931 0.051693 0.000000
vt 12.137931 0.025847 0.000000
vt 12.689655 0.025847 0.000000
vt 13.241379 0.025847 0.000000
vt 13.793103 0.025847 0.000000
vt 13.241379 0.051693 0.000000
vt 13.793103 0.051693 0.000000
vt 13.241379 0.077540 0.000000
vt 13.793103 0.077540 0.000000
vt 13.241379 0.103387 0.000000
vt 13.793103 0.103387 0.000000
vt 13.241379 0.129233 0.000000
vt 13.793103 0.129233 0.000000
vt 14.344828 0.129233 0.000000
vt 14.896552 0.129233 0.000000
vt 14.896552 0.103387 0.000000
vt 15.448276 0.103387 0.000000
vt 15.448276 0.077540 0.000000
vt 16.000000 0.077540 0.000000
vt 16.000000 0.051693 0.000000
vt 15.448276 0.051693 0.000000
vt 16.000000 0.025847 0.000000
vt 15.448276 0.025847 0.000000
vt 14.896552 0.025847 0.000000
vt 14.344828 0.025847 0.000000
vt 14.344828 0.051693 0.000000
vt 0.551724 0.103387 0.000000
vt -0.000000 0.103387 0.000000
vt 0.551724 0.077540 0.000000
vt -0.000000 0.077540 0.000000
vt 0.551724 0.051693 0.000000
vt -0.000000 0.051693 0.000000
vt 0.551724 0.025847 0.000000
vt -0.000000 0.025847 0.000000
vt 7.172414 0.025847 0.000000
vt 6.620690 0.025847 0.000000
vt 6.620690 0.051693 0.000000
vt 6.068966 0.051693 0.000000
vt 6.068966 0.077540 0.000000
vt 5.517241 0.077540 0.000000
vt 5.517241 0.103387 0.000000
vt 16.000000 0.103387 0.000000
vt 15.448276 0.129233 0.000000
vt 16.000000 0.129233 0.000000
vt 8.275862 0.129233 0.000000
vt 7.724138 0.129233 0.000000
vt 7.172414 0.129233 0.000000
vt 7.724138 0.103387 0.000000
vt 7.172414 0.103387 0.000000
vt 7.724138 0.077540 0.000000
vt 1.103448 0.103387 0.000000
vt 1.103448 0.077540 0.000000
vt 1.103448 0.051693 0.000000
vt 1.103448 0.025847 0.000000
vt 2.206897 0.129233 0.000000
vt 2.758621 0.129233 0.000000
vt 3.310345 0.129233 0.000000
vt 3.310345 0.103387 0.000000
vt 3.862069 0.103387 0.000000
vt 3.862069 0.077540 0.000000
vt 2.758621 0.103387 0.000000
vt 3.862069 0.129233 0.000000
vt 6.620690 0.129233 0.000000
vt 8.275862 0.103387 0.000000
vt 8.275862 0.077540 0.000000
vt 8.275862 0.051693 0.000000
vt 9.931034 0.103387 0.000000
vt 9.931034 0.077540 0.000000
vt 9.931034 0.051693 0.000000
vt 9.931034 0.025847 0.000000
vt 11.034483 0.129233 0.000000
vt 11.586207 0.129233 0.000000
vt 12.137931 0.129233 0.000000
vt 12.137931 0.103387 0.000000
vt 12.689655 0.103387 0.000000
vt 12.689655 0.077540 0.000000
vt 11.586207 0.103387 0.000000
vt 12.689655 0.129233 0.000000
vt 14.344828 0.103387 0.000000
vt 14.344828 0.077540 0.000000
vt 1.655172 0.077540 0.000000
vt 2.206897 0.051693 0.000000
vt 2.758621 0.025847 0.000000
vt 3.310345 0.077540 0.000000
vt 10.482759 0.077540 0.000000
vt 11.034483 0.051693 0.000000
vt 11.586207 0.025847 0.000000
vt 12.137931 0.077540 0.000000
vt 14.896552 0.077540 0.000000
vt 1.655172 0.051693 0.000000
vt 1.655172 0.025847 0.000000
vt 3.862069 0.051693 0.000000
vt 5.517241 0.051693 0.000000
vt 5.517241 0.025847 0.000000
vt 10.482759 0.051693 0.000000
vt 10.482759 0.025847 0.000000
vt 12.689655 0.051693 0.000000
vt 14.896552 0.051693 0.000000
vt 2.206897 0.025847 0.000000
vt 6.068966 0.025847 0.000000
vt 11.034483 0.025847 0.000000
vt 0.478000 7.652941 0.000000
vt 0.429704 7.690000 0.000000
vt 0.479704 7.640000 0.000000
vt 0.117455 7.615301 0.000000
vt 0.479704 7.390000 0.000000
vt 0.098540 7.597792 0.000000
vt 0.075778 7.585699 0.000000
vt 0.473005 7.665000 0.000000
vt 0.465059 7.675355 0.000000
vt 0.454704 7.683301 0.000000
vt 0.442645 7.688296 0.000000
vt 0.189071 7.690000 0.000000
vt 0.173707 7.682804 0.000000
vt 0.176856 7.685836 0.000000
vt 0.180588 7.688112 0.000000
vt 0.184726 7.689522 0.000000
vt 0.050682 7.579826 0.000000
vt 0.024917 7.580562 0.000000
vt -0.520296 7.390000 0.000000
vt 0.000197 7.587859 0.000000
vt -0.021837 7.601233 0.000000
vt -0.282766 7.809976 0.000000
vt -0.298551 7.825804 0.000000
vt -0.310426 7.844744 0.000000
vt -0.317797 7.865848 0.000000
vt -0.320296 7.888062 0.000000
vt -0.520296 8.290000 0.000000
vt -0.320296 7.891938 0.000000
vt -0.317797 7.914152 0.000000
vt -0.310426 7.935256 0.000000
vt -0.298551 7.954196 0.000000
vt -0.282766 7.970024 0.000000
vt -0.420296 8.390000 0.000000
vt -0.021837 8.178767 0.000000
vt 0.000197 8.192141 0.000000
vt 0.024917 8.199438 0.000000
vt 0.379704 8.390000 0.000000
vt 0.050682 8.200174 0.000000
vt 0.075778 8.194301 0.000000
vt 0.098540 8.182208 0.000000
vt 0.117455 8.164699 0.000000
vt 0.189071 8.090000 0.000000
vt 0.173707 8.097196 0.000000
vt 0.184726 8.090478 0.000000
vt 0.180588 8.091888 0.000000
vt 0.176856 8.094164 0.000000
vt 0.479704 8.290000 0.000000
vt 0.429704 8.090000 0.000000
vt 0.479704 8.140000 0.000000
vt 0.442645 8.091704 0.000000
vt 0.454704 8.096699 0.000000
vt 0.465059 8.104645 0.000000
vt 0.473005 8.115000 0.000000
vt 0.478000 8.127059 0.000000
vt 0.476297 8.315882 0.000000
vt 0.466306 8.340000 0.000000
vt 0.450415 8.360711 0.000000
vt 0.429704 8.376603 0.000000
vt 0.405586 8.386593 0.000000
vt -0.446178 8.386593 0.000000
vt -0.470296 8.376603 0.000000
vt -0.491007 8.360711 0.000000
vt -0.506899 8.340000 0.000000
vt -0.516889 8.315882 0.000000
vt 0.479704 1.520703 0.000000
vt -0.520296 1.520703 0.000000
vt 0.479704 -1.520703 0.000000
vt -0.520296 -1.520703 0.000000
vt -0.516889 -8.315882 0.000000
vt -0.506899 -8.340000 0.000000
vt -0.520296 -8.290000 0.000000
vt -0.491007 -8.360711 0.000000
vt -0.470296 -8.376603 0.000000
vt -0.446178 -8.386593 0.000000
vt -0.420296 -8.390000 0.000000
vt -0.282766 -7.970024 0.000000
vt -0.021837 -8.178767 0.000000
vt 0.000197 -8.192141 0.000000
vt 0.024917 -8.199438 0.000000
vt 0.379704 -8.390000 0.000000
vt 0.050682 -8.200174 0.000000
vt 0.075778 -8.194301 0.000000
vt 0.098540 -8.182208 0.000000
vt 0.117455 -8.164699 0.000000
vt 0.189071 -8.090000 0.000000
vt 0.173707 -8.097196 0.000000
vt 0.176856 -8.094164 0.000000
vt 0.180588 -8.091888 0.000000
vt 0.184726 -8.090478 0.000000
vt 0.479704 -8.290000 0.000000
vt 0.405586 -8.386593 0.000000
vt 0.429704 -8.376603 0.000000
vt 0.450415 -8.360711 0.000000
vt 0.466306 -8.340000 0.000000
vt 0.476297 -8.315882 0.000000
vt 0.429704 -8.090000 0.000000
vt 0.479704 -8.140000 0.000000
vt 0.478000 -8.127059 0.000000
vt 0.473005 -8.115000 0.000000
vt 0.465059 -8.104645 0.000000
vt 0.454704 -8.096699 0.000000
vt 0.442645 -8.091704 0.000000
vt -0.298551 -7.954196 0.000000
vt -0.310426 -7.935256 0.000000
vt -0.317797 -7.914152 0.000000
vt -0.320296 -7.891938 0.000000
vt -0.320296 -7.888062 0.000000
vt -0.520296 -7.390000 0.000000
vt -0.317797 -7.865848 0.000000
vt -0.310426 -7.844744 0.000000
vt -0.298551 -7.825804 0.000000
vt -0.282766 -7.809976 0.000000
vt -0.021837 -7.601233 0.000000
vt 0.000197 -7.587859 0.000000
vt 0.024917 -7.580562 0.000000
vt 0.479704 -7.390000 0.000000
vt 0.050682 -7.579826 0.000000
vt 0.075778 -7.585699 0.000000
vt 0.098540 -7.597792 0.000000
vt 0.117455 -7.615301 0.000000
vt 0.189071 -7.690000 0.000000
vt 0.173707 -7.682804 0.000000
vt 0.184726 -7.689522 0.000000
vt 0.180588 -7.688112 0.000000
vt 0.176856 -7.685836 0.000000
vt 0.479704 -7.640000 0.000000
vt 0.429704 -7.690000 0.000000
vt 0.442645 -7.688296 0.000000
vt 0.454704 -7.683301 0.000000
vt 0.465059 -7.675355 0.000000
vt 0.473005 -7.665000 0.000000
vt 0.478000 -7.652941 0.000000
vn 0.000000 -0.100000 0.000000
vn 0.000000 -0.100000 0.000000
vn 0.000000 -0.100000 0.000000
vn 0.000000 -0.100000 0.000000
vn 0.000000 -0.100000 0.000000
vn 0.000000 -0.100000 0.000000
vn 0.000000 -0.100000 0.000000
vn 0.000000 -0.100000 0.000000
vn 0.000000 -0.100000 0.000000
vn 0.000000 -0.100000 0.000000
vn 0.000000 -0.100000 0.000000
vn 0.000000 -0.100000 0.000000
vn 0.000000 -0.100000 0.000000
vn 0.000000 -0.100000 0.000000
vn 0.000000 -0.100000 0.000000
vn 0.000000 -0.100000 0.000000
vn 0.000000 -0.100000 0.000000
vn 0.000000 -0.100000 0.000000
vn 0.000000 -0.100000 0.000000
vn 0.000000 -0.100000 0.000000
vn 0.000000 -0.100000 0.000000
vn 0.000000 -0.100000 0.000000
vn 0.000000 -0.100000 0.000000
vn 0.000000 -0.100000 0.000000
vn 0.000000 -0.100000 0.000000
vn 0.000000 -0.100000 0.000000
vn 0.000000 -0.100000 0.000000
vn 0.000000 -0.100000 0.000000
vn 0.000000 -0.100000 0.000000
vn 0.000000 -0.100000 0.000000
vn 0.000000 -0.100000 0.000000
vn 0.000000 -0.100000 0.000000
vn 0.000000 -0.100000 0.000000
vn 0.000000 -0.100000 0.000000
vn 0.000000 -0.100000 0.000000
vn 0.000000 -0.100000 0.000000
vn 0.000000 -0.100000 0.000000
vn 0.000000 -0.100000 0.000000
vn 0.000000 -0.100000 0.000000
vn 0.000000 -0.100000 0.000000
vn 0.000000 -0.100000 0.000000
vn 0.000000 -0.100000 0.000000
vn 0.000000 -0.100000 0.000000
vn 0.000000 -0.100000 0.000000
vn 0.000000 -0.100000 0.000000
vn 0.000000 -0.100000 0.000000
vn 0.000000 -0.100000 0.000000
vn 0.000000 -0.100000 0.000000
vn 0.000000 -0.100000 0.000000
vn 0.000000 -0.100000 0.000000
vn 0.000000 -0.100000 0.000000
vn 0.000000 -0.100000 0.000000
vn 0.000000 -0.100000 0.000000
vn 0.000000 -0.100000 0.000000
vn 0.000000 -0.100000 0.000000
vn 0.000000 -0.100000 0.000000
vn 0.000000 -0.100000 0.000000
vn 0.000000 -0.100000 0.000000
vn 0.000000 -0.100000 0.000000
vn 0.000000 -0.100000 0.000000
vn 0.000000 -0.100000 0.000000
vn 0.000000 -0.100000 0.000000
vn 0.000000 -0.100000 0.000000
vn 0.000000 -0.100000 0.000000
vn 0.000000 -0.100000 0.000000
vn 0.000000 -0.100000 0.000000
vn 0.000000 -0.100000 0.000000
vn 0.000000 -0.100000 0.000000
vn 0.000000 -0.100000 0.000000
vn 0.000000 -0.100000 0.000000
vn 0.000000 -0.100000 0.000000
vn 0.000000 -0.100000 0.000000
vn 0.000000 -0.100000 0.000000
vn 0.000000 -0.100000 0.000000
vn 0.000000 -0.100000 0.000000
vn 0.000000 -0.100000 0.000000
vn 0.000000 -0.100000 0.000000
vn 0.000000 -0.100000 0.000000
vn 0.000000 -0.100000 0.000000
vn 0.000000 -0.100000 0.000000
vn 0.000000 -0.100000 0.000000
vn 0.000000 -0.100000 0.000000
vn 0.000000 -0.100000 0.000000
vn 0.000000 -0.100000 0.000000
vn 0.000000 -0.100000 0.000000
vn 0.000000 -0.100000 0.000000
vn 0.000000 -0.100000 0.000000
vn 0.000000 -0.100000 0.000000
vn 0.000000 -0.100000 0.000000
vn 0.000000 -0.100000 0.000000
vn 0.000000 -0.100000 0.000000
vn 0.000000 -0.100000 0.000000
vn 0.000000 -0.100000 0.000000
vn 0.000000 -0.100000 0.000000
vn 0.000000 -0.100000 0.000000
vn 0.000000 -0.100000 0.000000
vn 0.000000 -0.100000 0.000000
vn 0.000000 -0.100000 0.000000
vn 0.000000 -0.100000 0.000000
vn 0.000000 -0.100000 0.000000
vn 0.000000 -0.100000 0.000000
vn 0.000000 -0.100000 0.000000
vn 0.000000 -0.100000 0.000000
vn 0.000000 -0.100000 0.000000
vn 0.000000 -0.100000 0.000000
vn 0.000000 -0.100000 0.000000
vn 0.000000 -0.100000 0.000000
vn 0.000000 -0.100000 0.000000
vn 0.000000 -0.100000 0.000000
vn 0.000000 -0.100000 0.000000
vn 0.000000 -0.100000 0.000000
vn 0.000000 -0.100000 0.000000
vn 0.000000 -0.100000 0.000000
vn 0.000000 -0.100000 0.000000
vn 0.000000 -0.100000 0.000000
vn 0.000000 -0.100000 0.000000
vn 0.000000 -0.100000 0.000000
vn 0.000000 -0.100000 0.000000
vn 0.000000 -0.100000 0.000000
vn 0.000000 -0.100000 0.000000
vn 0.000000 -0.100000 0.000000
vn 0.000000 -0.100000 0.000000
vn 0.000000 -0.100000 0.000000
vn 0.000000 -0.100000 0.000000
vn 0.000000 -0.100000 0.000000
vn 0.000000 -0.100000 0.000000
vn 0.000000 -0.100000 0.000000
vn 0.000000 -0.100000 0.000000
vn 0.000000 -0.100000 0.000000
vn 0.000000 -0.100000 0.000000
vn 0.000000 -0.100000 0.000000
vn 0.000000 -0.100000 0.000000
vn -0.097445 -0.022459 0.000000
vn -0.097445 -0.022459 0.000000
vn -0.090723 -0.042063 0.000000
vn -0.090723 -0.042063 0.000000
vn -0.080104 -0.059861 0.000000
vn -0.080104 -0.059861 0.000000
vn -0.066044 -0.075087 0.000000
vn -0.066044 -0.075087 0.000000
vn -0.100000 0.000000 0.000000
vn -0.100000 0.000000 0.000000
vn -0.100000 0.000000 0.000000
vn -0.100000 0.000000 0.000000
vn -0.096593 -0.000000 0.025882
vn -0.096593 -0.000000 0.025882
vn -0.096593 -0.000000 0.025882
vn -0.096593 -0.000000 0.025882
vn -0.086603 -0.000000 0.050000
vn -0.086603 -0.000000 0.050000
vn -0.070711 -0.000000 0.070711
vn -0.070711 -0.000000 0.070711
vn -0.050000 -0.000000 0.086603
vn -0.050000 -0.000000 0.086603
vn -0.025882 -0.000000 0.096593
vn -0.025882 -0.000000 0.096593
vn 0.000000 0.000000 0.100000
vn -0.025882 -0.000000 0.096593
vn -0.025882 -0.000000 0.096593
vn -0.050000 -0.000000 0.086603
vn -0.050000 -0.000000 0.086603
vn -0.070711 -0.000000 0.070711
vn -0.070711 -0.000000 0.070711
vn -0.086603 -0.000000 0.050000
vn -0.086603 -0.000000 0.050000
vn -0.096593 -0.000000 0.025882
vn -0.096593 -0.000000 0.025882
vn -0.096593 -0.000000 0.025882
vn -0.096593 -0.000000 0.025882
vn -0.086603 -0.000000 0.050000
vn -0.086603 -0.000000 0.050000
vn -0.070711 -0.000000 0.070711
vn -0.070711 -0.000000 0.070711
vn -0.050000 -0.000000 0.086603
vn -0.050000 -0.000000 0.086603
vn -0.025882 -0.000000 0.096593
vn -0.025882 -0.000000 0.096593
vn -0.000000 -0.000000 0.100000
vn -0.025882 -0.000000 0.096593
vn -0.025882 -0.000000 0.096593
vn -0.050000 -0.000000 0.086603
vn -0.050000 -0.000000 0.086603
vn -0.070711 -0.000000 0.070711
vn -0.070711 -0.000000 0.070711
vn -0.086603 -0.000000 0.050000
vn -0.086603 -0.000000 0.050000
vn -0.096593 -0.000000 0.025882
vn -0.096593 -0.000000 0.025882
vn -0.096593 -0.000000 0.025882
vn -0.096593 -0.000000 0.025882
vn -0.086603 -0.000000 0.050000
vn -0.086603 -0.000000 0.050000
vn -0.070711 -0.000000 0.070711
vn -0.070711 -0.000000 0.070711
vn -0.050000 -0.000000 0.086603
vn -0.050000 -0.000000 0.086603
vn -0.025882 -0.000000 0.096593
vn -0.025882 -0.000000 0.096593
vn -0.025882 -0.000000 0.096593
vn -0.025882 -0.000000 0.096593
vn -0.050000 -0.000000 0.086603
vn -0.050000 -0.000000 0.086603
vn -0.070711 -0.000000 0.070711
vn -0.070711 -0.000000 0.070711
vn -0.086603 -0.000000 0.050000
vn -0.086603 -0.000000 0.050000
vn -0.096593 -0.000000 0.025882
vn -0.096593 -0.000000 0.025882
vn -0.096593 -0.000000 0.025882
vn -0.096593 -0.000000 0.025882
vn -0.086603 -0.000000 0.050000
vn -0.086603 -0.000000 0.050000
vn -0.070711 -0.000000 0.070711
vn -0.070711 -0.000000 0.070711
vn -0.050000 -0.000000 0.086603
vn -0.050000 -0.000000 0.086603
vn -0.025882 -0.000000 0.096593
vn -0.025882 -0.000000 0.096593
vn -0.025882 -0.000000 0.096593
vn -0.025882 -0.000000 0.096593
vn -0.050000 -0.000000 0.086603
vn -0.086603 -0.000000 0.050000
vn -0.086603 -0.000000 0.050000
vn -0.070711 -0.000000 0.070711
vn -0.070711 -0.000000 0.070711
vn -0.050000 -0.000000 0.086603
vn -0.050000 -0.000000 0.086603
vn -0.025882 -0.000000 0.096593
vn -0.025882 -0.000000 0.096593
vn -0.025882 -0.000000 0.096593
vn -0.025882 -0.000000 0.096593
vn -0.050000 -0.000000 0.086603
vn -0.050000 -0.000000 0.086603
vn -0.070711 -0.000000 0.070711
vn -0.070711 -0.000000 0.070711
vn -0.086603 -0.000000 0.050000
vn -0.086603 -0.000000 0.050000
vn -0.096593 -0.000000 0.025882
vn -0.096593 -0.000000 0.025882
vn -0.096593 -0.000000 0.025882
vn -0.096593 -0.000000 0.025882
vn -0.096593 -0.000000 0.025882
vn -0.086603 -0.000000 0.050000
vn -0.086603 -0.000000 0.050000
vn -0.070711 -0.000000 0.070711
vn -0.086603 -0.000000 0.050000
vn -0.070711 -0.000000 0.070711
vn -0.050000 -0.000000 0.086603
vn -0.025882 -0.000000 0.096593
vn -0.096593 -0.000000 0.025882
vn -0.096593 -0.000000 0.025882
vn -0.096593 -0.000000 0.025882
vn -0.086603 -0.000000 0.050000
vn -0.086603 -0.000000 0.050000
vn -0.070711 -0.000000 0.070711
vn -0.086603 -0.000000 0.050000
vn -0.096593 -0.000000 0.025882
vn -0.096593 -0.000000 0.025882
vn -0.086603 -0.000000 0.050000
vn -0.070711 -0.000000 0.070711
vn -0.050000 -0.000000 0.086603
vn -0.086603 -0.000000 0.050000
vn -0.070711 -0.000000 0.070711
vn -0.050000 -0.000000 0.086603
vn -0.025882 -0.000000 0.096593
vn -0.096593 -0.000000 0.025882
vn -0.096593 -0.000000 0.025882
vn -0.096593 -0.000000 0.025882
vn -0.086603 -0.000000 0.050000
vn -0.086603 -0.000000 0.050000
vn -0.070711 -0.000000 0.070711
vn -0.086603 -0.000000 0.050000
vn -0.096593 -0.000000 0.025882
vn -0.086603 -0.000000 0.050000
vn -0.070711 -0.000000 0.070711
vn -0.070711 -0.000000 0.070711
vn -0.050000 -0.000000 0.086603
vn -0.025882 -0.000000 0.096593
vn -0.070711 -0.000000 0.070711
vn -0.070711 -0.000000 0.070711
vn -0.050000 -0.000000 0.086603
vn -0.025882 -0.000000 0.096593
vn -0.070711 -0.000000 0.070711
vn -0.070711 -0.000000 0.070711
vn -0.050000 -0.000000 0.086603
vn -0.025882 -0.000000 0.096593
vn -0.050000 -0.000000 0.086603
vn -0.050000 -0.000000 0.086603
vn -0.025882 -0.000000 0.096593
vn -0.050000 -0.000000 0.086603
vn -0.025882 -0.000000 0.096593
vn -0.050000 -0.000000 0.086603
vn -0.050000 -0.000000 0.086603
vn -0.025882 -0.000000 0.096593
vn -0.025882 -0.000000 0.096593
vn -0.025882 -0.000000 0.096593
vn 0.025882 0.000000 0.096593
vn 0.025882 0.000000 0.096593
vn 0.000000 0.000000 0.100000
vn 0.025882 0.000000 0.096593
vn 0.025882 0.000000 0.096593
vn 0.050000 0.000000 0.086603
vn 0.050000 0.000000 0.086603
vn 0.070711 0.000000 0.070711
vn 0.070711 0.000000 0.070711
vn 0.086603 0.000000 0.050000
vn 0.086603 0.000000 0.050000
vn 0.096593 0.000000 0.025882
vn 0.096593 0.000000 0.025882
vn 0.100000 0.000000 0.000000
vn 0.096593 0.000000 0.025882
vn 0.096593 0.000000 0.025882
vn 0.086603 0.000000 0.050000
vn 0.086603 0.000000 0.050000
vn 0.070711 0.000000 0.070711
vn 0.070711 0.000000 0.070711
vn 0.050000 0.000000 0.086603
vn 0.050000 0.000000 0.086603
vn 0.025882 0.000000 0.096593
vn 0.025882 0.000000 0.096593
vn 0.025882 0.000000 0.096593
vn 0.025882 0.000000 0.096593
vn 0.050000 0.000000 0.086603
vn 0.050000 0.000000 0.086603
vn 0.070711 0.000000 0.070711
vn 0.070711 0.000000 0.070711
vn 0.086603 0.000000 0.050000
vn 0.086603 0.000000 0.050000
vn 0.096593 0.000000 0.025882
vn 0.096593 0.000000 0.025882
vn 0.096593 0.000000 0.025882
vn 0.096593 0.000000 0.025882
vn 0.086603 0.000000 0.050000
vn 0.086603 0.000000 0.050000
vn 0.070711 0.000000 0.070711
vn 0.070711 0.000000 0.070711
vn 0.050000 0.000000 0.086603
vn 0.050000 0.000000 0.086603
vn 0.025882 0.000000 0.096593
vn 0.025882 0.000000 0.096593
vn 0.025882 0.000000 0.096593
vn 0.025882 0.000000 0.096593
vn 0.050000 0.000000 0.086603
vn 0.050000 0.000000 0.086603
vn 0.070711 0.000000 0.070711
vn 0.070711 0.000000 0.070711
vn 0.086603 0.000000 0.050000
vn 0.086603 0.000000 0.050000
vn 0.096593 0.000000 0.025882
vn 0.096593 0.000000 0.025882
vn 0.096593 0.000000 0.025882
vn 0.096593 0.000000 0.025882
vn 0.086603 0.000000 0.050000
vn 0.086603 0.000000 0.050000
vn 0.070711 0.000000 0.070711
vn 0.070711 0.000000 0.070711
vn 0.050000 0.000000 0.086603
vn 0.050000 0.000000 0.086603
vn 0.025882 0.000000 0.096593
vn 0.025882 0.000000 0.096593
vn 0.025882 0.000000 0.096593
vn 0.025882 0.000000 0.096593
vn 0.050000 0.000000 0.086603
vn 0.050000 0.000000 0.086603
vn 0.070711 0.000000 0.070711
vn 0.070711 0.000000 0.070711
vn 0.086603 0.000000 0.050000
vn 0.086603 0.000000 0.050000
vn 0.096593 0.000000 0.025882
vn 0.096593 0.000000 0.025882
vn 0.100000 0.000000 0.000000
vn 0.096593 0.000000 0.025882
vn 0.096593 0.000000 0.025882
vn 0.086603 0.000000 0.050000
vn 0.086603 0.000000 0.050000
vn 0.070711 0.000000 0.070711
vn 0.070711 0.000000 0.070711
vn 0.050000 0.000000 0.086603
vn 0.050000 0.000000 0.086603
vn 0.025882 0.000000 0.096593
vn 0.025882 0.000000 0.096593
vn -0.000000 -0.000000 0.100000
vn 0.025882 0.000000 0.096593
vn 0.025882 0.000000 0.096593
vn 0.050000 0.000000 0.086603
vn 0.050000 0.000000 0.086603
vn 0.070711 0.000000 0.070711
vn 0.070711 0.000000 0.070711
vn 0.086603 0.000000 0.050000
vn 0.086603 0.000000 0.050000
vn 0.096593 0.000000 0.025882
vn 0.096593 0.000000 0.025882
vn 0.096593 0.000000 0.025882
vn 0.096593 0.000000 0.025882
vn 0.086603 0.000000 0.050000
vn 0.086603 0.000000 0.050000
vn 0.070711 0.000000 0.070711
vn 0.070711 0.000000 0.070711
vn 0.050000 0.000000 0.086603
vn 0.050000 0.000000 0.086603
vn 0.025882 0.000000 0.096593
vn 0.025882 0.000000 0.096593
vn 0.025882 0.000000 0.096593
vn 0.025882 0.000000 0.096593
vn 0.050000 0.000000 0.086603
vn 0.050000 0.000000 0.086603
vn 0.070711 0.000000 0.070711
vn 0.070711 0.000000 0.070711
vn 0.086603 0.000000 0.050000
vn 0.086603 0.000000 0.050000
vn 0.096593 0.000000 0.025882
vn 0.096593 0.000000 0.025882
vn 0.096593 0.000000 0.025882
vn 0.096593 0.000000 0.025882
vn 0.086603 0.000000 0.050000
vn 0.086603 0.000000 0.050000
vn 0.070711 0.000000 0.070711
vn 0.070711 0.000000 0.070711
vn 0.050000 0.000000 0.086603
vn 0.050000 0.000000 0.086603
vn 0.025882 0.000000 0.096593
vn 0.025882 0.000000 0.096593
vn 0.025882 0.000000 0.096593
vn 0.025882 0.000000 0.096593
vn 0.050000 0.000000 0.086603
vn 0.050000 0.000000 0.086603
vn 0.070711 0.000000 0.070711
vn 0.070711 0.000000 0.070711
vn 0.086603 0.000000 0.050000
vn 0.086603 0.000000 0.050000
vn 0.096593 0.000000 0.025882
vn 0.096593 0.000000 0.025882
vn 0.096593 0.000000 0.025882
vn 0.096593 0.000000 0.025882
vn 0.086603 0.000000 0.050000
vn 0.086603 0.000000 0.050000
vn 0.070711 0.000000 0.070711
vn 0.070711 0.000000 0.070711
vn 0.050000 0.000000 0.086603
vn 0.050000 0.000000 0.086603
vn 0.025882 0.000000 0.096593
vn 0.025882 0.000000 0.096593
vn 0.050000 0.000000 0.086603
vn 0.050000 0.000000 0.086603
vn 0.070711 0.000000 0.070711
vn 0.070711 0.000000 0.070711
vn 0.086603 0.000000 0.050000
vn 0.086603 0.000000 0.050000
vn 0.096593 0.000000 0.025882
vn 0.096593 0.000000 0.025882
vn 0.096593 0.000000 0.025882
vn 0.096593 0.000000 0.025882
vn 0.096593 0.000000 0.025882
vn 0.086603 0.000000 0.050000
vn 0.025882 0.000000 0.096593
vn 0.025882 0.000000 0.096593
vn 0.025882 0.000000 0.096593
vn 0.050000 0.000000 0.086603
vn 0.050000 0.000000 0.086603
vn 0.070711 0.000000 0.070711
vn 0.086603 0.000000 0.050000
vn 0.096593 0.000000 0.025882
vn 0.025882 0.000000 0.096593
vn 0.025882 0.000000 0.096593
vn 0.025882 0.000000 0.096593
vn 0.050000 0.000000 0.086603
vn 0.050000 0.000000 0.086603
vn 0.070711 0.000000 0.070711
vn 0.050000 0.000000 0.086603
vn 0.025882 0.000000 0.096593
vn 0.050000 0.000000 0.086603
vn 0.070711 0.000000 0.070711
vn 0.086603 0.000000 0.050000
vn 0.096593 0.000000 0.025882
vn 0.025882 0.000000 0.096593
vn 0.025882 0.000000 0.096593
vn 0.025882 0.000000 0.096593
vn 0.050000 0.000000 0.086603
vn 0.050000 0.000000 0.086603
vn 0.070711 0.000000 0.070711
vn 0.050000 0.000000 0.086603
vn 0.025882 0.000000 0.096593
vn 0.050000 0.000000 0.086603
vn 0.070711 0.000000 0.070711
vn 0.086603 0.000000 0.050000
vn 0.096593 0.000000 0.025882
vn 0.025882 0.000000 0.096593
vn 0.025882 0.000000 0.096593
vn 0.025882 0.000000 0.096593
vn 0.050000 0.000000 0.086603
vn 0.050000 0.000000 0.086603
vn 0.070711 0.000000 0.070711
vn 0.050000 0.000000 0.086603
vn 0.025882 0.000000 0.096593
vn 0.050000 0.000000 0.086603
vn 0.070711 0.000000 0.070711
vn 0.025882 0.000000 0.096593
vn 0.050000 0.000000 0.086603
vn 0.050000 0.000000 0.086603
vn 0.070711 0.000000 0.070711
vn 0.050000 0.000000 0.086603
vn 0.070711 0.000000 0.070711
vn 0.086603 0.000000 0.050000
vn 0.096593 0.000000 0.025882
vn 0.025882 0.000000 0.096593
vn 0.025882 0.000000 0.096593
vn 0.025882 0.000000 0.096593
vn 0.050000 0.000000 0.086603
vn 0.050000 0.000000 0.086603
vn 0.070711 0.000000 0.070711
vn 0.050000 0.000000 0.086603
vn 0.025882 0.000000 0.096593
vn 0.050000 0.000000 0.086603
vn 0.070711 0.000000 0.070711
vn 0.086603 0.000000 0.050000
vn 0.096593 0.000000 0.025882
vn 0.025882 0.000000 0.096593
vn 0.025882 0.000000 0.096593
vn 0.025882 0.000000 0.096593
vn 0.050000 0.000000 0.086603
vn 0.050000 0.000000 0.086603
vn 0.070711 0.000000 0.070711
vn 0.050000 0.000000 0.086603
vn 0.025882 0.000000 0.096593
vn 0.050000 0.000000 0.086603
vn 0.070711 0.000000 0.070711
vn 0.086603 0.000000 0.050000
vn 0.096593 0.000000 0.025882
vn 0.025882 0.000000 0.096593
vn 0.025882 0.000000 0.096593
vn 0.025882 0.000000 0.096593
vn 0.050000 0.000000 0.086603
vn 0.050000 0.000000 0.086603
vn 0.070711 0.000000 0.070711
vn 0.050000 0.000000 0.086603
vn 0.025882 0.000000 0.096593
vn 0.070711 0.000000 0.070711
vn 0.086603 0.000000 0.050000
vn 0.096593 0.000000 0.025882
vn 0.070711 0.000000 0.070711
vn 0.070711 0.000000 0.070711
vn 0.086603 0.000000 0.050000
vn 0.096593 0.000000 0.025882
vn 0.070711 0.000000 0.070711
vn 0.070711 0.000000 0.070711
vn 0.086603 0.000000 0.050000
vn 0.096593 0.000000 0.025882
vn 0.070711 0.000000 0.070711
vn 0.070711 0.000000 0.070711
vn 0.086603 0.000000 0.050000
vn 0.096593 0.000000 0.025882
vn 0.070711 0.000000 0.070711
vn 0.070711 0.000000 0.070711
vn 0.086603 0.000000 0.050000
vn 0.096593 0.000000 0.025882
vn 0.070711 0.000000 0.070711
vn 0.070711 0.000000 0.070711
vn 0.086603 0.000000 0.050000
vn 0.096593 0.000000 0.025882
vn 0.070711 0.000000 0.070711
vn 0.070711 0.000000 0.070711
vn 0.086603 0.000000 0.050000
vn 0.096593 0.000000 0.025882
vn 0.070711 0.000000 0.070711
vn 0.086603 0.000000 0.050000
vn 0.096593 0.000000 0.025882
vn 0.086603 0.000000 0.050000
vn 0.086603 0.000000 0.050000
vn 0.096593 0.000000 0.025882
vn 0.086603 0.000000 0.050000
vn 0.086603 0.000000 0.050000
vn 0.096593 0.000000 0.025882
vn 0.086603 0.000000 0.050000
vn 0.086603 0.000000 0.050000
vn 0.086603 0.000000 0.050000
vn 0.086603 0.000000 0.050000
vn 0.096593 0.000000 0.025882
vn 0.086603 0.000000 0.050000
vn 0.086603 0.000000 0.050000
vn 0.096593 0.000000 0.025882
vn 0.086603 0.000000 0.050000
vn 0.086603 0.000000 0.050000
vn 0.096593 0.000000 0.025882
vn 0.086603 0.000000 0.050000
vn 0.096593 0.000000 0.025882
vn 0.096593 0.000000 0.025882
vn 0.096593 0.000000 0.025882
vn 0.096593 0.000000 0.025882
vn 0.096593 0.000000 0.025882
vn 0.096593 0.000000 0.025882
vn 0.100000 0.000000 0.000000
vn 0.100000 0.000000 0.000000
vn 0.097611 0.000000 -0.021727
vn 0.097611 0.000000 -0.021727
vn 0.097611 0.000000 -0.021727
vn 0.097611 0.000000 -0.021727
vn 0.090559 0.000000 -0.042416
vn 0.090559 0.000000 -0.042416
vn 0.079180 0.000000 -0.061078
vn 0.079180 0.000000 -0.061078
vn 0.064018 0.000000 -0.076822
vn 0.079180 0.000000 -0.061078
vn 0.079180 0.000000 -0.061078
vn 0.090559 0.000000 -0.042416
vn 0.090559 0.000000 -0.042416
vn 0.097611 0.000000 -0.021727
vn 0.097611 0.000000 -0.021727
vn 0.097611 0.000000 -0.021727
vn 0.097611 0.000000 -0.021727
vn 0.090559 0.000000 -0.042416
vn 0.090559 0.000000 -0.042416
vn 0.079180 0.000000 -0.061078
vn 0.079180 0.000000 -0.061078
vn 0.079180 0.000000 -0.061078
vn 0.079180 0.000000 -0.061078
vn 0.090559 0.000000 -0.042416
vn 0.090559 0.000000 -0.042416
vn 0.097611 0.000000 -0.021727
vn 0.097611 0.000000 -0.021727
vn 0.097611 0.000000 -0.021727
vn 0.097611 0.000000 -0.021727
vn 0.090559 0.000000 -0.042416
vn 0.090559 0.000000 -0.042416
vn 0.079180 0.000000 -0.061078
vn 0.079180 0.000000 -0.061078
vn 0.079180 0.000000 -0.061078
vn 0.079180 0.000000 -0.061078
vn 0.090559 0.000000 -0.042416
vn 0.090559 0.000000 -0.042416
vn 0.097611 0.000000 -0.021727
vn 0.097611 0.000000 -0.021727
vn 0.097611 0.000000 -0.021727
vn 0.097611 0.000000 -0.021727
vn 0.090559 0.000000 -0.042416
vn 0.090559 0.000000 -0.042416
vn 0.079180 0.000000 -0.061078
vn 0.079180 0.000000 -0.061078
vn 0.079180 0.000000 -0.061078
vn 0.079180 0.000000 -0.061078
vn 0.090559 0.000000 -0.042416
vn 0.090559 0.000000 -0.042416
vn 0.097611 0.000000 -0.021727
vn 0.097611 0.000000 -0.021727
vn 0.097611 0.000000 -0.021727
vn 0.097611 0.000000 -0.021727
vn 0.090559 0.000000 -0.042416
vn 0.090559 0.000000 -0.042416
vn 0.079180 0.000000 -0.061078
vn 0.079180 0.000000 -0.061078
vn 0.079180 0.000000 -0.061078
vn 0.079180 0.000000 -0.061078
vn 0.090559 0.000000 -0.042416
vn 0.090559 0.000000 -0.042416
vn 0.097611 0.000000 -0.021727
vn 0.097611 0.000000 -0.021727
vn 0.097611 0.000000 -0.021727
vn 0.097611 0.000000 -0.021727
vn 0.090559 0.000000 -0.042416
vn 0.090559 0.000000 -0.042416
vn 0.079180 0.000000 -0.061078
vn 0.079180 0.000000 -0.061078
vn 0.079180 0.000000 -0.061078
vn 0.079180 0.000000 -0.061078
vn 0.090559 0.000000 -0.042416
vn 0.090559 0.000000 -0.042416
vn 0.097611 0.000000 -0.021727
vn 0.097611 0.000000 -0.021727
vn 0.097611 0.000000 -0.021727
vn 0.097611 0.000000 -0.021727
vn 0.090559 0.000000 -0.042416
vn 0.090559 0.000000 -0.042416
vn 0.079180 0.000000 -0.061078
vn 0.079180 0.000000 -0.061078
vn 0.079180 0.000000 -0.061078
vn 0.079180 0.000000 -0.061078
vn 0.090559 0.000000 -0.042416
vn 0.090559 0.000000 -0.042416
vn 0.097611 0.000000 -0.021727
vn 0.097611 0.000000 -0.021727
vn 0.097611 0.000000 -0.021727
vn 0.097611 0.000000 -0.021727
vn 0.090559 0.000000 -0.042416
vn 0.090559 0.000000 -0.042416
vn 0.079180 0.000000 -0.061078
vn 0.079180 0.000000 -0.061078
vn 0.079180 0.000000 -0.061078
vn 0.079180 0.000000 -0.061078
vn 0.090559 0.000000 -0.042416
vn 0.090559 0.000000 -0.042416
vn 0.097611 0.000000 -0.021727
vn 0.097611 0.000000 -0.021727
vn 0.097611 0.000000 -0.021727
vn 0.097611 0.000000 -0.021727
vn 0.090559 0.000000 -0.042416
vn 0.090559 0.000000 -0.042416
vn 0.079180 0.000000 -0.061078
vn 0.079180 0.000000 -0.061078
vn 0.079180 0.000000 -0.061078
vn 0.079180 0.000000 -0.061078
vn 0.090559 0.000000 -0.042416
vn 0.090559 0.000000 -0.042416
vn 0.097611 0.000000 -0.021727
vn 0.097611 0.000000 -0.021727
vn 0.097611 0.000000 -0.021727
vn 0.097611 0.000000 -0.021727
vn 0.090559 0.000000 -0.042416
vn 0.090559 0.000000 -0.042416
vn 0.079180 0.000000 -0.061078
vn 0.079180 0.000000 -0.061078
vn 0.079180 0.000000 -0.061078
vn 0.079180 0.000000 -0.061078
vn 0.090559 0.000000 -0.042416
vn 0.090559 0.000000 -0.042416
vn 0.097611 0.000000 -0.021727
vn 0.097611 0.000000 -0.021727
vn 0.097611 0.000000 -0.021727
vn 0.097611 0.000000 -0.021727
vn 0.090559 0.000000 -0.042416
vn 0.090559 0.000000 -0.042416
vn 0.079180 0.000000 -0.061078
vn 0.079180 0.000000 -0.061078
vn 0.079180 0.000000 -0.061078
vn 0.079180 0.000000 -0.061078
vn 0.090559 0.000000 -0.042416
vn 0.090559 0.000000 -0.042416
vn 0.097611 0.000000 -0.021727
vn 0.097611 0.000000 -0.021727
vn 0.097611 0.000000 -0.021727
vn 0.097611 0.000000 -0.021727
vn 0.090559 0.000000 -0.042416
vn 0.090559 0.000000 -0.042416
vn 0.079180 0.000000 -0.061078
vn 0.079180 0.000000 -0.061078
vn 0.079180 0.000000 -0.061078
vn 0.079180 0.000000 -0.061078
vn 0.090559 0.000000 -0.042416
vn 0.090559 0.000000 -0.042416
vn 0.097611 0.000000 -0.021727
vn 0.097611 0.000000 -0.021727
vn 0.097611 0.000000 -0.021727
vn 0.097611 0.000000 -0.021727
vn 0.090559 0.000000 -0.042416
vn 0.090559 0.000000 -0.042416
vn 0.079180 0.000000 -0.061078
vn 0.079180 0.000000 -0.061078
vn 0.079180 0.000000 -0.061078
vn 0.079180 0.000000 -0.061078
vn 0.090559 0.000000 -0.042416
vn 0.090559 0.000000 -0.042416
vn 0.097611 0.000000 -0.021727
vn 0.097611 0.000000 -0.021727
vn 0.097611 0.000000 -0.021727
vn 0.097611 0.000000 -0.021727
vn 0.090559 0.000000 -0.042416
vn 0.090559 0.000000 -0.042416
vn 0.079180 0.000000 -0.061078
vn 0.079180 0.000000 -0.061078
vn 0.079180 0.000000 -0.061078
vn 0.079180 0.000000 -0.061078
vn 0.090559 0.000000 -0.042416
vn 0.090559 0.000000 -0.042416
vn 0.097611 0.000000 -0.021727
vn 0.097611 0.000000 -0.021727
vn 0.097611 0.000000 -0.021727
vn 0.097611 0.000000 -0.021727
vn 0.090559 0.000000 -0.042416
vn 0.090559 0.000000 -0.042416
vn 0.079180 0.000000 -0.061078
vn 0.079180 0.000000 -0.061078
vn 0.064018 0.000000 -0.076822
vn 0.079180 0.000000 -0.061078
vn 0.079180 0.000000 -0.061078
vn 0.090559 0.000000 -0.042416
vn 0.090559 0.000000 -0.042416
vn 0.097611 0.000000 -0.021727
vn 0.097611 0.000000 -0.021727
vn 0.097611 0.000000 -0.021727
vn 0.097611 0.000000 -0.021727
vn 0.090559 0.000000 -0.042416
vn 0.090559 0.000000 -0.042416
vn 0.079180 0.000000 -0.061078
vn 0.079180 0.000000 -0.061078
vn 0.079180 0.000000 -0.061078
vn 0.079180 0.000000 -0.061078
vn 0.090559 0.000000 -0.042416
vn 0.090559 0.000000 -0.042416
vn 0.097611 0.000000 -0.021727
vn 0.097611 0.000000 -0.021727
vn 0.097611 0.000000 -0.021727
vn 0.097611 0.000000 -0.021727
vn 0.090559 0.000000 -0.042416
vn 0.090559 0.000000 -0.042416
vn 0.079180 0.000000 -0.061078
vn 0.079180 0.000000 -0.061078
vn 0.079180 0.000000 -0.061078
vn 0.079180 0.000000 -0.061078
vn 0.090559 0.000000 -0.042416
vn 0.090559 0.000000 -0.042416
vn 0.097611 0.000000 -0.021727
vn 0.097611 0.000000 -0.021727
vn 0.097611 0.000000 -0.021727
vn 0.097611 0.000000 -0.021727
vn 0.090559 0.000000 -0.042416
vn 0.090559 0.000000 -0.042416
vn 0.079180 0.000000 -0.061078
vn 0.079180 0.000000 -0.061078
vn 0.079180 0.000000 -0.061078
vn 0.079180 0.000000 -0.061078
vn 0.090559 0.000000 -0.042416
vn 0.090559 0.000000 -0.042416
vn 0.097611 0.000000 -0.021727
vn 0.097611 0.000000 -0.021727
vn 0.097611 0.000000 -0.021727
vn 0.097611 0.000000 -0.021727
vn 0.090559 0.000000 -0.042416
vn 0.090559 0.000000 -0.042416
vn 0.079180 0.000000 -0.061078
vn 0.079180 0.000000 -0.061078
vn 0.079180 0.000000 -0.061078
vn 0.079180 0.000000 -0.061078
vn 0.090559 0.000000 -0.042416
vn 0.090559 0.000000 -0.042416
vn 0.097611 0.000000 -0.021727
vn 0.097611 0.000000 -0.021727
vn 0.097611 0.000000 -0.021727
vn 0.097611 0.000000 -0.021727
vn 0.090559 0.000000 -0.042416
vn 0.090559 0.000000 -0.042416
vn 0.079180 0.000000 -0.061078
vn 0.079180 0.000000 -0.061078
vn 0.079180 0.000000 -0.061078
vn 0.079180 0.000000 -0.061078
vn 0.090559 0.000000 -0.042416
vn 0.090559 0.000000 -0.042416
vn 0.097611 0.000000 -0.021727
vn 0.097611 0.000000 -0.021727
vn 0.097611 0.000000 -0.021727
vn 0.097611 0.000000 -0.021727
vn 0.090559 0.000000 -0.042416
vn 0.090559 0.000000 -0.042416
vn 0.079180 0.000000 -0.061078
vn 0.079180 0.000000 -0.061078
vn 0.079180 0.000000 -0.061078
vn 0.079180 0.000000 -0.061078
vn 0.090559 0.000000 -0.042416
vn 0.090559 0.000000 -0.042416
vn 0.097611 0.000000 -0.021727
vn 0.097611 0.000000 -0.021727
vn 0.097611 0.000000 -0.021727
vn 0.097611 0.000000 -0.021727
vn 0.090559 0.000000 -0.042416
vn 0.090559 0.000000 -0.042416
vn 0.079180 0.000000 -0.061078
vn 0.079180 0.000000 -0.061078
vn 0.079180 0.000000 -0.061078
vn 0.079180 0.000000 -0.061078
vn 0.090559 0.000000 -0.042416
vn 0.090559 0.000000 -0.042416
vn 0.097611 0.000000 -0.021727
vn 0.097611 0.000000 -0.021727
vn 0.097611 0.000000 -0.021727
vn 0.097611 0.000000 -0.021727
vn 0.090559 0.000000 -0.042416
vn 0.090559 0.000000 -0.042416
vn 0.079180 0.000000 -0.061078
vn 0.079180 0.000000 -0.061078
vn 0.079180 0.000000 -0.061078
vn 0.079180 0.000000 -0.061078
vn 0.090559 0.000000 -0.042416
vn 0.090559 0.000000 -0.042416
vn 0.097611 0.000000 -0.021727
vn 0.097611 0.000000 -0.021727
vn 0.097611 0.000000 -0.021727
vn 0.097611 0.000000 -0.021727
vn 0.090559 0.000000 -0.042416
vn 0.090559 0.000000 -0.042416
vn 0.079180 0.000000 -0.061078
vn 0.079180 0.000000 -0.061078
vn 0.079180 0.000000 -0.061078
vn 0.079180 0.000000 -0.061078
vn 0.090559 0.000000 -0.042416
vn 0.090559 0.000000 -0.042416
vn 0.097611 0.000000 -0.021727
vn 0.097611 0.000000 -0.021727
vn 0.097611 0.000000 -0.021727
vn 0.097611 0.000000 -0.021727
vn 0.090559 0.000000 -0.042416
vn 0.090559 0.000000 -0.042416
vn 0.079180 0.000000 -0.061078
vn 0.079180 0.000000 -0.061078
vn 0.079180 0.000000 -0.061078
vn 0.079180 0.000000 -0.061078
vn 0.090559 0.000000 -0.042416
vn 0.090559 0.000000 -0.042416
vn 0.097611 0.000000 -0.021727
vn 0.097611 0.000000 -0.021727
vn 0.097611 0.000000 -0.021727
vn 0.097611 0.000000 -0.021727
vn 0.090559 0.000000 -0.042416
vn 0.090559 0.000000 -0.042416
vn 0.079180 0.000000 -0.061078
vn 0.079180 0.000000 -0.061078
vn 0.079180 0.000000 -0.061078
vn 0.079180 0.000000 -0.061078
vn 0.090559 0.000000 -0.042416
vn 0.090559 0.000000 -0.042416
vn 0.097611 0.000000 -0.021727
vn 0.097611 0.000000 -0.021727
vn 0.097611 0.000000 -0.021727
vn 0.097611 0.000000 -0.021727
vn 0.090559 0.000000 -0.042416
vn 0.090559 0.000000 -0.042416
vn 0.079180 0.000000 -0.061078
vn 0.079180 0.000000 -0.061078
vn 0.079180 0.000000 -0.061078
vn 0.079180 0.000000 -0.061078
vn 0.090559 0.000000 -0.042416
vn 0.090559 0.000000 -0.042416
vn 0.097611 0.000000 -0.021727
vn 0.097611 0.000000 -0.021727
vn 0.097611 0.000000 -0.021727
vn 0.097611 0.000000 -0.021727
vn 0.090559 0.000000 -0.042416
vn 0.090559 0.000000 -0.042416
vn 0.079180 0.000000 -0.061078
vn 0.079180 0.000000 -0.061078
vn 0.079180 0.000000 -0.061078
vn 0.079180 0.000000 -0.061078
vn 0.090559 0.000000 -0.042416
vn 0.090559 0.000000 -0.042416
vn 0.097611 0.000000 -0.021727
vn 0.097611 0.000000 -0.021727
vn 0.097611 0.000000 -0.021727
vn 0.090559 0.000000 -0.042416
vn 0.079180 0.000000 -0.061078
vn 0.090559 0.000000 -0.042416
vn 0.090559 0.000000 -0.042416
vn 0.079180 0.000000 -0.061078
vn 0.079180 0.000000 -0.061078
vn 0.079180 0.000000 -0.061078
vn 0.090559 0.000000 -0.042416
vn 0.090559 0.000000 -0.042416
vn 0.079180 0.000000 -0.061078
vn 0.097611 0.000000 -0.021727
vn 0.097611 0.000000 -0.021727
vn 0.090559 0.000000 -0.042416
vn 0.090559 0.000000 -0.042416
vn 0.079180 0.000000 -0.061078
vn 0.097611 0.000000 -0.021727
vn 0.097611 0.000000 -0.021727
vn 0.090559 0.000000 -0.042416
vn 0.090559 0.000000 -0.042416
vn 0.079180 0.000000 -0.061078
vn 0.097611 0.000000 -0.021727
vn 0.097611 0.000000 -0.021727
vn 0.090559 0.000000 -0.042416
vn 0.090559 0.000000 -0.042416
vn 0.079180 0.000000 -0.061078
vn 0.097611 0.000000 -0.021727
vn 0.097611 0.000000 -0.021727
vn 0.090559 0.000000 -0.042416
vn 0.090559 0.000000 -0.042416
vn 0.079180 0.000000 -0.061078
vn 0.097611 0.000000 -0.021727
vn 0.097611 0.000000 -0.021727
vn 0.090559 0.000000 -0.042416
vn 0.090559 0.000000 -0.042416
vn 0.079180 0.000000 -0.061078
vn 0.097611 0.000000 -0.021727
vn 0.097611 0.000000 -0.021727
vn 0.090559 0.000000 -0.042416
vn 0.090559 0.000000 -0.042416
vn 0.079180 0.000000 -0.061078
vn 0.097611 0.000000 -0.021727
vn 0.097611 0.000000 -0.021727
vn 0.090559 0.000000 -0.042416
vn 0.090559 0.000000 -0.042416
vn 0.079180 0.000000 -0.061078
vn 0.097611 0.000000 -0.021727
vn 0.097611 0.000000 -0.021727
vn 0.090559 0.000000 -0.042416
vn 0.090559 0.000000 -0.042416
vn 0.079180 0.000000 -0.061078
vn 0.097611 0.000000 -0.021727
vn 0.097611 0.000000 -0.021727
vn 0.090559 0.000000 -0.042416
vn 0.090559 0.000000 -0.042416
vn 0.079180 0.000000 -0.061078
vn 0.097611 0.000000 -0.021727
vn 0.097611 0.000000 -0.021727
vn 0.090559 0.000000 -0.042416
vn 0.090559 0.000000 -0.042416
vn 0.079180 0.000000 -0.061078
vn 0.097611 0.000000 -0.021727
vn 0.097611 0.000000 -0.021727
vn 0.090559 0.000000 -0.042416
vn 0.090559 0.000000 -0.042416
vn 0.079180 0.000000 -0.061078
vn 0.097611 0.000000 -0.021727
vn 0.097611 0.000000 -0.021727
vn 0.090559 0.000000 -0.042416
vn 0.090559 0.000000 -0.042416
vn 0.079180 0.000000 -0.061078
vn 0.097611 0.000000 -0.021727
vn 0.097611 0.000000 -0.021727
vn 0.090559 0.000000 -0.042416
vn 0.090559 0.000000 -0.042416
vn 0.079180 0.000000 -0.061078
vn 0.097611 0.000000 -0.021727
vn 0.097611 0.000000 -0.021727
vn 0.090559 0.000000 -0.042416
vn 0.097611 0.000000 -0.021727
vn 0.097611 0.000000 -0.021727
vn 0.090559 0.000000 -0.042416
vn 0.090559 0.000000 -0.042416
vn 0.079180 0.000000 -0.061078
vn 0.097611 0.000000 -0.021727
vn 0.097611 0.000000 -0.021727
vn 0.090559 0.000000 -0.042416
vn 0.090559 0.000000 -0.042416
vn 0.079180 0.000000 -0.061078
vn 0.097611 0.000000 -0.021727
vn 0.097611 0.000000 -0.021727
vn 0.090559 0.000000 -0.042416
vn 0.090559 0.000000 -0.042416
vn 0.079180 0.000000 -0.061078
vn 0.097611 0.000000 -0.021727
vn 0.097611 0.000000 -0.021727
vn 0.090559 0.000000 -0.042416
vn 0.090559 0.000000 -0.042416
vn 0.079180 0.000000 -0.061078
vn 0.097611 0.000000 -0.021727
vn 0.097611 0.000000 -0.021727
vn 0.090559 0.000000 -0.042416
vn 0.090559 0.000000 -0.042416
vn 0.079180 0.000000 -0.061078
vn 0.097611 0.000000 -0.021727
vn 0.097611 0.000000 -0.021727
vn 0.090559 0.000000 -0.042416
vn 0.090559 0.000000 -0.042416
vn 0.079180 0.000000 -0.061078
vn 0.097611 0.000000 -0.021727
vn 0.097611 0.000000 -0.021727
vn 0.090559 0.000000 -0.042416
vn 0.090559 0.000000 -0.042416
vn 0.079180 0.000000 -0.061078
vn 0.097611 0.000000 -0.021727
vn 0.097611 0.000000 -0.021727
vn 0.090559 0.000000 -0.042416
vn 0.090559 0.000000 -0.042416
vn 0.079180 0.000000 -0.061078
vn 0.097611 0.000000 -0.021727
vn 0.097611 0.000000 -0.021727
vn 0.090559 0.000000 -0.042416
vn 0.090559 0.000000 -0.042416
vn 0.079180 0.000000 -0.061078
vn 0.097611 0.000000 -0.021727
vn 0.097611 0.000000 -0.021727
vn 0.090559 0.000000 -0.042416
vn 0.090559 0.000000 -0.042416
vn 0.079180 0.000000 -0.061078
vn 0.097611 0.000000 -0.021727
vn 0.097611 0.000000 -0.021727
vn 0.090559 0.000000 -0.042416
vn 0.090559 0.000000 -0.042416
vn 0.079180 0.000000 -0.061078
vn 0.097611 0.000000 -0.021727
vn 0.097611 0.000000 -0.021727
vn 0.090559 0.000000 -0.042416
vn 0.090559 0.000000 -0.042416
vn 0.079180 0.000000 -0.061078
vn 0.097611 0.000000 -0.021727
vn 0.097611 0.000000 -0.021727
vn 0.090559 0.000000 -0.042416
vn 0.090559 0.000000 -0.042416
vn 0.079180 0.000000 -0.061078
vn 0.097611 0.000000 -0.021727
vn 0.097611 0.000000 -0.021727
vn 0.090559 0.000000 -0.042416
vn 0.079180 0.000000 -0.061078
vn 0.079180 0.000000 -0.061078
vn 0.079180 0.000000 -0.061078
vn 0.079180 0.000000 -0.061078
vn 0.079180 0.000000 -0.061078
vn 0.079180 0.000000 -0.061078
vn 0.079180 0.000000 -0.061078
vn 0.079180 0.000000 -0.061078
vn 0.079180 0.000000 -0.061078
vn 0.079180 0.000000 -0.061078
vn 0.079180 0.000000 -0.061078
vn 0.079180 0.000000 -0.061078
vn 0.079180 0.000000 -0.061078
vn 0.079180 0.000000 -0.061078
vn 0.079180 0.000000 -0.061078
vn 0.079180 0.000000 -0.061078
vn 0.079180 0.000000 -0.061078
vn 0.079180 0.000000 -0.061078
vn 0.079180 0.000000 -0.061078
vn 0.079180 0.000000 -0.061078
vn 0.079180 0.000000 -0.061078
vn 0.079180 0.000000 -0.061078
vn 0.079180 0.000000 -0.061078
vn 0.079180 0.000000 -0.061078
vn 0.079180 0.000000 -0.061078
vn 0.079180 0.000000 -0.061078
vn 0.079180 0.000000 -0.061078
vn 0.079180 0.000000 -0.061078
vn 0.064018 0.000000 -0.076822
vn 0.064018 0.000000 -0.076822
vn 0.081528 0.000000 -0.057907
vn 0.081528 0.000000 -0.057907
vn 0.081528 0.000000 -0.057907
vn 0.081528 0.000000 -0.057907
vn 0.093620 0.000000 -0.035146
vn 0.093620 0.000000 -0.035146
vn 0.099494 0.000000 -0.010049
vn 0.099494 0.000000 -0.010049
vn 0.098757 0.000000 0.015715
vn 0.098757 0.000000 0.015715
vn 0.091460 0.000000 0.040436
vn 0.091460 0.000000 0.040436
vn 0.078087 0.000000 0.062470
vn 0.091460 0.000000 0.040436
vn 0.091460 0.000000 0.040436
vn 0.098757 0.000000 0.015715
vn 0.098757 0.000000 0.015715
vn 0.099494 0.000000 -0.010049
vn 0.099494 0.000000 -0.010049
vn 0.093620 0.000000 -0.035146
vn 0.093620 0.000000 -0.035146
vn 0.081528 0.000000 -0.057907
vn 0.081528 0.000000 -0.057907
vn 0.081528 0.000000 -0.057907
vn 0.081528 0.000000 -0.057907
vn 0.093620 0.000000 -0.035146
vn 0.093620 0.000000 -0.035146
vn 0.099494 0.000000 -0.010049
vn 0.099494 0.000000 -0.010049
vn 0.098757 0.000000 0.015715
vn 0.098757 0.000000 0.015715
vn 0.091460 0.000000 0.040436
vn 0.091460 0.000000 0.040436
vn 0.078087 0.000000 0.062470
vn 0.091460 0.000000 0.040436
vn 0.091460 0.000000 0.040436
vn 0.098757 0.000000 0.015715
vn 0.098757 0.000000 0.015715
vn 0.099494 0.000000 -0.010049
vn 0.099494 0.000000 -0.010049
vn 0.093620 0.000000 -0.035146
vn 0.093620 0.000000 -0.035146
vn 0.081528 0.000000 -0.057907
vn 0.081528 0.000000 -0.057907
vn 0.081528 0.000000 -0.057907
vn 0.081528 0.000000 -0.057907
vn 0.093620 0.000000 -0.035146
vn 0.093620 0.000000 -0.035146
vn 0.099494 0.000000 -0.010049
vn 0.099494 0.000000 -0.010049
vn 0.098757 0.000000 0.015715
vn 0.098757 0.000000 0.015715
vn 0.091460 0.000000 0.040436
vn 0.091460 0.000000 0.040436
vn 0.091460 0.000000 0.040436
vn 0.091460 0.000000 0.040436
vn 0.098757 0.000000 0.015715
vn 0.098757 0.000000 0.015715
vn 0.099494 0.000000 -0.010049
vn 0.099494 0.000000 -0.010049
vn 0.093620 0.000000 -0.035146
vn 0.093620 0.000000 -0.035146
vn 0.081528 0.000000 -0.057907
vn 0.081528 0.000000 -0.057907
vn 0.081528 0.000000 -0.057907
vn 0.081528 0.000000 -0.057907
vn 0.093620 0.000000 -0.035146
vn 0.093620 0.000000 -0.035146
vn 0.099494 0.000000 -0.010049
vn 0.099494 0.000000 -0.010049
vn 0.098757 0.000000 0.015715
vn 0.098757 0.000000 0.015715
vn 0.091460 0.000000 0.040436
vn 0.091460 0.000000 0.040436
vn 0.091460 0.000000 0.040436
vn 0.091460 0.000000 0.040436
vn 0.098757 0.000000 0.015715
vn 0.093620 0.000000 -0.035146
vn 0.093620 0.000000 -0.035146
vn 0.099494 0.000000 -0.010049
vn 0.099494 0.000000 -0.010049
vn 0.098757 0.000000 0.015715
vn 0.098757 0.000000 0.015715
vn 0.091460 0.000000 0.040436
vn 0.091460 0.000000 0.040436
vn 0.091460 0.000000 0.040436
vn 0.091460 0.000000 0.040436
vn 0.098757 0.000000 0.015715
vn 0.098757 0.000000 0.015715
vn 0.099494 0.000000 -0.010049
vn 0.099494 0.000000 -0.010049
vn 0.093620 0.000000 -0.035146
vn 0.093620 0.000000 -0.035146
vn 0.081528 0.000000 -0.057907
vn 0.081528 0.000000 -0.057907
vn 0.081528 0.000000 -0.057907
vn 0.081528 0.000000 -0.057907
vn 0.081528 0.000000 -0.057907
vn 0.093620 0.000000 -0.035146
vn 0.093620 0.000000 -0.035146
vn 0.099494 0.000000 -0.010049
vn 0.093620 0.000000 -0.035146
vn 0.099494 0.000000 -0.010049
vn 0.098757 0.000000 0.015715
vn 0.091460 0.000000 0.040436
vn 0.081528 0.000000 -0.057907
vn 0.081528 0.000000 -0.057907
vn 0.081528 0.000000 -0.057907
vn 0.093620 0.000000 -0.035146
vn 0.093620 0.000000 -0.035146
vn 0.099494 0.000000 -0.010049
vn 0.093620 0.000000 -0.035146
vn 0.081528 0.000000 -0.057907
vn 0.081528 0.000000 -0.057907
vn 0.093620 0.000000 -0.035146
vn 0.099494 0.000000 -0.010049
vn 0.098757 0.000000 0.015715
vn 0.093620 0.000000 -0.035146
vn 0.099494 0.000000 -0.010049
vn 0.098757 0.000000 0.015715
vn 0.091460 0.000000 0.040436
vn 0.081528 0.000000 -0.057907
vn 0.081528 0.000000 -0.057907
vn 0.081528 0.000000 -0.057907
vn 0.093620 0.000000 -0.035146
vn 0.093620 0.000000 -0.035146
vn 0.099494 0.000000 -0.010049
vn 0.093620 0.000000 -0.035146
vn 0.081528 0.000000 -0.057907
vn 0.093620 0.000000 -0.035146
vn 0.099494 0.000000 -0.010049
vn 0.099494 0.000000 -0.010049
vn 0.098757 0.000000 0.015715
vn 0.091460 0.000000 0.040436
vn 0.099494 0.000000 -0.010049
vn 0.099494 0.000000 -0.010049
vn 0.098757 0.000000 0.015715
vn 0.091460 0.000000 0.040436
vn 0.099494 0.000000 -0.010049
vn 0.099494 0.000000 -0.010049
vn 0.098757 0.000000 0.015715
vn 0.091460 0.000000 0.040436
vn 0.098757 0.000000 0.015715
vn 0.098757 0.000000 0.015715
vn 0.091460 0.000000 0.040436
vn 0.098757 0.000000 0.015715
vn 0.091460 0.000000 0.040436
vn 0.098757 0.000000 0.015715
vn 0.098757 0.000000 0.015715
vn 0.091460 0.000000 0.040436
vn 0.091460 0.000000 0.040436
vn 0.091460 0.000000 0.040436
vn 0.078087 0.000000 0.062470
vn 0.078087 0.000000 0.062470
vn 0.062258 0.000000 0.078255
vn 0.062258 0.000000 0.078255
vn 0.062258 0.000000 0.078255
vn 0.062258 0.000000 0.078255
vn 0.043319 0.000000 0.090130
vn 0.043319 0.000000 0.090130
vn 0.022214 0.000000 0.097501
vn 0.022214 0.000000 0.097501
vn -0.000000 -0.000000 0.100000
vn 0.022214 0.000000 0.097501
vn 0.022214 0.000000 0.097501
vn 0.043319 0.000000 0.090130
vn 0.043319 0.000000 0.090130
vn 0.062258 0.000000 0.078255
vn 0.062258 0.000000 0.078255
vn 0.062258 0.000000 0.078255
vn 0.062258 0.000000 0.078255
vn 0.043319 0.000000 0.090130
vn 0.043319 0.000000 0.090130
vn 0.022214 0.000000 0.097501
vn 0.022214 0.000000 0.097501
vn 0.022214 0.000000 0.097501
vn 0.022214 0.000000 0.097501
vn 0.043319 0.000000 0.090130
vn 0.043319 0.000000 0.090130
vn 0.062258 0.000000 0.078255
vn 0.062258 0.000000 0.078255
vn 0.062258 0.000000 0.078255
vn 0.062258 0.000000 0.078255
vn 0.043319 0.000000 0.090130
vn 0.043319 0.000000 0.090130
vn 0.022214 0.000000 0.097501
vn 0.022214 0.000000 0.097501
vn 0.000000 0.000000 0.100000
vn 0.043319 0.000000 0.090130
vn 0.043319 0.000000 0.090130
vn 0.022214 0.000000 0.097501
vn 0.022214 0.000000 0.097501
vn 0.022214 0.000000 0.097501
vn 0.022214 0.000000 0.097501
vn 0.022214 0.000000 0.097501
vn 0.022214 0.000000 0.097501
vn 0.043319 0.000000 0.090130
vn 0.043319 0.000000 0.090130
vn 0.062258 0.000000 0.078255
vn 0.062258 0.000000 0.078255
vn 0.062258 0.000000 0.078255
vn 0.062258 0.000000 0.078255
vn 0.043319 0.000000 0.090130
vn 0.043319 0.000000 0.090130
vn 0.022214 0.000000 0.097501
vn 0.022214 0.000000 0.097501
vn 0.022214 0.000000 0.097501
vn 0.022214 0.000000 0.097501
vn 0.043319 0.000000 0.090130
vn 0.043319 0.000000 0.090130
vn 0.062258 0.000000 0.078255
vn 0.062258 0.000000 0.078255
vn 0.062258 0.000000 0.078255
vn 0.062258 0.000000 0.078255
vn 0.043319 0.000000 0.090130
vn 0.043319 0.000000 0.090130
vn 0.022214 0.000000 0.097501
vn 0.022214 0.000000 0.097501
vn 0.022214 0.000000 0.097501
vn 0.022214 0.000000 0.097501
vn 0.043319 0.000000 0.090130
vn 0.043319 0.000000 0.090130
vn 0.062258 0.000000 0.078255
vn 0.062258 0.000000 0.078255
vn 0.043319 0.000000 0.090130
vn 0.043319 0.000000 0.090130
vn 0.062258 0.000000 0.078255
vn 0.062258 0.000000 0.078255
vn 0.043319 0.000000 0.090130
vn 0.022214 0.000000 0.097501
vn 0.062258 0.000000 0.078255
vn 0.062258 0.000000 0.078255
vn 0.043319 0.000000 0.090130
vn 0.043319 0.000000 0.090130
vn 0.022214 0.000000 0.097501
vn 0.062258 0.000000 0.078255
vn 0.062258 0.000000 0.078255
vn 0.043319 0.000000 0.090130
vn 0.043319 0.000000 0.090130
vn 0.022214 0.000000 0.097501
vn 0.062258 0.000000 0.078255
vn 0.043319 0.000000 0.090130
vn 0.062258 0.000000 0.078255
vn 0.062258 0.000000 0.078255
vn 0.043319 0.000000 0.090130
vn 0.043319 0.000000 0.090130
vn 0.022214 0.000000 0.097501
vn 0.062258 0.000000 0.078255
vn 0.062258 0.000000 0.078255
vn 0.043319 0.000000 0.090130
vn 0.043319 0.000000 0.090130
vn 0.022214 0.000000 0.097501
vn 0.062258 0.000000 0.078255
vn 0.062258 0.000000 0.078255
vn 0.043319 0.000000 0.090130
vn 0.022214 0.000000 0.097501
vn 0.022214 0.000000 0.097501
vn 0.022214 0.000000 0.097501
vn 0.022214 0.000000 0.097501
vn 0.022214 0.000000 0.097501
vn 0.022214 0.000000 0.097501
vn 0.096593 0.000000 -0.025882
vn 0.096593 0.000000 -0.025882
vn 0.100000 0.000000 0.000000
vn 0.096593 0.000000 -0.025882
vn 0.096593 0.000000 -0.025882
vn 0.086603 0.000000 -0.050000
vn 0.086603 0.000000 -0.050000
vn 0.070711 0.000000 -0.070711
vn 0.070711 0.000000 -0.070711
vn 0.050000 0.000000 -0.086603
vn 0.050000 0.000000 -0.086603
vn 0.025882 0.000000 -0.096593
vn 0.025882 0.000000 -0.096593
vn 0.000000 0.000000 -0.100000
vn 0.025882 0.000000 -0.096593
vn 0.025882 0.000000 -0.096593
vn 0.050000 0.000000 -0.086603
vn 0.050000 0.000000 -0.086603
vn 0.070711 0.000000 -0.070711
vn 0.070711 0.000000 -0.070711
vn 0.086603 0.000000 -0.050000
vn 0.086603 0.000000 -0.050000
vn 0.096593 0.000000 -0.025882
vn 0.096593 0.000000 -0.025882
vn 0.096593 0.000000 -0.025882
vn 0.096593 0.000000 -0.025882
vn 0.086603 0.000000 -0.050000
vn 0.086603 0.000000 -0.050000
vn 0.070711 0.000000 -0.070711
vn 0.070711 0.000000 -0.070711
vn 0.050000 0.000000 -0.086603
vn 0.050000 0.000000 -0.086603
vn 0.025882 0.000000 -0.096593
vn 0.025882 0.000000 -0.096593
vn -0.000000 -0.000000 -0.100000
vn 0.025882 0.000000 -0.096593
vn 0.025882 0.000000 -0.096593
vn 0.050000 0.000000 -0.086603
vn 0.050000 0.000000 -0.086603
vn 0.070711 0.000000 -0.070711
vn 0.070711 0.000000 -0.070711
vn 0.086603 0.000000 -0.050000
vn 0.086603 0.000000 -0.050000
vn 0.096593 0.000000 -0.025882
vn 0.096593 0.000000 -0.025882
vn 0.100000 0.000000 0.000000
vn 0.096593 0.000000 -0.025882
vn 0.096593 0.000000 -0.025882
vn 0.086603 0.000000 -0.050000
vn 0.086603 0.000000 -0.050000
vn 0.070711 0.000000 -0.070711
vn 0.070711 0.000000 -0.070711
vn 0.050000 0.000000 -0.086603
vn 0.050000 0.000000 -0.086603
vn 0.025882 0.000000 -0.096593
vn 0.025882 0.000000 -0.096593
vn 0.025882 0.000000 -0.096593
vn 0.025882 0.000000 -0.096593
vn 0.050000 0.000000 -0.086603
vn 0.050000 0.000000 -0.086603
vn 0.070711 0.000000 -0.070711
vn 0.070711 0.000000 -0.070711
vn 0.086603 0.000000 -0.050000
vn 0.086603 0.000000 -0.050000
vn 0.096593 0.000000 -0.025882
vn 0.096593 0.000000 -0.025882
vn 0.096593 0.000000 -0.025882
vn 0.096593 0.000000 -0.025882
vn 0.086603 0.000000 -0.050000
vn 0.086603 0.000000 -0.050000
vn 0.070711 0.000000 -0.070711
vn 0.070711 0.000000 -0.070711
vn 0.050000 0.000000 -0.086603
vn 0.050000 0.000000 -0.086603
vn 0.025882 0.000000 -0.096593
vn 0.025882 0.000000 -0.096593
vn 0.025882 0.000000 -0.096593
vn 0.025882 0.000000 -0.096593
vn 0.050000 0.000000 -0.086603
vn 0.086603 0.000000 -0.050000
vn 0.086603 0.000000 -0.050000
vn 0.070711 0.000000 -0.070711
vn 0.070711 0.000000 -0.070711
vn 0.050000 0.000000 -0.086603
vn 0.050000 0.000000 -0.086603
vn 0.025882 0.000000 -0.096593
vn 0.025882 0.000000 -0.096593
vn 0.025882 0.000000 -0.096593
vn 0.025882 0.000000 -0.096593
vn 0.050000 0.000000 -0.086603
vn 0.050000 0.000000 -0.086603
vn 0.070711 0.000000 -0.070711
vn 0.070711 0.000000 -0.070711
vn 0.086603 0.000000 -0.050000
vn 0.086603 0.000000 -0.050000
vn 0.096593 0.000000 -0.025882
vn 0.096593 0.000000 -0.025882
vn 0.096593 0.000000 -0.025882
vn 0.096593 0.000000 -0.025882
vn 0.096593 0.000000 -0.025882
vn 0.086603 0.000000 -0.050000
vn 0.086603 0.000000 -0.050000
vn 0.070711 0.000000 -0.070711
vn 0.086603 0.000000 -0.050000
vn 0.070711 0.000000 -0.070711
vn 0.050000 0.000000 -0.086603
vn 0.025882 0.000000 -0.096593
vn 0.096593 0.000000 -0.025882
vn 0.096593 0.000000 -0.025882
vn 0.096593 0.000000 -0.025882
vn 0.086603 0.000000 -0.050000
vn 0.086603 0.000000 -0.050000
vn 0.070711 0.000000 -0.070711
vn 0.086603 0.000000 -0.050000
vn 0.096593 0.000000 -0.025882
vn 0.096593 0.000000 -0.025882
vn 0.086603 0.000000 -0.050000
vn 0.070711 0.000000 -0.070711
vn 0.050000 0.000000 -0.086603
vn 0.086603 0.000000 -0.050000
vn 0.070711 0.000000 -0.070711
vn 0.050000 0.000000 -0.086603
vn 0.025882 0.000000 -0.096593
vn 0.096593 0.000000 -0.025882
vn 0.096593 0.000000 -0.025882
vn 0.096593 0.000000 -0.025882
vn 0.086603 0.000000 -0.050000
vn 0.086603 0.000000 -0.050000
vn 0.070711 0.000000 -0.070711
vn 0.086603 0.000000 -0.050000
vn 0.096593 0.000000 -0.025882
vn 0.086603 0.000000 -0.050000
vn 0.070711 0.000000 -0.070711
vn 0.070711 0.000000 -0.070711
vn 0.050000 0.000000 -0.086603
vn 0.025882 0.000000 -0.096593
vn 0.070711 0.000000 -0.070711
vn 0.070711 0.000000 -0.070711
vn 0.050000 0.000000 -0.086603
vn 0.025882 0.000000 -0.096593
vn 0.070711 0.000000 -0.070711
vn 0.070711 0.000000 -0.070711
vn 0.050000 0.000000 -0.086603
vn 0.025882 0.000000 -0.096593
vn 0.050000 0.000000 -0.086603
vn 0.050000 0.000000 -0.086603
vn 0.025882 0.000000 -0.096593
vn 0.050000 0.000000 -0.086603
vn 0.025882 0.000000 -0.096593
vn 0.050000 0.000000 -0.086603
vn 0.050000 0.000000 -0.086603
vn 0.025882 0.000000 -0.096593
vn 0.025882 0.000000 -0.096593
vn 0.025882 0.000000 -0.096593
vn -0.100000 -0.000000 0.000000
vn -0.100000 -0.000000 0.000000
vn -0.100000 -0.000000 0.000000
vn -0.100000 -0.000000 0.000000
vn 0.000000 0.000000 0.100000
vn 0.000000 0.000000 0.100000
vn 0.000000 0.000000 0.100000
vn 0.000000 0.000000 0.100000
vn 0.000000 0.000000 0.100000
vn 0.000000 0.000000 0.100000
vn 0.000000 0.000000 0.100000
vn 0.000000 0.000000 0.100000
vn 0.000000 0.000000 0.100000
vn 0.000000 0.000000 0.100000
vn 0.000000 0.000000 0.100000
vn 0.000000 0.000000 0.100000
vn 0.000000 0.000000 0.100000
vn 0.000000 0.000000 0.100000
vn 0.000000 0.000000 0.100000
vn 0.000000 0.000000 0.100000
vn 0.000000 0.000000 0.100000
vn 0.000000 0.000000 0.100000
vn 0.000000 0.000000 0.100000
vn 0.000000 0.000000 0.100000
vn 0.000000 0.000000 0.100000
vn 0.000000 0.000000 0.100000
vn 0.000000 0.000000 0.100000
vn 0.000000 0.000000 0.100000
vn 0.000000 0.000000 0.100000
vn 0.000000 0.000000 0.100000
vn 0.000000 0.000000 0.100000
vn 0.000000 0.000000 0.100000
vn 0.000000 0.000000 0.100000
vn 0.000000 0.000000 0.100000
vn 0.000000 0.000000 0.100000
vn 0.000000 0.000000 0.100000
vn 0.000000 0.000000 0.100000
vn 0.000000 0.000000 0.100000
vn 0.000000 0.000000 0.100000
vn 0.000000 0.000000 0.100000
vn 0.000000 0.000000 0.100000
vn 0.000000 0.000000 0.100000
vn 0.000000 0.000000 0.100000
vn 0.000000 0.000000 0.100000
vn 0.000000 0.000000 0.100000
vn 0.000000 0.000000 0.100000
vn 0.000000 0.000000 0.100000
vn 0.000000 0.000000 0.100000
vn 0.000000 0.000000 0.100000
vn 0.000000 0.000000 0.100000
vn 0.000000 0.000000 0.100000
vn 0.000000 0.000000 0.100000
vn 0.000000 0.000000 0.100000
vn 0.000000 0.000000 0.100000
vn 0.000000 0.000000 0.100000
vn 0.000000 0.000000 0.100000
vn 0.000000 0.000000 0.100000
vn 0.000000 0.000000 0.100000
vn 0.000000 0.000000 0.100000
vn 0.000000 0.000000 0.100000
vn 0.000000 0.000000 0.100000
vn 0.000000 0.000000 0.100000
vn 0.000000 0.000000 0.100000
vn 0.000000 0.000000 0.100000
vn 0.000000 0.000000 0.100000
vn 0.000000 0.000000 0.100000
vn 0.000000 0.000000 0.100000
vn 0.000000 0.000000 0.100000
vn 0.000000 0.000000 0.100000
vn 0.000000 0.000000 0.100000
vn 0.000000 0.000000 0.100000
vn 0.000000 0.000000 0.100000
vn 0.000000 0.000000 0.100000
vn 0.000000 0.000000 0.100000
vn 0.000000 0.000000 0.100000
vn 0.000000 0.000000 0.100000
vn 0.000000 0.000000 0.100000
vn 0.000000 0.000000 0.100000
vn 0.000000 0.000000 0.100000
vn 0.000000 0.000000 0.100000
vn 0.000000 0.000000 0.100000
vn 0.000000 0.000000 0.100000
vn 0.000000 0.000000 0.100000
vn 0.000000 0.000000 0.100000
vn 0.000000 0.000000 0.100000
vn 0.000000 0.000000 0.100000
vn 0.000000 0.000000 0.100000
vn 0.000000 0.000000 0.100000
vn 0.000000 0.000000 0.100000
vn 0.000000 0.000000 0.100000
vn 0.000000 0.000000 0.100000
vn 0.000000 0.000000 0.100000
vn 0.000000 0.000000 0.100000
vn 0.000000 0.000000 0.100000
vn 0.000000 0.000000 0.100000
vn 0.000000 0.000000 0.100000
vn 0.000000 0.000000 0.100000
vn 0.000000 0.000000 0.100000
vn 0.000000 0.000000 0.100000
vn 0.000000 0.000000 0.100000
vn 0.000000 0.000000 0.100000
vn 0.000000 0.000000 0.100000
vn 0.000000 0.000000 0.100000
vn 0.000000 0.000000 0.100000
vn 0.000000 0.000000 0.100000
vn 0.000000 0.000000 0.100000
vn 0.000000 0.000000 0.100000
vn 0.000000 0.000000 0.100000
vn 0.025882 0.000000 0.096593
vn 0.025882 0.000000 0.096593
vn 0.025882 0.000000 0.096593
vn 0.025882 0.000000 0.096593
vn 0.050000 0.000000 0.086603
vn 0.050000 0.000000 0.086603
vn 0.070711 0.000000 0.070711
vn 0.070711 0.000000 0.070711
vn 0.086603 0.000000 0.050000
vn 0.086603 0.000000 0.050000
vn 0.096593 0.000000 0.025882
vn 0.096593 0.000000 0.025882
vn 0.100000 0.000000 0.000000
vn 0.096593 0.000000 0.025882
vn 0.096593 0.000000 0.025882
vn 0.086603 0.000000 0.050000
vn 0.086603 0.000000 0.050000
vn 0.070711 0.000000 0.070711
vn 0.070711 0.000000 0.070711
vn 0.050000 0.000000 0.086603
vn 0.050000 0.000000 0.086603
vn 0.025882 0.000000 0.096593
vn 0.025882 0.000000 0.096593
vn 0.025882 0.000000 0.096593
vn 0.025882 0.000000 0.096593
vn 0.050000 0.000000 0.086603
vn 0.050000 0.000000 0.086603
vn 0.070711 0.000000 0.070711
vn 0.070711 0.000000 0.070711
vn 0.086603 0.000000 0.050000
vn 0.086603 0.000000 0.050000
vn 0.096593 0.000000 0.025882
vn 0.096593 0.000000 0.025882
vn 0.096593 0.000000 0.025882
vn 0.096593 0.000000 0.025882
vn 0.086603 0.000000 0.050000
vn 0.086603 0.000000 0.050000
vn 0.070711 0.000000 0.070711
vn 0.070711 0.000000 0.070711
vn 0.050000 0.000000 0.086603
vn 0.050000 0.000000 0.086603
vn 0.025882 0.000000 0.096593
vn 0.025882 0.000000 0.096593
vn 0.025882 0.000000 0.096593
vn 0.025882 0.000000 0.096593
vn 0.050000 0.000000 0.086603
vn 0.050000 0.000000 0.086603
vn 0.070711 0.000000 0.070711
vn 0.070711 0.000000 0.070711
vn 0.086603 0.000000 0.050000
vn 0.086603 0.000000 0.050000
vn 0.096593 0.000000 0.025882
vn 0.096593 0.000000 0.025882
vn 0.096593 0.000000 0.025882
vn 0.096593 0.000000 0.025882
vn 0.086603 0.000000 0.050000
vn 0.086603 0.000000 0.050000
vn 0.070711 0.000000 0.070711
vn 0.070711 0.000000 0.070711
vn 0.050000 0.000000 0.086603
vn 0.050000 0.000000 0.086603
vn 0.025882 0.000000 0.096593
vn 0.025882 0.000000 0.096593
vn 0.025882 0.000000 0.096593
vn 0.025882 0.000000 0.096593
vn 0.050000 0.000000 0.086603
vn 0.050000 0.000000 0.086603
vn 0.070711 0.000000 0.070711
vn 0.070711 0.000000 0.070711
vn 0.086603 0.000000 0.050000
vn 0.086603 0.000000 0.050000
vn 0.096593 0.000000 0.025882
vn 0.096593 0.000000 0.025882
vn 0.100000 0.000000 0.000000
vn 0.096593 0.000000 0.025882
vn 0.096593 0.000000 0.025882
vn 0.086603 0.000000 0.050000
vn 0.086603 0.000000 0.050000
vn 0.070711 0.000000 0.070711
vn 0.070711 0.000000 0.070711
vn 0.050000 0.000000 0.086603
vn 0.050000 0.000000 0.086603
vn 0.025882 0.000000 0.096593
vn 0.025882 0.000000 0.096593
vn 0.025882 0.000000 0.096593
vn 0.025882 0.000000 0.096593
vn 0.050000 0.000000 0.086603
vn 0.050000 0.000000 0.086603
vn 0.070711 0.000000 0.070711
vn 0.070711 0.000000 0.070711
vn 0.086603 0.000000 0.050000
vn 0.086603 0.000000 0.050000
vn 0.096593 0.000000 0.025882
vn 0.096593 0.000000 0.025882
vn 0.096593 0.000000 0.025882
vn 0.096593 0.000000 0.025882
vn 0.086603 0.000000 0.050000
vn 0.086603 0.000000 0.050000
vn 0.070711 0.000000 0.070711
vn 0.070711 0.000000 0.070711
vn 0.050000 0.000000 0.086603
vn 0.050000 0.000000 0.086603
vn 0.025882 0.000000 0.096593
vn 0.025882 0.000000 0.096593
vn 0.025882 0.000000 0.096593
vn 0.025882 0.000000 0.096593
vn 0.050000 0.000000 0.086603
vn 0.050000 0.000000 0.086603
vn 0.070711 0.000000 0.070711
vn 0.070711 0.000000 0.070711
vn 0.086603 0.000000 0.050000
vn 0.086603 0.000000 0.050000
vn 0.096593 0.000000 0.025882
vn 0.096593 0.000000 0.025882
vn 0.096593 0.000000 0.025882
vn 0.096593 0.000000 0.025882
vn 0.086603 0.000000 0.050000
vn 0.086603 0.000000 0.050000
vn 0.070711 0.000000 0.070711
vn 0.070711 0.000000 0.070711
vn 0.050000 0.000000 0.086603
vn 0.050000 0.000000 0.086603
vn 0.025882 0.000000 0.096593
vn 0.025882 0.000000 0.096593
vn 0.025882 0.000000 0.096593
vn 0.025882 0.000000 0.096593
vn 0.050000 0.000000 0.086603
vn 0.050000 0.000000 0.086603
vn 0.070711 0.000000 0.070711
vn 0.070711 0.000000 0.070711
vn 0.086603 0.000000 0.050000
vn 0.086603 0.000000 0.050000
vn 0.096593 0.000000 0.025882
vn 0.096593 0.000000 0.025882
vn 0.096593 0.000000 0.025882
vn 0.096593 0.000000 0.025882
vn 0.086603 0.000000 0.050000
vn 0.086603 0.000000 0.050000
vn 0.070711 0.000000 0.070711
vn 0.070711 0.000000 0.070711
vn 0.050000 0.000000 0.086603
vn 0.050000 0.000000 0.086603
vn 0.025882 0.000000 0.096593
vn 0.025882 0.000000 0.096593
vn 0.050000 0.000000 0.086603
vn 0.050000 0.000000 0.086603
vn 0.070711 0.000000 0.070711
vn 0.070711 0.000000 0.070711
vn 0.086603 0.000000 0.050000
vn 0.086603 0.000000 0.050000
vn 0.096593 0.000000 0.025882
vn 0.096593 0.000000 0.025882
vn 0.096593 0.000000 0.025882
vn 0.096593 0.000000 0.025882
vn 0.096593 0.000000 0.025882
vn 0.086603 0.000000 0.050000
vn 0.025882 0.000000 0.096593
vn 0.025882 0.000000 0.096593
vn 0.025882 0.000000 0.096593
vn 0.050000 0.000000 0.086603
vn 0.050000 0.000000 0.086603
vn 0.070711 0.000000 0.070711
vn 0.086603 0.000000 0.050000
vn 0.096593 0.000000 0.025882
vn 0.025882 0.000000 0.096593
vn 0.025882 0.000000 0.096593
vn 0.025882 0.000000 0.096593
vn 0.050000 0.000000 0.086603
vn 0.050000 0.000000 0.086603
vn 0.070711 0.000000 0.070711
vn 0.050000 0.000000 0.086603
vn 0.025882 0.000000 0.096593
vn 0.050000 0.000000 0.086603
vn 0.070711 0.000000 0.070711
vn 0.086603 0.000000 0.050000
vn 0.096593 0.000000 0.025882
vn 0.025882 0.000000 0.096593
vn 0.025882 0.000000 0.096593
vn 0.025882 0.000000 0.096593
vn 0.050000 0.000000 0.086603
vn 0.050000 0.000000 0.086603
vn 0.070711 0.000000 0.070711
vn 0.050000 0.000000 0.086603
vn 0.025882 0.000000 0.096593
vn 0.050000 0.000000 0.086603
vn 0.070711 0.000000 0.070711
vn 0.086603 0.000000 0.050000
vn 0.096593 0.000000 0.025882
vn 0.025882 0.000000 0.096593
vn 0.025882 0.000000 0.096593
vn 0.025882 0.000000 0.096593
vn 0.050000 0.000000 0.086603
vn 0.050000 0.000000 0.086603
vn 0.070711 0.000000 0.070711
vn 0.050000 0.000000 0.086603
vn 0.025882 0.000000 0.096593
vn 0.050000 0.000000 0.086603
vn 0.070711 0.000000 0.070711
vn 0.025882 0.000000 0.096593
vn 0.050000 0.000000 0.086603
vn 0.050000 0.000000 0.086603
vn 0.070711 0.000000 0.070711
vn 0.050000 0.000000 0.086603
vn 0.070711 0.000000 0.070711
vn 0.086603 0.000000 0.050000
vn 0.096593 0.000000 0.025882
vn 0.025882 0.000000 0.096593
vn 0.025882 0.000000 0.096593
vn 0.025882 0.000000 0.096593
vn 0.050000 0.000000 0.086603
vn 0.050000 0.000000 0.086603
vn 0.070711 0.000000 0.070711
vn 0.050000 0.000000 0.086603
vn 0.025882 0.000000 0.096593
vn 0.050000 0.000000 0.086603
vn 0.070711 0.000000 0.070711
vn 0.086603 0.000000 0.050000
vn 0.096593 0.000000 0.025882
vn 0.025882 0.000000 0.096593
vn 0.025882 0.000000 0.096593
vn 0.025882 0.000000 0.096593
vn 0.050000 0.000000 0.086603
vn 0.050000 0.000000 0.086603
vn 0.070711 0.000000 0.070711
vn 0.050000 0.000000 0.086603
vn 0.025882 0.000000 0.096593
vn 0.050000 0.000000 0.086603
vn 0.070711 0.000000 0.070711
vn 0.086603 0.000000 0.050000
vn 0.096593 0.000000 0.025882
vn 0.025882 0.000000 0.096593
vn 0.025882 0.000000 0.096593
vn 0.025882 0.000000 0.096593
vn 0.050000 0.000000 0.086603
vn 0.050000 0.000000 0.086603
vn 0.070711 0.000000 0.070711
vn 0.050000 0.000000 0.086603
vn 0.025882 0.000000 0.096593
vn 0.070711 0.000000 0.070711
vn 0.086603 0.000000 0.050000
vn 0.096593 0.000000 0.025882
vn 0.070711 0.000000 0.070711
vn 0.070711 0.000000 0.070711
vn 0.086603 0.000000 0.050000
vn 0.096593 0.000000 0.025882
vn 0.070711 0.000000 0.070711
vn 0.070711 0.000000 0.070711
vn 0.086603 0.000000 0.050000
vn 0.096593 0.000000 0.025882
vn 0.070711 0.000000 0.070711
vn 0.070711 0.000000 0.070711
vn 0.086603 0.000000 0.050000
vn 0.096593 0.000000 0.025882
vn 0.070711 0.000000 0.070711
vn 0.070711 0.000000 0.070711
vn 0.086603 0.000000 0.050000
vn 0.096593 0.000000 0.025882
vn 0.070711 0.000000 0.070711
vn 0.070711 0.000000 0.070711
vn 0.086603 0.000000 0.050000
vn 0.096593 0.000000 0.025882
vn 0.070711 0.000000 0.070711
vn 0.070711 0.000000 0.070711
vn 0.086603 0.000000 0.050000
vn 0.096593 0.000000 0.025882
vn 0.070711 0.000000 0.070711
vn 0.086603 0.000000 0.050000
vn 0.096593 0.000000 0.025882
vn 0.086603 0.000000 0.050000
vn 0.086603 0.000000 0.050000
vn 0.096593 0.000000 0.025882
vn 0.086603 0.000000 0.050000
vn 0.086603 0.000000 0.050000
vn 0.096593 0.000000 0.025882
vn 0.086603 0.000000 0.050000
vn 0.086603 0.000000 0.050000
vn 0.086603 0.000000 0.050000
vn 0.086603 0.000000 0.050000
vn 0.096593 0.000000 0.025882
vn 0.086603 0.000000 0.050000
vn 0.086603 0.000000 0.050000
vn 0.096593 0.000000 0.025882
vn 0.086603 0.000000 0.050000
vn 0.086603 0.000000 0.050000
vn 0.096593 0.000000 0.025882
vn 0.086603 0.000000 0.050000
vn 0.096593 0.000000 0.025882
vn 0.096593 0.000000 0.025882
vn 0.096593 0.000000 0.025882
vn 0.096593 0.000000 0.025882
vn 0.096593 0.000000 0.025882
vn 0.096593 0.000000 0.025882
vn 0.100000 0.000000 0.000000
vn 0.100000 0.000000 0.000000
vn 0.097611 0.000000 -0.021727
vn 0.097611 0.000000 -0.021727
vn 0.097611 0.000000 -0.021727
vn 0.097611 0.000000 -0.021727
vn 0.090559 0.000000 -0.042416
vn 0.090559 0.000000 -0.042416
vn 0.079180 0.000000 -0.061078
vn 0.079180 0.000000 -0.061078
vn 0.064018 0.000000 -0.076822
vn 0.079180 0.000000 -0.061078
vn 0.079180 0.000000 -0.061078
vn 0.090559 0.000000 -0.042416
vn 0.090559 0.000000 -0.042416
vn 0.097611 0.000000 -0.021727
vn 0.097611 0.000000 -0.021727
vn 0.097611 0.000000 -0.021727
vn 0.097611 0.000000 -0.021727
vn 0.090559 0.000000 -0.042416
vn 0.090559 0.000000 -0.042416
vn 0.079180 0.000000 -0.061078
vn 0.079180 0.000000 -0.061078
vn 0.079180 0.000000 -0.061078
vn 0.079180 0.000000 -0.061078
vn 0.090559 0.000000 -0.042416
vn 0.090559 0.000000 -0.042416
vn 0.097611 0.000000 -0.021727
vn 0.097611 0.000000 -0.021727
vn 0.097611 0.000000 -0.021727
vn 0.097611 0.000000 -0.021727
vn 0.090559 0.000000 -0.042416
vn 0.090559 0.000000 -0.042416
vn 0.079180 0.000000 -0.061078
vn 0.079180 0.000000 -0.061078
vn 0.079180 0.000000 -0.061078
vn 0.079180 0.000000 -0.061078
vn 0.090559 0.000000 -0.042416
vn 0.090559 0.000000 -0.042416
vn 0.097611 0.000000 -0.021727
vn 0.097611 0.000000 -0.021727
vn 0.097611 0.000000 -0.021727
vn 0.097611 0.000000 -0.021727
vn 0.090559 0.000000 -0.042416
vn 0.090559 0.000000 -0.042416
vn 0.079180 0.000000 -0.061078
vn 0.079180 0.000000 -0.061078
vn 0.079180 0.000000 -0.061078
vn 0.079180 0.000000 -0.061078
vn 0.090559 0.000000 -0.042416
vn 0.090559 0.000000 -0.042416
vn 0.097611 0.000000 -0.021727
vn 0.097611 0.000000 -0.021727
vn 0.097611 0.000000 -0.021727
vn 0.097611 0.000000 -0.021727
vn 0.090559 0.000000 -0.042416
vn 0.090559 0.000000 -0.042416
vn 0.079180 0.000000 -0.061078
vn 0.079180 0.000000 -0.061078
vn 0.079180 0.000000 -0.061078
vn 0.079180 0.000000 -0.061078
vn 0.090559 0.000000 -0.042416
vn 0.090559 0.000000 -0.042416
vn 0.097611 0.000000 -0.021727
vn 0.097611 0.000000 -0.021727
vn 0.097611 0.000000 -0.021727
vn 0.097611 0.000000 -0.021727
vn 0.090559 0.000000 -0.042416
vn 0.090559 0.000000 -0.042416
vn 0.079180 0.000000 -0.061078
vn 0.079180 0.000000 -0.061078
vn 0.079180 0.000000 -0.061078
vn 0.079180 0.000000 -0.061078
vn 0.090559 0.000000 -0.042416
vn 0.090559 0.000000 -0.042416
vn 0.097611 0.000000 -0.021727
vn 0.097611 0.000000 -0.021727
vn 0.097611 0.000000 -0.021727
vn 0.097611 0.000000 -0.021727
vn 0.090559 0.000000 -0.042416
vn 0.090559 0.000000 -0.042416
vn 0.079180 0.000000 -0.061078
vn 0.079180 0.000000 -0.061078
vn 0.079180 0.000000 -0.061078
vn 0.079180 0.000000 -0.061078
vn 0.090559 0.000000 -0.042416
vn 0.090559 0.000000 -0.042416
vn 0.097611 0.000000 -0.021727
vn 0.097611 0.000000 -0.021727
vn 0.097611 0.000000 -0.021727
vn 0.097611 0.000000 -0.021727
vn 0.090559 0.000000 -0.042416
vn 0.090559 0.000000 -0.042416
vn 0.079180 0.000000 -0.061078
vn 0.079180 0.000000 -0.061078
vn 0.079180 0.000000 -0.061078
vn 0.079180 0.000000 -0.061078
vn 0.090559 0.000000 -0.042416
vn 0.090559 0.000000 -0.042416
vn 0.097611 0.000000 -0.021727
vn 0.097611 0.000000 -0.021727
vn 0.097611 0.000000 -0.021727
vn 0.097611 0.000000 -0.021727
vn 0.090559 0.000000 -0.042416
vn 0.090559 0.000000 -0.042416
vn 0.079180 0.000000 -0.061078
vn 0.079180 0.000000 -0.061078
vn 0.079180 0.000000 -0.061078
vn 0.079180 0.000000 -0.061078
vn 0.090559 0.000000 -0.042416
vn 0.090559 0.000000 -0.042416
vn 0.097611 0.000000 -0.021727
vn 0.097611 0.000000 -0.021727
vn 0.097611 0.000000 -0.021727
vn 0.097611 0.000000 -0.021727
vn 0.090559 0.000000 -0.042416
vn 0.090559 0.000000 -0.042416
vn 0.079180 0.000000 -0.061078
vn 0.079180 0.000000 -0.061078
vn 0.079180 0.000000 -0.061078
vn 0.079180 0.000000 -0.061078
vn 0.090559 0.000000 -0.042416
vn 0.090559 0.000000 -0.042416
vn 0.097611 0.000000 -0.021727
vn 0.097611 0.000000 -0.021727
vn 0.097611 0.000000 -0.021727
vn 0.097611 0.000000 -0.021727
vn 0.090559 0.000000 -0.042416
vn 0.090559 0.000000 -0.042416
vn 0.079180 0.000000 -0.061078
vn 0.079180 0.000000 -0.061078
vn 0.079180 0.000000 -0.061078
vn 0.079180 0.000000 -0.061078
vn 0.090559 0.000000 -0.042416
vn 0.090559 0.000000 -0.042416
vn 0.097611 0.000000 -0.021727
vn 0.097611 0.000000 -0.021727
vn 0.097611 0.000000 -0.021727
vn 0.097611 0.000000 -0.021727
vn 0.090559 0.000000 -0.042416
vn 0.090559 0.000000 -0.042416
vn 0.079180 0.000000 -0.061078
vn 0.079180 0.000000 -0.061078
vn 0.079180 0.000000 -0.061078
vn 0.079180 0.000000 -0.061078
vn 0.090559 0.000000 -0.042416
vn 0.090559 0.000000 -0.042416
vn 0.097611 0.000000 -0.021727
vn 0.097611 0.000000 -0.021727
vn 0.097611 0.000000 -0.021727
vn 0.097611 0.000000 -0.021727
vn 0.090559 0.000000 -0.042416
vn 0.090559 0.000000 -0.042416
vn 0.079180 0.000000 -0.061078
vn 0.079180 0.000000 -0.061078
vn 0.079180 0.000000 -0.061078
vn 0.079180 0.000000 -0.061078
vn 0.090559 0.000000 -0.042416
vn 0.090559 0.000000 -0.042416
vn 0.097611 0.000000 -0.021727
vn 0.097611 0.000000 -0.021727
vn 0.097611 0.000000 -0.021727
vn 0.097611 0.000000 -0.021727
vn 0.090559 0.000000 -0.042416
vn 0.090559 0.000000 -0.042416
vn 0.079180 0.000000 -0.061078
vn 0.079180 0.000000 -0.061078
vn 0.079180 0.000000 -0.061078
vn 0.079180 0.000000 -0.061078
vn 0.090559 0.000000 -0.042416
vn 0.090559 0.000000 -0.042416
vn 0.097611 0.000000 -0.021727
vn 0.097611 0.000000 -0.021727
vn 0.097611 0.000000 -0.021727
vn 0.097611 0.000000 -0.021727
vn 0.090559 0.000000 -0.042416
vn 0.090559 0.000000 -0.042416
vn 0.079180 0.000000 -0.061078
vn 0.079180 0.000000 -0.061078
vn 0.064018 0.000000 -0.076822
vn 0.079180 0.000000 -0.061078
vn 0.079180 0.000000 -0.061078
vn 0.090559 0.000000 -0.042416
vn 0.090559 0.000000 -0.042416
vn 0.097611 0.000000 -0.021727
vn 0.097611 0.000000 -0.021727
vn 0.097611 0.000000 -0.021727
vn 0.097611 0.000000 -0.021727
vn 0.090559 0.000000 -0.042416
vn 0.090559 0.000000 -0.042416
vn 0.079180 0.000000 -0.061078
vn 0.079180 0.000000 -0.061078
vn 0.079180 0.000000 -0.061078
vn 0.079180 0.000000 -0.061078
vn 0.090559 0.000000 -0.042416
vn 0.090559 0.000000 -0.042416
vn 0.097611 0.000000 -0.021727
vn 0.097611 0.000000 -0.021727
vn 0.097611 0.000000 -0.021727
vn 0.097611 0.000000 -0.021727
vn 0.090559 0.000000 -0.042416
vn 0.090559 0.000000 -0.042416
vn 0.079180 0.000000 -0.061078
vn 0.079180 0.000000 -0.061078
vn 0.079180 0.000000 -0.061078
vn 0.079180 0.000000 -0.061078
vn 0.090559 0.000000 -0.042416
vn 0.090559 0.000000 -0.042416
vn 0.097611 0.000000 -0.021727
vn 0.097611 0.000000 -0.021727
vn 0.097611 0.000000 -0.021727
vn 0.097611 0.000000 -0.021727
vn 0.090559 0.000000 -0.042416
vn 0.090559 0.000000 -0.042416
vn 0.079180 0.000000 -0.061078
vn 0.079180 0.000000 -0.061078
vn 0.079180 0.000000 -0.061078
vn 0.079180 0.000000 -0.061078
vn 0.090559 0.000000 -0.042416
vn 0.090559 0.000000 -0.042416
vn 0.097611 0.000000 -0.021727
vn 0.097611 0.000000 -0.021727
vn 0.097611 0.000000 -0.021727
vn 0.097611 0.000000 -0.021727
vn 0.090559 0.000000 -0.042416
vn 0.090559 0.000000 -0.042416
vn 0.079180 0.000000 -0.061078
vn 0.079180 0.000000 -0.061078
vn 0.079180 0.000000 -0.061078
vn 0.079180 0.000000 -0.061078
vn 0.090559 0.000000 -0.042416
vn 0.090559 0.000000 -0.042416
vn 0.097611 0.000000 -0.021727
vn 0.097611 0.000000 -0.021727
vn 0.097611 0.000000 -0.021727
vn 0.097611 0.000000 -0.021727
vn 0.090559 0.000000 -0.042416
vn 0.090559 0.000000 -0.042416
vn 0.079180 0.000000 -0.061078
vn 0.079180 0.000000 -0.061078
vn 0.079180 0.000000 -0.061078
vn 0.079180 0.000000 -0.061078
vn 0.090559 0.000000 -0.042416
vn 0.090559 0.000000 -0.042416
vn 0.097611 0.000000 -0.021727
vn 0.097611 0.000000 -0.021727
vn 0.097611 0.000000 -0.021727
vn 0.097611 0.000000 -0.021727
vn 0.090559 0.000000 -0.042416
vn 0.090559 0.000000 -0.042416
vn 0.079180 0.000000 -0.061078
vn 0.079180 0.000000 -0.061078
vn 0.079180 0.000000 -0.061078
vn 0.079180 0.000000 -0.061078
vn 0.090559 0.000000 -0.042416
vn 0.090559 0.000000 -0.042416
vn 0.097611 0.000000 -0.021727
vn 0.097611 0.000000 -0.021727
vn 0.097611 0.000000 -0.021727
vn 0.097611 0.000000 -0.021727
vn 0.090559 0.000000 -0.042416
vn 0.090559 0.000000 -0.042416
vn 0.079180 0.000000 -0.061078
vn 0.079180 0.000000 -0.061078
vn 0.079180 0.000000 -0.061078
vn 0.079180 0.000000 -0.061078
vn 0.090559 0.000000 -0.042416
vn 0.090559 0.000000 -0.042416
vn 0.097611 0.000000 -0.021727
vn 0.097611 0.000000 -0.021727
vn 0.097611 0.000000 -0.021727
vn 0.097611 0.000000 -0.021727
vn 0.090559 0.000000 -0.042416
vn 0.090559 0.000000 -0.042416
vn 0.079180 0.000000 -0.061078
vn 0.079180 0.000000 -0.061078
vn 0.079180 0.000000 -0.061078
vn 0.079180 0.000000 -0.061078
vn 0.090559 0.000000 -0.042416
vn 0.090559 0.000000 -0.042416
vn 0.097611 0.000000 -0.021727
vn 0.097611 0.000000 -0.021727
vn 0.097611 0.000000 -0.021727
vn 0.097611 0.000000 -0.021727
vn 0.090559 0.000000 -0.042416
vn 0.090559 0.000000 -0.042416
vn 0.079180 0.000000 -0.061078
vn 0.079180 0.000000 -0.061078
vn 0.079180 0.000000 -0.061078
vn 0.079180 0.000000 -0.061078
vn 0.090559 0.000000 -0.042416
vn 0.090559 0.000000 -0.042416
vn 0.097611 0.000000 -0.021727
vn 0.097611 0.000000 -0.021727
vn 0.097611 0.000000 -0.021727
vn 0.097611 0.000000 -0.021727
vn 0.090559 0.000000 -0.042416
vn 0.090559 0.000000 -0.042416
vn 0.079180 0.000000 -0.061078
vn 0.079180 0.000000 -0.061078
vn 0.079180 0.000000 -0.061078
vn 0.079180 0.000000 -0.061078
vn 0.090559 0.000000 -0.042416
vn 0.090559 0.000000 -0.042416
vn 0.097611 0.000000 -0.021727
vn 0.097611 0.000000 -0.021727
vn 0.097611 0.000000 -0.021727
vn 0.097611 0.000000 -0.021727
vn 0.090559 0.000000 -0.042416
vn 0.090559 0.000000 -0.042416
vn 0.079180 0.000000 -0.061078
vn 0.079180 0.000000 -0.061078
vn 0.079180 0.000000 -0.061078
vn 0.079180 0.000000 -0.061078
vn 0.090559 0.000000 -0.042416
vn 0.090559 0.000000 -0.042416
vn 0.097611 0.000000 -0.021727
vn 0.097611 0.000000 -0.021727
vn 0.097611 0.000000 -0.021727
vn 0.097611 0.000000 -0.021727
vn 0.090559 0.000000 -0.042416
vn 0.090559 0.000000 -0.042416
vn 0.079180 0.000000 -0.061078
vn 0.079180 0.000000 -0.061078
vn 0.079180 0.000000 -0.061078
vn 0.079180 0.000000 -0.061078
vn 0.090559 0.000000 -0.042416
vn 0.090559 0.000000 -0.042416
vn 0.097611 0.000000 -0.021727
vn 0.097611 0.000000 -0.021727
vn 0.097611 0.000000 -0.021727
vn 0.097611 0.000000 -0.021727
vn 0.090559 0.000000 -0.042416
vn 0.090559 0.000000 -0.042416
vn 0.079180 0.000000 -0.061078
vn 0.079180 0.000000 -0.061078
vn 0.079180 0.000000 -0.061078
vn 0.079180 0.000000 -0.061078
vn 0.090559 0.000000 -0.042416
vn 0.090559 0.000000 -0.042416
vn 0.097611 0.000000 -0.021727
vn 0.097611 0.000000 -0.021727
vn 0.097611 0.000000 -0.021727
vn 0.090559 0.000000 -0.042416
vn 0.079180 0.000000 -0.061078
vn 0.090559 0.000000 -0.042416
vn 0.090559 0.000000 -0.042416
vn 0.079180 0.000000 -0.061078
vn 0.079180 0.000000 -0.061078
vn 0.079180 0.000000 -0.061078
vn 0.090559 0.000000 -0.042416
vn 0.090559 0.000000 -0.042416
vn 0.079180 0.000000 -0.061078
vn 0.097611 0.000000 -0.021727
vn 0.097611 0.000000 -0.021727
vn 0.090559 0.000000 -0.042416
vn 0.090559 0.000000 -0.042416
vn 0.079180 0.000000 -0.061078
vn 0.097611 0.000000 -0.021727
vn 0.097611 0.000000 -0.021727
vn 0.090559 0.000000 -0.042416
vn 0.090559 0.000000 -0.042416
vn 0.079180 0.000000 -0.061078
vn 0.097611 0.000000 -0.021727
vn 0.097611 0.000000 -0.021727
vn 0.090559 0.000000 -0.042416
vn 0.090559 0.000000 -0.042416
vn 0.079180 0.000000 -0.061078
vn 0.097611 0.000000 -0.021727
vn 0.097611 0.000000 -0.021727
vn 0.090559 0.000000 -0.042416
vn 0.090559 0.000000 -0.042416
vn 0.079180 0.000000 -0.061078
vn 0.097611 0.000000 -0.021727
vn 0.097611 0.000000 -0.021727
vn 0.090559 0.000000 -0.042416
vn 0.090559 0.000000 -0.042416
vn 0.079180 0.000000 -0.061078
vn 0.097611 0.000000 -0.021727
vn 0.097611 0.000000 -0.021727
vn 0.090559 0.000000 -0.042416
vn 0.090559 0.000000 -0.042416
vn 0.079180 0.000000 -0.061078
vn 0.097611 0.000000 -0.021727
vn 0.097611 0.000000 -0.021727
vn 0.090559 0.000000 -0.042416
vn 0.090559 0.000000 -0.042416
vn 0.079180 0.000000 -0.061078
vn 0.097611 0.000000 -0.021727
vn 0.097611 0.000000 -0.021727
vn 0.090559 0.000000 -0.042416
vn 0.090559 0.000000 -0.042416
vn 0.079180 0.000000 -0.061078
vn 0.097611 0.000000 -0.021727
vn 0.097611 0.000000 -0.021727
vn 0.090559 0.000000 -0.042416
vn 0.090559 0.000000 -0.042416
vn 0.079180 0.000000 -0.061078
vn 0.097611 0.000000 -0.021727
vn 0.097611 0.000000 -0.021727
vn 0.090559 0.000000 -0.042416
vn 0.090559 0.000000 -0.042416
vn 0.079180 0.000000 -0.061078
vn 0.097611 0.000000 -0.021727
vn 0.097611 0.000000 -0.021727
vn 0.090559 0.000000 -0.042416
vn 0.090559 0.000000 -0.042416
vn 0.079180 0.000000 -0.061078
vn 0.097611 0.000000 -0.021727
vn 0.097611 0.000000 -0.021727
vn 0.090559 0.000000 -0.042416
vn 0.090559 0.000000 -0.042416
vn 0.079180 0.000000 -0.061078
vn 0.097611 0.000000 -0.021727
vn 0.097611 0.000000 -0.021727
vn 0.090559 0.000000 -0.042416
vn 0.090559 0.000000 -0.042416
vn 0.079180 0.000000 -0.061078
vn 0.097611 0.000000 -0.021727
vn 0.097611 0.000000 -0.021727
vn 0.090559 0.000000 -0.042416
vn 0.097611 0.000000 -0.021727
vn 0.097611 0.000000 -0.021727
vn 0.090559 0.000000 -0.042416
vn 0.090559 0.000000 -0.042416
vn 0.079180 0.000000 -0.061078
vn 0.097611 0.000000 -0.021727
vn 0.097611 0.000000 -0.021727
vn 0.090559 0.000000 -0.042416
vn 0.090559 0.000000 -0.042416
vn 0.079180 0.000000 -0.061078
vn 0.097611 0.000000 -0.021727
vn 0.097611 0.000000 -0.021727
vn 0.090559 0.000000 -0.042416
vn 0.090559 0.000000 -0.042416
vn 0.079180 0.000000 -0.061078
vn 0.097611 0.000000 -0.021727
vn 0.097611 0.000000 -0.021727
vn 0.090559 0.000000 -0.042416
vn 0.090559 0.000000 -0.042416
vn 0.079180 0.000000 -0.061078
vn 0.097611 0.000000 -0.021727
vn 0.097611 0.000000 -0.021727
vn 0.090559 0.000000 -0.042416
vn 0.090559 0.000000 -0.042416
vn 0.079180 0.000000 -0.061078
vn 0.097611 0.000000 -0.021727
vn 0.097611 0.000000 -0.021727
vn 0.090559 0.000000 -0.042416
vn 0.090559 0.000000 -0.042416
vn 0.079180 0.000000 -0.061078
vn 0.097611 0.000000 -0.021727
vn 0.097611 0.000000 -0.021727
vn 0.090559 0.000000 -0.042416
vn 0.090559 0.000000 -0.042416
vn 0.079180 0.000000 -0.061078
vn 0.097611 0.000000 -0.021727
vn 0.097611 0.000000 -0.021727
vn 0.090559 0.000000 -0.042416
vn 0.090559 0.000000 -0.042416
vn 0.079180 0.000000 -0.061078
vn 0.097611 0.000000 -0.021727
vn 0.097611 0.000000 -0.021727
vn 0.090559 0.000000 -0.042416
vn 0.090559 0.000000 -0.042416
vn 0.079180 0.000000 -0.061078
vn 0.097611 0.000000 -0.021727
vn 0.097611 0.000000 -0.021727
vn 0.090559 0.000000 -0.042416
vn 0.090559 0.000000 -0.042416
vn 0.079180 0.000000 -0.061078
vn 0.097611 0.000000 -0.021727
vn 0.097611 0.000000 -0.021727
vn 0.090559 0.000000 -0.042416
vn 0.090559 0.000000 -0.042416
vn 0.079180 0.000000 -0.061078
vn 0.097611 0.000000 -0.021727
vn 0.097611 0.000000 -0.021727
vn 0.090559 0.000000 -0.042416
vn 0.090559 0.000000 -0.042416
vn 0.079180 0.000000 -0.061078
vn 0.097611 0.000000 -0.021727
vn 0.097611 0.000000 -0.021727
vn 0.090559 0.000000 -0.042416
vn 0.090559 0.000000 -0.042416
vn 0.079180 0.000000 -0.061078
vn 0.097611 0.000000 -0.021727
vn 0.097611 0.000000 -0.021727
vn 0.090559 0.000000 -0.042416
vn 0.079180 0.000000 -0.061078
vn 0.079180 0.000000 -0.061078
vn 0.079180 0.000000 -0.061078
vn 0.079180 0.000000 -0.061078
vn 0.079180 0.000000 -0.061078
vn 0.079180 0.000000 -0.061078
vn 0.079180 0.000000 -0.061078
vn 0.079180 0.000000 -0.061078
vn 0.079180 0.000000 -0.061078
vn 0.079180 0.000000 -0.061078
vn 0.079180 0.000000 -0.061078
vn 0.079180 0.000000 -0.061078
vn 0.079180 0.000000 -0.061078
vn 0.079180 0.000000 -0.061078
vn 0.079180 0.000000 -0.061078
vn 0.079180 0.000000 -0.061078
vn 0.079180 0.000000 -0.061078
vn 0.079180 0.000000 -0.061078
vn 0.079180 0.000000 -0.061078
vn 0.079180 0.000000 -0.061078
vn 0.079180 0.000000 -0.061078
vn 0.079180 0.000000 -0.061078
vn 0.079180 0.000000 -0.061078
vn 0.079180 0.000000 -0.061078
vn 0.079180 0.000000 -0.061078
vn 0.079180 0.000000 -0.061078
vn 0.079180 0.000000 -0.061078
vn 0.079180 0.000000 -0.061078
vn 0.064018 0.000000 -0.076822
vn 0.064018 0.000000 -0.076822
vn 0.081528 0.000000 -0.057907
vn 0.081528 0.000000 -0.057907
vn 0.081528 0.000000 -0.057907
vn 0.081528 0.000000 -0.057907
vn 0.093620 0.000000 -0.035146
vn 0.093620 0.000000 -0.035146
vn 0.099494 0.000000 -0.010049
vn 0.099494 0.000000 -0.010049
vn 0.098757 0.000000 0.015715
vn 0.098757 0.000000 0.015715
vn 0.091460 0.000000 0.040436
vn 0.091460 0.000000 0.040436
vn 0.078087 0.000000 0.062470
vn 0.091460 0.000000 0.040436
vn 0.091460 0.000000 0.040436
vn 0.098757 0.000000 0.015715
vn 0.098757 0.000000 0.015715
vn 0.099494 0.000000 -0.010049
vn 0.099494 0.000000 -0.010049
vn 0.093620 0.000000 -0.035146
vn 0.093620 0.000000 -0.035146
vn 0.081528 0.000000 -0.057907
vn 0.081528 0.000000 -0.057907
vn 0.081528 0.000000 -0.057907
vn 0.081528 0.000000 -0.057907
vn 0.093620 0.000000 -0.035146
vn 0.093620 0.000000 -0.035146
vn 0.099494 0.000000 -0.010049
vn 0.099494 0.000000 -0.010049
vn 0.098757 0.000000 0.015715
vn 0.098757 0.000000 0.015715
vn 0.091460 0.000000 0.040436
vn 0.091460 0.000000 0.040436
vn 0.078087 0.000000 0.062470
vn 0.091460 0.000000 0.040436
vn 0.091460 0.000000 0.040436
vn 0.098757 0.000000 0.015715
vn 0.098757 0.000000 0.015715
vn 0.099494 0.000000 -0.010049
vn 0.099494 0.000000 -0.010049
vn 0.093620 0.000000 -0.035146
vn 0.093620 0.000000 -0.035146
vn 0.081528 0.000000 -0.057907
vn 0.081528 0.000000 -0.057907
vn 0.081528 0.000000 -0.057907
vn 0.081528 0.000000 -0.057907
vn 0.093620 0.000000 -0.035146
vn 0.093620 0.000000 -0.035146
vn 0.099494 0.000000 -0.010049
vn 0.099494 0.000000 -0.010049
vn 0.098757 0.000000 0.015715
vn 0.098757 0.000000 0.015715
vn 0.091460 0.000000 0.040436
vn 0.091460 0.000000 0.040436
vn 0.091460 0.000000 0.040436
vn 0.091460 0.000000 0.040436
vn 0.098757 0.000000 0.015715
vn 0.098757 0.000000 0.015715
vn 0.099494 0.000000 -0.010049
vn 0.099494 0.000000 -0.010049
vn 0.093620 0.000000 -0.035146
vn 0.093620 0.000000 -0.035146
vn 0.081528 0.000000 -0.057907
vn 0.081528 0.000000 -0.057907
vn 0.081528 0.000000 -0.057907
vn 0.081528 0.000000 -0.057907
vn 0.093620 0.000000 -0.035146
vn 0.093620 0.000000 -0.035146
vn 0.099494 0.000000 -0.010049
vn 0.099494 0.000000 -0.010049
vn 0.098757 0.000000 0.015715
vn 0.098757 0.000000 0.015715
vn 0.091460 0.000000 0.040436
vn 0.091460 0.000000 0.040436
vn 0.091460 0.000000 0.040436
vn 0.091460 0.000000 0.040436
vn 0.098757 0.000000 0.015715
vn 0.093620 0.000000 -0.035146
vn 0.093620 0.000000 -0.035146
vn 0.099494 0.000000 -0.010049
vn 0.099494 0.000000 -0.010049
vn 0.098757 0.000000 0.015715
vn 0.098757 0.000000 0.015715
vn 0.091460 0.000000 0.040436
vn 0.091460 0.000000 0.040436
vn 0.091460 0.000000 0.040436
vn 0.091460 0.000000 0.040436
vn 0.098757 0.000000 0.015715
vn 0.098757 0.000000 0.015715
vn 0.099494 0.000000 -0.010049
vn 0.099494 0.000000 -0.010049
vn 0.093620 0.000000 -0.035146
vn 0.093620 0.000000 -0.035146
vn 0.081528 0.000000 -0.057907
vn 0.081528 0.000000 -0.057907
vn 0.081528 0.000000 -0.057907
vn 0.081528 0.000000 -0.057907
vn 0.081528 0.000000 -0.057907
vn 0.093620 0.000000 -0.035146
vn 0.093620 0.000000 -0.035146
vn 0.099494 0.000000 -0.010049
vn 0.093620 0.000000 -0.035146
vn 0.099494 0.000000 -0.010049
vn 0.098757 0.000000 0.015715
vn 0.091460 0.000000 0.040436
vn 0.081528 0.000000 -0.057907
vn 0.081528 0.000000 -0.057907
vn 0.081528 0.000000 -0.057907
vn 0.093620 0.000000 -0.035146
vn 0.093620 0.000000 -0.035146
vn 0.099494 0.000000 -0.010049
vn 0.093620 0.000000 -0.035146
vn 0.081528 0.000000 -0.057907
vn 0.081528 0.000000 -0.057907
vn 0.093620 0.000000 -0.035146
vn 0.099494 0.000000 -0.010049
vn 0.098757 0.000000 0.015715
vn 0.093620 0.000000 -0.035146
vn 0.099494 0.000000 -0.010049
vn 0.098757 0.000000 0.015715
vn 0.091460 0.000000 0.040436
vn 0.081528 0.000000 -0.057907
vn 0.081528 0.000000 -0.057907
vn 0.081528 0.000000 -0.057907
vn 0.093620 0.000000 -0.035146
vn 0.093620 0.000000 -0.035146
vn 0.099494 0.000000 -0.010049
vn 0.093620 0.000000 -0.035146
vn 0.081528 0.000000 -0.057907
vn 0.093620 0.000000 -0.035146
vn 0.099494 0.000000 -0.010049
vn 0.099494 0.000000 -0.010049
vn 0.098757 0.000000 0.015715
vn 0.091460 0.000000 0.040436
vn 0.099494 0.000000 -0.010049
vn 0.099494 0.000000 -0.010049
vn 0.098757 0.000000 0.015715
vn 0.091460 0.000000 0.040436
vn 0.099494 0.000000 -0.010049
vn 0.099494 0.000000 -0.010049
vn 0.098757 0.000000 0.015715
vn 0.091460 0.000000 0.040436
vn 0.098757 0.000000 0.015715
vn 0.098757 0.000000 0.015715
vn 0.091460 0.000000 0.040436
vn 0.098757 0.000000 0.015715
vn 0.091460 0.000000 0.040436
vn 0.098757 0.000000 0.015715
vn 0.098757 0.000000 0.015715
vn 0.091460 0.000000 0.040436
vn 0.091460 0.000000 0.040436
vn 0.091460 0.000000 0.040436
vn 0.078087 0.000000 0.062470
vn 0.078087 0.000000 0.062470
vn 0.062258 0.000000 0.078255
vn 0.062258 0.000000 0.078255
vn 0.062258 0.000000 0.078255
vn 0.062258 0.000000 0.078255
vn 0.043319 0.000000 0.090130
vn 0.043319 0.000000 0.090130
vn 0.022214 0.000000 0.097501
vn 0.022214 0.000000 0.097501
vn 0.000000 0.000000 0.100000
vn 0.022214 0.000000 0.097501
vn 0.022214 0.000000 0.097501
vn 0.043319 0.000000 0.090130
vn 0.043319 0.000000 0.090130
vn 0.062258 0.000000 0.078255
vn 0.062258 0.000000 0.078255
vn 0.062258 0.000000 0.078255
vn 0.062258 0.000000 0.078255
vn 0.043319 0.000000 0.090130
vn 0.043319 0.000000 0.090130
vn 0.022214 0.000000 0.097501
vn 0.022214 0.000000 0.097501
vn 0.022214 0.000000 0.097501
vn 0.022214 0.000000 0.097501
vn 0.043319 0.000000 0.090130
vn 0.043319 0.000000 0.090130
vn 0.062258 0.000000 0.078255
vn 0.062258 0.000000 0.078255
vn 0.062258 0.000000 0.078255
vn 0.062258 0.000000 0.078255
vn 0.043319 0.000000 0.090130
vn 0.043319 0.000000 0.090130
vn 0.022214 0.000000 0.097501
vn 0.022214 0.000000 0.097501
vn 0.000000 0.000000 0.100000
vn 0.043319 0.000000 0.090130
vn 0.043319 0.000000 0.090130
vn 0.022214 0.000000 0.097501
vn 0.022214 0.000000 0.097501
vn 0.022214 0.000000 0.097501
vn 0.022214 0.000000 0.097501
vn 0.022214 0.000000 0.097501
vn 0.022214 0.000000 0.097501
vn 0.043319 0.000000 0.090130
vn 0.043319 0.000000 0.090130
vn 0.062258 0.000000 0.078255
vn 0.062258 0.000000 0.078255
vn 0.062258 0.000000 0.078255
vn 0.062258 0.000000 0.078255
vn 0.043319 0.000000 0.090130
vn 0.043319 0.000000 0.090130
vn 0.022214 0.000000 0.097501
vn 0.022214 0.000000 0.097501
vn 0.022214 0.000000 0.097501
vn 0.022214 0.000000 0.097501
vn 0.043319 0.000000 0.090130
vn 0.043319 0.000000 0.090130
vn 0.062258 0.000000 0.078255
vn 0.062258 0.000000 0.078255
vn 0.062258 0.000000 0.078255
vn 0.062258 0.000000 0.078255
vn 0.043319 0.000000 0.090130
vn 0.043319 0.000000 0.090130
vn 0.022214 0.000000 0.097501
vn 0.022214 0.000000 0.097501
vn 0.022214 0.000000 0.097501
vn 0.022214 0.000000 0.097501
vn 0.043319 0.000000 0.090130
vn 0.043319 0.000000 0.090130
vn 0.062258 0.000000 0.078255
vn 0.062258 0.000000 0.078255
vn 0.043319 0.000000 0.090130
vn 0.043319 0.000000 0.090130
vn 0.062258 0.000000 0.078255
vn 0.062258 0.000000 0.078255
vn 0.043319 0.000000 0.090130
vn 0.022214 0.000000 0.097501
vn 0.062258 0.000000 0.078255
vn 0.062258 0.000000 0.078255
vn 0.043319 0.000000 0.090130
vn 0.043319 0.000000 0.090130
vn 0.022214 0.000000 0.097501
vn 0.062258 0.000000 0.078255
vn 0.062258 0.000000 0.078255
vn 0.043319 0.000000 0.090130
vn 0.043319 0.000000 0.090130
vn 0.022214 0.000000 0.097501
vn 0.062258 0.000000 0.078255
vn 0.043319 0.000000 0.090130
vn 0.062258 0.000000 0.078255
vn 0.062258 0.000000 0.078255
vn 0.043319 0.000000 0.090130
vn 0.043319 0.000000 0.090130
vn 0.022214 0.000000 0.097501
vn 0.062258 0.000000 0.078255
vn 0.062258 0.000000 0.078255
vn 0.043319 0.000000 0.090130
vn 0.043319 0.000000 0.090130
vn 0.022214 0.000000 0.097501
vn 0.062258 0.000000 0.078255
vn 0.062258 0.000000 0.078255
vn 0.043319 0.000000 0.090130
vn 0.022214 0.000000 0.097501
vn 0.022214 0.000000 0.097501
vn 0.022214 0.000000 0.097501
vn 0.022214 0.000000 0.097501
vn 0.022214 0.000000 0.097501
vn 0.022214 0.000000 0.097501
vn 0.000000 -0.000000 0.100000
vn 0.000000 -0.000000 0.100000
vn 0.000000 -0.000000 0.100000
vn 0.000000 -0.000000 0.100000
vn 0.000000 -0.000000 0.100000
vn 0.000000 -0.000000 0.100000
vn 0.000000 -0.000000 0.100000
vn 0.000000 -0.000000 0.100000
vn 0.097445 -0.022459 0.000000
vn 0.097445 -0.022459 0.000000
vn 0.090723 -0.042063 0.000000
vn 0.090723 -0.042063 0.000000
vn 0.080104 -0.059861 0.000000
vn 0.080104 -0.059861 0.000000
vn 0.066044 -0.075087 0.000000
vn 0.066044 -0.075087 0.000000
vn 0.000000 0.000000 -0.100000
vn 0.000000 0.000000 -0.100000
vn 0.000000 0.000000 -0.100000
vn 0.000000 0.000000 -0.100000
vn 0.000000 0.000000 -0.100000
vn 0.000000 0.000000 -0.100000
vn 0.000000 0.000000 -0.100000
vn 0.000000 0.000000 -0.100000
vn 0.000000 0.000000 -0.100000
vn 0.000000 0.000000 -0.100000
vn 0.000000 0.000000 -0.100000
vn 0.000000 0.000000 -0.100000
vn 0.000000 0.000000 -0.100000
vn 0.000000 0.000000 -0.100000
vn 0.000000 0.000000 -0.100000
vn 0.000000 0.000000 -0.100000
vn 0.000000 0.000000 -0.100000
vn 0.000000 0.000000 -0.100000
vn 0.000000 0.000000 -0.100000
vn 0.000000 0.000000 -0.100000
vn 0.000000 0.000000 -0.100000
vn 0.000000 0.000000 -0.100000
vn 0.000000 0.000000 -0.100000
vn 0.000000 0.000000 -0.100000
vn 0.000000 0.000000 -0.100000
vn 0.000000 0.000000 -0.100000
vn 0.000000 0.000000 -0.100000
vn 0.000000 0.000000 -0.100000
vn 0.000000 0.000000 -0.100000
vn 0.000000 0.000000 -0.100000
vn 0.000000 0.000000 -0.100000
vn 0.000000 0.000000 -0.100000
vn 0.000000 0.000000 -0.100000
vn 0.000000 0.000000 -0.100000
vn 0.000000 0.000000 -0.100000
vn 0.000000 0.000000 -0.100000
vn 0.000000 0.000000 -0.100000
vn 0.000000 0.000000 -0.100000
vn 0.000000 0.000000 -0.100000
vn 0.000000 0.000000 -0.100000
vn 0.000000 0.000000 -0.100000
vn 0.000000 0.000000 -0.100000
vn 0.000000 0.000000 -0.100000
vn 0.000000 0.000000 -0.100000
vn 0.000000 0.000000 -0.100000
vn 0.000000 0.000000 -0.100000
vn 0.000000 0.000000 -0.100000
vn 0.000000 0.000000 -0.100000
vn 0.000000 0.000000 -0.100000
vn 0.000000 0.000000 -0.100000
vn 0.000000 0.000000 -0.100000
vn 0.000000 0.000000 -0.100000
vn 0.000000 0.000000 -0.100000
vn 0.000000 0.000000 -0.100000
vn 0.000000 0.000000 -0.100000
vn 0.000000 0.000000 -0.100000
vn 0.000000 0.000000 -0.100000
vn 0.000000 0.000000 -0.100000
vn 0.000000 0.000000 -0.100000
vn 0.000000 0.000000 -0.100000
vn 0.000000 0.000000 -0.100000
vn 0.000000 0.000000 -0.100000
vn 0.000000 0.000000 -0.100000
vn 0.000000 0.000000 -0.100000
vn 0.000000 0.000000 -0.100000
vn 0.000000 0.000000 -0.100000
vn 0.000000 0.000000 -0.100000
vn 0.000000 0.000000 -0.100000
vn 0.000000 0.000000 -0.100000
vn 0.000000 0.000000 -0.100000
vn 0.000000 0.000000 -0.100000
vn 0.000000 0.000000 -0.100000
vn 0.000000 0.000000 -0.100000
vn 0.000000 0.000000 -0.100000
vn 0.000000 0.000000 -0.100000
vn 0.000000 0.000000 -0.100000
vn 0.000000 0.000000 -0.100000
vn 0.000000 0.000000 -0.100000
vn 0.000000 0.000000 -0.100000
vn 0.000000 0.000000 -0.100000
vn 0.000000 0.000000 -0.100000
vn 0.000000 0.000000 -0.100000
vn 0.000000 0.000000 -0.100000
vn 0.000000 0.000000 -0.100000
vn 0.000000 0.000000 -0.100000
vn 0.000000 0.000000 -0.100000
vn 0.000000 0.000000 -0.100000
vn 0.000000 0.000000 -0.100000
vn 0.000000 0.000000 -0.100000
vn 0.000000 0.000000 -0.100000
vn 0.000000 0.000000 -0.100000
vn 0.000000 0.000000 -0.100000
vn 0.000000 0.000000 -0.100000
vn 0.000000 0.000000 -0.100000
vn 0.000000 0.000000 -0.100000
vn 0.000000 0.000000 -0.100000
vn 0.000000 0.000000 -0.100000
vn 0.000000 0.000000 -0.100000
vn 0.100000 0.000000 0.000000
vn 0.100000 0.000000 0.000000
vn 0.100000 0.000000 0.000000
vn 0.100000 0.000000 0.000000
vn 0.100000 0.000000 0.000000
vn 0.100000 0.000000 0.000000
vn 0.100000 0.000000 0.000000
vn 0.100000 0.000000 0.000000
vn 0.096774 -0.025195 0.000000
vn 0.096774 -0.025195 0.000000
vn 0.087305 -0.048764 0.000000
vn 0.087305 -0.048764 0.000000
vn 0.072203 -0.069187 0.000000
vn 0.072203 -0.069187 0.000000
vn 0.052442 -0.085146 0.000000
vn 0.052442 -0.085146 0.000000
vn 0.029299 -0.095612 0.000000
vn 0.029299 -0.095612 0.000000
vn 0.004265 -0.099909 0.000000
vn 0.004265 -0.099909 0.000000
vn -0.021045 -0.097761 0.000000
vn -0.021045 -0.097761 0.000000
vn -0.044996 -0.089305 0.000000
vn -0.044996 -0.089305 0.000000
vn -0.066044 -0.075087 0.000000
vn -0.066044 -0.075087 0.000000
vn 0.100000 0.000000 0.000000
vn 0.100000 0.000000 0.000000
vn 0.097754 -0.021075 0.000000
vn 0.097754 -0.021075 0.000000
vn 0.091117 -0.041204 0.000000
vn 0.091117 -0.041204 0.000000
vn 0.080386 -0.059482 0.000000
vn 0.080386 -0.059482 0.000000
vn 0.066044 -0.075087 0.000000
vn 0.066044 -0.075087 0.000000
vn 0.066044 -0.075087 0.000000
vn 0.066044 -0.075087 0.000000
vn 0.066044 0.075087 0.000000
vn 0.066044 0.075087 0.000000
vn 0.080386 0.059482 0.000000
vn 0.080386 0.059482 0.000000
vn 0.091117 0.041204 0.000000
vn 0.091117 0.041204 0.000000
vn 0.097754 0.021075 0.000000
vn 0.097754 0.021075 0.000000
vn 0.100000 0.000000 0.000000
vn 0.100000 0.000000 0.000000
vn -0.066044 0.075087 0.000000
vn -0.066044 0.075087 0.000000
vn -0.044996 0.089305 0.000000
vn -0.044996 0.089305 0.000000
vn -0.021045 0.097761 0.000000
vn -0.021045 0.097761 0.000000
vn 0.004265 0.099909 0.000000
vn 0.004265 0.099909 0.000000
vn 0.029299 0.095612 0.000000
vn 0.029299 0.095612 0.000000
vn 0.052442 0.085146 0.000000
vn 0.052442 0.085146 0.000000
vn 0.072203 0.069187 0.000000
vn 0.072203 0.069187 0.000000
vn 0.087305 0.048764 0.000000
vn 0.087305 0.048764 0.000000
vn 0.096774 0.025195 0.000000
vn 0.096774 0.025195 0.000000
vn -0.100000 0.000000 0.000000
vn -0.100000 0.000000 0.000000
vn -0.096774 0.025195 0.000000
vn -0.096774 0.025195 0.000000
vn -0.087305 0.048764 0.000000
vn -0.087305 0.048764 0.000000
vn -0.072203 0.069187 0.000000
vn -0.072203 0.069187 0.000000
vn -0.052442 0.085146 0.000000
vn -0.052442 0.085146 0.000000
vn -0.029299 0.095612 0.000000
vn -0.029299 0.095612 0.000000
vn -0.004265 0.099909 0.000000
vn -0.004265 0.099909 0.000000
vn 0.021045 0.097761 0.000000
vn 0.021045 0.097761 0.000000
vn 0.044996 0.089305 0.000000
vn 0.044996 0.089305 0.000000
vn 0.066044 0.075087 0.000000
vn 0.066044 0.075087 0.000000
vn 0.066044 0.075087 0.000000
vn 0.066044 0.075087 0.000000
vn 0.066044 -0.075087 0.000000
vn 0.066044 -0.075087 0.000000
vn 0.044996 -0.089305 0.000000
vn 0.044996 -0.089305 0.000000
vn 0.021045 -0.097761 0.000000
vn 0.021045 -0.097761 0.000000
vn -0.004265 -0.099909 0.000000
vn -0.004265 -0.099909 0.000000
vn -0.029299 -0.095612 0.000000
vn -0.029299 -0.095612 0.000000
vn -0.052442 -0.085146 0.000000
vn -0.052442 -0.085146 0.000000
vn -0.072203 -0.069187 0.000000
vn -0.072203 -0.069187 0.000000
vn -0.087305 -0.048764 0.000000
vn -0.087305 -0.048764 0.000000
vn -0.096774 -0.025195 0.000000
vn -0.096774 -0.025195 0.000000
vn -0.100000 0.000000 0.000000
vn -0.100000 0.000000 0.000000
vn -0.066044 -0.075087 0.000000
vn -0.066044 -0.075087 0.000000
vn -0.080386 -0.059482 0.000000
vn -0.080386 -0.059482 0.000000
vn -0.091117 -0.041204 0.000000
vn -0.091117 -0.041204 0.000000
vn -0.097754 -0.021075 0.000000
vn -0.097754 -0.021075 0.000000
vn -0.100000 0.000000 0.000000
vn -0.100000 0.000000 0.000000
vn -0.100000 0.000000 0.000000
vn -0.100000 0.000000 0.000000
vn -0.097754 0.021075 -0.000000
vn -0.097754 0.021075 -0.000000
vn -0.091117 0.041204 -0.000000
vn -0.091117 0.041204 -0.000000
vn -0.080386 0.059482 -0.000000
vn -0.080386 0.059482 -0.000000
vn -0.066044 0.075087 -0.000000
vn -0.066044 0.075087 -0.000000
vn -0.066044 0.075087 0.000000
vn -0.066044 0.075087 0.000000
vn -0.097445 0.022459 0.000000
vn -0.097445 0.022459 0.000000
vn -0.090723 0.042063 0.000000
vn -0.090723 0.042063 0.000000
vn -0.080104 0.059861 0.000000
vn -0.080104 0.059861 0.000000
vn -0.066044 0.075087 0.000000
vn -0.066044 0.075087 0.000000
vn 0.046261 -0.088656 0.000000
vn 0.046261 -0.088656 0.000000
vn 0.023816 -0.097123 0.000000
vn 0.023816 -0.097123 0.000000
vn 0.000000 -0.100000 0.000000
vn 0.000000 -0.100000 0.000000
vn 0.000000 -0.100000 0.000000
vn 0.000000 -0.100000 0.000000
vn -0.023816 -0.097123 0.000000
vn -0.023816 -0.097123 0.000000
vn -0.046261 -0.088656 0.000000
vn -0.046261 -0.088656 0.000000
vn -0.066044 -0.075087 0.000000
vn -0.066044 -0.075087 0.000000
vn 0.000000 0.100000 0.000000
vn 0.000000 0.100000 0.000000
vn 0.023816 0.097123 0.000000
vn 0.023816 0.097123 0.000000
vn 0.046261 0.088656 0.000000
vn 0.046261 0.088656 0.000000
vn 0.066044 0.075087 0.000000
vn 0.066044 0.075087 0.000000
vn -0.046261 0.088656 0.000000
vn -0.046261 0.088656 0.000000
vn -0.023816 0.097123 0.000000
vn -0.023816 0.097123 0.000000
vn 0.000000 0.100000 0.000000
vn 0.000000 0.100000 0.000000
vn 0.100000 0.000000 0.000000
vn 0.100000 0.000000 0.000000
vn -0.096593 -0.000000 0.025882
vn -0.096593 -0.000000 0.025882
vn -0.100000 -0.000000 0.000000
vn -0.096593 -0.000000 0.025882
vn -0.096593 -0.000000 0.025882
vn -0.086603 -0.000000 0.050000
vn -0.086603 -0.000000 0.050000
vn -0.070711 -0.000000 0.070711
vn -0.070711 -0.000000 0.070711
vn -0.050000 -0.000000 0.086603
vn -0.050000 -0.000000 0.086603
vn -0.025882 -0.000000 0.096593
vn -0.025882 -0.000000 0.096593
vn -0.025882 -0.000000 0.096593
vn -0.025882 -0.000000 0.096593
vn -0.050000 -0.000000 0.086603
vn -0.050000 -0.000000 0.086603
vn -0.070711 -0.000000 0.070711
vn -0.070711 -0.000000 0.070711
vn -0.086603 -0.000000 0.050000
vn -0.086603 -0.000000 0.050000
vn -0.096593 -0.000000 0.025882
vn -0.096593 -0.000000 0.025882
vn -0.096593 -0.000000 0.025882
vn -0.096593 -0.000000 0.025882
vn -0.086603 -0.000000 0.050000
vn -0.086603 -0.000000 0.050000
vn -0.070711 -0.000000 0.070711
vn -0.070711 -0.000000 0.070711
vn -0.050000 -0.000000 0.086603
vn -0.050000 -0.000000 0.086603
vn -0.025882 -0.000000 0.096593
vn -0.025882 -0.000000 0.096593
vn -0.025882 -0.000000 0.096593
vn -0.025882 -0.000000 0.096593
vn -0.050000 -0.000000 0.086603
vn -0.050000 -0.000000 0.086603
vn -0.070711 -0.000000 0.070711
vn -0.070711 -0.000000 0.070711
vn -0.086603 -0.000000 0.050000
vn -0.086603 -0.000000 0.050000
vn -0.096593 -0.000000 0.025882
vn -0.096593 -0.000000 0.025882
vn -0.096593 -0.000000 0.025882
vn -0.096593 -0.000000 0.025882
vn -0.086603 -0.000000 0.050000
vn -0.086603 -0.000000 0.050000
vn -0.070711 -0.000000 0.070711
vn -0.070711 -0.000000 0.070711
vn -0.050000 -0.000000 0.086603
vn -0.050000 -0.000000 0.086603
vn -0.025882 -0.000000 0.096593
vn -0.025882 -0.000000 0.096593
vn -0.025882 -0.000000 0.096593
vn -0.025882 -0.000000 0.096593
vn -0.050000 -0.000000 0.086603
vn -0.050000 -0.000000 0.086603
vn -0.070711 -0.000000 0.070711
vn -0.070711 -0.000000 0.070711
vn -0.086603 -0.000000 0.050000
vn -0.086603 -0.000000 0.050000
vn -0.096593 -0.000000 0.025882
vn -0.096593 -0.000000 0.025882
vn -0.096593 -0.000000 0.025882
vn -0.096593 -0.000000 0.025882
vn -0.086603 -0.000000 0.050000
vn -0.086603 -0.000000 0.050000
vn -0.070711 -0.000000 0.070711
vn -0.070711 -0.000000 0.070711
vn -0.050000 -0.000000 0.086603
vn -0.050000 -0.000000 0.086603
vn -0.025882 -0.000000 0.096593
vn -0.025882 -0.000000 0.096593
vn -0.025882 -0.000000 0.096593
vn -0.025882 -0.000000 0.096593
vn -0.050000 -0.000000 0.086603
vn -0.050000 -0.000000 0.086603
vn -0.070711 -0.000000 0.070711
vn -0.070711 -0.000000 0.070711
vn -0.086603 -0.000000 0.050000
vn -0.086603 -0.000000 0.050000
vn -0.096593 -0.000000 0.025882
vn -0.096593 -0.000000 0.025882
vn -0.100000 -0.000000 0.000000
vn -0.096593 -0.000000 0.025882
vn -0.096593 -0.000000 0.025882
vn -0.086603 -0.000000 0.050000
vn -0.086603 -0.000000 0.050000
vn -0.070711 -0.000000 0.070711
vn -0.070711 -0.000000 0.070711
vn -0.050000 -0.000000 0.086603
vn -0.050000 -0.000000 0.086603
vn -0.025882 -0.000000 0.096593
vn -0.025882 -0.000000 0.096593
vn -0.025882 -0.000000 0.096593
vn -0.025882 -0.000000 0.096593
vn -0.050000 -0.000000 0.086603
vn -0.050000 -0.000000 0.086603
vn -0.070711 -0.000000 0.070711
vn -0.070711 -0.000000 0.070711
vn -0.086603 -0.000000 0.050000
vn -0.086603 -0.000000 0.050000
vn -0.096593 -0.000000 0.025882
vn -0.096593 -0.000000 0.025882
vn -0.096593 -0.000000 0.025882
vn -0.096593 -0.000000 0.025882
vn -0.086603 -0.000000 0.050000
vn -0.086603 -0.000000 0.050000
vn -0.070711 -0.000000 0.070711
vn -0.070711 -0.000000 0.070711
vn -0.050000 -0.000000 0.086603
vn -0.050000 -0.000000 0.086603
vn -0.025882 -0.000000 0.096593
vn -0.025882 -0.000000 0.096593
vn -0.025882 -0.000000 0.096593
vn -0.025882 -0.000000 0.096593
vn -0.050000 -0.000000 0.086603
vn -0.050000 -0.000000 0.086603
vn -0.070711 -0.000000 0.070711
vn -0.070711 -0.000000 0.070711
vn -0.086603 -0.000000 0.050000
vn -0.086603 -0.000000 0.050000
vn -0.096593 -0.000000 0.025882
vn -0.096593 -0.000000 0.025882
vn -0.096593 -0.000000 0.025882
vn -0.096593 -0.000000 0.025882
vn -0.086603 -0.000000 0.050000
vn -0.086603 -0.000000 0.050000
vn -0.070711 -0.000000 0.070711
vn -0.070711 -0.000000 0.070711
vn -0.050000 -0.000000 0.086603
vn -0.050000 -0.000000 0.086603
vn -0.025882 -0.000000 0.096593
vn -0.025882 -0.000000 0.096593
vn -0.025882 -0.000000 0.096593
vn -0.025882 -0.000000 0.096593
vn -0.050000 -0.000000 0.086603
vn -0.050000 -0.000000 0.086603
vn -0.070711 -0.000000 0.070711
vn -0.070711 -0.000000 0.070711
vn -0.086603 -0.000000 0.050000
vn -0.086603 -0.000000 0.050000
vn -0.096593 -0.000000 0.025882
vn -0.096593 -0.000000 0.025882
vn -0.086603 -0.000000 0.050000
vn -0.086603 -0.000000 0.050000
vn -0.070711 -0.000000 0.070711
vn -0.070711 -0.000000 0.070711
vn -0.050000 -0.000000 0.086603
vn -0.050000 -0.000000 0.086603
vn -0.025882 -0.000000 0.096593
vn -0.025882 -0.000000 0.096593
vn -0.025882 -0.000000 0.096593
vn -0.025882 -0.000000 0.096593
vn -0.025882 -0.000000 0.096593
vn -0.050000 -0.000000 0.086603
vn -0.096593 -0.000000 0.025882
vn -0.096593 -0.000000 0.025882
vn -0.096593 -0.000000 0.025882
vn -0.086603 -0.000000 0.050000
vn -0.086603 -0.000000 0.050000
vn -0.070711 -0.000000 0.070711
vn -0.050000 -0.000000 0.086603
vn -0.025882 -0.000000 0.096593
vn -0.096593 -0.000000 0.025882
vn -0.096593 -0.000000 0.025882
vn -0.096593 -0.000000 0.025882
vn -0.086603 -0.000000 0.050000
vn -0.086603 -0.000000 0.050000
vn -0.070711 -0.000000 0.070711
vn -0.086603 -0.000000 0.050000
vn -0.096593 -0.000000 0.025882
vn -0.086603 -0.000000 0.050000
vn -0.070711 -0.000000 0.070711
vn -0.050000 -0.000000 0.086603
vn -0.025882 -0.000000 0.096593
vn -0.096593 -0.000000 0.025882
vn -0.096593 -0.000000 0.025882
vn -0.096593 -0.000000 0.025882
vn -0.086603 -0.000000 0.050000
vn -0.086603 -0.000000 0.050000
vn -0.070711 -0.000000 0.070711
vn -0.086603 -0.000000 0.050000
vn -0.096593 -0.000000 0.025882
vn -0.086603 -0.000000 0.050000
vn -0.070711 -0.000000 0.070711
vn -0.050000 -0.000000 0.086603
vn -0.025882 -0.000000 0.096593
vn -0.096593 -0.000000 0.025882
vn -0.096593 -0.000000 0.025882
vn -0.096593 -0.000000 0.025882
vn -0.086603 -0.000000 0.050000
vn -0.086603 -0.000000 0.050000
vn -0.070711 -0.000000 0.070711
vn -0.086603 -0.000000 0.050000
vn -0.096593 -0.000000 0.025882
vn -0.086603 -0.000000 0.050000
vn -0.070711 -0.000000 0.070711
vn -0.096593 -0.000000 0.025882
vn -0.086603 -0.000000 0.050000
vn -0.086603 -0.000000 0.050000
vn -0.070711 -0.000000 0.070711
vn -0.086603 -0.000000 0.050000
vn -0.070711 -0.000000 0.070711
vn -0.050000 -0.000000 0.086603
vn -0.025882 -0.000000 0.096593
vn -0.096593 -0.000000 0.025882
vn -0.096593 -0.000000 0.025882
vn -0.096593 -0.000000 0.025882
vn -0.086603 -0.000000 0.050000
vn -0.086603 -0.000000 0.050000
vn -0.070711 -0.000000 0.070711
vn -0.086603 -0.000000 0.050000
vn -0.096593 -0.000000 0.025882
vn -0.086603 -0.000000 0.050000
vn -0.070711 -0.000000 0.070711
vn -0.050000 -0.000000 0.086603
vn -0.025882 -0.000000 0.096593
vn -0.096593 -0.000000 0.025882
vn -0.096593 -0.000000 0.025882
vn -0.096593 -0.000000 0.025882
vn -0.086603 -0.000000 0.050000
vn -0.086603 -0.000000 0.050000
vn -0.070711 -0.000000 0.070711
vn -0.086603 -0.000000 0.050000
vn -0.096593 -0.000000 0.025882
vn -0.086603 -0.000000 0.050000
vn -0.070711 -0.000000 0.070711
vn -0.050000 -0.000000 0.086603
vn -0.025882 -0.000000 0.096593
vn -0.096593 -0.000000 0.025882
vn -0.096593 -0.000000 0.025882
vn -0.096593 -0.000000 0.025882
vn -0.086603 -0.000000 0.050000
vn -0.086603 -0.000000 0.050000
vn -0.070711 -0.000000 0.070711
vn -0.086603 -0.000000 0.050000
vn -0.096593 -0.000000 0.025882
vn -0.070711 -0.000000 0.070711
vn -0.050000 -0.000000 0.086603
vn -0.025882 -0.000000 0.096593
vn -0.070711 -0.000000 0.070711
vn -0.070711 -0.000000 0.070711
vn -0.050000 -0.000000 0.086603
vn -0.025882 -0.000000 0.096593
vn -0.070711 -0.000000 0.070711
vn -0.070711 -0.000000 0.070711
vn -0.050000 -0.000000 0.086603
vn -0.025882 -0.000000 0.096593
vn -0.070711 -0.000000 0.070711
vn -0.070711 -0.000000 0.070711
vn -0.050000 -0.000000 0.086603
vn -0.025882 -0.000000 0.096593
vn -0.070711 -0.000000 0.070711
vn -0.070711 -0.000000 0.070711
vn -0.050000 -0.000000 0.086603
vn -0.025882 -0.000000 0.096593
vn -0.070711 -0.000000 0.070711
vn -0.070711 -0.000000 0.070711
vn -0.050000 -0.000000 0.086603
vn -0.025882 -0.000000 0.096593
vn -0.070711 -0.000000 0.070711
vn -0.070711 -0.000000 0.070711
vn -0.050000 -0.000000 0.086603
vn -0.025882 -0.000000 0.096593
vn -0.070711 -0.000000 0.070711
vn -0.050000 -0.000000 0.086603
vn -0.025882 -0.000000 0.096593
vn -0.050000 -0.000000 0.086603
vn -0.050000 -0.000000 0.086603
vn -0.025882 -0.000000 0.096593
vn -0.050000 -0.000000 0.086603
vn -0.050000 -0.000000 0.086603
vn -0.025882 -0.000000 0.096593
vn -0.050000 -0.000000 0.086603
vn -0.050000 -0.000000 0.086603
vn -0.050000 -0.000000 0.086603
vn -0.050000 -0.000000 0.086603
vn -0.025882 -0.000000 0.096593
vn -0.050000 -0.000000 0.086603
vn -0.050000 -0.000000 0.086603
vn -0.025882 -0.000000 0.096593
vn -0.050000 -0.000000 0.086603
vn -0.050000 -0.000000 0.086603
vn -0.025882 -0.000000 0.096593
vn -0.050000 -0.000000 0.086603
vn -0.025882 -0.000000 0.096593
vn -0.025882 -0.000000 0.096593
vn -0.025882 -0.000000 0.096593
vn -0.025882 -0.000000 0.096593
vn -0.025882 -0.000000 0.096593
vn -0.025882 -0.000000 0.096593
vn -0.100000 -0.000000 0.000000
vn -0.100000 -0.000000 0.000000
vn -0.079180 -0.000000 -0.061078
vn -0.079180 -0.000000 -0.061078
vn -0.064018 -0.000000 -0.076822
vn -0.079180 -0.000000 -0.061078
vn -0.079180 -0.000000 -0.061078
vn -0.090559 -0.000000 -0.042416
vn -0.090559 -0.000000 -0.042416
vn -0.097611 -0.000000 -0.021727
vn -0.097611 -0.000000 -0.021727
vn -0.097611 -0.000000 -0.021727
vn -0.097611 -0.000000 -0.021727
vn -0.090559 -0.000000 -0.042416
vn -0.090559 -0.000000 -0.042416
vn -0.079180 -0.000000 -0.061078
vn -0.079180 -0.000000 -0.061078
vn -0.079180 -0.000000 -0.061078
vn -0.079180 -0.000000 -0.061078
vn -0.090559 -0.000000 -0.042416
vn -0.090559 -0.000000 -0.042416
vn -0.097611 -0.000000 -0.021727
vn -0.097611 -0.000000 -0.021727
vn -0.097611 -0.000000 -0.021727
vn -0.097611 -0.000000 -0.021727
vn -0.090559 -0.000000 -0.042416
vn -0.090559 -0.000000 -0.042416
vn -0.079180 -0.000000 -0.061078
vn -0.079180 -0.000000 -0.061078
vn -0.079180 -0.000000 -0.061078
vn -0.079180 -0.000000 -0.061078
vn -0.090559 -0.000000 -0.042416
vn -0.090559 -0.000000 -0.042416
vn -0.097611 -0.000000 -0.021727
vn -0.097611 -0.000000 -0.021727
vn -0.097611 -0.000000 -0.021727
vn -0.097611 -0.000000 -0.021727
vn -0.090559 -0.000000 -0.042416
vn -0.090559 -0.000000 -0.042416
vn -0.079180 -0.000000 -0.061078
vn -0.079180 -0.000000 -0.061078
vn -0.079180 -0.000000 -0.061078
vn -0.079180 -0.000000 -0.061078
vn -0.090559 -0.000000 -0.042416
vn -0.090559 -0.000000 -0.042416
vn -0.097611 -0.000000 -0.021727
vn -0.097611 -0.000000 -0.021727
vn -0.097611 -0.000000 -0.021727
vn -0.097611 -0.000000 -0.021727
vn -0.090559 -0.000000 -0.042416
vn -0.090559 -0.000000 -0.042416
vn -0.079180 -0.000000 -0.061078
vn -0.079180 -0.000000 -0.061078
vn -0.079180 -0.000000 -0.061078
vn -0.079180 -0.000000 -0.061078
vn -0.090559 -0.000000 -0.042416
vn -0.090559 -0.000000 -0.042416
vn -0.097611 -0.000000 -0.021727
vn -0.097611 -0.000000 -0.021727
vn -0.097611 -0.000000 -0.021727
vn -0.097611 -0.000000 -0.021727
vn -0.090559 -0.000000 -0.042416
vn -0.090559 -0.000000 -0.042416
vn -0.079180 -0.000000 -0.061078
vn -0.079180 -0.000000 -0.061078
vn -0.079180 -0.000000 -0.061078
vn -0.079180 -0.000000 -0.061078
vn -0.090559 -0.000000 -0.042416
vn -0.090559 -0.000000 -0.042416
vn -0.097611 -0.000000 -0.021727
vn -0.097611 -0.000000 -0.021727
vn -0.097611 -0.000000 -0.021727
vn -0.097611 -0.000000 -0.021727
vn -0.090559 -0.000000 -0.042416
vn -0.090559 -0.000000 -0.042416
vn -0.079180 -0.000000 -0.061078
vn -0.079180 -0.000000 -0.061078
vn -0.079180 -0.000000 -0.061078
vn -0.079180 -0.000000 -0.061078
vn -0.090559 -0.000000 -0.042416
vn -0.090559 -0.000000 -0.042416
vn -0.097611 -0.000000 -0.021727
vn -0.097611 -0.000000 -0.021727
vn -0.097611 -0.000000 -0.021727
vn -0.097611 -0.000000 -0.021727
vn -0.090559 -0.000000 -0.042416
vn -0.090559 -0.000000 -0.042416
vn -0.079180 -0.000000 -0.061078
vn -0.079180 -0.000000 -0.061078
vn -0.079180 -0.000000 -0.061078
vn -0.079180 -0.000000 -0.061078
vn -0.090559 -0.000000 -0.042416
vn -0.090559 -0.000000 -0.042416
vn -0.097611 -0.000000 -0.021727
vn -0.097611 -0.000000 -0.021727
vn -0.097611 -0.000000 -0.021727
vn -0.097611 -0.000000 -0.021727
vn -0.090559 -0.000000 -0.042416
vn -0.090559 -0.000000 -0.042416
vn -0.079180 -0.000000 -0.061078
vn -0.079180 -0.000000 -0.061078
vn -0.079180 -0.000000 -0.061078
vn -0.079180 -0.000000 -0.061078
vn -0.090559 -0.000000 -0.042416
vn -0.090559 -0.000000 -0.042416
vn -0.097611 -0.000000 -0.021727
vn -0.097611 -0.000000 -0.021727
vn -0.097611 -0.000000 -0.021727
vn -0.097611 -0.000000 -0.021727
vn -0.090559 -0.000000 -0.042416
vn -0.090559 -0.000000 -0.042416
vn -0.079180 -0.000000 -0.061078
vn -0.079180 -0.000000 -0.061078
vn -0.079180 -0.000000 -0.061078
vn -0.079180 -0.000000 -0.061078
vn -0.090559 -0.000000 -0.042416
vn -0.090559 -0.000000 -0.042416
vn -0.097611 -0.000000 -0.021727
vn -0.097611 -0.000000 -0.021727
vn -0.097611 -0.000000 -0.021727
vn -0.097611 -0.000000 -0.021727
vn -0.090559 -0.000000 -0.042416
vn -0.090559 -0.000000 -0.042416
vn -0.079180 -0.000000 -0.061078
vn -0.079180 -0.000000 -0.061078
vn -0.079180 -0.000000 -0.061078
vn -0.079180 -0.000000 -0.061078
vn -0.090559 -0.000000 -0.042416
vn -0.090559 -0.000000 -0.042416
vn -0.097611 -0.000000 -0.021727
vn -0.097611 -0.000000 -0.021727
vn -0.097611 -0.000000 -0.021727
vn -0.097611 -0.000000 -0.021727
vn -0.090559 -0.000000 -0.042416
vn -0.090559 -0.000000 -0.042416
vn -0.079180 -0.000000 -0.061078
vn -0.079180 -0.000000 -0.061078
vn -0.079180 -0.000000 -0.061078
vn -0.079180 -0.000000 -0.061078
vn -0.090559 -0.000000 -0.042416
vn -0.090559 -0.000000 -0.042416
vn -0.097611 -0.000000 -0.021727
vn -0.097611 -0.000000 -0.021727
vn -0.097611 -0.000000 -0.021727
vn -0.097611 -0.000000 -0.021727
vn -0.090559 -0.000000 -0.042416
vn -0.090559 -0.000000 -0.042416
vn -0.079180 -0.000000 -0.061078
vn -0.079180 -0.000000 -0.061078
vn -0.079180 -0.000000 -0.061078
vn -0.079180 -0.000000 -0.061078
vn -0.090559 -0.000000 -0.042416
vn -0.090559 -0.000000 -0.042416
vn -0.097611 -0.000000 -0.021727
vn -0.097611 -0.000000 -0.021727
vn -0.097611 -0.000000 -0.021727
vn -0.097611 -0.000000 -0.021727
vn -0.090559 -0.000000 -0.042416
vn -0.090559 -0.000000 -0.042416
vn -0.079180 -0.000000 -0.061078
vn -0.079180 -0.000000 -0.061078
vn -0.079180 -0.000000 -0.061078
vn -0.079180 -0.000000 -0.061078
vn -0.090559 -0.000000 -0.042416
vn -0.090559 -0.000000 -0.042416
vn -0.097611 -0.000000 -0.021727
vn -0.097611 -0.000000 -0.021727
vn -0.097611 -0.000000 -0.021727
vn -0.097611 -0.000000 -0.021727
vn -0.090559 -0.000000 -0.042416
vn -0.090559 -0.000000 -0.042416
vn -0.079180 -0.000000 -0.061078
vn -0.079180 -0.000000 -0.061078
vn -0.064018 -0.000000 -0.076822
vn -0.079180 -0.000000 -0.061078
vn -0.079180 -0.000000 -0.061078
vn -0.090559 -0.000000 -0.042416
vn -0.090559 -0.000000 -0.042416
vn -0.097611 -0.000000 -0.021727
vn -0.097611 -0.000000 -0.021727
vn -0.097611 -0.000000 -0.021727
vn -0.097611 -0.000000 -0.021727
vn -0.090559 -0.000000 -0.042416
vn -0.090559 -0.000000 -0.042416
vn -0.079180 -0.000000 -0.061078
vn -0.079180 -0.000000 -0.061078
vn -0.079180 -0.000000 -0.061078
vn -0.079180 -0.000000 -0.061078
vn -0.090559 -0.000000 -0.042416
vn -0.090559 -0.000000 -0.042416
vn -0.097611 -0.000000 -0.021727
vn -0.097611 -0.000000 -0.021727
vn -0.097611 -0.000000 -0.021727
vn -0.097611 -0.000000 -0.021727
vn -0.090559 -0.000000 -0.042416
vn -0.090559 -0.000000 -0.042416
vn -0.079180 -0.000000 -0.061078
vn -0.079180 -0.000000 -0.061078
vn -0.079180 -0.000000 -0.061078
vn -0.079180 -0.000000 -0.061078
vn -0.090559 -0.000000 -0.042416
vn -0.090559 -0.000000 -0.042416
vn -0.097611 -0.000000 -0.021727
vn -0.097611 -0.000000 -0.021727
vn -0.097611 -0.000000 -0.021727
vn -0.097611 -0.000000 -0.021727
vn -0.090559 -0.000000 -0.042416
vn -0.090559 -0.000000 -0.042416
vn -0.079180 -0.000000 -0.061078
vn -0.079180 -0.000000 -0.061078
vn -0.079180 -0.000000 -0.061078
vn -0.079180 -0.000000 -0.061078
vn -0.090559 -0.000000 -0.042416
vn -0.090559 -0.000000 -0.042416
vn -0.097611 -0.000000 -0.021727
vn -0.097611 -0.000000 -0.021727
vn -0.097611 -0.000000 -0.021727
vn -0.097611 -0.000000 -0.021727
vn -0.090559 -0.000000 -0.042416
vn -0.090559 -0.000000 -0.042416
vn -0.079180 -0.000000 -0.061078
vn -0.079180 -0.000000 -0.061078
vn -0.079180 -0.000000 -0.061078
vn -0.079180 -0.000000 -0.061078
vn -0.090559 -0.000000 -0.042416
vn -0.090559 -0.000000 -0.042416
vn -0.097611 -0.000000 -0.021727
vn -0.097611 -0.000000 -0.021727
vn -0.097611 -0.000000 -0.021727
vn -0.097611 -0.000000 -0.021727
vn -0.090559 -0.000000 -0.042416
vn -0.090559 -0.000000 -0.042416
vn -0.079180 -0.000000 -0.061078
vn -0.079180 -0.000000 -0.061078
vn -0.079180 -0.000000 -0.061078
vn -0.079180 -0.000000 -0.061078
vn -0.090559 -0.000000 -0.042416
vn -0.090559 -0.000000 -0.042416
vn -0.097611 -0.000000 -0.021727
vn -0.097611 -0.000000 -0.021727
vn -0.097611 -0.000000 -0.021727
vn -0.097611 -0.000000 -0.021727
vn -0.090559 -0.000000 -0.042416
vn -0.090559 -0.000000 -0.042416
vn -0.079180 -0.000000 -0.061078
vn -0.079180 -0.000000 -0.061078
vn -0.079180 -0.000000 -0.061078
vn -0.079180 -0.000000 -0.061078
vn -0.090559 -0.000000 -0.042416
vn -0.090559 -0.000000 -0.042416
vn -0.097611 -0.000000 -0.021727
vn -0.097611 -0.000000 -0.021727
vn -0.097611 -0.000000 -0.021727
vn -0.097611 -0.000000 -0.021727
vn -0.090559 -0.000000 -0.042416
vn -0.090559 -0.000000 -0.042416
vn -0.079180 -0.000000 -0.061078
vn -0.079180 -0.000000 -0.061078
vn -0.079180 -0.000000 -0.061078
vn -0.079180 -0.000000 -0.061078
vn -0.090559 -0.000000 -0.042416
vn -0.090559 -0.000000 -0.042416
vn -0.097611 -0.000000 -0.021727
vn -0.097611 -0.000000 -0.021727
vn -0.097611 -0.000000 -0.021727
vn -0.097611 -0.000000 -0.021727
vn -0.090559 -0.000000 -0.042416
vn -0.090559 -0.000000 -0.042416
vn -0.079180 -0.000000 -0.061078
vn -0.079180 -0.000000 -0.061078
vn -0.079180 -0.000000 -0.061078
vn -0.079180 -0.000000 -0.061078
vn -0.090559 -0.000000 -0.042416
vn -0.090559 -0.000000 -0.042416
vn -0.097611 -0.000000 -0.021727
vn -0.097611 -0.000000 -0.021727
vn -0.097611 -0.000000 -0.021727
vn -0.097611 -0.000000 -0.021727
vn -0.090559 -0.000000 -0.042416
vn -0.090559 -0.000000 -0.042416
vn -0.079180 -0.000000 -0.061078
vn -0.079180 -0.000000 -0.061078
vn -0.079180 -0.000000 -0.061078
vn -0.079180 -0.000000 -0.061078
vn -0.090559 -0.000000 -0.042416
vn -0.090559 -0.000000 -0.042416
vn -0.097611 -0.000000 -0.021727
vn -0.097611 -0.000000 -0.021727
vn -0.097611 -0.000000 -0.021727
vn -0.097611 -0.000000 -0.021727
vn -0.090559 -0.000000 -0.042416
vn -0.090559 -0.000000 -0.042416
vn -0.079180 -0.000000 -0.061078
vn -0.079180 -0.000000 -0.061078
vn -0.079180 -0.000000 -0.061078
vn -0.079180 -0.000000 -0.061078
vn -0.090559 -0.000000 -0.042416
vn -0.090559 -0.000000 -0.042416
vn -0.097611 -0.000000 -0.021727
vn -0.097611 -0.000000 -0.021727
vn -0.097611 -0.000000 -0.021727
vn -0.097611 -0.000000 -0.021727
vn -0.090559 -0.000000 -0.042416
vn -0.090559 -0.000000 -0.042416
vn -0.079180 -0.000000 -0.061078
vn -0.079180 -0.000000 -0.061078
vn -0.079180 -0.000000 -0.061078
vn -0.079180 -0.000000 -0.061078
vn -0.090559 -0.000000 -0.042416
vn -0.090559 -0.000000 -0.042416
vn -0.097611 -0.000000 -0.021727
vn -0.097611 -0.000000 -0.021727
vn -0.097611 -0.000000 -0.021727
vn -0.097611 -0.000000 -0.021727
vn -0.090559 -0.000000 -0.042416
vn -0.090559 -0.000000 -0.042416
vn -0.079180 -0.000000 -0.061078
vn -0.079180 -0.000000 -0.061078
vn -0.079180 -0.000000 -0.061078
vn -0.079180 -0.000000 -0.061078
vn -0.090559 -0.000000 -0.042416
vn -0.090559 -0.000000 -0.042416
vn -0.097611 -0.000000 -0.021727
vn -0.097611 -0.000000 -0.021727
vn -0.097611 -0.000000 -0.021727
vn -0.097611 -0.000000 -0.021727
vn -0.090559 -0.000000 -0.042416
vn -0.090559 -0.000000 -0.042416
vn -0.079180 -0.000000 -0.061078
vn -0.079180 -0.000000 -0.061078
vn -0.079180 -0.000000 -0.061078
vn -0.079180 -0.000000 -0.061078
vn -0.090559 -0.000000 -0.042416
vn -0.090559 -0.000000 -0.042416
vn -0.097611 -0.000000 -0.021727
vn -0.097611 -0.000000 -0.021727
vn -0.097611 -0.000000 -0.021727
vn -0.097611 -0.000000 -0.021727
vn -0.090559 -0.000000 -0.042416
vn -0.090559 -0.000000 -0.042416
vn -0.079180 -0.000000 -0.061078
vn -0.079180 -0.000000 -0.061078
vn -0.079180 -0.000000 -0.061078
vn -0.090559 -0.000000 -0.042416
vn -0.097611 -0.000000 -0.021727
vn -0.090559 -0.000000 -0.042416
vn -0.090559 -0.000000 -0.042416
vn -0.097611 -0.000000 -0.021727
vn -0.097611 -0.000000 -0.021727
vn -0.097611 -0.000000 -0.021727
vn -0.090559 -0.000000 -0.042416
vn -0.090559 -0.000000 -0.042416
vn -0.097611 -0.000000 -0.021727
vn -0.079180 -0.000000 -0.061078
vn -0.079180 -0.000000 -0.061078
vn -0.090559 -0.000000 -0.042416
vn -0.090559 -0.000000 -0.042416
vn -0.097611 -0.000000 -0.021727
vn -0.079180 -0.000000 -0.061078
vn -0.079180 -0.000000 -0.061078
vn -0.090559 -0.000000 -0.042416
vn -0.090559 -0.000000 -0.042416
vn -0.097611 -0.000000 -0.021727
vn -0.079180 -0.000000 -0.061078
vn -0.079180 -0.000000 -0.061078
vn -0.090559 -0.000000 -0.042416
vn -0.090559 -0.000000 -0.042416
vn -0.097611 -0.000000 -0.021727
vn -0.079180 -0.000000 -0.061078
vn -0.079180 -0.000000 -0.061078
vn -0.090559 -0.000000 -0.042416
vn -0.090559 -0.000000 -0.042416
vn -0.097611 -0.000000 -0.021727
vn -0.079180 -0.000000 -0.061078
vn -0.079180 -0.000000 -0.061078
vn -0.090559 -0.000000 -0.042416
vn -0.090559 -0.000000 -0.042416
vn -0.097611 -0.000000 -0.021727
vn -0.079180 -0.000000 -0.061078
vn -0.079180 -0.000000 -0.061078
vn -0.090559 -0.000000 -0.042416
vn -0.090559 -0.000000 -0.042416
vn -0.097611 -0.000000 -0.021727
vn -0.079180 -0.000000 -0.061078
vn -0.079180 -0.000000 -0.061078
vn -0.090559 -0.000000 -0.042416
vn -0.090559 -0.000000 -0.042416
vn -0.097611 -0.000000 -0.021727
vn -0.079180 -0.000000 -0.061078
vn -0.079180 -0.000000 -0.061078
vn -0.090559 -0.000000 -0.042416
vn -0.090559 -0.000000 -0.042416
vn -0.097611 -0.000000 -0.021727
vn -0.079180 -0.000000 -0.061078
vn -0.079180 -0.000000 -0.061078
vn -0.090559 -0.000000 -0.042416
vn -0.090559 -0.000000 -0.042416
vn -0.097611 -0.000000 -0.021727
vn -0.079180 -0.000000 -0.061078
vn -0.079180 -0.000000 -0.061078
vn -0.090559 -0.000000 -0.042416
vn -0.090559 -0.000000 -0.042416
vn -0.097611 -0.000000 -0.021727
vn -0.079180 -0.000000 -0.061078
vn -0.079180 -0.000000 -0.061078
vn -0.090559 -0.000000 -0.042416
vn -0.090559 -0.000000 -0.042416
vn -0.097611 -0.000000 -0.021727
vn -0.079180 -0.000000 -0.061078
vn -0.079180 -0.000000 -0.061078
vn -0.090559 -0.000000 -0.042416
vn -0.090559 -0.000000 -0.042416
vn -0.097611 -0.000000 -0.021727
vn -0.079180 -0.000000 -0.061078
vn -0.079180 -0.000000 -0.061078
vn -0.090559 -0.000000 -0.042416
vn -0.090559 -0.000000 -0.042416
vn -0.097611 -0.000000 -0.021727
vn -0.079180 -0.000000 -0.061078
vn -0.079180 -0.000000 -0.061078
vn -0.090559 -0.000000 -0.042416
vn -0.079180 -0.000000 -0.061078
vn -0.079180 -0.000000 -0.061078
vn -0.090559 -0.000000 -0.042416
vn -0.090559 -0.000000 -0.042416
vn -0.097611 -0.000000 -0.021727
vn -0.079180 -0.000000 -0.061078
vn -0.079180 -0.000000 -0.061078
vn -0.090559 -0.000000 -0.042416
vn -0.090559 -0.000000 -0.042416
vn -0.097611 -0.000000 -0.021727
vn -0.079180 -0.000000 -0.061078
vn -0.079180 -0.000000 -0.061078
vn -0.090559 -0.000000 -0.042416
vn -0.090559 -0.000000 -0.042416
vn -0.097611 -0.000000 -0.021727
vn -0.079180 -0.000000 -0.061078
vn -0.079180 -0.000000 -0.061078
vn -0.090559 -0.000000 -0.042416
vn -0.090559 -0.000000 -0.042416
vn -0.097611 -0.000000 -0.021727
vn -0.079180 -0.000000 -0.061078
vn -0.079180 -0.000000 -0.061078
vn -0.090559 -0.000000 -0.042416
vn -0.090559 -0.000000 -0.042416
vn -0.097611 -0.000000 -0.021727
vn -0.079180 -0.000000 -0.061078
vn -0.079180 -0.000000 -0.061078
vn -0.090559 -0.000000 -0.042416
vn -0.090559 -0.000000 -0.042416
vn -0.097611 -0.000000 -0.021727
vn -0.079180 -0.000000 -0.061078
vn -0.079180 -0.000000 -0.061078
vn -0.090559 -0.000000 -0.042416
vn -0.090559 -0.000000 -0.042416
vn -0.097611 -0.000000 -0.021727
vn -0.079180 -0.000000 -0.061078
vn -0.079180 -0.000000 -0.061078
vn -0.090559 -0.000000 -0.042416
vn -0.090559 -0.000000 -0.042416
vn -0.097611 -0.000000 -0.021727
vn -0.079180 -0.000000 -0.061078
vn -0.079180 -0.000000 -0.061078
vn -0.090559 -0.000000 -0.042416
vn -0.090559 -0.000000 -0.042416
vn -0.097611 -0.000000 -0.021727
vn -0.079180 -0.000000 -0.061078
vn -0.079180 -0.000000 -0.061078
vn -0.090559 -0.000000 -0.042416
vn -0.090559 -0.000000 -0.042416
vn -0.097611 -0.000000 -0.021727
vn -0.079180 -0.000000 -0.061078
vn -0.079180 -0.000000 -0.061078
vn -0.090559 -0.000000 -0.042416
vn -0.090559 -0.000000 -0.042416
vn -0.097611 -0.000000 -0.021727
vn -0.079180 -0.000000 -0.061078
vn -0.079180 -0.000000 -0.061078
vn -0.090559 -0.000000 -0.042416
vn -0.090559 -0.000000 -0.042416
vn -0.097611 -0.000000 -0.021727
vn -0.079180 -0.000000 -0.061078
vn -0.079180 -0.000000 -0.061078
vn -0.090559 -0.000000 -0.042416
vn -0.090559 -0.000000 -0.042416
vn -0.097611 -0.000000 -0.021727
vn -0.079180 -0.000000 -0.061078
vn -0.079180 -0.000000 -0.061078
vn -0.090559 -0.000000 -0.042416
vn -0.097611 -0.000000 -0.021727
vn -0.097611 -0.000000 -0.021727
vn -0.097611 -0.000000 -0.021727
vn -0.097611 -0.000000 -0.021727
vn -0.097611 -0.000000 -0.021727
vn -0.097611 -0.000000 -0.021727
vn -0.097611 -0.000000 -0.021727
vn -0.097611 -0.000000 -0.021727
vn -0.097611 -0.000000 -0.021727
vn -0.097611 -0.000000 -0.021727
vn -0.097611 -0.000000 -0.021727
vn -0.097611 -0.000000 -0.021727
vn -0.097611 -0.000000 -0.021727
vn -0.097611 -0.000000 -0.021727
vn -0.097611 -0.000000 -0.021727
vn -0.097611 -0.000000 -0.021727
vn -0.097611 -0.000000 -0.021727
vn -0.097611 -0.000000 -0.021727
vn -0.097611 -0.000000 -0.021727
vn -0.097611 -0.000000 -0.021727
vn -0.097611 -0.000000 -0.021727
vn -0.097611 -0.000000 -0.021727
vn -0.097611 -0.000000 -0.021727
vn -0.097611 -0.000000 -0.021727
vn -0.097611 -0.000000 -0.021727
vn -0.097611 -0.000000 -0.021727
vn -0.097611 -0.000000 -0.021727
vn -0.097611 -0.000000 -0.021727
vn -0.064018 -0.000000 -0.076822
vn -0.064018 -0.000000 -0.076822
vn 0.025882 0.000000 0.096593
vn 0.025882 0.000000 0.096593
vn 0.025882 0.000000 0.096593
vn 0.025882 0.000000 0.096593
vn 0.050000 0.000000 0.086603
vn 0.050000 0.000000 0.086603
vn 0.070711 0.000000 0.070711
vn 0.070711 0.000000 0.070711
vn 0.086603 0.000000 0.050000
vn 0.086603 0.000000 0.050000
vn 0.096593 0.000000 0.025882
vn 0.096593 0.000000 0.025882
vn 0.096593 0.000000 0.025882
vn 0.096593 0.000000 0.025882
vn 0.086603 0.000000 0.050000
vn 0.086603 0.000000 0.050000
vn 0.070711 0.000000 0.070711
vn 0.070711 0.000000 0.070711
vn 0.050000 0.000000 0.086603
vn 0.050000 0.000000 0.086603
vn 0.025882 0.000000 0.096593
vn 0.025882 0.000000 0.096593
vn 0.025882 0.000000 0.096593
vn 0.025882 0.000000 0.096593
vn 0.050000 0.000000 0.086603
vn 0.050000 0.000000 0.086603
vn 0.070711 0.000000 0.070711
vn 0.070711 0.000000 0.070711
vn 0.086603 0.000000 0.050000
vn 0.086603 0.000000 0.050000
vn 0.096593 0.000000 0.025882
vn 0.096593 0.000000 0.025882
vn 0.096593 0.000000 0.025882
vn 0.096593 0.000000 0.025882
vn 0.086603 0.000000 0.050000
vn 0.086603 0.000000 0.050000
vn 0.070711 0.000000 0.070711
vn 0.070711 0.000000 0.070711
vn 0.050000 0.000000 0.086603
vn 0.050000 0.000000 0.086603
vn 0.025882 0.000000 0.096593
vn 0.025882 0.000000 0.096593
vn 0.025882 0.000000 0.096593
vn 0.025882 0.000000 0.096593
vn 0.050000 0.000000 0.086603
vn 0.050000 0.000000 0.086603
vn 0.070711 0.000000 0.070711
vn 0.070711 0.000000 0.070711
vn 0.086603 0.000000 0.050000
vn 0.086603 0.000000 0.050000
vn 0.096593 0.000000 0.025882
vn 0.096593 0.000000 0.025882
vn 0.096593 0.000000 0.025882
vn 0.096593 0.000000 0.025882
vn 0.086603 0.000000 0.050000
vn 0.086603 0.000000 0.050000
vn 0.070711 0.000000 0.070711
vn 0.070711 0.000000 0.070711
vn 0.050000 0.000000 0.086603
vn 0.050000 0.000000 0.086603
vn 0.025882 0.000000 0.096593
vn 0.025882 0.000000 0.096593
vn 0.025882 0.000000 0.096593
vn 0.025882 0.000000 0.096593
vn 0.050000 0.000000 0.086603
vn 0.050000 0.000000 0.086603
vn 0.070711 0.000000 0.070711
vn 0.070711 0.000000 0.070711
vn 0.086603 0.000000 0.050000
vn 0.086603 0.000000 0.050000
vn 0.096593 0.000000 0.025882
vn 0.096593 0.000000 0.025882
vn 0.096593 0.000000 0.025882
vn 0.096593 0.000000 0.025882
vn 0.086603 0.000000 0.050000
vn 0.050000 0.000000 0.086603
vn 0.050000 0.000000 0.086603
vn 0.070711 0.000000 0.070711
vn 0.070711 0.000000 0.070711
vn 0.086603 0.000000 0.050000
vn 0.086603 0.000000 0.050000
vn 0.096593 0.000000 0.025882
vn 0.096593 0.000000 0.025882
vn 0.096593 0.000000 0.025882
vn 0.096593 0.000000 0.025882
vn 0.086603 0.000000 0.050000
vn 0.086603 0.000000 0.050000
vn 0.070711 0.000000 0.070711
vn 0.070711 0.000000 0.070711
vn 0.050000 0.000000 0.086603
vn 0.050000 0.000000 0.086603
vn 0.025882 0.000000 0.096593
vn 0.025882 0.000000 0.096593
vn 0.025882 0.000000 0.096593
vn 0.025882 0.000000 0.096593
vn 0.025882 0.000000 0.096593
vn 0.050000 0.000000 0.086603
vn 0.050000 0.000000 0.086603
vn 0.070711 0.000000 0.070711
vn 0.050000 0.000000 0.086603
vn 0.070711 0.000000 0.070711
vn 0.086603 0.000000 0.050000
vn 0.096593 0.000000 0.025882
vn 0.025882 0.000000 0.096593
vn 0.025882 0.000000 0.096593
vn 0.025882 0.000000 0.096593
vn 0.050000 0.000000 0.086603
vn 0.050000 0.000000 0.086603
vn 0.070711 0.000000 0.070711
vn 0.050000 0.000000 0.086603
vn 0.025882 0.000000 0.096593
vn 0.025882 0.000000 0.096593
vn 0.050000 0.000000 0.086603
vn 0.070711 0.000000 0.070711
vn 0.086603 0.000000 0.050000
vn 0.050000 0.000000 0.086603
vn 0.070711 0.000000 0.070711
vn 0.086603 0.000000 0.050000
vn 0.096593 0.000000 0.025882
vn 0.025882 0.000000 0.096593
vn 0.025882 0.000000 0.096593
vn 0.025882 0.000000 0.096593
vn 0.050000 0.000000 0.086603
vn 0.050000 0.000000 0.086603
vn 0.070711 0.000000 0.070711
vn 0.050000 0.000000 0.086603
vn 0.025882 0.000000 0.096593
vn 0.050000 0.000000 0.086603
vn 0.070711 0.000000 0.070711
vn 0.070711 0.000000 0.070711
vn 0.086603 0.000000 0.050000
vn 0.096593 0.000000 0.025882
vn 0.070711 0.000000 0.070711
vn 0.070711 0.000000 0.070711
vn 0.086603 0.000000 0.050000
vn 0.096593 0.000000 0.025882
vn 0.070711 0.000000 0.070711
vn 0.070711 0.000000 0.070711
vn 0.086603 0.000000 0.050000
vn 0.096593 0.000000 0.025882
vn 0.086603 0.000000 0.050000
vn 0.086603 0.000000 0.050000
vn 0.096593 0.000000 0.025882
vn 0.086603 0.000000 0.050000
vn 0.096593 0.000000 0.025882
vn 0.086603 0.000000 0.050000
vn 0.086603 0.000000 0.050000
vn 0.096593 0.000000 0.025882
vn 0.096593 0.000000 0.025882
vn 0.096593 0.000000 0.025882
vn -0.022214 -0.000000 0.097501
vn -0.022214 -0.000000 0.097501
vn -0.000000 -0.000000 0.100000
vn -0.022214 -0.000000 0.097501
vn -0.022214 -0.000000 0.097501
vn -0.043319 -0.000000 0.090130
vn -0.043319 -0.000000 0.090130
vn -0.062258 -0.000000 0.078255
vn -0.062258 -0.000000 0.078255
vn -0.078087 -0.000000 0.062470
vn -0.062258 -0.000000 0.078255
vn -0.062258 -0.000000 0.078255
vn -0.043319 -0.000000 0.090130
vn -0.043319 -0.000000 0.090130
vn -0.022214 -0.000000 0.097501
vn -0.022214 -0.000000 0.097501
vn -0.022214 -0.000000 0.097501
vn -0.022214 -0.000000 0.097501
vn -0.043319 -0.000000 0.090130
vn -0.043319 -0.000000 0.090130
vn -0.062258 -0.000000 0.078255
vn -0.062258 -0.000000 0.078255
vn -0.062258 -0.000000 0.078255
vn -0.062258 -0.000000 0.078255
vn -0.043319 -0.000000 0.090130
vn -0.043319 -0.000000 0.090130
vn -0.022214 -0.000000 0.097501
vn -0.022214 -0.000000 0.097501
vn -0.022214 -0.000000 0.097501
vn -0.022214 -0.000000 0.097501
vn -0.043319 -0.000000 0.090130
vn -0.043319 -0.000000 0.090130
vn -0.062258 -0.000000 0.078255
vn -0.062258 -0.000000 0.078255
vn -0.078087 -0.000000 0.062470
vn -0.043319 -0.000000 0.090130
vn -0.043319 -0.000000 0.090130
vn -0.062258 -0.000000 0.078255
vn -0.062258 -0.000000 0.078255
vn -0.062258 -0.000000 0.078255
vn -0.062258 -0.000000 0.078255
vn -0.062258 -0.000000 0.078255
vn -0.062258 -0.000000 0.078255
vn -0.043319 -0.000000 0.090130
vn -0.043319 -0.000000 0.090130
vn -0.022214 -0.000000 0.097501
vn -0.022214 -0.000000 0.097501
vn 0.000000 0.000000 0.100000
vn -0.022214 -0.000000 0.097501
vn -0.022214 -0.000000 0.097501
vn -0.043319 -0.000000 0.090130
vn -0.043319 -0.000000 0.090130
vn -0.062258 -0.000000 0.078255
vn -0.062258 -0.000000 0.078255
vn -0.062258 -0.000000 0.078255
vn -0.062258 -0.000000 0.078255
vn -0.043319 -0.000000 0.090130
vn -0.043319 -0.000000 0.090130
vn -0.022214 -0.000000 0.097501
vn -0.022214 -0.000000 0.097501
vn -0.022214 -0.000000 0.097501
vn -0.022214 -0.000000 0.097501
vn -0.043319 -0.000000 0.090130
vn -0.043319 -0.000000 0.090130
vn -0.062258 -0.000000 0.078255
vn -0.062258 -0.000000 0.078255
vn -0.062258 -0.000000 0.078255
vn -0.062258 -0.000000 0.078255
vn -0.043319 -0.000000 0.090130
vn -0.043319 -0.000000 0.090130
vn -0.022214 -0.000000 0.097501
vn -0.022214 -0.000000 0.097501
vn -0.043319 -0.000000 0.090130
vn -0.043319 -0.000000 0.090130
vn -0.022214 -0.000000 0.097501
vn -0.022214 -0.000000 0.097501
vn -0.043319 -0.000000 0.090130
vn -0.062258 -0.000000 0.078255
vn -0.022214 -0.000000 0.097501
vn -0.022214 -0.000000 0.097501
vn -0.043319 -0.000000 0.090130
vn -0.043319 -0.000000 0.090130
vn -0.062258 -0.000000 0.078255
vn -0.022214 -0.000000 0.097501
vn -0.022214 -0.000000 0.097501
vn -0.043319 -0.000000 0.090130
vn -0.043319 -0.000000 0.090130
vn -0.062258 -0.000000 0.078255
vn -0.022214 -0.000000 0.097501
vn -0.043319 -0.000000 0.090130
vn -0.022214 -0.000000 0.097501
vn -0.022214 -0.000000 0.097501
vn -0.043319 -0.000000 0.090130
vn -0.043319 -0.000000 0.090130
vn -0.062258 -0.000000 0.078255
vn -0.022214 -0.000000 0.097501
vn -0.022214 -0.000000 0.097501
vn -0.043319 -0.000000 0.090130
vn -0.043319 -0.000000 0.090130
vn -0.062258 -0.000000 0.078255
vn -0.022214 -0.000000 0.097501
vn -0.022214 -0.000000 0.097501
vn -0.043319 -0.000000 0.090130
vn -0.062258 -0.000000 0.078255
vn -0.062258 -0.000000 0.078255
vn -0.062258 -0.000000 0.078255
vn -0.062258 -0.000000 0.078255
vn -0.062258 -0.000000 0.078255
vn -0.062258 -0.000000 0.078255
vn -0.078087 -0.000000 0.062470
vn -0.078087 -0.000000 0.062470
vn -0.091460 -0.000000 0.040436
vn -0.091460 -0.000000 0.040436
vn -0.091460 -0.000000 0.040436
vn -0.091460 -0.000000 0.040436
vn -0.098757 -0.000000 0.015715
vn -0.098757 -0.000000 0.015715
vn -0.099494 -0.000000 -0.010049
vn -0.099494 -0.000000 -0.010049
vn -0.093620 -0.000000 -0.035146
vn -0.093620 -0.000000 -0.035146
vn -0.081528 -0.000000 -0.057907
vn -0.081528 -0.000000 -0.057907
vn -0.064018 -0.000000 -0.076822
vn -0.081528 -0.000000 -0.057907
vn -0.081528 -0.000000 -0.057907
vn -0.093620 -0.000000 -0.035146
vn -0.093620 -0.000000 -0.035146
vn -0.099494 -0.000000 -0.010049
vn -0.099494 -0.000000 -0.010049
vn -0.098757 -0.000000 0.015715
vn -0.098757 -0.000000 0.015715
vn -0.091460 -0.000000 0.040436
vn -0.091460 -0.000000 0.040436
vn -0.091460 -0.000000 0.040436
vn -0.091460 -0.000000 0.040436
vn -0.098757 -0.000000 0.015715
vn -0.098757 -0.000000 0.015715
vn -0.099494 -0.000000 -0.010049
vn -0.099494 -0.000000 -0.010049
vn -0.093620 -0.000000 -0.035146
vn -0.093620 -0.000000 -0.035146
vn -0.081528 -0.000000 -0.057907
vn -0.081528 -0.000000 -0.057907
vn -0.064018 -0.000000 -0.076822
vn -0.081528 -0.000000 -0.057907
vn -0.081528 -0.000000 -0.057907
vn -0.093620 -0.000000 -0.035146
vn -0.093620 -0.000000 -0.035146
vn -0.099494 -0.000000 -0.010049
vn -0.099494 -0.000000 -0.010049
vn -0.098757 -0.000000 0.015715
vn -0.098757 -0.000000 0.015715
vn -0.091460 -0.000000 0.040436
vn -0.091460 -0.000000 0.040436
vn -0.091460 -0.000000 0.040436
vn -0.091460 -0.000000 0.040436
vn -0.098757 -0.000000 0.015715
vn -0.098757 -0.000000 0.015715
vn -0.099494 -0.000000 -0.010049
vn -0.099494 -0.000000 -0.010049
vn -0.093620 -0.000000 -0.035146
vn -0.093620 -0.000000 -0.035146
vn -0.081528 -0.000000 -0.057907
vn -0.081528 -0.000000 -0.057907
vn -0.081528 -0.000000 -0.057907
vn -0.081528 -0.000000 -0.057907
vn -0.093620 -0.000000 -0.035146
vn -0.093620 -0.000000 -0.035146
vn -0.099494 -0.000000 -0.010049
vn -0.099494 -0.000000 -0.010049
vn -0.098757 -0.000000 0.015715
vn -0.098757 -0.000000 0.015715
vn -0.091460 -0.000000 0.040436
vn -0.091460 -0.000000 0.040436
vn -0.091460 -0.000000 0.040436
vn -0.091460 -0.000000 0.040436
vn -0.098757 -0.000000 0.015715
vn -0.098757 -0.000000 0.015715
vn -0.099494 -0.000000 -0.010049
vn -0.099494 -0.000000 -0.010049
vn -0.093620 -0.000000 -0.035146
vn -0.093620 -0.000000 -0.035146
vn -0.081528 -0.000000 -0.057907
vn -0.081528 -0.000000 -0.057907
vn -0.081528 -0.000000 -0.057907
vn -0.081528 -0.000000 -0.057907
vn -0.093620 -0.000000 -0.035146
vn -0.098757 -0.000000 0.015715
vn -0.098757 -0.000000 0.015715
vn -0.099494 -0.000000 -0.010049
vn -0.099494 -0.000000 -0.010049
vn -0.093620 -0.000000 -0.035146
vn -0.093620 -0.000000 -0.035146
vn -0.081528 -0.000000 -0.057907
vn -0.081528 -0.000000 -0.057907
vn -0.081528 -0.000000 -0.057907
vn -0.081528 -0.000000 -0.057907
vn -0.093620 -0.000000 -0.035146
vn -0.093620 -0.000000 -0.035146
vn -0.099494 -0.000000 -0.010049
vn -0.099494 -0.000000 -0.010049
vn -0.098757 -0.000000 0.015715
vn -0.098757 -0.000000 0.015715
vn -0.091460 -0.000000 0.040436
vn -0.091460 -0.000000 0.040436
vn -0.091460 -0.000000 0.040436
vn -0.091460 -0.000000 0.040436
vn -0.091460 -0.000000 0.040436
vn -0.098757 -0.000000 0.015715
vn -0.098757 -0.000000 0.015715
vn -0.099494 -0.000000 -0.010049
vn -0.098757 -0.000000 0.015715
vn -0.099494 -0.000000 -0.010049
vn -0.093620 -0.000000 -0.035146
vn -0.081528 -0.000000 -0.057907
vn -0.091460 -0.000000 0.040436
vn -0.091460 -0.000000 0.040436
vn -0.091460 -0.000000 0.040436
vn -0.098757 -0.000000 0.015715
vn -0.098757 -0.000000 0.015715
vn -0.099494 -0.000000 -0.010049
vn -0.098757 -0.000000 0.015715
vn -0.091460 -0.000000 0.040436
vn -0.091460 -0.000000 0.040436
vn -0.098757 -0.000000 0.015715
vn -0.099494 -0.000000 -0.010049
vn -0.093620 -0.000000 -0.035146
vn -0.098757 -0.000000 0.015715
vn -0.099494 -0.000000 -0.010049
vn -0.093620 -0.000000 -0.035146
vn -0.081528 -0.000000 -0.057907
vn -0.091460 -0.000000 0.040436
vn -0.091460 -0.000000 0.040436
vn -0.091460 -0.000000 0.040436
vn -0.098757 -0.000000 0.015715
vn -0.098757 -0.000000 0.015715
vn -0.099494 -0.000000 -0.010049
vn -0.098757 -0.000000 0.015715
vn -0.091460 -0.000000 0.040436
vn -0.098757 -0.000000 0.015715
vn -0.099494 -0.000000 -0.010049
vn -0.099494 -0.000000 -0.010049
vn -0.093620 -0.000000 -0.035146
vn -0.081528 -0.000000 -0.057907
vn -0.099494 -0.000000 -0.010049
vn -0.099494 -0.000000 -0.010049
vn -0.093620 -0.000000 -0.035146
vn -0.081528 -0.000000 -0.057907
vn -0.099494 -0.000000 -0.010049
vn -0.099494 -0.000000 -0.010049
vn -0.093620 -0.000000 -0.035146
vn -0.081528 -0.000000 -0.057907
vn -0.093620 -0.000000 -0.035146
vn -0.093620 -0.000000 -0.035146
vn -0.081528 -0.000000 -0.057907
vn -0.093620 -0.000000 -0.035146
vn -0.081528 -0.000000 -0.057907
vn -0.093620 -0.000000 -0.035146
vn -0.093620 -0.000000 -0.035146
vn -0.081528 -0.000000 -0.057907
vn -0.081528 -0.000000 -0.057907
vn -0.081528 -0.000000 -0.057907
vn -0.064018 -0.000000 -0.076822
vn -0.064018 -0.000000 -0.076822
vn -0.079180 -0.000000 -0.061078
vn -0.079180 -0.000000 -0.061078
vn -0.079180 -0.000000 -0.061078
vn -0.079180 -0.000000 -0.061078
vn -0.090559 -0.000000 -0.042416
vn -0.090559 -0.000000 -0.042416
vn -0.097611 -0.000000 -0.021727
vn -0.097611 -0.000000 -0.021727
vn -0.100000 -0.000000 0.000000
vn -0.097611 -0.000000 -0.021727
vn -0.097611 -0.000000 -0.021727
vn -0.090559 -0.000000 -0.042416
vn -0.090559 -0.000000 -0.042416
vn -0.079180 -0.000000 -0.061078
vn -0.079180 -0.000000 -0.061078
vn -0.079180 -0.000000 -0.061078
vn -0.079180 -0.000000 -0.061078
vn -0.090559 -0.000000 -0.042416
vn -0.090559 -0.000000 -0.042416
vn -0.097611 -0.000000 -0.021727
vn -0.097611 -0.000000 -0.021727
vn -0.097611 -0.000000 -0.021727
vn -0.097611 -0.000000 -0.021727
vn -0.090559 -0.000000 -0.042416
vn -0.090559 -0.000000 -0.042416
vn -0.079180 -0.000000 -0.061078
vn -0.079180 -0.000000 -0.061078
vn -0.079180 -0.000000 -0.061078
vn -0.079180 -0.000000 -0.061078
vn -0.090559 -0.000000 -0.042416
vn -0.090559 -0.000000 -0.042416
vn -0.097611 -0.000000 -0.021727
vn -0.097611 -0.000000 -0.021727
vn -0.097611 -0.000000 -0.021727
vn -0.097611 -0.000000 -0.021727
vn -0.090559 -0.000000 -0.042416
vn -0.090559 -0.000000 -0.042416
vn -0.079180 -0.000000 -0.061078
vn -0.079180 -0.000000 -0.061078
vn -0.079180 -0.000000 -0.061078
vn -0.079180 -0.000000 -0.061078
vn -0.090559 -0.000000 -0.042416
vn -0.090559 -0.000000 -0.042416
vn -0.097611 -0.000000 -0.021727
vn -0.097611 -0.000000 -0.021727
vn -0.097611 -0.000000 -0.021727
vn -0.097611 -0.000000 -0.021727
vn -0.090559 -0.000000 -0.042416
vn -0.090559 -0.000000 -0.042416
vn -0.079180 -0.000000 -0.061078
vn -0.079180 -0.000000 -0.061078
vn -0.079180 -0.000000 -0.061078
vn -0.079180 -0.000000 -0.061078
vn -0.090559 -0.000000 -0.042416
vn -0.090559 -0.000000 -0.042416
vn -0.097611 -0.000000 -0.021727
vn -0.097611 -0.000000 -0.021727
vn -0.097611 -0.000000 -0.021727
vn -0.097611 -0.000000 -0.021727
vn -0.090559 -0.000000 -0.042416
vn -0.090559 -0.000000 -0.042416
vn -0.079180 -0.000000 -0.061078
vn -0.079180 -0.000000 -0.061078
vn -0.079180 -0.000000 -0.061078
vn -0.079180 -0.000000 -0.061078
vn -0.090559 -0.000000 -0.042416
vn -0.090559 -0.000000 -0.042416
vn -0.097611 -0.000000 -0.021727
vn -0.097611 -0.000000 -0.021727
vn -0.097611 -0.000000 -0.021727
vn -0.097611 -0.000000 -0.021727
vn -0.090559 -0.000000 -0.042416
vn -0.090559 -0.000000 -0.042416
vn -0.079180 -0.000000 -0.061078
vn -0.079180 -0.000000 -0.061078
vn -0.079180 -0.000000 -0.061078
vn -0.079180 -0.000000 -0.061078
vn -0.090559 -0.000000 -0.042416
vn -0.090559 -0.000000 -0.042416
vn -0.097611 -0.000000 -0.021727
vn -0.097611 -0.000000 -0.021727
vn -0.097611 -0.000000 -0.021727
vn -0.097611 -0.000000 -0.021727
vn -0.090559 -0.000000 -0.042416
vn -0.090559 -0.000000 -0.042416
vn -0.079180 -0.000000 -0.061078
vn -0.079180 -0.000000 -0.061078
vn -0.079180 -0.000000 -0.061078
vn -0.079180 -0.000000 -0.061078
vn -0.090559 -0.000000 -0.042416
vn -0.090559 -0.000000 -0.042416
vn -0.097611 -0.000000 -0.021727
vn -0.097611 -0.000000 -0.021727
vn -0.097611 -0.000000 -0.021727
vn -0.097611 -0.000000 -0.021727
vn -0.090559 -0.000000 -0.042416
vn -0.090559 -0.000000 -0.042416
vn -0.079180 -0.000000 -0.061078
vn -0.079180 -0.000000 -0.061078
vn -0.079180 -0.000000 -0.061078
vn -0.079180 -0.000000 -0.061078
vn -0.090559 -0.000000 -0.042416
vn -0.090559 -0.000000 -0.042416
vn -0.097611 -0.000000 -0.021727
vn -0.097611 -0.000000 -0.021727
vn -0.097611 -0.000000 -0.021727
vn -0.097611 -0.000000 -0.021727
vn -0.090559 -0.000000 -0.042416
vn -0.090559 -0.000000 -0.042416
vn -0.079180 -0.000000 -0.061078
vn -0.079180 -0.000000 -0.061078
vn -0.079180 -0.000000 -0.061078
vn -0.079180 -0.000000 -0.061078
vn -0.090559 -0.000000 -0.042416
vn -0.090559 -0.000000 -0.042416
vn -0.097611 -0.000000 -0.021727
vn -0.097611 -0.000000 -0.021727
vn -0.097611 -0.000000 -0.021727
vn -0.097611 -0.000000 -0.021727
vn -0.090559 -0.000000 -0.042416
vn -0.090559 -0.000000 -0.042416
vn -0.079180 -0.000000 -0.061078
vn -0.079180 -0.000000 -0.061078
vn -0.079180 -0.000000 -0.061078
vn -0.079180 -0.000000 -0.061078
vn -0.090559 -0.000000 -0.042416
vn -0.090559 -0.000000 -0.042416
vn -0.097611 -0.000000 -0.021727
vn -0.097611 -0.000000 -0.021727
vn -0.097611 -0.000000 -0.021727
vn -0.097611 -0.000000 -0.021727
vn -0.090559 -0.000000 -0.042416
vn -0.090559 -0.000000 -0.042416
vn -0.079180 -0.000000 -0.061078
vn -0.079180 -0.000000 -0.061078
vn -0.079180 -0.000000 -0.061078
vn -0.079180 -0.000000 -0.061078
vn -0.090559 -0.000000 -0.042416
vn -0.090559 -0.000000 -0.042416
vn -0.097611 -0.000000 -0.021727
vn -0.097611 -0.000000 -0.021727
vn -0.097611 -0.000000 -0.021727
vn -0.097611 -0.000000 -0.021727
vn -0.090559 -0.000000 -0.042416
vn -0.090559 -0.000000 -0.042416
vn -0.079180 -0.000000 -0.061078
vn -0.079180 -0.000000 -0.061078
vn -0.079180 -0.000000 -0.061078
vn -0.079180 -0.000000 -0.061078
vn -0.090559 -0.000000 -0.042416
vn -0.090559 -0.000000 -0.042416
vn -0.097611 -0.000000 -0.021727
vn -0.097611 -0.000000 -0.021727
vn -0.097611 -0.000000 -0.021727
vn -0.097611 -0.000000 -0.021727
vn -0.090559 -0.000000 -0.042416
vn -0.090559 -0.000000 -0.042416
vn -0.079180 -0.000000 -0.061078
vn -0.079180 -0.000000 -0.061078
vn -0.079180 -0.000000 -0.061078
vn -0.079180 -0.000000 -0.061078
vn -0.090559 -0.000000 -0.042416
vn -0.090559 -0.000000 -0.042416
vn -0.097611 -0.000000 -0.021727
vn -0.097611 -0.000000 -0.021727
vn -0.097611 -0.000000 -0.021727
vn -0.097611 -0.000000 -0.021727
vn -0.090559 -0.000000 -0.042416
vn -0.090559 -0.000000 -0.042416
vn -0.079180 -0.000000 -0.061078
vn -0.079180 -0.000000 -0.061078
vn -0.079180 -0.000000 -0.061078
vn -0.079180 -0.000000 -0.061078
vn -0.090559 -0.000000 -0.042416
vn -0.090559 -0.000000 -0.042416
vn -0.097611 -0.000000 -0.021727
vn -0.097611 -0.000000 -0.021727
vn -0.100000 -0.000000 0.000000
vn -0.097611 -0.000000 -0.021727
vn -0.097611 -0.000000 -0.021727
vn -0.090559 -0.000000 -0.042416
vn -0.090559 -0.000000 -0.042416
vn -0.079180 -0.000000 -0.061078
vn -0.079180 -0.000000 -0.061078
vn -0.079180 -0.000000 -0.061078
vn -0.079180 -0.000000 -0.061078
vn -0.090559 -0.000000 -0.042416
vn -0.090559 -0.000000 -0.042416
vn -0.097611 -0.000000 -0.021727
vn -0.097611 -0.000000 -0.021727
vn -0.097611 -0.000000 -0.021727
vn -0.097611 -0.000000 -0.021727
vn -0.090559 -0.000000 -0.042416
vn -0.090559 -0.000000 -0.042416
vn -0.079180 -0.000000 -0.061078
vn -0.079180 -0.000000 -0.061078
vn -0.079180 -0.000000 -0.061078
vn -0.079180 -0.000000 -0.061078
vn -0.090559 -0.000000 -0.042416
vn -0.090559 -0.000000 -0.042416
vn -0.097611 -0.000000 -0.021727
vn -0.097611 -0.000000 -0.021727
vn -0.097611 -0.000000 -0.021727
vn -0.097611 -0.000000 -0.021727
vn -0.090559 -0.000000 -0.042416
vn -0.090559 -0.000000 -0.042416
vn -0.079180 -0.000000 -0.061078
vn -0.079180 -0.000000 -0.061078
vn -0.079180 -0.000000 -0.061078
vn -0.079180 -0.000000 -0.061078
vn -0.090559 -0.000000 -0.042416
vn -0.090559 -0.000000 -0.042416
vn -0.097611 -0.000000 -0.021727
vn -0.097611 -0.000000 -0.021727
vn -0.097611 -0.000000 -0.021727
vn -0.097611 -0.000000 -0.021727
vn -0.090559 -0.000000 -0.042416
vn -0.090559 -0.000000 -0.042416
vn -0.079180 -0.000000 -0.061078
vn -0.079180 -0.000000 -0.061078
vn -0.079180 -0.000000 -0.061078
vn -0.079180 -0.000000 -0.061078
vn -0.090559 -0.000000 -0.042416
vn -0.090559 -0.000000 -0.042416
vn -0.097611 -0.000000 -0.021727
vn -0.097611 -0.000000 -0.021727
vn -0.097611 -0.000000 -0.021727
vn -0.097611 -0.000000 -0.021727
vn -0.090559 -0.000000 -0.042416
vn -0.090559 -0.000000 -0.042416
vn -0.079180 -0.000000 -0.061078
vn -0.079180 -0.000000 -0.061078
vn -0.079180 -0.000000 -0.061078
vn -0.079180 -0.000000 -0.061078
vn -0.090559 -0.000000 -0.042416
vn -0.090559 -0.000000 -0.042416
vn -0.097611 -0.000000 -0.021727
vn -0.097611 -0.000000 -0.021727
vn -0.097611 -0.000000 -0.021727
vn -0.097611 -0.000000 -0.021727
vn -0.090559 -0.000000 -0.042416
vn -0.090559 -0.000000 -0.042416
vn -0.079180 -0.000000 -0.061078
vn -0.079180 -0.000000 -0.061078
vn -0.079180 -0.000000 -0.061078
vn -0.079180 -0.000000 -0.061078
vn -0.090559 -0.000000 -0.042416
vn -0.090559 -0.000000 -0.042416
vn -0.097611 -0.000000 -0.021727
vn -0.097611 -0.000000 -0.021727
vn -0.097611 -0.000000 -0.021727
vn -0.097611 -0.000000 -0.021727
vn -0.090559 -0.000000 -0.042416
vn -0.090559 -0.000000 -0.042416
vn -0.079180 -0.000000 -0.061078
vn -0.079180 -0.000000 -0.061078
vn -0.079180 -0.000000 -0.061078
vn -0.079180 -0.000000 -0.061078
vn -0.090559 -0.000000 -0.042416
vn -0.090559 -0.000000 -0.042416
vn -0.097611 -0.000000 -0.021727
vn -0.097611 -0.000000 -0.021727
vn -0.097611 -0.000000 -0.021727
vn -0.097611 -0.000000 -0.021727
vn -0.090559 -0.000000 -0.042416
vn -0.090559 -0.000000 -0.042416
vn -0.079180 -0.000000 -0.061078
vn -0.079180 -0.000000 -0.061078
vn -0.079180 -0.000000 -0.061078
vn -0.079180 -0.000000 -0.061078
vn -0.090559 -0.000000 -0.042416
vn -0.090559 -0.000000 -0.042416
vn -0.097611 -0.000000 -0.021727
vn -0.097611 -0.000000 -0.021727
vn -0.097611 -0.000000 -0.021727
vn -0.097611 -0.000000 -0.021727
vn -0.090559 -0.000000 -0.042416
vn -0.090559 -0.000000 -0.042416
vn -0.079180 -0.000000 -0.061078
vn -0.079180 -0.000000 -0.061078
vn -0.079180 -0.000000 -0.061078
vn -0.079180 -0.000000 -0.061078
vn -0.090559 -0.000000 -0.042416
vn -0.090559 -0.000000 -0.042416
vn -0.097611 -0.000000 -0.021727
vn -0.097611 -0.000000 -0.021727
vn -0.097611 -0.000000 -0.021727
vn -0.097611 -0.000000 -0.021727
vn -0.090559 -0.000000 -0.042416
vn -0.090559 -0.000000 -0.042416
vn -0.079180 -0.000000 -0.061078
vn -0.079180 -0.000000 -0.061078
vn -0.079180 -0.000000 -0.061078
vn -0.079180 -0.000000 -0.061078
vn -0.090559 -0.000000 -0.042416
vn -0.090559 -0.000000 -0.042416
vn -0.097611 -0.000000 -0.021727
vn -0.097611 -0.000000 -0.021727
vn -0.097611 -0.000000 -0.021727
vn -0.097611 -0.000000 -0.021727
vn -0.090559 -0.000000 -0.042416
vn -0.090559 -0.000000 -0.042416
vn -0.079180 -0.000000 -0.061078
vn -0.079180 -0.000000 -0.061078
vn -0.079180 -0.000000 -0.061078
vn -0.079180 -0.000000 -0.061078
vn -0.090559 -0.000000 -0.042416
vn -0.090559 -0.000000 -0.042416
vn -0.097611 -0.000000 -0.021727
vn -0.097611 -0.000000 -0.021727
vn -0.097611 -0.000000 -0.021727
vn -0.097611 -0.000000 -0.021727
vn -0.090559 -0.000000 -0.042416
vn -0.090559 -0.000000 -0.042416
vn -0.079180 -0.000000 -0.061078
vn -0.079180 -0.000000 -0.061078
vn -0.079180 -0.000000 -0.061078
vn -0.079180 -0.000000 -0.061078
vn -0.090559 -0.000000 -0.042416
vn -0.090559 -0.000000 -0.042416
vn -0.097611 -0.000000 -0.021727
vn -0.097611 -0.000000 -0.021727
vn -0.097611 -0.000000 -0.021727
vn -0.097611 -0.000000 -0.021727
vn -0.090559 -0.000000 -0.042416
vn -0.090559 -0.000000 -0.042416
vn -0.079180 -0.000000 -0.061078
vn -0.079180 -0.000000 -0.061078
vn -0.079180 -0.000000 -0.061078
vn -0.079180 -0.000000 -0.061078
vn -0.090559 -0.000000 -0.042416
vn -0.090559 -0.000000 -0.042416
vn -0.097611 -0.000000 -0.021727
vn -0.097611 -0.000000 -0.021727
vn -0.097611 -0.000000 -0.021727
vn -0.097611 -0.000000 -0.021727
vn -0.090559 -0.000000 -0.042416
vn -0.090559 -0.000000 -0.042416
vn -0.079180 -0.000000 -0.061078
vn -0.079180 -0.000000 -0.061078
vn -0.079180 -0.000000 -0.061078
vn -0.090559 -0.000000 -0.042416
vn -0.097611 -0.000000 -0.021727
vn -0.090559 -0.000000 -0.042416
vn -0.090559 -0.000000 -0.042416
vn -0.097611 -0.000000 -0.021727
vn -0.097611 -0.000000 -0.021727
vn -0.097611 -0.000000 -0.021727
vn -0.090559 -0.000000 -0.042416
vn -0.090559 -0.000000 -0.042416
vn -0.097611 -0.000000 -0.021727
vn -0.079180 -0.000000 -0.061078
vn -0.079180 -0.000000 -0.061078
vn -0.090559 -0.000000 -0.042416
vn -0.090559 -0.000000 -0.042416
vn -0.097611 -0.000000 -0.021727
vn -0.079180 -0.000000 -0.061078
vn -0.079180 -0.000000 -0.061078
vn -0.090559 -0.000000 -0.042416
vn -0.090559 -0.000000 -0.042416
vn -0.097611 -0.000000 -0.021727
vn -0.079180 -0.000000 -0.061078
vn -0.079180 -0.000000 -0.061078
vn -0.090559 -0.000000 -0.042416
vn -0.090559 -0.000000 -0.042416
vn -0.097611 -0.000000 -0.021727
vn -0.079180 -0.000000 -0.061078
vn -0.079180 -0.000000 -0.061078
vn -0.090559 -0.000000 -0.042416
vn -0.090559 -0.000000 -0.042416
vn -0.097611 -0.000000 -0.021727
vn -0.079180 -0.000000 -0.061078
vn -0.079180 -0.000000 -0.061078
vn -0.090559 -0.000000 -0.042416
vn -0.090559 -0.000000 -0.042416
vn -0.097611 -0.000000 -0.021727
vn -0.079180 -0.000000 -0.061078
vn -0.079180 -0.000000 -0.061078
vn -0.090559 -0.000000 -0.042416
vn -0.090559 -0.000000 -0.042416
vn -0.097611 -0.000000 -0.021727
vn -0.079180 -0.000000 -0.061078
vn -0.079180 -0.000000 -0.061078
vn -0.090559 -0.000000 -0.042416
vn -0.090559 -0.000000 -0.042416
vn -0.097611 -0.000000 -0.021727
vn -0.079180 -0.000000 -0.061078
vn -0.079180 -0.000000 -0.061078
vn -0.090559 -0.000000 -0.042416
vn -0.090559 -0.000000 -0.042416
vn -0.097611 -0.000000 -0.021727
vn -0.079180 -0.000000 -0.061078
vn -0.079180 -0.000000 -0.061078
vn -0.090559 -0.000000 -0.042416
vn -0.090559 -0.000000 -0.042416
vn -0.097611 -0.000000 -0.021727
vn -0.079180 -0.000000 -0.061078
vn -0.079180 -0.000000 -0.061078
vn -0.090559 -0.000000 -0.042416
vn -0.090559 -0.000000 -0.042416
vn -0.097611 -0.000000 -0.021727
vn -0.079180 -0.000000 -0.061078
vn -0.079180 -0.000000 -0.061078
vn -0.090559 -0.000000 -0.042416
vn -0.090559 -0.000000 -0.042416
vn -0.097611 -0.000000 -0.021727
vn -0.079180 -0.000000 -0.061078
vn -0.079180 -0.000000 -0.061078
vn -0.090559 -0.000000 -0.042416
vn -0.090559 -0.000000 -0.042416
vn -0.097611 -0.000000 -0.021727
vn -0.079180 -0.000000 -0.061078
vn -0.079180 -0.000000 -0.061078
vn -0.090559 -0.000000 -0.042416
vn -0.090559 -0.000000 -0.042416
vn -0.097611 -0.000000 -0.021727
vn -0.079180 -0.000000 -0.061078
vn -0.079180 -0.000000 -0.061078
vn -0.090559 -0.000000 -0.042416
vn -0.079180 -0.000000 -0.061078
vn -0.079180 -0.000000 -0.061078
vn -0.090559 -0.000000 -0.042416
vn -0.090559 -0.000000 -0.042416
vn -0.097611 -0.000000 -0.021727
vn -0.079180 -0.000000 -0.061078
vn -0.079180 -0.000000 -0.061078
vn -0.090559 -0.000000 -0.042416
vn -0.090559 -0.000000 -0.042416
vn -0.097611 -0.000000 -0.021727
vn -0.079180 -0.000000 -0.061078
vn -0.079180 -0.000000 -0.061078
vn -0.090559 -0.000000 -0.042416
vn -0.090559 -0.000000 -0.042416
vn -0.097611 -0.000000 -0.021727
vn -0.079180 -0.000000 -0.061078
vn -0.079180 -0.000000 -0.061078
vn -0.090559 -0.000000 -0.042416
vn -0.090559 -0.000000 -0.042416
vn -0.097611 -0.000000 -0.021727
vn -0.079180 -0.000000 -0.061078
vn -0.079180 -0.000000 -0.061078
vn -0.090559 -0.000000 -0.042416
vn -0.090559 -0.000000 -0.042416
vn -0.097611 -0.000000 -0.021727
vn -0.079180 -0.000000 -0.061078
vn -0.079180 -0.000000 -0.061078
vn -0.090559 -0.000000 -0.042416
vn -0.090559 -0.000000 -0.042416
vn -0.097611 -0.000000 -0.021727
vn -0.079180 -0.000000 -0.061078
vn -0.079180 -0.000000 -0.061078
vn -0.090559 -0.000000 -0.042416
vn -0.090559 -0.000000 -0.042416
vn -0.097611 -0.000000 -0.021727
vn -0.079180 -0.000000 -0.061078
vn -0.079180 -0.000000 -0.061078
vn -0.090559 -0.000000 -0.042416
vn -0.090559 -0.000000 -0.042416
vn -0.097611 -0.000000 -0.021727
vn -0.079180 -0.000000 -0.061078
vn -0.079180 -0.000000 -0.061078
vn -0.090559 -0.000000 -0.042416
vn -0.090559 -0.000000 -0.042416
vn -0.097611 -0.000000 -0.021727
vn -0.079180 -0.000000 -0.061078
vn -0.079180 -0.000000 -0.061078
vn -0.090559 -0.000000 -0.042416
vn -0.090559 -0.000000 -0.042416
vn -0.097611 -0.000000 -0.021727
vn -0.079180 -0.000000 -0.061078
vn -0.079180 -0.000000 -0.061078
vn -0.090559 -0.000000 -0.042416
vn -0.090559 -0.000000 -0.042416
vn -0.097611 -0.000000 -0.021727
vn -0.079180 -0.000000 -0.061078
vn -0.079180 -0.000000 -0.061078
vn -0.090559 -0.000000 -0.042416
vn -0.090559 -0.000000 -0.042416
vn -0.097611 -0.000000 -0.021727
vn -0.079180 -0.000000 -0.061078
vn -0.079180 -0.000000 -0.061078
vn -0.090559 -0.000000 -0.042416
vn -0.090559 -0.000000 -0.042416
vn -0.097611 -0.000000 -0.021727
vn -0.079180 -0.000000 -0.061078
vn -0.079180 -0.000000 -0.061078
vn -0.090559 -0.000000 -0.042416
vn -0.097611 -0.000000 -0.021727
vn -0.097611 -0.000000 -0.021727
vn -0.097611 -0.000000 -0.021727
vn -0.097611 -0.000000 -0.021727
vn -0.097611 -0.000000 -0.021727
vn -0.097611 -0.000000 -0.021727
vn -0.097611 -0.000000 -0.021727
vn -0.097611 -0.000000 -0.021727
vn -0.097611 -0.000000 -0.021727
vn -0.097611 -0.000000 -0.021727
vn -0.097611 -0.000000 -0.021727
vn -0.097611 -0.000000 -0.021727
vn -0.097611 -0.000000 -0.021727
vn -0.097611 -0.000000 -0.021727
vn -0.097611 -0.000000 -0.021727
vn -0.097611 -0.000000 -0.021727
vn -0.097611 -0.000000 -0.021727
vn -0.097611 -0.000000 -0.021727
vn -0.097611 -0.000000 -0.021727
vn -0.097611 -0.000000 -0.021727
vn -0.097611 -0.000000 -0.021727
vn -0.097611 -0.000000 -0.021727
vn -0.097611 -0.000000 -0.021727
vn -0.097611 -0.000000 -0.021727
vn -0.097611 -0.000000 -0.021727
vn -0.097611 -0.000000 -0.021727
vn -0.097611 -0.000000 -0.021727
vn -0.097611 -0.000000 -0.021727
vn -0.100000 -0.000000 0.000000
vn -0.100000 -0.000000 0.000000
vn -0.096593 -0.000000 0.025882
vn -0.096593 -0.000000 0.025882
vn -0.096593 -0.000000 0.025882
vn -0.096593 -0.000000 0.025882
vn -0.086603 -0.000000 0.050000
vn -0.086603 -0.000000 0.050000
vn -0.070711 -0.000000 0.070711
vn -0.070711 -0.000000 0.070711
vn -0.050000 -0.000000 0.086603
vn -0.050000 -0.000000 0.086603
vn -0.025882 -0.000000 0.096593
vn -0.025882 -0.000000 0.096593
vn -0.025882 -0.000000 0.096593
vn -0.025882 -0.000000 0.096593
vn -0.050000 -0.000000 0.086603
vn -0.050000 -0.000000 0.086603
vn -0.070711 -0.000000 0.070711
vn -0.070711 -0.000000 0.070711
vn -0.086603 -0.000000 0.050000
vn -0.086603 -0.000000 0.050000
vn -0.096593 -0.000000 0.025882
vn -0.096593 -0.000000 0.025882
vn -0.096593 -0.000000 0.025882
vn -0.096593 -0.000000 0.025882
vn -0.086603 -0.000000 0.050000
vn -0.086603 -0.000000 0.050000
vn -0.070711 -0.000000 0.070711
vn -0.070711 -0.000000 0.070711
vn -0.050000 -0.000000 0.086603
vn -0.050000 -0.000000 0.086603
vn -0.025882 -0.000000 0.096593
vn -0.025882 -0.000000 0.096593
vn -0.025882 -0.000000 0.096593
vn -0.025882 -0.000000 0.096593
vn -0.050000 -0.000000 0.086603
vn -0.050000 -0.000000 0.086603
vn -0.070711 -0.000000 0.070711
vn -0.070711 -0.000000 0.070711
vn -0.086603 -0.000000 0.050000
vn -0.086603 -0.000000 0.050000
vn -0.096593 -0.000000 0.025882
vn -0.096593 -0.000000 0.025882
vn -0.096593 -0.000000 0.025882
vn -0.096593 -0.000000 0.025882
vn -0.086603 -0.000000 0.050000
vn -0.086603 -0.000000 0.050000
vn -0.070711 -0.000000 0.070711
vn -0.070711 -0.000000 0.070711
vn -0.050000 -0.000000 0.086603
vn -0.050000 -0.000000 0.086603
vn -0.025882 -0.000000 0.096593
vn -0.025882 -0.000000 0.096593
vn -0.025882 -0.000000 0.096593
vn -0.025882 -0.000000 0.096593
vn -0.050000 -0.000000 0.086603
vn -0.050000 -0.000000 0.086603
vn -0.070711 -0.000000 0.070711
vn -0.070711 -0.000000 0.070711
vn -0.086603 -0.000000 0.050000
vn -0.086603 -0.000000 0.050000
vn -0.096593 -0.000000 0.025882
vn -0.096593 -0.000000 0.025882
vn -0.096593 -0.000000 0.025882
vn -0.096593 -0.000000 0.025882
vn -0.086603 -0.000000 0.050000
vn -0.086603 -0.000000 0.050000
vn -0.070711 -0.000000 0.070711
vn -0.070711 -0.000000 0.070711
vn -0.050000 -0.000000 0.086603
vn -0.050000 -0.000000 0.086603
vn -0.025882 -0.000000 0.096593
vn -0.025882 -0.000000 0.096593
vn -0.025882 -0.000000 0.096593
vn -0.025882 -0.000000 0.096593
vn -0.050000 -0.000000 0.086603
vn -0.050000 -0.000000 0.086603
vn -0.070711 -0.000000 0.070711
vn -0.070711 -0.000000 0.070711
vn -0.086603 -0.000000 0.050000
vn -0.086603 -0.000000 0.050000
vn -0.096593 -0.000000 0.025882
vn -0.096593 -0.000000 0.025882
vn -0.096593 -0.000000 0.025882
vn -0.096593 -0.000000 0.025882
vn -0.086603 -0.000000 0.050000
vn -0.086603 -0.000000 0.050000
vn -0.070711 -0.000000 0.070711
vn -0.070711 -0.000000 0.070711
vn -0.050000 -0.000000 0.086603
vn -0.050000 -0.000000 0.086603
vn -0.025882 -0.000000 0.096593
vn -0.025882 -0.000000 0.096593
vn -0.025882 -0.000000 0.096593
vn -0.025882 -0.000000 0.096593
vn -0.050000 -0.000000 0.086603
vn -0.050000 -0.000000 0.086603
vn -0.070711 -0.000000 0.070711
vn -0.070711 -0.000000 0.070711
vn -0.086603 -0.000000 0.050000
vn -0.086603 -0.000000 0.050000
vn -0.096593 -0.000000 0.025882
vn -0.096593 -0.000000 0.025882
vn -0.096593 -0.000000 0.025882
vn -0.096593 -0.000000 0.025882
vn -0.086603 -0.000000 0.050000
vn -0.086603 -0.000000 0.050000
vn -0.070711 -0.000000 0.070711
vn -0.070711 -0.000000 0.070711
vn -0.050000 -0.000000 0.086603
vn -0.050000 -0.000000 0.086603
vn -0.025882 -0.000000 0.096593
vn -0.025882 -0.000000 0.096593
vn -0.025882 -0.000000 0.096593
vn -0.025882 -0.000000 0.096593
vn -0.050000 -0.000000 0.086603
vn -0.050000 -0.000000 0.086603
vn -0.070711 -0.000000 0.070711
vn -0.070711 -0.000000 0.070711
vn -0.086603 -0.000000 0.050000
vn -0.086603 -0.000000 0.050000
vn -0.096593 -0.000000 0.025882
vn -0.096593 -0.000000 0.025882
vn -0.096593 -0.000000 0.025882
vn -0.096593 -0.000000 0.025882
vn -0.086603 -0.000000 0.050000
vn -0.086603 -0.000000 0.050000
vn -0.070711 -0.000000 0.070711
vn -0.070711 -0.000000 0.070711
vn -0.050000 -0.000000 0.086603
vn -0.050000 -0.000000 0.086603
vn -0.025882 -0.000000 0.096593
vn -0.025882 -0.000000 0.096593
vn -0.025882 -0.000000 0.096593
vn -0.025882 -0.000000 0.096593
vn -0.050000 -0.000000 0.086603
vn -0.050000 -0.000000 0.086603
vn -0.070711 -0.000000 0.070711
vn -0.070711 -0.000000 0.070711
vn -0.086603 -0.000000 0.050000
vn -0.086603 -0.000000 0.050000
vn -0.096593 -0.000000 0.025882
vn -0.096593 -0.000000 0.025882
vn -0.086603 -0.000000 0.050000
vn -0.086603 -0.000000 0.050000
vn -0.070711 -0.000000 0.070711
vn -0.070711 -0.000000 0.070711
vn -0.050000 -0.000000 0.086603
vn -0.050000 -0.000000 0.086603
vn -0.025882 -0.000000 0.096593
vn -0.025882 -0.000000 0.096593
vn -0.025882 -0.000000 0.096593
vn -0.025882 -0.000000 0.096593
vn -0.025882 -0.000000 0.096593
vn -0.050000 -0.000000 0.086603
vn -0.096593 -0.000000 0.025882
vn -0.096593 -0.000000 0.025882
vn -0.096593 -0.000000 0.025882
vn -0.086603 -0.000000 0.050000
vn -0.086603 -0.000000 0.050000
vn -0.070711 -0.000000 0.070711
vn -0.050000 -0.000000 0.086603
vn -0.025882 -0.000000 0.096593
vn -0.096593 -0.000000 0.025882
vn -0.096593 -0.000000 0.025882
vn -0.096593 -0.000000 0.025882
vn -0.086603 -0.000000 0.050000
vn -0.086603 -0.000000 0.050000
vn -0.070711 -0.000000 0.070711
vn -0.086603 -0.000000 0.050000
vn -0.096593 -0.000000 0.025882
vn -0.086603 -0.000000 0.050000
vn -0.070711 -0.000000 0.070711
vn -0.050000 -0.000000 0.086603
vn -0.025882 -0.000000 0.096593
vn -0.096593 -0.000000 0.025882
vn -0.096593 -0.000000 0.025882
vn -0.096593 -0.000000 0.025882
vn -0.086603 -0.000000 0.050000
vn -0.086603 -0.000000 0.050000
vn -0.070711 -0.000000 0.070711
vn -0.086603 -0.000000 0.050000
vn -0.096593 -0.000000 0.025882
vn -0.086603 -0.000000 0.050000
vn -0.070711 -0.000000 0.070711
vn -0.050000 -0.000000 0.086603
vn -0.025882 -0.000000 0.096593
vn -0.096593 -0.000000 0.025882
vn -0.096593 -0.000000 0.025882
vn -0.096593 -0.000000 0.025882
vn -0.086603 -0.000000 0.050000
vn -0.086603 -0.000000 0.050000
vn -0.070711 -0.000000 0.070711
vn -0.086603 -0.000000 0.050000
vn -0.096593 -0.000000 0.025882
vn -0.086603 -0.000000 0.050000
vn -0.070711 -0.000000 0.070711
vn -0.096593 -0.000000 0.025882
vn -0.086603 -0.000000 0.050000
vn -0.086603 -0.000000 0.050000
vn -0.070711 -0.000000 0.070711
vn -0.086603 -0.000000 0.050000
vn -0.070711 -0.000000 0.070711
vn -0.050000 -0.000000 0.086603
vn -0.025882 -0.000000 0.096593
vn -0.096593 -0.000000 0.025882
vn -0.096593 -0.000000 0.025882
vn -0.096593 -0.000000 0.025882
vn -0.086603 -0.000000 0.050000
vn -0.086603 -0.000000 0.050000
vn -0.070711 -0.000000 0.070711
vn -0.086603 -0.000000 0.050000
vn -0.096593 -0.000000 0.025882
vn -0.086603 -0.000000 0.050000
vn -0.070711 -0.000000 0.070711
vn -0.050000 -0.000000 0.086603
vn -0.025882 -0.000000 0.096593
vn -0.096593 -0.000000 0.025882
vn -0.096593 -0.000000 0.025882
vn -0.096593 -0.000000 0.025882
vn -0.086603 -0.000000 0.050000
vn -0.086603 -0.000000 0.050000
vn -0.070711 -0.000000 0.070711
vn -0.086603 -0.000000 0.050000
vn -0.096593 -0.000000 0.025882
vn -0.086603 -0.000000 0.050000
vn -0.070711 -0.000000 0.070711
vn -0.050000 -0.000000 0.086603
vn -0.025882 -0.000000 0.096593
vn -0.096593 -0.000000 0.025882
vn -0.096593 -0.000000 0.025882
vn -0.096593 -0.000000 0.025882
vn -0.086603 -0.000000 0.050000
vn -0.086603 -0.000000 0.050000
vn -0.070711 -0.000000 0.070711
vn -0.086603 -0.000000 0.050000
vn -0.096593 -0.000000 0.025882
vn -0.070711 -0.000000 0.070711
vn -0.050000 -0.000000 0.086603
vn -0.025882 -0.000000 0.096593
vn -0.070711 -0.000000 0.070711
vn -0.070711 -0.000000 0.070711
vn -0.050000 -0.000000 0.086603
vn -0.025882 -0.000000 0.096593
vn -0.070711 -0.000000 0.070711
vn -0.070711 -0.000000 0.070711
vn -0.050000 -0.000000 0.086603
vn -0.025882 -0.000000 0.096593
vn -0.070711 -0.000000 0.070711
vn -0.070711 -0.000000 0.070711
vn -0.050000 -0.000000 0.086603
vn -0.025882 -0.000000 0.096593
vn -0.070711 -0.000000 0.070711
vn -0.070711 -0.000000 0.070711
vn -0.050000 -0.000000 0.086603
vn -0.025882 -0.000000 0.096593
vn -0.070711 -0.000000 0.070711
vn -0.070711 -0.000000 0.070711
vn -0.050000 -0.000000 0.086603
vn -0.025882 -0.000000 0.096593
vn -0.070711 -0.000000 0.070711
vn -0.070711 -0.000000 0.070711
vn -0.050000 -0.000000 0.086603
vn -0.025882 -0.000000 0.096593
vn -0.070711 -0.000000 0.070711
vn -0.050000 -0.000000 0.086603
vn -0.025882 -0.000000 0.096593
vn -0.050000 -0.000000 0.086603
vn -0.050000 -0.000000 0.086603
vn -0.025882 -0.000000 0.096593
vn -0.050000 -0.000000 0.086603
vn -0.050000 -0.000000 0.086603
vn -0.025882 -0.000000 0.096593
vn -0.050000 -0.000000 0.086603
vn -0.050000 -0.000000 0.086603
vn -0.050000 -0.000000 0.086603
vn -0.050000 -0.000000 0.086603
vn -0.025882 -0.000000 0.096593
vn -0.050000 -0.000000 0.086603
vn -0.050000 -0.000000 0.086603
vn -0.025882 -0.000000 0.096593
vn -0.050000 -0.000000 0.086603
vn -0.050000 -0.000000 0.086603
vn -0.025882 -0.000000 0.096593
vn -0.050000 -0.000000 0.086603
vn -0.025882 -0.000000 0.096593
vn -0.025882 -0.000000 0.096593
vn -0.025882 -0.000000 0.096593
vn -0.025882 -0.000000 0.096593
vn -0.025882 -0.000000 0.096593
vn -0.025882 -0.000000 0.096593
vn -0.025882 0.000000 -0.096593
vn -0.025882 0.000000 -0.096593
vn -0.025882 0.000000 -0.096593
vn -0.025882 0.000000 -0.096593
vn -0.050000 0.000000 -0.086603
vn -0.050000 0.000000 -0.086603
vn -0.070711 0.000000 -0.070711
vn -0.070711 0.000000 -0.070711
vn -0.086603 0.000000 -0.050000
vn -0.086603 0.000000 -0.050000
vn -0.096593 0.000000 -0.025882
vn -0.096593 0.000000 -0.025882
vn -0.096593 0.000000 -0.025882
vn -0.096593 0.000000 -0.025882
vn -0.086603 0.000000 -0.050000
vn -0.086603 0.000000 -0.050000
vn -0.070711 0.000000 -0.070711
vn -0.070711 0.000000 -0.070711
vn -0.050000 0.000000 -0.086603
vn -0.050000 0.000000 -0.086603
vn -0.025882 0.000000 -0.096593
vn -0.025882 0.000000 -0.096593
vn -0.025882 0.000000 -0.096593
vn -0.025882 0.000000 -0.096593
vn -0.050000 0.000000 -0.086603
vn -0.050000 0.000000 -0.086603
vn -0.070711 0.000000 -0.070711
vn -0.070711 0.000000 -0.070711
vn -0.086603 0.000000 -0.050000
vn -0.086603 0.000000 -0.050000
vn -0.096593 0.000000 -0.025882
vn -0.096593 0.000000 -0.025882
vn -0.096593 0.000000 -0.025882
vn -0.096593 0.000000 -0.025882
vn -0.086603 0.000000 -0.050000
vn -0.086603 0.000000 -0.050000
vn -0.070711 0.000000 -0.070711
vn -0.070711 0.000000 -0.070711
vn -0.050000 0.000000 -0.086603
vn -0.050000 0.000000 -0.086603
vn -0.025882 0.000000 -0.096593
vn -0.025882 0.000000 -0.096593
vn -0.025882 0.000000 -0.096593
vn -0.025882 0.000000 -0.096593
vn -0.050000 0.000000 -0.086603
vn -0.050000 0.000000 -0.086603
vn -0.070711 0.000000 -0.070711
vn -0.070711 0.000000 -0.070711
vn -0.086603 0.000000 -0.050000
vn -0.086603 0.000000 -0.050000
vn -0.096593 0.000000 -0.025882
vn -0.096593 0.000000 -0.025882
vn -0.096593 0.000000 -0.025882
vn -0.096593 0.000000 -0.025882
vn -0.086603 0.000000 -0.050000
vn -0.086603 0.000000 -0.050000
vn -0.070711 0.000000 -0.070711
vn -0.070711 0.000000 -0.070711
vn -0.050000 0.000000 -0.086603
vn -0.050000 0.000000 -0.086603
vn -0.025882 0.000000 -0.096593
vn -0.025882 0.000000 -0.096593
vn -0.025882 0.000000 -0.096593
vn -0.025882 0.000000 -0.096593
vn -0.050000 0.000000 -0.086603
vn -0.050000 0.000000 -0.086603
vn -0.070711 0.000000 -0.070711
vn -0.070711 0.000000 -0.070711
vn -0.086603 0.000000 -0.050000
vn -0.086603 0.000000 -0.050000
vn -0.096593 0.000000 -0.025882
vn -0.096593 0.000000 -0.025882
vn -0.096593 0.000000 -0.025882
vn -0.096593 0.000000 -0.025882
vn -0.086603 0.000000 -0.050000
vn -0.050000 0.000000 -0.086603
vn -0.050000 0.000000 -0.086603
vn -0.070711 0.000000 -0.070711
vn -0.070711 0.000000 -0.070711
vn -0.086603 0.000000 -0.050000
vn -0.086603 0.000000 -0.050000
vn -0.096593 0.000000 -0.025882
vn -0.096593 0.000000 -0.025882
vn -0.096593 0.000000 -0.025882
vn -0.096593 0.000000 -0.025882
vn -0.086603 0.000000 -0.050000
vn -0.086603 0.000000 -0.050000
vn -0.070711 0.000000 -0.070711
vn -0.070711 0.000000 -0.070711
vn -0.050000 0.000000 -0.086603
vn -0.050000 0.000000 -0.086603
vn -0.025882 0.000000 -0.096593
vn -0.025882 0.000000 -0.096593
vn -0.025882 0.000000 -0.096593
vn -0.025882 0.000000 -0.096593
vn -0.025882 0.000000 -0.096593
vn -0.050000 0.000000 -0.086603
vn -0.050000 0.000000 -0.086603
vn -0.070711 0.000000 -0.070711
vn -0.050000 0.000000 -0.086603
vn -0.070711 0.000000 -0.070711
vn -0.086603 0.000000 -0.050000
vn -0.096593 0.000000 -0.025882
vn -0.025882 0.000000 -0.096593
vn -0.025882 0.000000 -0.096593
vn -0.025882 0.000000 -0.096593
vn -0.050000 0.000000 -0.086603
vn -0.050000 0.000000 -0.086603
vn -0.070711 0.000000 -0.070711
vn -0.050000 0.000000 -0.086603
vn -0.025882 0.000000 -0.096593
vn -0.025882 0.000000 -0.096593
vn -0.050000 0.000000 -0.086603
vn -0.070711 0.000000 -0.070711
vn -0.086603 0.000000 -0.050000
vn -0.050000 0.000000 -0.086603
vn -0.070711 0.000000 -0.070711
vn -0.086603 0.000000 -0.050000
vn -0.096593 0.000000 -0.025882
vn -0.025882 0.000000 -0.096593
vn -0.025882 0.000000 -0.096593
vn -0.025882 0.000000 -0.096593
vn -0.050000 0.000000 -0.086603
vn -0.050000 0.000000 -0.086603
vn -0.070711 0.000000 -0.070711
vn -0.050000 0.000000 -0.086603
vn -0.025882 0.000000 -0.096593
vn -0.050000 0.000000 -0.086603
vn -0.070711 0.000000 -0.070711
vn -0.070711 0.000000 -0.070711
vn -0.086603 0.000000 -0.050000
vn -0.096593 0.000000 -0.025882
vn -0.070711 0.000000 -0.070711
vn -0.070711 0.000000 -0.070711
vn -0.086603 0.000000 -0.050000
vn -0.096593 0.000000 -0.025882
vn -0.070711 0.000000 -0.070711
vn -0.070711 0.000000 -0.070711
vn -0.086603 0.000000 -0.050000
vn -0.096593 0.000000 -0.025882
vn -0.086603 0.000000 -0.050000
vn -0.086603 0.000000 -0.050000
vn -0.096593 0.000000 -0.025882
vn -0.086603 0.000000 -0.050000
vn -0.096593 0.000000 -0.025882
vn -0.086603 0.000000 -0.050000
vn -0.086603 0.000000 -0.050000
vn -0.096593 0.000000 -0.025882
vn -0.096593 0.000000 -0.025882
vn -0.096593 0.000000 -0.025882
vn 0.097445 0.022459 0.000000
vn 0.097445 0.022459 0.000000
vn 0.090723 0.042063 0.000000
vn 0.090723 0.042063 0.000000
vn 0.080104 0.059861 0.000000
vn 0.080104 0.059861 0.000000
vn -0.022214 -0.000000 0.097501
vn -0.022214 -0.000000 0.097501
vn 0.000000 0.000000 0.100000
vn -0.022214 -0.000000 0.097501
vn -0.022214 -0.000000 0.097501
vn -0.043319 -0.000000 0.090130
vn -0.043319 -0.000000 0.090130
vn -0.062258 -0.000000 0.078255
vn -0.062258 -0.000000 0.078255
vn -0.078087 -0.000000 0.062470
vn -0.062258 -0.000000 0.078255
vn -0.062258 -0.000000 0.078255
vn -0.043319 -0.000000 0.090130
vn -0.043319 -0.000000 0.090130
vn -0.022214 -0.000000 0.097501
vn -0.022214 -0.000000 0.097501
vn -0.022214 -0.000000 0.097501
vn -0.022214 -0.000000 0.097501
vn -0.043319 -0.000000 0.090130
vn -0.043319 -0.000000 0.090130
vn -0.062258 -0.000000 0.078255
vn -0.062258 -0.000000 0.078255
vn -0.062258 -0.000000 0.078255
vn -0.062258 -0.000000 0.078255
vn -0.043319 -0.000000 0.090130
vn -0.043319 -0.000000 0.090130
vn -0.022214 -0.000000 0.097501
vn -0.022214 -0.000000 0.097501
vn -0.022214 -0.000000 0.097501
vn -0.022214 -0.000000 0.097501
vn -0.043319 -0.000000 0.090130
vn -0.043319 -0.000000 0.090130
vn -0.062258 -0.000000 0.078255
vn -0.062258 -0.000000 0.078255
vn -0.078087 -0.000000 0.062470
vn -0.043319 -0.000000 0.090130
vn -0.043319 -0.000000 0.090130
vn -0.062258 -0.000000 0.078255
vn -0.062258 -0.000000 0.078255
vn -0.062258 -0.000000 0.078255
vn -0.062258 -0.000000 0.078255
vn -0.062258 -0.000000 0.078255
vn -0.062258 -0.000000 0.078255
vn -0.043319 -0.000000 0.090130
vn -0.043319 -0.000000 0.090130
vn -0.022214 -0.000000 0.097501
vn -0.022214 -0.000000 0.097501
vn 0.000000 0.000000 0.100000
vn -0.022214 -0.000000 0.097501
vn -0.022214 -0.000000 0.097501
vn -0.043319 -0.000000 0.090130
vn -0.043319 -0.000000 0.090130
vn -0.062258 -0.000000 0.078255
vn -0.062258 -0.000000 0.078255
vn -0.062258 -0.000000 0.078255
vn -0.062258 -0.000000 0.078255
vn -0.043319 -0.000000 0.090130
vn -0.043319 -0.000000 0.090130
vn -0.022214 -0.000000 0.097501
vn -0.022214 -0.000000 0.097501
vn -0.022214 -0.000000 0.097501
vn -0.022214 -0.000000 0.097501
vn -0.043319 -0.000000 0.090130
vn -0.043319 -0.000000 0.090130
vn -0.062258 -0.000000 0.078255
vn -0.062258 -0.000000 0.078255
vn -0.062258 -0.000000 0.078255
vn -0.062258 -0.000000 0.078255
vn -0.043319 -0.000000 0.090130
vn -0.043319 -0.000000 0.090130
vn -0.022214 -0.000000 0.097501
vn -0.022214 -0.000000 0.097501
vn -0.043319 -0.000000 0.090130
vn -0.043319 -0.000000 0.090130
vn -0.022214 -0.000000 0.097501
vn -0.022214 -0.000000 0.097501
vn -0.043319 -0.000000 0.090130
vn -0.062258 -0.000000 0.078255
vn -0.022214 -0.000000 0.097501
vn -0.022214 -0.000000 0.097501
vn -0.043319 -0.000000 0.090130
vn -0.043319 -0.000000 0.090130
vn -0.062258 -0.000000 0.078255
vn -0.022214 -0.000000 0.097501
vn -0.022214 -0.000000 0.097501
vn -0.043319 -0.000000 0.090130
vn -0.043319 -0.000000 0.090130
vn -0.062258 -0.000000 0.078255
vn -0.022214 -0.000000 0.097501
vn -0.043319 -0.000000 0.090130
vn -0.022214 -0.000000 0.097501
vn -0.022214 -0.000000 0.097501
vn -0.043319 -0.000000 0.090130
vn -0.043319 -0.000000 0.090130
vn -0.062258 -0.000000 0.078255
vn -0.022214 -0.000000 0.097501
vn -0.022214 -0.000000 0.097501
vn -0.043319 -0.000000 0.090130
vn -0.043319 -0.000000 0.090130
vn -0.062258 -0.000000 0.078255
vn -0.022214 -0.000000 0.097501
vn -0.022214 -0.000000 0.097501
vn -0.043319 -0.000000 0.090130
vn -0.062258 -0.000000 0.078255
vn -0.062258 -0.000000 0.078255
vn -0.062258 -0.000000 0.078255
vn -0.062258 -0.000000 0.078255
vn -0.062258 -0.000000 0.078255
vn -0.062258 -0.000000 0.078255
vn -0.078087 -0.000000 0.062470
vn -0.078087 -0.000000 0.062470
vn -0.091460 -0.000000 0.040436
vn -0.091460 -0.000000 0.040436
vn -0.091460 -0.000000 0.040436
vn -0.091460 -0.000000 0.040436
vn -0.098757 -0.000000 0.015715
vn -0.098757 -0.000000 0.015715
vn -0.099494 -0.000000 -0.010049
vn -0.099494 -0.000000 -0.010049
vn -0.093620 -0.000000 -0.035146
vn -0.093620 -0.000000 -0.035146
vn -0.081528 -0.000000 -0.057907
vn -0.081528 -0.000000 -0.057907
vn -0.081528 -0.000000 -0.057907
vn -0.081528 -0.000000 -0.057907
vn -0.093620 -0.000000 -0.035146
vn -0.093620 -0.000000 -0.035146
vn -0.099494 -0.000000 -0.010049
vn -0.099494 -0.000000 -0.010049
vn -0.098757 -0.000000 0.015715
vn -0.098757 -0.000000 0.015715
vn -0.091460 -0.000000 0.040436
vn -0.091460 -0.000000 0.040436
vn -0.091460 -0.000000 0.040436
vn -0.091460 -0.000000 0.040436
vn -0.098757 -0.000000 0.015715
vn -0.098757 -0.000000 0.015715
vn -0.099494 -0.000000 -0.010049
vn -0.099494 -0.000000 -0.010049
vn -0.093620 -0.000000 -0.035146
vn -0.093620 -0.000000 -0.035146
vn -0.081528 -0.000000 -0.057907
vn -0.081528 -0.000000 -0.057907
vn -0.081528 -0.000000 -0.057907
vn -0.081528 -0.000000 -0.057907
vn -0.093620 -0.000000 -0.035146
vn -0.093620 -0.000000 -0.035146
vn -0.099494 -0.000000 -0.010049
vn -0.099494 -0.000000 -0.010049
vn -0.098757 -0.000000 0.015715
vn -0.098757 -0.000000 0.015715
vn -0.091460 -0.000000 0.040436
vn -0.091460 -0.000000 0.040436
vn -0.091460 -0.000000 0.040436
vn -0.091460 -0.000000 0.040436
vn -0.098757 -0.000000 0.015715
vn -0.098757 -0.000000 0.015715
vn -0.099494 -0.000000 -0.010049
vn -0.099494 -0.000000 -0.010049
vn -0.093620 -0.000000 -0.035146
vn -0.093620 -0.000000 -0.035146
vn -0.081528 -0.000000 -0.057907
vn -0.081528 -0.000000 -0.057907
vn -0.081528 -0.000000 -0.057907
vn -0.081528 -0.000000 -0.057907
vn -0.093620 -0.000000 -0.035146
vn -0.093620 -0.000000 -0.035146
vn -0.099494 -0.000000 -0.010049
vn -0.099494 -0.000000 -0.010049
vn -0.098757 -0.000000 0.015715
vn -0.098757 -0.000000 0.015715
vn -0.091460 -0.000000 0.040436
vn -0.091460 -0.000000 0.040436
vn -0.091460 -0.000000 0.040436
vn -0.091460 -0.000000 0.040436
vn -0.098757 -0.000000 0.015715
vn -0.098757 -0.000000 0.015715
vn -0.099494 -0.000000 -0.010049
vn -0.099494 -0.000000 -0.010049
vn -0.093620 -0.000000 -0.035146
vn -0.093620 -0.000000 -0.035146
vn -0.081528 -0.000000 -0.057907
vn -0.081528 -0.000000 -0.057907
vn -0.081528 -0.000000 -0.057907
vn -0.081528 -0.000000 -0.057907
vn -0.093620 -0.000000 -0.035146
vn -0.098757 -0.000000 0.015715
vn -0.098757 -0.000000 0.015715
vn -0.099494 -0.000000 -0.010049
vn -0.099494 -0.000000 -0.010049
vn -0.093620 -0.000000 -0.035146
vn -0.093620 -0.000000 -0.035146
vn -0.081528 -0.000000 -0.057907
vn -0.081528 -0.000000 -0.057907
vn -0.081528 -0.000000 -0.057907
vn -0.081528 -0.000000 -0.057907
vn -0.093620 -0.000000 -0.035146
vn -0.093620 -0.000000 -0.035146
vn -0.099494 -0.000000 -0.010049
vn -0.099494 -0.000000 -0.010049
vn -0.098757 -0.000000 0.015715
vn -0.098757 -0.000000 0.015715
vn -0.091460 -0.000000 0.040436
vn -0.091460 -0.000000 0.040436
vn -0.091460 -0.000000 0.040436
vn -0.091460 -0.000000 0.040436
vn -0.091460 -0.000000 0.040436
vn -0.098757 -0.000000 0.015715
vn -0.098757 -0.000000 0.015715
vn -0.099494 -0.000000 -0.010049
vn -0.098757 -0.000000 0.015715
vn -0.099494 -0.000000 -0.010049
vn -0.093620 -0.000000 -0.035146
vn -0.081528 -0.000000 -0.057907
vn -0.091460 -0.000000 0.040436
vn -0.091460 -0.000000 0.040436
vn -0.091460 -0.000000 0.040436
vn -0.098757 -0.000000 0.015715
vn -0.098757 -0.000000 0.015715
vn -0.099494 -0.000000 -0.010049
vn -0.098757 -0.000000 0.015715
vn -0.091460 -0.000000 0.040436
vn -0.091460 -0.000000 0.040436
vn -0.098757 -0.000000 0.015715
vn -0.099494 -0.000000 -0.010049
vn -0.093620 -0.000000 -0.035146
vn -0.098757 -0.000000 0.015715
vn -0.099494 -0.000000 -0.010049
vn -0.093620 -0.000000 -0.035146
vn -0.081528 -0.000000 -0.057907
vn -0.091460 -0.000000 0.040436
vn -0.091460 -0.000000 0.040436
vn -0.091460 -0.000000 0.040436
vn -0.098757 -0.000000 0.015715
vn -0.098757 -0.000000 0.015715
vn -0.099494 -0.000000 -0.010049
vn -0.098757 -0.000000 0.015715
vn -0.091460 -0.000000 0.040436
vn -0.098757 -0.000000 0.015715
vn -0.099494 -0.000000 -0.010049
vn -0.099494 -0.000000 -0.010049
vn -0.093620 -0.000000 -0.035146
vn -0.081528 -0.000000 -0.057907
vn -0.099494 -0.000000 -0.010049
vn -0.099494 -0.000000 -0.010049
vn -0.093620 -0.000000 -0.035146
vn -0.081528 -0.000000 -0.057907
vn -0.099494 -0.000000 -0.010049
vn -0.099494 -0.000000 -0.010049
vn -0.093620 -0.000000 -0.035146
vn -0.081528 -0.000000 -0.057907
vn -0.093620 -0.000000 -0.035146
vn -0.093620 -0.000000 -0.035146
vn -0.081528 -0.000000 -0.057907
vn -0.093620 -0.000000 -0.035146
vn -0.081528 -0.000000 -0.057907
vn -0.093620 -0.000000 -0.035146
vn -0.093620 -0.000000 -0.035146
vn -0.081528 -0.000000 -0.057907
vn -0.081528 -0.000000 -0.057907
vn -0.081528 -0.000000 -0.057907
vn 0.000000 0.100000 0.000000
vn 0.000000 0.100000 0.000000
vn 0.000000 0.100000 0.000000
vn 0.000000 0.100000 0.000000
vn 0.000000 0.100000 0.000000
vn 0.000000 0.100000 0.000000
vn 0.000000 0.100000 0.000000
vn 0.000000 0.100000 0.000000
vn 0.000000 0.100000 0.000000
vn 0.000000 0.100000 0.000000
vn 0.000000 0.100000 0.000000
vn 0.000000 0.100000 0.000000
vn 0.000000 0.100000 0.000000
vn 0.000000 0.100000 0.000000
vn 0.000000 0.100000 0.000000
vn 0.000000 0.100000 0.000000
vn 0.000000 0.100000 0.000000
vn 0.000000 0.100000 0.000000
vn 0.000000 0.100000 0.000000
vn 0.000000 0.100000 0.000000
vn 0.000000 0.100000 0.000000
vn 0.000000 0.100000 0.000000
vn 0.000000 0.100000 0.000000
vn 0.000000 0.100000 0.000000
vn 0.000000 0.100000 0.000000
vn 0.000000 0.100000 0.000000
vn 0.000000 0.100000 0.000000
vn 0.000000 0.100000 0.000000
vn 0.000000 0.100000 0.000000
vn 0.000000 0.100000 0.000000
vn 0.000000 0.100000 0.000000
vn 0.000000 0.100000 0.000000
vn 0.000000 0.100000 0.000000
vn 0.000000 0.100000 0.000000
vn 0.000000 0.100000 0.000000
vn 0.000000 0.100000 0.000000
vn 0.000000 0.100000 0.000000
vn 0.000000 0.100000 0.000000
vn 0.000000 0.100000 0.000000
vn 0.000000 0.100000 0.000000
vn 0.000000 0.100000 0.000000
vn 0.000000 0.100000 0.000000
vn 0.000000 0.100000 0.000000
vn 0.000000 0.100000 0.000000
vn 0.000000 0.100000 0.000000
vn 0.000000 0.100000 0.000000
vn 0.000000 0.100000 0.000000
vn 0.000000 0.100000 0.000000
vn 0.000000 0.100000 0.000000
vn 0.000000 0.100000 0.000000
vn 0.000000 0.100000 0.000000
vn 0.000000 0.100000 0.000000
vn 0.000000 0.100000 0.000000
vn 0.000000 0.100000 0.000000
vn 0.000000 0.100000 0.000000
vn 0.000000 0.100000 0.000000
vn 0.000000 0.100000 0.000000
vn 0.000000 0.100000 0.000000
vn 0.000000 0.100000 0.000000
vn 0.000000 0.100000 0.000000
vn 0.000000 0.100000 0.000000
vn 0.000000 0.100000 0.000000
vn 0.000000 0.100000 0.000000
vn 0.000000 0.100000 0.000000
vn 0.000000 0.100000 0.000000
vn 0.000000 0.100000 0.000000
vn 0.000000 0.100000 0.000000
vn 0.000000 0.100000 0.000000
vn 0.000000 0.100000 0.000000
vn 0.000000 0.100000 0.000000
vn 0.000000 0.100000 0.000000
vn 0.000000 0.100000 0.000000
vn 0.000000 0.100000 0.000000
vn 0.000000 0.100000 0.000000
vn 0.000000 0.100000 0.000000
vn 0.000000 0.100000 0.000000
vn 0.000000 0.100000 0.000000
vn 0.000000 0.100000 0.000000
vn 0.000000 0.100000 0.000000
vn 0.000000 0.100000 0.000000
vn 0.000000 0.100000 0.000000
vn 0.000000 0.100000 0.000000
vn 0.000000 0.100000 0.000000
vn 0.000000 0.100000 0.000000
vn 0.000000 0.100000 0.000000
vn 0.000000 0.100000 0.000000
vn 0.000000 0.100000 0.000000
vn 0.000000 0.100000 0.000000
vn 0.000000 0.100000 0.000000
vn 0.000000 0.100000 0.000000
vn 0.000000 0.100000 0.000000
vn 0.000000 0.100000 0.000000
vn 0.000000 0.100000 0.000000
vn 0.000000 0.100000 0.000000
vn 0.000000 0.100000 0.000000
vn 0.000000 0.100000 0.000000
vn 0.000000 0.100000 0.000000
vn 0.000000 0.100000 0.000000
vn 0.000000 0.100000 0.000000
vn 0.000000 0.100000 0.000000
vn 0.000000 0.100000 0.000000
vn 0.000000 0.100000 0.000000
vn 0.000000 0.100000 0.000000
vn 0.000000 0.100000 0.000000
vn 0.000000 0.100000 0.000000
vn 0.000000 0.100000 0.000000
vn 0.000000 0.100000 0.000000
vn 0.000000 0.100000 0.000000
vn 0.000000 0.100000 0.000000
vn 0.000000 0.100000 0.000000
vn 0.000000 0.100000 0.000000
vn 0.000000 0.100000 0.000000
vn 0.000000 0.100000 0.000000
vn 0.000000 0.100000 0.000000
vn 0.000000 0.100000 0.000000
vn 0.000000 0.100000 0.000000
vn 0.000000 0.100000 0.000000
vn 0.000000 0.100000 0.000000
vn 0.000000 0.100000 0.000000
vn 0.000000 0.100000 0.000000
vn 0.000000 0.100000 0.000000
vn 0.000000 0.100000 0.000000
vn 0.000000 0.100000 0.000000
vn 0.000000 0.100000 0.000000
vn 0.000000 0.100000 0.000000
vn 0.000000 0.100000 0.000000
vn 0.000000 0.100000 0.000000
vn 0.000000 0.100000 0.000000
vn 0.000000 0.100000 0.000000
vn 0.000000 0.100000 0.000000
vn 0.000000 0.100000 0.000000
vn 0.000000 0.100000 0.000000
usemtl Steel_-_Satin
f 1/1/1 2/2/2 4/3/3
f 4/3/3 2/2/2 3/4/4
f 68/5/5 5/6/6 48/7/7
f 48/7/7 5/6/6 6/8/8
f 48/7/7 6/8/8 7/9/9
f 7/9/9 8/10/10 48/7/7
f 48/7/7 8/10/10 9/11/11
f 48/7/7 9/11/11 47/12/12
f 47/12/12 9/11/11 10/13/13
f 47/12/12 10/13/13 11/14/14
f 11/14/14 12/15/15 47/12/12
f 47/12/12 12/15/15 13/16/16
f 47/12/12 13/16/16 14/17/17
f 47/12/12 14/17/17 41/18/18
f 41/18/18 14/17/17 15/19/19
f 41/18/18 15/19/19 16/20/20
f 16/20/20 17/21/21 41/18/18
f 41/18/18 17/21/21 40/22/22
f 40/22/22 17/21/21 18/23/23
f 40/22/22 18/23/23 19/24/24
f 19/24/24 20/25/25 40/22/22
f 40/22/22 20/25/25 21/26/26
f 40/22/22 21/26/26 26/27/27
f 26/27/27 21/26/26 22/28/28
f 26/27/27 22/28/28 23/29/29
f 23/29/29 24/30/30 26/27/27
f 26/27/27 24/30/30 25/31/31
f 40/22/22 26/27/27 34/32/32
f 34/32/32 26/27/27 27/33/33
f 34/32/32 27/33/33 33/34/34
f 33/34/34 27/33/33 32/35/35
f 32/35/35 27/33/33 31/36/36
f 31/36/36 27/33/33 30/37/37
f 30/37/37 27/33/33 29/38/38
f 29/38/38 27/33/33 28/39/39
f 35/40/40 36/41/41 34/32/32
f 34/32/32 36/41/41 37/42/42
f 34/32/32 37/42/42 38/43/43
f 38/43/43 39/44/44 34/32/32
f 34/32/32 39/44/44 40/22/22
f 41/18/18 42/45/45 47/12/12
f 47/12/12 42/45/45 43/46/46
f 47/12/12 43/46/46 44/47/47
f 44/47/47 45/48/48 47/12/12
f 47/12/12 45/48/48 46/49/49
f 49/50/50 66/51/51 48/7/7
f 48/7/7 66/51/51 67/52/52
f 48/7/7 67/52/52 68/5/5
f 50/53/53 57/54/54 49/50/50
f 49/50/50 57/54/54 62/55/55
f 49/50/50 62/55/55 63/56/56
f 51/57/57 52/58/58 50/53/53
f 50/53/53 52/58/58 53/59/59
f 50/53/53 53/59/59 54/60/60
f 54/60/60 55/61/61 50/53/53
f 50/53/53 55/61/61 56/62/62
f 50/53/53 56/62/62 57/54/54
f 62/55/55 57/54/54 61/63/63
f 61/63/63 57/54/54 58/64/64
f 61/63/63 58/64/64 59/65/65
f 59/65/65 60/66/66 61/63/63
f 63/56/56 64/67/67 49/50/50
f 49/50/50 64/67/67 65/68/68
f 49/50/50 65/68/68 66/51/51
f 132/69/69 69/70/70 96/71/71
f 96/71/71 69/70/70 70/72/72
f 96/71/71 70/72/72 95/73/73
f 95/73/73 70/72/72 71/74/74
f 95/73/73 71/74/74 72/75/75
f 72/75/75 73/76/76 95/73/73
f 95/73/73 73/76/76 74/77/77
f 95/73/73 74/77/77 75/78/78
f 75/78/78 76/79/79 95/73/73
f 95/73/73 76/79/79 77/80/80
f 95/73/73 77/80/80 94/81/81
f 94/81/81 77/80/80 78/82/82
f 94/81/81 78/82/82 79/83/83
f 79/83/83 80/84/84 94/81/81
f 94/81/81 80/84/84 81/85/85
f 94/81/81 81/85/85 93/86/86
f 93/86/86 81/85/85 87/87/87
f 93/86/86 87/87/87 92/88/88
f 92/88/88 87/87/87 91/89/89
f 91/89/89 87/87/87 90/90/90
f 90/90/90 87/87/87 89/91/91
f 89/91/91 87/87/87 88/92/92
f 87/87/87 81/85/85 86/93/93
f 86/93/93 81/85/85 82/94/94
f 86/93/93 82/94/94 83/95/95
f 83/95/95 84/96/96 86/93/93
f 86/93/93 84/96/96 85/97/97
f 97/98/98 102/99/99 96/71/71
f 96/71/71 102/99/99 129/100/100
f 96/71/71 129/100/100 130/101/101
f 97/98/98 98/102/102 102/99/99
f 102/99/99 98/102/102 99/103/103
f 102/99/99 99/103/103 100/104/104
f 100/104/104 101/105/105 102/99/99
f 103/106/106 126/107/107 102/99/99
f 102/99/99 126/107/107 127/108/108
f 102/99/99 127/108/108 128/109/109
f 104/110/110 105/111/111 103/106/106
f 103/106/106 105/111/111 106/112/112
f 103/106/106 106/112/112 107/113/113
f 107/113/113 108/114/114 103/106/106
f 103/106/106 108/114/114 109/115/115
f 103/106/106 109/115/115 117/116/116
f 117/116/116 109/115/115 116/117/117
f 116/117/117 109/115/115 110/118/118
f 116/117/117 110/118/118 115/119/119
f 115/119/119 110/118/118 114/120/120
f 114/120/120 110/118/118 113/121/121
f 113/121/121 110/118/118 112/122/122
f 112/122/122 110/118/118 111/123/123
f 118/124/124 121/125/125 117/116/116
f 117/116/116 121/125/125 122/126/126
f 117/116/116 122/126/126 103/106/106
f 103/106/106 122/126/126 123/127/127
f 103/106/106 123/127/127 124/128/128
f 118/124/124 119/129/129 121/125/125
f 121/125/125 119/129/129 120/130/130
f 124/128/128 125/131/131 103/106/106
f 103/106/106 125/131/131 126/107/107
f 128/109/109 129/100/100 102/99/99
f 130/101/101 131/132/132 96/71/71
f 96/71/71 131/132/132 132/69/69
f 4/133/133 3/134/134 138/135/135
f 138/135/135 3/134/134 133/136/136
f 138/135/135 133/136/136 137/137/137
f 137/137/137 133/136/136 134/138/138
f 137/137/137 134/138/138 136/139/139
f 136/139/139 134/138/138 135/140/140
f 40/141/141 139/142/142 41/143/143
f 41/143/143 139/142/142 140/144/144
f 39/145/145 147/146/146 40/147/141
f 40/147/141 147/146/146 148/148/147
f 40/147/141 148/148/147 149/149/148
f 149/149/148 148/148/147 177/150/149
f 149/149/148 177/150/149 178/151/150
f 178/151/150 177/150/149 206/152/151
f 178/151/150 206/152/151 207/153/152
f 207/153/152 206/152/151 235/154/153
f 207/153/152 235/154/153 236/155/154
f 236/155/154 235/154/153 264/156/155
f 236/155/154 264/156/155 265/157/156
f 265/157/156 264/156/155 34/158/157
f 265/157/156 34/158/157 266/159/158
f 266/159/158 34/158/157 267/160/159
f 266/159/158 267/160/159 238/161/160
f 238/161/160 267/160/159 239/162/161
f 238/161/160 239/162/161 210/163/162
f 210/163/162 239/162/161 211/164/163
f 210/163/162 211/164/163 182/165/164
f 182/165/164 211/164/163 183/166/165
f 182/165/164 183/166/165 154/167/166
f 154/167/166 183/166/165 155/168/167
f 154/167/166 155/168/167 40/147/141
f 40/147/141 155/168/167 156/169/168
f 40/147/141 156/169/168 157/170/169
f 157/170/169 156/169/168 185/171/170
f 157/170/169 185/171/170 186/172/171
f 186/172/171 185/171/170 214/173/172
f 186/172/171 214/173/172 215/174/173
f 215/174/173 214/173/172 243/175/174
f 215/174/173 243/175/174 244/176/175
f 244/176/175 243/175/174 272/177/176
f 244/176/175 272/177/176 273/178/177
f 273/178/177 272/177/176 141/179/178
f 273/178/177 141/179/178 274/180/179
f 274/180/179 141/179/178 275/181/180
f 274/180/179 275/181/180 246/182/181
f 246/182/181 275/181/180 247/183/182
f 246/182/181 247/183/182 218/184/183
f 218/184/183 247/183/182 219/185/184
f 218/184/183 219/185/184 190/186/185
f 190/186/185 219/185/184 191/187/186
f 190/186/185 191/187/186 162/188/187
f 162/188/187 191/187/186 163/189/188
f 162/188/187 163/189/188 139/190/142
f 139/190/142 163/189/188 164/191/189
f 139/190/142 164/191/189 165/192/190
f 165/192/190 164/191/189 193/193/191
f 165/192/190 193/193/191 194/194/192
f 194/194/192 193/193/191 222/195/193
f 194/194/192 222/195/193 223/196/194
f 223/196/194 222/195/193 251/197/195
f 223/196/194 251/197/195 252/198/196
f 252/198/196 251/197/195 280/199/197
f 252/198/196 280/199/197 281/200/198
f 281/200/198 280/199/197 141/179/178
f 281/200/198 141/179/178 282/201/199
f 282/201/199 141/179/178 283/202/200
f 282/201/199 283/202/200 254/203/201
f 254/203/201 283/202/200 255/204/202
f 254/203/201 255/204/202 226/205/203
f 226/205/203 255/204/202 227/206/204
f 226/205/203 227/206/204 198/207/205
f 198/207/205 227/206/204 199/208/206
f 198/207/205 199/208/206 170/209/207
f 170/209/207 199/208/206 171/210/208
f 170/209/207 171/210/208 139/190/142
f 139/190/142 171/210/208 172/211/209
f 139/190/142 172/211/209 173/212/210
f 173/212/210 172/211/209 201/213/211
f 173/212/210 201/213/211 202/214/212
f 202/214/212 201/213/211 230/215/213
f 202/214/212 230/215/213 144/216/214
f 144/216/214 230/215/213 143/217/215
f 143/217/215 230/215/213 258/218/216
f 143/217/215 258/218/216 142/219/217
f 142/219/217 258/218/216 286/220/218
f 142/219/217 286/220/218 141/179/178
f 141/179/178 286/220/218 285/221/219
f 141/179/178 285/221/219 284/222/220
f 284/222/220 285/221/219 256/223/221
f 284/222/220 256/223/221 255/204/202
f 255/204/202 256/223/221 227/206/204
f 147/146/146 39/145/145 175/224/222
f 175/224/222 39/145/145 38/225/223
f 175/224/222 38/225/223 203/226/224
f 203/226/224 38/225/223 37/227/225
f 203/226/224 37/227/225 231/228/226
f 231/228/226 37/227/225 36/229/227
f 231/228/226 36/229/227 259/230/228
f 259/230/228 36/229/227 35/231/229
f 259/230/228 35/231/229 34/158/157
f 141/179/178 272/177/176 34/158/157
f 34/158/157 272/177/176 271/232/230
f 34/158/157 271/232/230 270/233/231
f 270/233/231 271/232/230 242/234/232
f 270/233/231 242/234/232 241/235/233
f 241/235/233 242/234/232 213/236/234
f 241/235/233 213/236/234 212/237/235
f 212/237/235 213/236/234 184/238/236
f 212/237/235 184/238/236 183/166/165
f 183/166/165 184/238/236 155/168/167
f 144/216/214 145/239/237 202/214/212
f 202/214/212 145/239/237 174/240/238
f 202/214/212 174/240/238 173/212/210
f 173/212/210 174/240/238 139/190/142
f 145/239/237 146/241/239 174/240/238
f 174/240/238 146/241/239 139/190/142
f 162/188/187 139/190/142 161/242/240
f 161/242/240 139/190/142 40/147/141
f 161/242/240 40/147/141 160/243/241
f 160/243/241 40/147/141 159/244/242
f 160/243/241 159/244/242 188/245/243
f 188/245/243 159/244/242 187/246/244
f 188/245/243 187/246/244 216/247/245
f 216/247/245 187/246/244 215/174/173
f 216/247/245 215/174/173 244/176/175
f 148/148/147 147/146/146 176/248/246
f 176/248/246 147/146/146 175/224/222
f 176/248/246 175/224/222 204/249/247
f 204/249/247 175/224/222 203/226/224
f 204/249/247 203/226/224 232/250/248
f 232/250/248 203/226/224 231/228/226
f 232/250/248 231/228/226 260/251/249
f 260/251/249 231/228/226 259/230/228
f 260/251/249 259/230/228 34/158/157
f 149/149/148 150/252/250 40/147/141
f 40/147/141 150/252/250 151/253/251
f 40/147/141 151/253/251 152/254/252
f 152/254/252 151/253/251 180/255/253
f 152/254/252 180/255/253 181/256/254
f 181/256/254 180/255/253 209/257/255
f 181/256/254 209/257/255 210/163/162
f 210/163/162 209/257/255 238/161/160
f 149/149/148 178/151/150 150/252/250
f 150/252/250 178/151/150 179/258/256
f 150/252/250 179/258/256 151/253/251
f 151/253/251 179/258/256 180/255/253
f 154/167/166 40/147/141 153/259/257
f 153/259/257 40/147/141 152/254/252
f 153/259/257 152/254/252 181/256/254
f 182/165/164 154/167/166 153/259/257
f 182/165/164 153/259/257 181/256/254
f 185/171/170 156/169/168 184/238/236
f 184/238/236 156/169/168 155/168/167
f 159/244/242 40/147/141 158/260/258
f 158/260/258 40/147/141 157/170/169
f 158/260/258 157/170/169 186/172/171
f 187/246/244 159/244/242 158/260/258
f 187/246/244 158/260/258 186/172/171
f 190/186/185 162/188/187 161/242/240
f 161/242/240 160/243/241 189/261/259
f 189/261/259 160/243/241 188/245/243
f 189/261/259 188/245/243 217/262/260
f 217/262/260 188/245/243 216/247/245
f 217/262/260 216/247/245 245/263/261
f 245/263/261 216/247/245 244/176/175
f 245/263/261 244/176/175 273/178/177
f 164/191/189 163/189/188 192/264/262
f 192/264/262 163/189/188 191/187/186
f 192/264/262 191/187/186 220/265/263
f 220/265/263 191/187/186 219/185/184
f 220/265/263 219/185/184 248/266/264
f 248/266/264 219/185/184 247/183/182
f 248/266/264 247/183/182 276/267/265
f 276/267/265 247/183/182 275/181/180
f 276/267/265 275/181/180 141/179/178
f 165/192/190 166/268/266 139/190/142
f 139/190/142 166/268/266 167/269/267
f 139/190/142 167/269/267 168/270/268
f 168/270/268 167/269/267 196/271/269
f 168/270/268 196/271/269 197/272/270
f 197/272/270 196/271/269 225/273/271
f 197/272/270 225/273/271 226/205/203
f 226/205/203 225/273/271 254/203/201
f 165/192/190 194/194/192 166/268/266
f 166/268/266 194/194/192 195/274/272
f 166/268/266 195/274/272 167/269/267
f 167/269/267 195/274/272 196/271/269
f 170/209/207 139/190/142 169/275/273
f 169/275/273 139/190/142 168/270/268
f 169/275/273 168/270/268 197/272/270
f 198/207/205 170/209/207 169/275/273
f 198/207/205 169/275/273 197/272/270
f 172/211/209 171/210/208 200/276/274
f 200/276/274 171/210/208 199/208/206
f 200/276/274 199/208/206 228/277/275
f 228/277/275 199/208/206 227/206/204
f 228/277/275 227/206/204 256/223/221
f 148/148/147 176/248/246 177/150/149
f 177/150/149 176/248/246 205/278/276
f 177/150/149 205/278/276 206/152/151
f 206/152/151 205/278/276 234/279/277
f 206/152/151 234/279/277 235/154/153
f 235/154/153 234/279/277 263/280/278
f 235/154/153 263/280/278 264/156/155
f 264/156/155 263/280/278 34/158/157
f 205/278/276 176/248/246 204/249/247
f 178/151/150 207/153/152 179/258/256
f 179/258/256 207/153/152 208/281/279
f 179/258/256 208/281/279 180/255/253
f 180/255/253 208/281/279 209/257/255
f 210/163/162 182/165/164 181/256/254
f 212/237/235 183/166/165 211/164/163
f 214/173/172 185/171/170 213/236/234
f 213/236/234 185/171/170 184/238/236
f 215/174/173 187/246/244 186/172/171
f 218/184/183 190/186/185 189/261/259
f 189/261/259 190/186/185 161/242/240
f 218/184/183 189/261/259 217/262/260
f 164/191/189 192/264/262 193/193/191
f 193/193/191 192/264/262 221/282/280
f 193/193/191 221/282/280 222/195/193
f 222/195/193 221/282/280 250/283/281
f 222/195/193 250/283/281 251/197/195
f 251/197/195 250/283/281 279/284/282
f 251/197/195 279/284/282 280/199/197
f 280/199/197 279/284/282 141/179/178
f 221/282/280 192/264/262 220/265/263
f 194/194/192 223/196/194 195/274/272
f 195/274/272 223/196/194 224/285/283
f 195/274/272 224/285/283 196/271/269
f 196/271/269 224/285/283 225/273/271
f 226/205/203 198/207/205 197/272/270
f 172/211/209 200/276/274 201/213/211
f 201/213/211 200/276/274 229/286/284
f 201/213/211 229/286/284 230/215/213
f 230/215/213 229/286/284 258/218/216
f 229/286/284 200/276/274 228/277/275
f 205/278/276 204/249/247 233/287/285
f 233/287/285 204/249/247 232/250/248
f 233/287/285 232/250/248 261/288/286
f 261/288/286 232/250/248 260/251/249
f 261/288/286 260/251/249 34/158/157
f 207/153/152 236/155/154 208/281/279
f 208/281/279 236/155/154 237/289/287
f 208/281/279 237/289/287 209/257/255
f 209/257/255 237/289/287 238/161/160
f 212/237/235 211/164/163 240/290/288
f 240/290/288 211/164/163 239/162/161
f 240/290/288 239/162/161 268/291/289
f 268/291/289 239/162/161 267/160/159
f 268/291/289 267/160/159 34/158/157
f 243/175/174 214/173/172 242/234/232
f 242/234/232 214/173/172 213/236/234
f 246/182/181 218/184/183 217/262/260
f 246/182/181 217/262/260 245/263/261
f 221/282/280 220/265/263 249/292/290
f 249/292/290 220/265/263 248/266/264
f 249/292/290 248/266/264 277/293/291
f 277/293/291 248/266/264 276/267/265
f 277/293/291 276/267/265 141/179/178
f 223/196/194 252/198/196 224/285/283
f 224/285/283 252/198/196 253/294/292
f 224/285/283 253/294/292 225/273/271
f 225/273/271 253/294/292 254/203/201
f 229/286/284 228/277/275 257/295/293
f 257/295/293 228/277/275 256/223/221
f 257/295/293 256/223/221 285/221/219
f 205/278/276 233/287/285 234/279/277
f 234/279/277 233/287/285 262/296/294
f 234/279/277 262/296/294 263/280/278
f 263/280/278 262/296/294 34/158/157
f 262/296/294 233/287/285 261/288/286
f 266/159/158 238/161/160 237/289/287
f 266/159/158 237/289/287 265/157/156
f 265/157/156 237/289/287 236/155/154
f 212/237/235 240/290/288 241/235/233
f 241/235/233 240/290/288 269/297/295
f 241/235/233 269/297/295 270/233/231
f 270/233/231 269/297/295 34/158/157
f 269/297/295 240/290/288 268/291/289
f 272/177/176 243/175/174 271/232/230
f 271/232/230 243/175/174 242/234/232
f 274/180/179 246/182/181 245/263/261
f 274/180/179 245/263/261 273/178/177
f 221/282/280 249/292/290 250/283/281
f 250/283/281 249/292/290 278/298/296
f 250/283/281 278/298/296 279/284/282
f 279/284/282 278/298/296 141/179/178
f 278/298/296 249/292/290 277/293/291
f 282/201/199 254/203/201 253/294/292
f 282/201/199 253/294/292 281/200/198
f 281/200/198 253/294/292 252/198/196
f 284/222/220 255/204/202 283/202/200
f 286/220/218 258/218/216 257/295/293
f 257/295/293 258/218/216 229/286/284
f 286/220/218 257/295/293 285/221/219
f 34/158/157 262/296/294 261/288/286
f 34/158/157 269/297/295 268/291/289
f 141/179/178 278/298/296 277/293/291
f 141/179/178 284/222/220 283/202/200
f 32/299/297 294/300/298 33/301/299
f 33/301/299 294/300/298 295/302/300
f 33/301/299 295/302/300 296/303/301
f 296/303/301 295/302/300 352/304/302
f 296/303/301 352/304/302 353/305/303
f 353/305/303 352/304/302 409/306/304
f 353/305/303 409/306/304 410/307/305
f 410/307/305 409/306/304 466/308/306
f 410/307/305 466/308/306 467/309/307
f 467/309/307 466/308/306 523/310/308
f 467/309/307 523/310/308 524/311/309
f 524/311/309 523/310/308 27/312/310
f 524/311/309 27/312/310 525/313/311
f 525/313/311 27/312/310 526/314/312
f 525/313/311 526/314/312 469/315/313
f 469/315/313 526/314/312 470/316/314
f 469/315/313 470/316/314 413/317/315
f 413/317/315 470/316/314 414/318/316
f 413/317/315 414/318/316 357/319/317
f 357/319/317 414/318/316 358/320/318
f 357/319/317 358/320/318 301/321/319
f 301/321/319 358/320/318 302/322/320
f 301/321/319 302/322/320 33/301/299
f 33/301/299 302/322/320 303/323/321
f 33/301/299 303/323/321 304/324/322
f 304/324/322 303/323/321 360/325/323
f 304/324/322 360/325/323 361/326/324
f 361/326/324 360/325/323 417/327/325
f 361/326/324 417/327/325 418/328/326
f 418/328/326 417/327/325 474/329/327
f 418/328/326 474/329/327 475/330/328
f 475/330/328 474/329/327 531/331/329
f 475/330/328 531/331/329 532/332/330
f 532/332/330 531/331/329 27/312/310
f 532/332/330 27/312/310 533/333/331
f 533/333/331 27/312/310 534/334/332
f 533/333/331 534/334/332 477/335/333
f 477/335/333 534/334/332 478/336/334
f 477/335/333 478/336/334 421/337/335
f 421/337/335 478/336/334 422/338/336
f 421/337/335 422/338/336 365/339/337
f 365/339/337 422/338/336 366/340/338
f 365/339/337 366/340/338 309/341/339
f 309/341/339 366/340/338 310/342/340
f 309/341/339 310/342/340 33/301/299
f 33/301/299 310/342/340 311/343/341
f 33/301/299 311/343/341 312/344/342
f 312/344/342 311/343/341 368/345/343
f 312/344/342 368/345/343 369/346/344
f 369/346/344 368/345/343 425/347/345
f 369/346/344 425/347/345 426/348/346
f 426/348/346 425/347/345 482/349/347
f 426/348/346 482/349/347 483/350/348
f 483/350/348 482/349/347 539/351/349
f 483/350/348 539/351/349 540/352/350
f 540/352/350 539/351/349 27/312/310
f 540/352/350 27/312/310 541/353/351
f 541/353/351 27/312/310 542/354/352
f 541/353/351 542/354/352 485/355/353
f 485/355/353 542/354/352 486/356/354
f 485/355/353 486/356/354 429/357/355
f 429/357/355 486/356/354 430/358/356
f 429/357/355 430/358/356 373/359/357
f 373/359/357 430/358/356 374/360/358
f 373/359/357 374/360/358 317/361/359
f 317/361/359 374/360/358 318/362/360
f 317/361/359 318/362/360 33/301/299
f 33/301/299 318/362/360 319/363/361
f 33/301/299 319/363/361 320/364/362
f 320/364/362 319/363/361 376/365/363
f 320/364/362 376/365/363 377/366/364
f 377/366/364 376/365/363 433/367/365
f 377/366/364 433/367/365 434/368/366
f 434/368/366 433/367/365 490/369/367
f 434/368/366 490/369/367 491/370/368
f 491/370/368 490/369/367 547/371/369
f 491/370/368 547/371/369 548/372/370
f 548/372/370 547/371/369 287/373/371
f 548/372/370 287/373/371 549/374/372
f 549/374/372 287/373/371 550/375/373
f 549/374/372 550/375/373 493/376/374
f 493/376/374 550/375/373 494/377/375
f 493/376/374 494/377/375 437/378/376
f 437/378/376 494/377/375 438/379/377
f 437/378/376 438/379/377 381/380/378
f 381/380/378 438/379/377 382/381/379
f 381/380/378 382/381/379 325/382/380
f 325/382/380 382/381/379 326/383/381
f 325/382/380 326/383/381 293/384/382
f 293/384/382 326/383/381 327/385/383
f 293/384/382 327/385/383 328/386/384
f 328/386/384 327/385/383 384/387/385
f 328/386/384 384/387/385 385/388/386
f 385/388/386 384/387/385 441/389/387
f 385/388/386 441/389/387 442/390/388
f 442/390/388 441/389/387 498/391/389
f 442/390/388 498/391/389 499/392/390
f 499/392/390 498/391/389 555/393/391
f 499/392/390 555/393/391 556/394/392
f 556/394/392 555/393/391 287/373/371
f 556/394/392 287/373/371 557/395/393
f 557/395/393 287/373/371 558/396/394
f 557/395/393 558/396/394 501/397/395
f 501/397/395 558/396/394 502/398/396
f 501/397/395 502/398/396 445/399/397
f 445/399/397 502/398/396 446/400/398
f 445/399/397 446/400/398 389/401/399
f 389/401/399 446/400/398 390/402/400
f 389/401/399 390/402/400 333/403/401
f 333/403/401 390/402/400 334/404/402
f 333/403/401 334/404/402 293/384/382
f 293/384/382 334/404/402 335/405/403
f 293/384/382 335/405/403 336/406/404
f 336/406/404 335/405/403 392/407/405
f 336/406/404 392/407/405 393/408/406
f 393/408/406 392/407/405 449/409/407
f 393/408/406 449/409/407 450/410/408
f 450/410/408 449/409/407 506/411/409
f 450/410/408 506/411/409 507/412/410
f 507/412/410 506/411/409 563/413/411
f 507/412/410 563/413/411 564/414/412
f 564/414/412 563/413/411 287/373/371
f 564/414/412 287/373/371 565/415/413
f 565/415/413 287/373/371 566/416/414
f 565/415/413 566/416/414 509/417/415
f 509/417/415 566/416/414 510/418/416
f 509/417/415 510/418/416 453/419/417
f 453/419/417 510/418/416 454/420/418
f 453/419/417 454/420/418 397/421/419
f 397/421/419 454/420/418 398/422/420
f 397/421/419 398/422/420 341/423/421
f 341/423/421 398/422/420 342/424/422
f 341/423/421 342/424/422 293/384/382
f 293/384/382 342/424/422 343/425/423
f 293/384/382 343/425/423 344/426/424
f 344/426/424 343/425/423 400/427/425
f 344/426/424 400/427/425 401/428/426
f 401/428/426 400/427/425 457/429/427
f 401/428/426 457/429/427 458/430/428
f 458/430/428 457/429/427 514/431/429
f 458/430/428 514/431/429 515/432/430
f 515/432/430 514/431/429 571/433/431
f 515/432/430 571/433/431 572/434/432
f 572/434/432 571/433/431 287/373/371
f 572/434/432 287/373/371 573/435/433
f 573/435/433 287/373/371 288/436/434
f 573/435/433 288/436/434 517/437/435
f 517/437/435 288/436/434 289/438/436
f 517/437/435 289/438/436 461/439/437
f 461/439/437 289/438/436 290/440/438
f 461/439/437 290/440/438 405/441/439
f 405/441/439 290/440/438 291/442/440
f 405/441/439 291/442/440 349/443/441
f 349/443/441 291/442/440 292/444/442
f 349/443/441 292/444/442 293/384/382
f 294/300/298 32/299/297 350/445/443
f 350/445/443 32/299/297 31/446/444
f 350/445/443 31/446/444 406/447/445
f 406/447/445 31/446/444 30/448/446
f 406/447/445 30/448/446 462/449/447
f 462/449/447 30/448/446 29/450/448
f 462/449/447 29/450/448 518/451/449
f 518/451/449 29/450/448 28/452/450
f 518/451/449 28/452/450 27/312/310
f 287/373/371 545/453/451 27/312/310
f 27/312/310 545/453/451 544/454/452
f 27/312/310 544/454/452 543/455/453
f 543/455/453 544/454/452 487/456/454
f 543/455/453 487/456/454 486/356/354
f 486/356/354 487/456/454 430/358/356
f 33/301/299 322/457/455 293/384/382
f 293/384/382 322/457/455 323/458/456
f 293/384/382 323/458/456 324/459/457
f 324/459/457 323/458/456 380/460/458
f 324/459/457 380/460/458 381/380/378
f 381/380/378 380/460/458 437/378/376
f 295/302/300 294/300/298 351/461/459
f 351/461/459 294/300/298 350/445/443
f 351/461/459 350/445/443 407/462/460
f 407/462/460 350/445/443 406/447/445
f 407/462/460 406/447/445 463/463/461
f 463/463/461 406/447/445 462/449/447
f 463/463/461 462/449/447 519/464/462
f 519/464/462 462/449/447 518/451/449
f 519/464/462 518/451/449 27/312/310
f 296/303/301 297/465/463 33/301/299
f 33/301/299 297/465/463 298/466/464
f 33/301/299 298/466/464 299/467/465
f 299/467/465 298/466/464 355/468/466
f 299/467/465 355/468/466 356/469/467
f 356/469/467 355/468/466 412/470/468
f 356/469/467 412/470/468 413/317/315
f 413/317/315 412/470/468 469/315/313
f 296/303/301 353/305/303 297/465/463
f 297/465/463 353/305/303 354/471/469
f 297/465/463 354/471/469 298/466/464
f 298/466/464 354/471/469 355/468/466
f 301/321/319 33/301/299 300/472/470
f 300/472/470 33/301/299 299/467/465
f 300/472/470 299/467/465 356/469/467
f 357/319/317 301/321/319 300/472/470
f 357/319/317 300/472/470 356/469/467
f 303/323/321 302/322/320 359/473/471
f 359/473/471 302/322/320 358/320/318
f 359/473/471 358/320/318 415/474/472
f 415/474/472 358/320/318 414/318/316
f 415/474/472 414/318/316 471/475/473
f 471/475/473 414/318/316 470/316/314
f 471/475/473 470/316/314 527/476/474
f 527/476/474 470/316/314 526/314/312
f 527/476/474 526/314/312 27/312/310
f 304/324/322 305/477/475 33/301/299
f 33/301/299 305/477/475 306/478/476
f 33/301/299 306/478/476 307/479/477
f 307/479/477 306/478/476 363/480/478
f 307/479/477 363/480/478 364/481/479
f 364/481/479 363/480/478 420/482/480
f 364/481/479 420/482/480 421/337/335
f 421/337/335 420/482/480 477/335/333
f 304/324/322 361/326/324 305/477/475
f 305/477/475 361/326/324 362/483/481
f 305/477/475 362/483/481 306/478/476
f 306/478/476 362/483/481 363/480/478
f 309/341/339 33/301/299 308/484/482
f 308/484/482 33/301/299 307/479/477
f 308/484/482 307/479/477 364/481/479
f 365/339/337 309/341/339 308/484/482
f 365/339/337 308/484/482 364/481/479
f 311/343/341 310/342/340 367/485/483
f 367/485/483 310/342/340 366/340/338
f 367/485/483 366/340/338 423/486/484
f 423/486/484 366/340/338 422/338/336
f 423/486/484 422/338/336 479/487/485
f 479/487/485 422/338/336 478/336/334
f 479/487/485 478/336/334 535/488/486
f 535/488/486 478/336/334 534/334/332
f 535/488/486 534/334/332 27/312/310
f 312/344/342 313/489/487 33/301/299
f 33/301/299 313/489/487 314/490/488
f 33/301/299 314/490/488 315/491/489
f 315/491/489 314/490/488 371/492/490
f 315/491/489 371/492/490 372/493/491
f 372/493/491 371/492/490 428/494/492
f 372/493/491 428/494/492 429/357/355
f 429/357/355 428/494/492 485/355/353
f 312/344/342 369/346/344 313/489/487
f 313/489/487 369/346/344 370/495/493
f 313/489/487 370/495/493 314/490/488
f 314/490/488 370/495/493 371/492/490
f 317/361/359 33/301/299 316/496/494
f 316/496/494 33/301/299 315/491/489
f 316/496/494 315/491/489 372/493/491
f 373/359/357 317/361/359 316/496/494
f 373/359/357 316/496/494 372/493/491
f 319/363/361 318/362/360 375/497/495
f 375/497/495 318/362/360 374/360/358
f 375/497/495 374/360/358 431/498/496
f 431/498/496 374/360/358 430/358/356
f 431/498/496 430/358/356 487/456/454
f 322/457/455 33/301/299 321/499/497
f 321/499/497 33/301/299 320/364/362
f 321/499/497 320/364/362 377/366/364
f 322/457/455 321/499/497 378/500/498
f 378/500/498 321/499/497 377/366/364
f 378/500/498 377/366/364 434/368/366
f 325/382/380 293/384/382 324/459/457
f 323/458/456 322/457/455 379/501/499
f 379/501/499 322/457/455 378/500/498
f 379/501/499 378/500/498 435/502/500
f 435/502/500 378/500/498 434/368/366
f 435/502/500 434/368/366 491/370/368
f 381/380/378 325/382/380 324/459/457
f 327/385/383 326/383/381 383/503/501
f 383/503/501 326/383/381 382/381/379
f 383/503/501 382/381/379 439/504/502
f 439/504/502 382/381/379 438/379/377
f 439/504/502 438/379/377 495/505/503
f 495/505/503 438/379/377 494/377/375
f 495/505/503 494/377/375 551/506/504
f 551/506/504 494/377/375 550/375/373
f 551/506/504 550/375/373 287/373/371
f 328/386/384 329/507/505 293/384/382
f 293/384/382 329/507/505 330/508/506
f 293/384/382 330/508/506 331/509/507
f 331/509/507 330/508/506 387/510/508
f 331/509/507 387/510/508 388/511/509
f 388/511/509 387/510/508 444/512/510
f 388/511/509 444/512/510 445/399/397
f 445/399/397 444/512/510 501/397/395
f 328/386/384 385/388/386 329/507/505
f 329/507/505 385/388/386 386/513/511
f 329/507/505 386/513/511 330/508/506
f 330/508/506 386/513/511 387/510/508
f 333/403/401 293/384/382 332/514/512
f 332/514/512 293/384/382 331/509/507
f 332/514/512 331/509/507 388/511/509
f 389/401/399 333/403/401 332/514/512
f 389/401/399 332/514/512 388/511/509
f 335/405/403 334/404/402 391/515/513
f 391/515/513 334/404/402 390/402/400
f 391/515/513 390/402/400 447/516/514
f 447/516/514 390/402/400 446/400/398
f 447/516/514 446/400/398 503/517/515
f 503/517/515 446/400/398 502/398/396
f 503/517/515 502/398/396 559/518/516
f 559/518/516 502/398/396 558/396/394
f 559/518/516 558/396/394 287/373/371
f 336/406/404 337/519/517 293/384/382
f 293/384/382 337/519/517 338/520/518
f 293/384/382 338/520/518 339/521/519
f 339/521/519 338/520/518 395/522/520
f 339/521/519 395/522/520 396/523/521
f 396/523/521 395/522/520 452/524/522
f 396/523/521 452/524/522 453/419/417
f 453/419/417 452/524/522 509/417/415
f 336/406/404 393/408/406 337/519/517
f 337/519/517 393/408/406 394/525/523
f 337/519/517 394/525/523 338/520/518
f 338/520/518 394/525/523 395/522/520
f 341/423/421 293/384/382 340/526/524
f 340/526/524 293/384/382 339/521/519
f 340/526/524 339/521/519 396/523/521
f 397/421/419 341/423/421 340/526/524
f 397/421/419 340/526/524 396/523/521
f 343/425/423 342/424/422 399/527/525
f 399/527/525 342/424/422 398/422/420
f 399/527/525 398/422/420 455/528/526
f 455/528/526 398/422/420 454/420/418
f 455/528/526 454/420/418 511/529/527
f 511/529/527 454/420/418 510/418/416
f 511/529/527 510/418/416 567/530/528
f 567/530/528 510/418/416 566/416/414
f 567/530/528 566/416/414 287/373/371
f 344/426/424 345/531/529 293/384/382
f 293/384/382 345/531/529 346/532/530
f 293/384/382 346/532/530 347/533/531
f 347/533/531 346/532/530 403/534/532
f 347/533/531 403/534/532 404/535/533
f 404/535/533 403/534/532 460/536/534
f 404/535/533 460/536/534 461/439/437
f 461/439/437 460/536/534 517/437/435
f 344/426/424 401/428/426 345/531/529
f 345/531/529 401/428/426 402/537/535
f 345/531/529 402/537/535 346/532/530
f 346/532/530 402/537/535 403/534/532
f 349/443/441 293/384/382 348/538/536
f 348/538/536 293/384/382 347/533/531
f 348/538/536 347/533/531 404/535/533
f 405/441/439 349/443/441 348/538/536
f 405/441/439 348/538/536 404/535/533
f 295/302/300 351/461/459 352/304/302
f 352/304/302 351/461/459 408/539/537
f 352/304/302 408/539/537 409/306/304
f 409/306/304 408/539/537 465/540/538
f 409/306/304 465/540/538 466/308/306
f 466/308/306 465/540/538 522/541/539
f 466/308/306 522/541/539 523/310/308
f 523/310/308 522/541/539 27/312/310
f 408/539/537 351/461/459 407/462/460
f 353/305/303 410/307/305 354/471/469
f 354/471/469 410/307/305 411/542/540
f 354/471/469 411/542/540 355/468/466
f 355/468/466 411/542/540 412/470/468
f 413/317/315 357/319/317 356/469/467
f 303/323/321 359/473/471 360/325/323
f 360/325/323 359/473/471 416/543/541
f 360/325/323 416/543/541 417/327/325
f 417/327/325 416/543/541 473/544/542
f 417/327/325 473/544/542 474/329/327
f 474/329/327 473/544/542 530/545/543
f 474/329/327 530/545/543 531/331/329
f 531/331/329 530/545/543 27/312/310
f 416/543/541 359/473/471 415/474/472
f 361/326/324 418/328/326 362/483/481
f 362/483/481 418/328/326 419/546/544
f 362/483/481 419/546/544 363/480/478
f 363/480/478 419/546/544 420/482/480
f 421/337/335 365/339/337 364/481/479
f 311/343/341 367/485/483 368/345/343
f 368/345/343 367/485/483 424/547/545
f 368/345/343 424/547/545 425/347/345
f 425/347/345 424/547/545 481/548/546
f 425/347/345 481/548/546 482/349/347
f 482/349/347 481/548/546 538/549/547
f 482/349/347 538/549/547 539/351/349
f 539/351/349 538/549/547 27/312/310
f 424/547/545 367/485/483 423/486/484
f 369/346/344 426/348/346 370/495/493
f 370/495/493 426/348/346 427/550/548
f 370/495/493 427/550/548 371/492/490
f 371/492/490 427/550/548 428/494/492
f 429/357/355 373/359/357 372/493/491
f 319/363/361 375/497/495 376/365/363
f 376/365/363 375/497/495 432/551/549
f 376/365/363 432/551/549 433/367/365
f 433/367/365 432/551/549 489/552/550
f 433/367/365 489/552/550 490/369/367
f 490/369/367 489/552/550 546/553/551
f 490/369/367 546/553/551 547/371/369
f 547/371/369 546/553/551 287/373/371
f 432/551/549 375/497/495 431/498/496
f 323/458/456 379/501/499 380/460/458
f 380/460/458 379/501/499 436/554/552
f 380/460/458 436/554/552 437/378/376
f 437/378/376 436/554/552 493/376/374
f 436/554/552 379/501/499 435/502/500
f 327/385/383 383/503/501 384/387/385
f 384/387/385 383/503/501 440/555/553
f 384/387/385 440/555/553 441/389/387
f 441/389/387 440/555/553 497/556/554
f 441/389/387 497/556/554 498/391/389
f 498/391/389 497/556/554 554/557/555
f 498/391/389 554/557/555 555/393/391
f 555/393/391 554/557/555 287/373/371
f 440/555/553 383/503/501 439/504/502
f 385/388/386 442/390/388 386/513/511
f 386/513/511 442/390/388 443/558/556
f 386/513/511 443/558/556 387/510/508
f 387/510/508 443/558/556 444/512/510
f 445/399/397 389/401/399 388/511/509
f 335/405/403 391/515/513 392/407/405
f 392/407/405 391/515/513 448/559/557
f 392/407/405 448/559/557 449/409/407
f 449/409/407 448/559/557 505/560/558
f 449/409/407 505/560/558 506/411/409
f 506/411/409 505/560/558 562/561/559
f 506/411/409 562/561/559 563/413/411
f 563/413/411 562/561/559 287/373/371
f 448/559/557 391/515/513 447/516/514
f 393/408/406 450/410/408 394/525/523
f 394/525/523 450/410/408 451/562/560
f 394/525/523 451/562/560 395/522/520
f 395/522/520 451/562/560 452/524/522
f 453/419/417 397/421/419 396/523/521
f 343/425/423 399/527/525 400/427/425
f 400/427/425 399/527/525 456/563/561
f 400/427/425 456/563/561 457/429/427
f 457/429/427 456/563/561 513/564/562
f 457/429/427 513/564/562 514/431/429
f 514/431/429 513/564/562 570/565/563
f 514/431/429 570/565/563 571/433/431
f 571/433/431 570/565/563 287/373/371
f 456/563/561 399/527/525 455/528/526
f 401/428/426 458/430/428 402/537/535
f 402/537/535 458/430/428 459/566/564
f 402/537/535 459/566/564 403/534/532
f 403/534/532 459/566/564 460/536/534
f 461/439/437 405/441/439 404/535/533
f 408/539/537 407/462/460 464/567/565
f 464/567/565 407/462/460 463/463/461
f 464/567/565 463/463/461 520/568/566
f 520/568/566 463/463/461 519/464/462
f 520/568/566 519/464/462 27/312/310
f 410/307/305 467/309/307 411/542/540
f 411/542/540 467/309/307 468/569/567
f 411/542/540 468/569/567 412/470/468
f 412/470/468 468/569/567 469/315/313
f 416/543/541 415/474/472 472/570/568
f 472/570/568 415/474/472 471/475/473
f 472/570/568 471/475/473 528/571/569
f 528/571/569 471/475/473 527/476/474
f 528/571/569 527/476/474 27/312/310
f 418/328/326 475/330/328 419/546/544
f 419/546/544 475/330/328 476/572/570
f 419/546/544 476/572/570 420/482/480
f 420/482/480 476/572/570 477/335/333
f 424/547/545 423/486/484 480/573/571
f 480/573/571 423/486/484 479/487/485
f 480/573/571 479/487/485 536/574/572
f 536/574/572 479/487/485 535/488/486
f 536/574/572 535/488/486 27/312/310
f 426/348/346 483/350/348 427/550/548
f 427/550/548 483/350/348 484/575/573
f 427/550/548 484/575/573 428/494/492
f 428/494/492 484/575/573 485/355/353
f 432/551/549 431/498/496 488/576/574
f 488/576/574 431/498/496 487/456/454
f 488/576/574 487/456/454 544/454/452
f 436/554/552 435/502/500 492/577/575
f 492/577/575 435/502/500 491/370/368
f 492/577/575 491/370/368 548/372/370
f 440/555/553 439/504/502 496/578/576
f 496/578/576 439/504/502 495/505/503
f 496/578/576 495/505/503 552/579/577
f 552/579/577 495/505/503 551/506/504
f 552/579/577 551/506/504 287/373/371
f 442/390/388 499/392/390 443/558/556
f 443/558/556 499/392/390 500/580/578
f 443/558/556 500/580/578 444/512/510
f 444/512/510 500/580/578 501/397/395
f 448/559/557 447/516/514 504/581/579
f 504/581/579 447/516/514 503/517/515
f 504/581/579 503/517/515 560/582/580
f 560/582/580 503/517/515 559/518/516
f 560/582/580 559/518/516 287/373/371
f 450/410/408 507/412/410 451/562/560
f 451/562/560 507/412/410 508/583/581
f 451/562/560 508/583/581 452/524/522
f 452/524/522 508/583/581 509/417/415
f 456/563/561 455/528/526 512/584/582
f 512/584/582 455/528/526 511/529/527
f 512/584/582 511/529/527 568/585/583
f 568/585/583 511/529/527 567/530/528
f 568/585/583 567/530/528 287/373/371
f 458/430/428 515/432/430 459/566/564
f 459/566/564 515/432/430 516/586/584
f 459/566/564 516/586/584 460/536/534
f 460/536/534 516/586/584 517/437/435
f 408/539/537 464/567/565 465/540/538
f 465/540/538 464/567/565 521/587/585
f 465/540/538 521/587/585 522/541/539
f 522/541/539 521/587/585 27/312/310
f 521/587/585 464/567/565 520/568/566
f 525/313/311 469/315/313 468/569/567
f 525/313/311 468/569/567 524/311/309
f 524/311/309 468/569/567 467/309/307
f 416/543/541 472/570/568 473/544/542
f 473/544/542 472/570/568 529/588/586
f 473/544/542 529/588/586 530/545/543
f 530/545/543 529/588/586 27/312/310
f 529/588/586 472/570/568 528/571/569
f 533/333/331 477/335/333 476/572/570
f 533/333/331 476/572/570 532/332/330
f 532/332/330 476/572/570 475/330/328
f 424/547/545 480/573/571 481/548/546
f 481/548/546 480/573/571 537/589/587
f 481/548/546 537/589/587 538/549/547
f 538/549/547 537/589/587 27/312/310
f 537/589/587 480/573/571 536/574/572
f 541/353/351 485/355/353 484/575/573
f 541/353/351 484/575/573 540/352/350
f 540/352/350 484/575/573 483/350/348
f 543/455/453 486/356/354 542/354/352
f 432/551/549 488/576/574 489/552/550
f 489/552/550 488/576/574 545/453/451
f 489/552/550 545/453/451 546/553/551
f 546/553/551 545/453/451 287/373/371
f 545/453/451 488/576/574 544/454/452
f 549/374/372 493/376/374 492/577/575
f 492/577/575 493/376/374 436/554/552
f 549/374/372 492/577/575 548/372/370
f 440/555/553 496/578/576 497/556/554
f 497/556/554 496/578/576 553/590/588
f 497/556/554 553/590/588 554/557/555
f 554/557/555 553/590/588 287/373/371
f 553/590/588 496/578/576 552/579/577
f 557/395/393 501/397/395 500/580/578
f 557/395/393 500/580/578 556/394/392
f 556/394/392 500/580/578 499/392/390
f 448/559/557 504/581/579 505/560/558
f 505/560/558 504/581/579 561/591/589
f 505/560/558 561/591/589 562/561/559
f 562/561/559 561/591/589 287/373/371
f 561/591/589 504/581/579 560/582/580
f 565/415/413 509/417/415 508/583/581
f 565/415/413 508/583/581 564/414/412
f 564/414/412 508/583/581 507/412/410
f 456/563/561 512/584/582 513/564/562
f 513/564/562 512/584/582 569/592/590
f 513/564/562 569/592/590 570/565/563
f 570/565/563 569/592/590 287/373/371
f 569/592/590 512/584/582 568/585/583
f 573/435/433 517/437/435 516/586/584
f 573/435/433 516/586/584 572/434/432
f 572/434/432 516/586/584 515/432/430
f 27/312/310 521/587/585 520/568/566
f 27/312/310 529/588/586 528/571/569
f 27/312/310 537/589/587 536/574/572
f 27/312/310 543/455/453 542/354/352
f 287/373/371 553/590/588 552/579/577
f 287/373/371 561/591/589 560/582/580
f 287/373/371 569/592/590 568/585/583
f 27/593/310 26/594/591 287/595/371
f 287/595/371 26/594/591 574/596/592
f 25/597/593 579/598/594 26/599/591
f 26/599/591 579/598/594 580/600/595
f 26/599/591 580/600/595 581/601/596
f 581/601/596 580/600/595 750/602/597
f 581/601/596 750/602/597 751/603/598
f 751/603/598 750/602/597 920/604/599
f 751/603/598 920/604/599 921/605/600
f 921/605/600 920/604/599 22/606/601
f 921/605/600 22/606/601 922/607/602
f 922/607/602 22/606/601 923/608/603
f 922/607/602 923/608/603 753/609/604
f 753/609/604 923/608/603 754/610/605
f 753/609/604 754/610/605 584/611/606
f 584/611/606 754/610/605 585/612/607
f 584/611/606 585/612/607 26/599/591
f 26/599/591 585/612/607 586/613/608
f 26/599/591 586/613/608 587/614/609
f 587/614/609 586/613/608 756/615/610
f 587/614/609 756/615/610 757/616/611
f 757/616/611 756/615/610 926/617/612
f 757/616/611 926/617/612 927/618/613
f 927/618/613 926/617/612 22/606/601
f 927/618/613 22/606/601 928/619/614
f 928/619/614 22/606/601 929/620/615
f 928/619/614 929/620/615 759/621/616
f 759/621/616 929/620/615 760/622/617
f 759/621/616 760/622/617 590/623/618
f 590/623/618 760/622/617 591/624/619
f 590/623/618 591/624/619 26/599/591
f 26/599/591 591/624/619 592/625/620
f 26/599/591 592/625/620 593/626/621
f 593/626/621 592/625/620 762/627/622
f 593/626/621 762/627/622 763/628/623
f 763/628/623 762/627/622 932/629/624
f 763/628/623 932/629/624 933/630/625
f 933/630/625 932/629/624 22/606/601
f 933/630/625 22/606/601 934/631/626
f 934/631/626 22/606/601 935/632/627
f 934/631/626 935/632/627 765/633/628
f 765/633/628 935/632/627 766/634/629
f 765/633/628 766/634/629 596/635/630
f 596/635/630 766/634/629 597/636/631
f 596/635/630 597/636/631 26/599/591
f 26/599/591 597/636/631 598/637/632
f 26/599/591 598/637/632 599/638/633
f 599/638/633 598/637/632 768/639/634
f 599/638/633 768/639/634 769/640/635
f 769/640/635 768/639/634 938/641/636
f 769/640/635 938/641/636 939/642/637
f 939/642/637 938/641/636 22/606/601
f 939/642/637 22/606/601 940/643/638
f 940/643/638 22/606/601 941/644/639
f 940/643/638 941/644/639 771/645/640
f 771/645/640 941/644/639 772/646/641
f 771/645/640 772/646/641 602/647/642
f 602/647/642 772/646/641 603/648/643
f 602/647/642 603/648/643 26/599/591
f 26/599/591 603/648/643 604/649/644
f 26/599/591 604/649/644 605/650/645
f 605/650/645 604/649/644 774/651/646
f 605/650/645 774/651/646 775/652/647
f 775/652/647 774/651/646 944/653/648
f 775/652/647 944/653/648 945/654/649
f 945/654/649 944/653/648 22/606/601
f 945/654/649 22/606/601 946/655/650
f 946/655/650 22/606/601 947/656/651
f 946/655/650 947/656/651 777/657/652
f 777/657/652 947/656/651 778/658/653
f 777/657/652 778/658/653 608/659/654
f 608/659/654 778/658/653 609/660/655
f 608/659/654 609/660/655 26/599/591
f 26/599/591 609/660/655 610/661/656
f 26/599/591 610/661/656 611/662/657
f 611/662/657 610/661/656 780/663/658
f 611/662/657 780/663/658 781/664/659
f 781/664/659 780/663/658 950/665/660
f 781/664/659 950/665/660 951/666/661
f 951/666/661 950/665/660 22/606/601
f 951/666/661 22/606/601 952/667/662
f 952/667/662 22/606/601 953/668/663
f 952/667/662 953/668/663 783/669/664
f 783/669/664 953/668/663 784/670/665
f 783/669/664 784/670/665 614/671/666
f 614/671/666 784/670/665 615/672/667
f 614/671/666 615/672/667 26/599/591
f 26/599/591 615/672/667 616/673/668
f 26/599/591 616/673/668 617/674/669
f 617/674/669 616/673/668 786/675/670
f 617/674/669 786/675/670 787/676/671
f 787/676/671 786/675/670 956/677/672
f 787/676/671 956/677/672 957/678/673
f 957/678/673 956/677/672 22/606/601
f 957/678/673 22/606/601 958/679/674
f 958/679/674 22/606/601 959/680/675
f 958/679/674 959/680/675 789/681/676
f 789/681/676 959/680/675 790/682/677
f 789/681/676 790/682/677 620/683/678
f 620/683/678 790/682/677 621/684/679
f 620/683/678 621/684/679 26/599/591
f 26/599/591 621/684/679 622/685/680
f 26/599/591 622/685/680 623/686/681
f 623/686/681 622/685/680 792/687/682
f 623/686/681 792/687/682 793/688/683
f 793/688/683 792/687/682 962/689/684
f 793/688/683 962/689/684 963/690/685
f 963/690/685 962/689/684 22/606/601
f 963/690/685 22/606/601 964/691/686
f 964/691/686 22/606/601 965/692/687
f 964/691/686 965/692/687 795/693/688
f 795/693/688 965/692/687 796/694/689
f 795/693/688 796/694/689 626/695/690
f 626/695/690 796/694/689 627/696/691
f 626/695/690 627/696/691 26/599/591
f 26/599/591 627/696/691 628/697/692
f 26/599/591 628/697/692 629/698/693
f 629/698/693 628/697/692 798/699/694
f 629/698/693 798/699/694 799/700/695
f 799/700/695 798/699/694 968/701/696
f 799/700/695 968/701/696 969/702/697
f 969/702/697 968/701/696 22/606/601
f 969/702/697 22/606/601 970/703/698
f 970/703/698 22/606/601 971/704/699
f 970/703/698 971/704/699 801/705/700
f 801/705/700 971/704/699 802/706/701
f 801/705/700 802/706/701 632/707/702
f 632/707/702 802/706/701 633/708/703
f 632/707/702 633/708/703 26/599/591
f 26/599/591 633/708/703 634/709/704
f 26/599/591 634/709/704 635/710/705
f 635/710/705 634/709/704 804/711/706
f 635/710/705 804/711/706 805/712/707
f 805/712/707 804/711/706 974/713/708
f 805/712/707 974/713/708 975/714/709
f 975/714/709 974/713/708 22/606/601
f 975/714/709 22/606/601 976/715/710
f 976/715/710 22/606/601 977/716/711
f 976/715/710 977/716/711 807/717/712
f 807/717/712 977/716/711 808/718/713
f 807/717/712 808/718/713 638/719/714
f 638/719/714 808/718/713 639/720/715
f 638/719/714 639/720/715 26/599/591
f 26/599/591 639/720/715 640/721/716
f 26/599/591 640/721/716 641/722/717
f 641/722/717 640/721/716 810/723/718
f 641/722/717 810/723/718 811/724/719
f 811/724/719 810/723/718 980/725/720
f 811/724/719 980/725/720 981/726/721
f 981/726/721 980/725/720 22/606/601
f 981/726/721 22/606/601 982/727/722
f 982/727/722 22/606/601 983/728/723
f 982/727/722 983/728/723 813/729/724
f 813/729/724 983/728/723 814/730/725
f 813/729/724 814/730/725 644/731/726
f 644/731/726 814/730/725 645/732/727
f 644/731/726 645/732/727 26/599/591
f 26/599/591 645/732/727 646/733/728
f 26/599/591 646/733/728 647/734/729
f 647/734/729 646/733/728 816/735/730
f 647/734/729 816/735/730 817/736/731
f 817/736/731 816/735/730 986/737/732
f 817/736/731 986/737/732 987/738/733
f 987/738/733 986/737/732 22/606/601
f 987/738/733 22/606/601 988/739/734
f 988/739/734 22/606/601 989/740/735
f 988/739/734 989/740/735 819/741/736
f 819/741/736 989/740/735 820/742/737
f 819/741/736 820/742/737 650/743/738
f 650/743/738 820/742/737 651/744/739
f 650/743/738 651/744/739 26/599/591
f 26/599/591 651/744/739 652/745/740
f 26/599/591 652/745/740 653/746/741
f 653/746/741 652/745/740 822/747/742
f 653/746/741 822/747/742 823/748/743
f 823/748/743 822/747/742 992/749/744
f 823/748/743 992/749/744 993/750/745
f 993/750/745 992/749/744 22/606/601
f 993/750/745 22/606/601 994/751/746
f 994/751/746 22/606/601 995/752/747
f 994/751/746 995/752/747 825/753/748
f 825/753/748 995/752/747 826/754/749
f 825/753/748 826/754/749 656/755/750
f 656/755/750 826/754/749 657/756/751
f 656/755/750 657/756/751 26/599/591
f 26/599/591 657/756/751 658/757/752
f 26/599/591 658/757/752 659/758/753
f 659/758/753 658/757/752 828/759/754
f 659/758/753 828/759/754 829/760/755
f 829/760/755 828/759/754 998/761/756
f 829/760/755 998/761/756 999/762/757
f 999/762/757 998/761/756 22/606/601
f 999/762/757 22/606/601 1000/763/758
f 1000/763/758 22/606/601 1001/764/759
f 1000/763/758 1001/764/759 831/765/760
f 831/765/760 1001/764/759 832/766/761
f 831/765/760 832/766/761 662/767/762
f 662/767/762 832/766/761 663/768/763
f 662/767/762 663/768/763 26/599/591
f 26/599/591 663/768/763 574/769/592
f 574/769/592 663/768/763 664/770/764
f 574/769/592 664/770/764 665/771/765
f 665/771/765 664/770/764 834/772/766
f 665/771/765 834/772/766 835/773/767
f 835/773/767 834/772/766 1004/774/768
f 835/773/767 1004/774/768 1005/775/769
f 1005/775/769 1004/774/768 575/776/770
f 1005/775/769 575/776/770 1006/777/771
f 1006/777/771 575/776/770 1007/778/772
f 1006/777/771 1007/778/772 837/779/773
f 837/779/773 1007/778/772 838/780/774
f 837/779/773 838/780/774 668/781/775
f 668/781/775 838/780/774 669/782/776
f 668/781/775 669/782/776 574/769/592
f 574/769/592 669/782/776 670/783/777
f 574/769/592 670/783/777 671/784/778
f 671/784/778 670/783/777 840/785/779
f 671/784/778 840/785/779 841/786/780
f 841/786/780 840/785/779 1010/787/781
f 841/786/780 1010/787/781 1011/788/782
f 1011/788/782 1010/787/781 575/776/770
f 1011/788/782 575/776/770 1012/789/783
f 1012/789/783 575/776/770 1013/790/784
f 1012/789/783 1013/790/784 843/791/785
f 843/791/785 1013/790/784 844/792/786
f 843/791/785 844/792/786 674/793/787
f 674/793/787 844/792/786 675/794/788
f 674/793/787 675/794/788 574/769/592
f 574/769/592 675/794/788 676/795/789
f 574/769/592 676/795/789 677/796/790
f 677/796/790 676/795/789 846/797/791
f 677/796/790 846/797/791 847/798/792
f 847/798/792 846/797/791 1016/799/793
f 847/798/792 1016/799/793 1017/800/794
f 1017/800/794 1016/799/793 575/776/770
f 1017/800/794 575/776/770 1018/801/795
f 1018/801/795 575/776/770 1019/802/796
f 1018/801/795 1019/802/796 849/803/797
f 849/803/797 1019/802/796 850/804/798
f 849/803/797 850/804/798 680/805/799
f 680/805/799 850/804/798 681/806/800
f 680/805/799 681/806/800 574/769/592
f 574/769/592 681/806/800 682/807/801
f 574/769/592 682/807/801 683/808/802
f 683/808/802 682/807/801 852/809/803
f 683/808/802 852/809/803 853/810/804
f 853/810/804 852/809/803 1022/811/805
f 853/810/804 1022/811/805 1023/812/806
f 1023/812/806 1022/811/805 575/776/770
f 1023/812/806 575/776/770 1024/813/807
f 1024/813/807 575/776/770 1025/814/808
f 1024/813/807 1025/814/808 855/815/809
f 855/815/809 1025/814/808 856/816/810
f 855/815/809 856/816/810 686/817/811
f 686/817/811 856/816/810 687/818/812
f 686/817/811 687/818/812 574/769/592
f 574/769/592 687/818/812 688/819/813
f 574/769/592 688/819/813 689/820/814
f 689/820/814 688/819/813 858/821/815
f 689/820/814 858/821/815 859/822/816
f 859/822/816 858/821/815 1028/823/817
f 859/822/816 1028/823/817 1029/824/818
f 1029/824/818 1028/823/817 575/776/770
f 1029/824/818 575/776/770 1030/825/819
f 1030/825/819 575/776/770 1031/826/820
f 1030/825/819 1031/826/820 861/827/821
f 861/827/821 1031/826/820 862/828/822
f 861/827/821 862/828/822 692/829/823
f 692/829/823 862/828/822 693/830/824
f 692/829/823 693/830/824 574/769/592
f 574/769/592 693/830/824 694/831/825
f 574/769/592 694/831/825 695/832/826
f 695/832/826 694/831/825 864/833/827
f 695/832/826 864/833/827 865/834/828
f 865/834/828 864/833/827 1034/835/829
f 865/834/828 1034/835/829 1035/836/830
f 1035/836/830 1034/835/829 575/776/770
f 1035/836/830 575/776/770 1036/837/831
f 1036/837/831 575/776/770 1037/838/832
f 1036/837/831 1037/838/832 867/839/833
f 867/839/833 1037/838/832 868/840/834
f 867/839/833 868/840/834 698/841/835
f 698/841/835 868/840/834 699/842/836
f 698/841/835 699/842/836 574/769/592
f 574/769/592 699/842/836 700/843/837
f 574/769/592 700/843/837 701/844/838
f 701/844/838 700/843/837 870/845/839
f 701/844/838 870/845/839 871/846/840
f 871/846/840 870/845/839 1040/847/841
f 871/846/840 1040/847/841 1041/848/842
f 1041/848/842 1040/847/841 575/776/770
f 1041/848/842 575/776/770 1042/849/843
f 1042/849/843 575/776/770 1043/850/844
f 1042/849/843 1043/850/844 873/851/845
f 873/851/845 1043/850/844 874/852/846
f 873/851/845 874/852/846 704/853/847
f 704/853/847 874/852/846 705/854/848
f 704/853/847 705/854/848 574/769/592
f 574/769/592 705/854/848 706/855/849
f 574/769/592 706/855/849 707/856/850
f 707/856/850 706/855/849 876/857/851
f 707/856/850 876/857/851 877/858/852
f 877/858/852 876/857/851 1046/859/853
f 877/858/852 1046/859/853 1047/860/854
f 1047/860/854 1046/859/853 575/776/770
f 1047/860/854 575/776/770 1048/861/855
f 1048/861/855 575/776/770 1049/862/856
f 1048/861/855 1049/862/856 879/863/857
f 879/863/857 1049/862/856 880/864/858
f 879/863/857 880/864/858 710/865/859
f 710/865/859 880/864/858 711/866/860
f 710/865/859 711/866/860 574/769/592
f 574/769/592 711/866/860 712/867/861
f 574/769/592 712/867/861 713/868/862
f 713/868/862 712/867/861 882/869/863
f 713/868/862 882/869/863 883/870/864
f 883/870/864 882/869/863 1052/871/865
f 883/870/864 1052/871/865 1053/872/866
f 1053/872/866 1052/871/865 575/776/770
f 1053/872/866 575/776/770 1054/873/867
f 1054/873/867 575/776/770 1055/874/868
f 1054/873/867 1055/874/868 885/875/869
f 885/875/869 1055/874/868 886/876/870
f 885/875/869 886/876/870 716/877/871
f 716/877/871 886/876/870 717/878/872
f 716/877/871 717/878/872 574/769/592
f 574/769/592 717/878/872 718/879/873
f 574/769/592 718/879/873 719/880/874
f 719/880/874 718/879/873 888/881/875
f 719/880/874 888/881/875 889/882/876
f 889/882/876 888/881/875 1058/883/877
f 889/882/876 1058/883/877 1059/884/878
f 1059/884/878 1058/883/877 575/776/770
f 1059/884/878 575/776/770 1060/885/879
f 1060/885/879 575/776/770 1061/886/880
f 1060/885/879 1061/886/880 891/887/881
f 891/887/881 1061/886/880 892/888/882
f 891/887/881 892/888/882 722/889/883
f 722/889/883 892/888/882 723/890/884
f 722/889/883 723/890/884 574/769/592
f 574/769/592 723/890/884 724/891/885
f 574/769/592 724/891/885 725/892/886
f 725/892/886 724/891/885 894/893/887
f 725/892/886 894/893/887 895/894/888
f 895/894/888 894/893/887 1064/895/889
f 895/894/888 1064/895/889 1065/896/890
f 1065/896/890 1064/895/889 575/776/770
f 1065/896/890 575/776/770 1066/897/891
f 1066/897/891 575/776/770 1067/898/892
f 1066/897/891 1067/898/892 897/899/893
f 897/899/893 1067/898/892 898/900/894
f 897/899/893 898/900/894 728/901/895
f 728/901/895 898/900/894 729/902/896
f 728/901/895 729/902/896 574/769/592
f 574/769/592 729/902/896 730/903/897
f 574/769/592 730/903/897 731/904/898
f 731/904/898 730/903/897 900/905/899
f 731/904/898 900/905/899 901/906/900
f 901/906/900 900/905/899 1070/907/901
f 901/906/900 1070/907/901 1071/908/902
f 1071/908/902 1070/907/901 575/776/770
f 1071/908/902 575/776/770 1072/909/903
f 1072/909/903 575/776/770 1073/910/904
f 1072/909/903 1073/910/904 903/911/905
f 903/911/905 1073/910/904 904/912/906
f 903/911/905 904/912/906 734/913/907
f 734/913/907 904/912/906 735/914/908
f 734/913/907 735/914/908 574/769/592
f 574/769/592 735/914/908 736/915/909
f 574/769/592 736/915/909 737/916/910
f 737/916/910 736/915/909 906/917/911
f 737/916/910 906/917/911 907/918/912
f 907/918/912 906/917/911 1076/919/913
f 907/918/912 1076/919/913 1077/920/914
f 1077/920/914 1076/919/913 575/776/770
f 1077/920/914 575/776/770 1078/921/915
f 1078/921/915 575/776/770 1079/922/916
f 1078/921/915 1079/922/916 909/923/917
f 909/923/917 1079/922/916 910/924/918
f 909/923/917 910/924/918 740/925/919
f 740/925/919 910/924/918 741/926/920
f 740/925/919 741/926/920 574/769/592
f 574/769/592 741/926/920 742/927/921
f 574/769/592 742/927/921 743/928/922
f 743/928/922 742/927/921 912/929/923
f 743/928/922 912/929/923 913/930/924
f 913/930/924 912/929/923 1082/931/925
f 913/930/924 1082/931/925 1083/932/926
f 1083/932/926 1082/931/925 575/776/770
f 1083/932/926 575/776/770 1084/933/927
f 1084/933/927 575/776/770 1085/934/928
f 1084/933/927 1085/934/928 915/935/929
f 915/935/929 1085/934/928 916/936/930
f 915/935/929 916/936/930 746/937/931
f 746/937/931 916/936/930 747/938/932
f 746/937/931 747/938/932 574/769/592
f 574/769/592 747/938/932 578/939/933
f 578/939/933 747/938/932 577/940/934
f 577/940/934 747/938/932 916/936/930
f 577/940/934 916/936/930 576/941/935
f 576/941/935 916/936/930 1085/934/928
f 576/941/935 1085/934/928 575/776/770
f 579/598/594 25/597/593 748/942/936
f 748/942/936 25/597/593 24/943/937
f 748/942/936 24/943/937 917/944/938
f 917/944/938 24/943/937 23/945/939
f 917/944/938 23/945/939 22/606/601
f 22/606/601 575/776/770 1001/764/759
f 1001/764/759 575/776/770 1002/946/940
f 1001/764/759 1002/946/940 832/766/761
f 832/766/761 1002/946/940 833/947/941
f 832/766/761 833/947/941 663/768/763
f 663/768/763 833/947/941 664/770/764
f 580/600/595 579/598/594 749/948/942
f 749/948/942 579/598/594 748/942/936
f 749/948/942 748/942/936 918/949/943
f 918/949/943 748/942/936 917/944/938
f 918/949/943 917/944/938 22/606/601
f 581/601/596 582/950/944 26/599/591
f 26/599/591 582/950/944 583/951/945
f 26/599/591 583/951/945 584/611/606
f 584/611/606 583/951/945 753/609/604
f 581/601/596 751/603/598 582/950/944
f 582/950/944 751/603/598 752/952/946
f 582/950/944 752/952/946 583/951/945
f 583/951/945 752/952/946 753/609/604
f 586/613/608 585/612/607 755/953/947
f 755/953/947 585/612/607 754/610/605
f 755/953/947 754/610/605 924/954/948
f 924/954/948 754/610/605 923/608/603
f 924/954/948 923/608/603 22/606/601
f 587/614/609 588/955/949 26/599/591
f 26/599/591 588/955/949 589/956/950
f 26/599/591 589/956/950 590/623/618
f 590/623/618 589/956/950 759/621/616
f 587/614/609 757/616/611 588/955/949
f 588/955/949 757/616/611 758/957/951
f 588/955/949 758/957/951 589/956/950
f 589/956/950 758/957/951 759/621/616
f 592/625/620 591/624/619 761/958/952
f 761/958/952 591/624/619 760/622/617
f 761/958/952 760/622/617 930/959/953
f 930/959/953 760/622/617 929/620/615
f 930/959/953 929/620/615 22/606/601
f 593/626/621 594/960/954 26/599/591
f 26/599/591 594/960/954 595/961/955
f 26/599/591 595/961/955 596/635/630
f 596/635/630 595/961/955 765/633/628
f 593/626/621 763/628/623 594/960/954
f 594/960/954 763/628/623 764/962/956
f 594/960/954 764/962/956 595/961/955
f 595/961/955 764/962/956 765/633/628
f 598/637/632 597/636/631 767/963/957
f 767/963/957 597/636/631 766/634/629
f 767/963/957 766/634/629 936/964/958
f 936/964/958 766/634/629 935/632/627
f 936/964/958 935/632/627 22/606/601
f 599/638/633 600/965/959 26/599/591
f 26/599/591 600/965/959 601/966/960
f 26/599/591 601/966/960 602/647/642
f 602/647/642 601/966/960 771/645/640
f 599/638/633 769/640/635 600/965/959
f 600/965/959 769/640/635 770/967/961
f 600/965/959 770/967/961 601/966/960
f 601/966/960 770/967/961 771/645/640
f 604/649/644 603/648/643 773/968/962
f 773/968/962 603/648/643 772/646/641
f 773/968/962 772/646/641 942/969/963
f 942/969/963 772/646/641 941/644/639
f 942/969/963 941/644/639 22/606/601
f 605/650/645 606/970/964 26/599/591
f 26/599/591 606/970/964 607/971/965
f 26/599/591 607/971/965 608/659/654
f 608/659/654 607/971/965 777/657/652
f 605/650/645 775/652/647 606/970/964
f 606/970/964 775/652/647 776/972/966
f 606/970/964 776/972/966 607/971/965
f 607/971/965 776/972/966 777/657/652
f 610/661/656 609/660/655 779/973/967
f 779/973/967 609/660/655 778/658/653
f 779/973/967 778/658/653 948/974/968
f 948/974/968 778/658/653 947/656/651
f 948/974/968 947/656/651 22/606/601
f 611/662/657 612/975/969 26/599/591
f 26/599/591 612/975/969 613/976/970
f 26/599/591 613/976/970 614/671/666
f 614/671/666 613/976/970 783/669/664
f 611/662/657 781/664/659 612/975/969
f 612/975/969 781/664/659 782/977/971
f 612/975/969 782/977/971 613/976/970
f 613/976/970 782/977/971 783/669/664
f 616/673/668 615/672/667 785/978/972
f 785/978/972 615/672/667 784/670/665
f 785/978/972 784/670/665 954/979/973
f 954/979/973 784/670/665 953/668/663
f 954/979/973 953/668/663 22/606/601
f 617/674/669 618/980/974 26/599/591
f 26/599/591 618/980/974 619/981/975
f 26/599/591 619/981/975 620/683/678
f 620/683/678 619/981/975 789/681/676
f 617/674/669 787/676/671 618/980/974
f 618/980/974 787/676/671 788/982/976
f 618/980/974 788/982/976 619/981/975
f 619/981/975 788/982/976 789/681/676
f 622/685/680 621/684/679 791/983/977
f 791/983/977 621/684/679 790/682/677
f 791/983/977 790/682/677 960/984/978
f 960/984/978 790/682/677 959/680/675
f 960/984/978 959/680/675 22/606/601
f 623/686/681 624/985/979 26/599/591
f 26/599/591 624/985/979 625/986/980
f 26/599/591 625/986/980 626/695/690
f 626/695/690 625/986/980 795/693/688
f 623/686/681 793/688/683 624/985/979
f 624/985/979 793/688/683 794/987/981
f 624/985/979 794/987/981 625/986/980
f 625/986/980 794/987/981 795/693/688
f 628/697/692 627/696/691 797/988/982
f 797/988/982 627/696/691 796/694/689
f 797/988/982 796/694/689 966/989/983
f 966/989/983 796/694/689 965/692/687
f 966/989/983 965/692/687 22/606/601
f 629/698/693 630/990/984 26/599/591
f 26/599/591 630/990/984 631/991/985
f 26/599/591 631/991/985 632/707/702
f 632/707/702 631/991/985 801/705/700
f 629/698/693 799/700/695 630/990/984
f 630/990/984 799/700/695 800/992/986
f 630/990/984 800/992/986 631/991/985
f 631/991/985 800/992/986 801/705/700
f 634/709/704 633/708/703 803/993/987
f 803/993/987 633/708/703 802/706/701
f 803/993/987 802/706/701 972/994/988
f 972/994/988 802/706/701 971/704/699
f 972/994/988 971/704/699 22/606/601
f 635/710/705 636/995/989 26/599/591
f 26/599/591 636/995/989 637/996/990
f 26/599/591 637/996/990 638/719/714
f 638/719/714 637/996/990 807/717/712
f 635/710/705 805/712/707 636/995/989
f 636/995/989 805/712/707 806/997/991
f 636/995/989 806/997/991 637/996/990
f 637/996/990 806/997/991 807/717/712
f 640/721/716 639/720/715 809/998/992
f 809/998/992 639/720/715 808/718/713
f 809/998/992 808/718/713 978/999/993
f 978/999/993 808/718/713 977/716/711
f 978/999/993 977/716/711 22/606/601
f 641/722/717 642/1000/994 26/599/591
f 26/599/591 642/1000/994 643/1001/995
f 26/599/591 643/1001/995 644/731/726
f 644/731/726 643/1001/995 813/729/724
f 641/722/717 811/724/719 642/1000/994
f 642/1000/994 811/724/719 812/1002/996
f 642/1000/994 812/1002/996 643/1001/995
f 643/1001/995 812/1002/996 813/729/724
f 646/733/728 645/732/727 815/1003/997
f 815/1003/997 645/732/727 814/730/725
f 815/1003/997 814/730/725 984/1004/998
f 984/1004/998 814/730/725 983/728/723
f 984/1004/998 983/728/723 22/606/601
f 647/734/729 648/1005/999 26/599/591
f 26/599/591 648/1005/999 649/1006/1000
f 26/599/591 649/1006/1000 650/743/738
f 650/743/738 649/1006/1000 819/741/736
f 647/734/729 817/736/731 648/1005/999
f 648/1005/999 817/736/731 818/1007/1001
f 648/1005/999 818/1007/1001 649/1006/1000
f 649/1006/1000 818/1007/1001 819/741/736
f 652/745/740 651/744/739 821/1008/1002
f 821/1008/1002 651/744/739 820/742/737
f 821/1008/1002 820/742/737 990/1009/1003
f 990/1009/1003 820/742/737 989/740/735
f 990/1009/1003 989/740/735 22/606/601
f 653/746/741 654/1010/1004 26/599/591
f 26/599/591 654/1010/1004 655/1011/1005
f 26/599/591 655/1011/1005 656/755/750
f 656/755/750 655/1011/1005 825/753/748
f 653/746/741 823/748/743 654/1010/1004
f 654/1010/1004 823/748/743 824/1012/1006
f 654/1010/1004 824/1012/1006 655/1011/1005
f 655/1011/1005 824/1012/1006 825/753/748
f 658/757/752 657/756/751 827/1013/1007
f 827/1013/1007 657/756/751 826/754/749
f 827/1013/1007 826/754/749 996/1014/1008
f 996/1014/1008 826/754/749 995/752/747
f 996/1014/1008 995/752/747 22/606/601
f 659/758/753 660/1015/1009 26/599/591
f 26/599/591 660/1015/1009 661/1016/1010
f 26/599/591 661/1016/1010 662/767/762
f 662/767/762 661/1016/1010 831/765/760
f 659/758/753 829/760/755 660/1015/1009
f 660/1015/1009 829/760/755 830/1017/1011
f 660/1015/1009 830/1017/1011 661/1016/1010
f 661/1016/1010 830/1017/1011 831/765/760
f 834/772/766 664/770/764 833/947/941
f 665/771/765 666/1018/1012 574/769/592
f 574/769/592 666/1018/1012 667/1019/1013
f 574/769/592 667/1019/1013 668/781/775
f 668/781/775 667/1019/1013 837/779/773
f 665/771/765 835/773/767 666/1018/1012
f 666/1018/1012 835/773/767 836/1020/1014
f 666/1018/1012 836/1020/1014 667/1019/1013
f 667/1019/1013 836/1020/1014 837/779/773
f 670/783/777 669/782/776 839/1021/1015
f 839/1021/1015 669/782/776 838/780/774
f 839/1021/1015 838/780/774 1008/1022/1016
f 1008/1022/1016 838/780/774 1007/778/772
f 1008/1022/1016 1007/778/772 575/776/770
f 671/784/778 672/1023/1017 574/769/592
f 574/769/592 672/1023/1017 673/1024/1018
f 574/769/592 673/1024/1018 674/793/787
f 674/793/787 673/1024/1018 843/791/785
f 671/784/778 841/786/780 672/1023/1017
f 672/1023/1017 841/786/780 842/1025/1019
f 672/1023/1017 842/1025/1019 673/1024/1018
f 673/1024/1018 842/1025/1019 843/791/785
f 676/795/789 675/794/788 845/1026/1020
f 845/1026/1020 675/794/788 844/792/786
f 845/1026/1020 844/792/786 1014/1027/1021
f 1014/1027/1021 844/792/786 1013/790/784
f 1014/1027/1021 1013/790/784 575/776/770
f 677/796/790 678/1028/1022 574/769/592
f 574/769/592 678/1028/1022 679/1029/1023
f 574/769/592 679/1029/1023 680/805/799
f 680/805/799 679/1029/1023 849/803/797
f 677/796/790 847/798/792 678/1028/1022
f 678/1028/1022 847/798/792 848/1030/1024
f 678/1028/1022 848/1030/1024 679/1029/1023
f 679/1029/1023 848/1030/1024 849/803/797
f 682/807/801 681/806/800 851/1031/1025
f 851/1031/1025 681/806/800 850/804/798
f 851/1031/1025 850/804/798 1020/1032/1026
f 1020/1032/1026 850/804/798 1019/802/796
f 1020/1032/1026 1019/802/796 575/776/770
f 683/808/802 684/1033/1027 574/769/592
f 574/769/592 684/1033/1027 685/1034/1028
f 574/769/592 685/1034/1028 686/817/811
f 686/817/811 685/1034/1028 855/815/809
f 683/808/802 853/810/804 684/1033/1027
f 684/1033/1027 853/810/804 854/1035/1029
f 684/1033/1027 854/1035/1029 685/1034/1028
f 685/1034/1028 854/1035/1029 855/815/809
f 688/819/813 687/818/812 857/1036/1030
f 857/1036/1030 687/818/812 856/816/810
f 857/1036/1030 856/816/810 1026/1037/1031
f 1026/1037/1031 856/816/810 1025/814/808
f 1026/1037/1031 1025/814/808 575/776/770
f 689/820/814 690/1038/1032 574/769/592
f 574/769/592 690/1038/1032 691/1039/1033
f 574/769/592 691/1039/1033 692/829/823
f 692/829/823 691/1039/1033 861/827/821
f 689/820/814 859/822/816 690/1038/1032
f 690/1038/1032 859/822/816 860/1040/1034
f 690/1038/1032 860/1040/1034 691/1039/1033
f 691/1039/1033 860/1040/1034 861/827/821
f 694/831/825 693/830/824 863/1041/1035
f 863/1041/1035 693/830/824 862/828/822
f 863/1041/1035 862/828/822 1032/1042/1036
f 1032/1042/1036 862/828/822 1031/826/820
f 1032/1042/1036 1031/826/820 575/776/770
f 695/832/826 696/1043/1037 574/769/592
f 574/769/592 696/1043/1037 697/1044/1038
f 574/769/592 697/1044/1038 698/841/835
f 698/841/835 697/1044/1038 867/839/833
f 695/832/826 865/834/828 696/1043/1037
f 696/1043/1037 865/834/828 866/1045/1039
f 696/1043/1037 866/1045/1039 697/1044/1038
f 697/1044/1038 866/1045/1039 867/839/833
f 700/843/837 699/842/836 869/1046/1040
f 869/1046/1040 699/842/836 868/840/834
f 869/1046/1040 868/840/834 1038/1047/1041
f 1038/1047/1041 868/840/834 1037/838/832
f 1038/1047/1041 1037/838/832 575/776/770
f 701/844/838 702/1048/1042 574/769/592
f 574/769/592 702/1048/1042 703/1049/1043
f 574/769/592 703/1049/1043 704/853/847
f 704/853/847 703/1049/1043 873/851/845
f 701/844/838 871/846/840 702/1048/1042
f 702/1048/1042 871/846/840 872/1050/1044
f 702/1048/1042 872/1050/1044 703/1049/1043
f 703/1049/1043 872/1050/1044 873/851/845
f 706/855/849 705/854/848 875/1051/1045
f 875/1051/1045 705/854/848 874/852/846
f 875/1051/1045 874/852/846 1044/1052/1046
f 1044/1052/1046 874/852/846 1043/850/844
f 1044/1052/1046 1043/850/844 575/776/770
f 707/856/850 708/1053/1047 574/769/592
f 574/769/592 708/1053/1047 709/1054/1048
f 574/769/592 709/1054/1048 710/865/859
f 710/865/859 709/1054/1048 879/863/857
f 707/856/850 877/858/852 708/1053/1047
f 708/1053/1047 877/858/852 878/1055/1049
f 708/1053/1047 878/1055/1049 709/1054/1048
f 709/1054/1048 878/1055/1049 879/863/857
f 712/867/861 711/866/860 881/1056/1050
f 881/1056/1050 711/866/860 880/864/858
f 881/1056/1050 880/864/858 1050/1057/1051
f 1050/1057/1051 880/864/858 1049/862/856
f 1050/1057/1051 1049/862/856 575/776/770
f 713/868/862 714/1058/1052 574/769/592
f 574/769/592 714/1058/1052 715/1059/1053
f 574/769/592 715/1059/1053 716/877/871
f 716/877/871 715/1059/1053 885/875/869
f 713/868/862 883/870/864 714/1058/1052
f 714/1058/1052 883/870/864 884/1060/1054
f 714/1058/1052 884/1060/1054 715/1059/1053
f 715/1059/1053 884/1060/1054 885/875/869
f 718/879/873 717/878/872 887/1061/1055
f 887/1061/1055 717/878/872 886/876/870
f 887/1061/1055 886/876/870 1056/1062/1056
f 1056/1062/1056 886/876/870 1055/874/868
f 1056/1062/1056 1055/874/868 575/776/770
f 719/880/874 720/1063/1057 574/769/592
f 574/769/592 720/1063/1057 721/1064/1058
f 574/769/592 721/1064/1058 722/889/883
f 722/889/883 721/1064/1058 891/887/881
f 719/880/874 889/882/876 720/1063/1057
f 720/1063/1057 889/882/876 890/1065/1059
f 720/1063/1057 890/1065/1059 721/1064/1058
f 721/1064/1058 890/1065/1059 891/887/881
f 724/891/885 723/890/884 893/1066/1060
f 893/1066/1060 723/890/884 892/888/882
f 893/1066/1060 892/888/882 1062/1067/1061
f 1062/1067/1061 892/888/882 1061/886/880
f 1062/1067/1061 1061/886/880 575/776/770
f 725/892/886 726/1068/1062 574/769/592
f 574/769/592 726/1068/1062 727/1069/1063
f 574/769/592 727/1069/1063 728/901/895
f 728/901/895 727/1069/1063 897/899/893
f 725/892/886 895/894/888 726/1068/1062
f 726/1068/1062 895/894/888 896/1070/1064
f 726/1068/1062 896/1070/1064 727/1069/1063
f 727/1069/1063 896/1070/1064 897/899/893
f 730/903/897 729/902/896 899/1071/1065
f 899/1071/1065 729/902/896 898/900/894
f 899/1071/1065 898/900/894 1068/1072/1066
f 1068/1072/1066 898/900/894 1067/898/892
f 1068/1072/1066 1067/898/892 575/776/770
f 731/904/898 732/1073/1067 574/769/592
f 574/769/592 732/1073/1067 733/1074/1068
f 574/769/592 733/1074/1068 734/913/907
f 734/913/907 733/1074/1068 903/911/905
f 731/904/898 901/906/900 732/1073/1067
f 732/1073/1067 901/906/900 902/1075/1069
f 732/1073/1067 902/1075/1069 733/1074/1068
f 733/1074/1068 902/1075/1069 903/911/905
f 736/915/909 735/914/908 905/1076/1070
f 905/1076/1070 735/914/908 904/912/906
f 905/1076/1070 904/912/906 1074/1077/1071
f 1074/1077/1071 904/912/906 1073/910/904
f 1074/1077/1071 1073/910/904 575/776/770
f 737/916/910 738/1078/1072 574/769/592
f 574/769/592 738/1078/1072 739/1079/1073
f 574/769/592 739/1079/1073 740/925/919
f 740/925/919 739/1079/1073 909/923/917
f 737/916/910 907/918/912 738/1078/1072
f 738/1078/1072 907/918/912 908/1080/1074
f 738/1078/1072 908/1080/1074 739/1079/1073
f 739/1079/1073 908/1080/1074 909/923/917
f 742/927/921 741/926/920 911/1081/1075
f 911/1081/1075 741/926/920 910/924/918
f 911/1081/1075 910/924/918 1080/1082/1076
f 1080/1082/1076 910/924/918 1079/922/916
f 1080/1082/1076 1079/922/916 575/776/770
f 743/928/922 744/1083/1077 574/769/592
f 574/769/592 744/1083/1077 745/1084/1078
f 574/769/592 745/1084/1078 746/937/931
f 746/937/931 745/1084/1078 915/935/929
f 743/928/922 913/930/924 744/1083/1077
f 744/1083/1077 913/930/924 914/1085/1079
f 744/1083/1077 914/1085/1079 745/1084/1078
f 745/1084/1078 914/1085/1079 915/935/929
f 580/600/595 749/948/942 750/602/597
f 750/602/597 749/948/942 919/1086/1080
f 750/602/597 919/1086/1080 920/604/599
f 920/604/599 919/1086/1080 22/606/601
f 919/1086/1080 749/948/942 918/949/943
f 922/607/602 753/609/604 752/952/946
f 922/607/602 752/952/946 921/605/600
f 921/605/600 752/952/946 751/603/598
f 586/613/608 755/953/947 756/615/610
f 756/615/610 755/953/947 925/1087/1081
f 756/615/610 925/1087/1081 926/617/612
f 926/617/612 925/1087/1081 22/606/601
f 925/1087/1081 755/953/947 924/954/948
f 928/619/614 759/621/616 758/957/951
f 928/619/614 758/957/951 927/618/613
f 927/618/613 758/957/951 757/616/611
f 592/625/620 761/958/952 762/627/622
f 762/627/622 761/958/952 931/1088/1082
f 762/627/622 931/1088/1082 932/629/624
f 932/629/624 931/1088/1082 22/606/601
f 931/1088/1082 761/958/952 930/959/953
f 934/631/626 765/633/628 764/962/956
f 934/631/626 764/962/956 933/630/625
f 933/630/625 764/962/956 763/628/623
f 598/637/632 767/963/957 768/639/634
f 768/639/634 767/963/957 937/1089/1083
f 768/639/634 937/1089/1083 938/641/636
f 938/641/636 937/1089/1083 22/606/601
f 937/1089/1083 767/963/957 936/964/958
f 940/643/638 771/645/640 770/967/961
f 940/643/638 770/967/961 939/642/637
f 939/642/637 770/967/961 769/640/635
f 604/649/644 773/968/962 774/651/646
f 774/651/646 773/968/962 943/1090/1084
f 774/651/646 943/1090/1084 944/653/648
f 944/653/648 943/1090/1084 22/606/601
f 943/1090/1084 773/968/962 942/969/963
f 946/655/650 777/657/652 776/972/966
f 946/655/650 776/972/966 945/654/649
f 945/654/649 776/972/966 775/652/647
f 610/661/656 779/973/967 780/663/658
f 780/663/658 779/973/967 949/1091/1085
f 780/663/658 949/1091/1085 950/665/660
f 950/665/660 949/1091/1085 22/606/601
f 949/1091/1085 779/973/967 948/974/968
f 952/667/662 783/669/664 782/977/971
f 952/667/662 782/977/971 951/666/661
f 951/666/661 782/977/971 781/664/659
f 616/673/668 785/978/972 786/675/670
f 786/675/670 785/978/972 955/1092/1086
f 786/675/670 955/1092/1086 956/677/672
f 956/677/672 955/1092/1086 22/606/601
f 955/1092/1086 785/978/972 954/979/973
f 958/679/674 789/681/676 788/982/976
f 958/679/674 788/982/976 957/678/673
f 957/678/673 788/982/976 787/676/671
f 622/685/680 791/983/977 792/687/682
f 792/687/682 791/983/977 961/1093/1087
f 792/687/682 961/1093/1087 962/689/684
f 962/689/684 961/1093/1087 22/606/601
f 961/1093/1087 791/983/977 960/984/978
f 964/691/686 795/693/688 794/987/981
f 964/691/686 794/987/981 963/690/685
f 963/690/685 794/987/981 793/688/683
f 628/697/692 797/988/982 798/699/694
f 798/699/694 797/988/982 967/1094/1088
f 798/699/694 967/1094/1088 968/701/696
f 968/701/696 967/1094/1088 22/606/601
f 967/1094/1088 797/988/982 966/989/983
f 970/703/698 801/705/700 800/992/986
f 970/703/698 800/992/986 969/702/697
f 969/702/697 800/992/986 799/700/695
f 634/709/704 803/993/987 804/711/706
f 804/711/706 803/993/987 973/1095/1089
f 804/711/706 973/1095/1089 974/713/708
f 974/713/708 973/1095/1089 22/606/601
f 973/1095/1089 803/993/987 972/994/988
f 976/715/710 807/717/712 806/997/991
f 976/715/710 806/997/991 975/714/709
f 975/714/709 806/997/991 805/712/707
f 640/721/716 809/998/992 810/723/718
f 810/723/718 809/998/992 979/1096/1090
f 810/723/718 979/1096/1090 980/725/720
f 980/725/720 979/1096/1090 22/606/601
f 979/1096/1090 809/998/992 978/999/993
f 982/727/722 813/729/724 812/1002/996
f 982/727/722 812/1002/996 981/726/721
f 981/726/721 812/1002/996 811/724/719
f 646/733/728 815/1003/997 816/735/730
f 816/735/730 815/1003/997 985/1097/1091
f 816/735/730 985/1097/1091 986/737/732
f 986/737/732 985/1097/1091 22/606/601
f 985/1097/1091 815/1003/997 984/1004/998
f 988/739/734 819/741/736 818/1007/1001
f 988/739/734 818/1007/1001 987/738/733
f 987/738/733 818/1007/1001 817/736/731
f 652/745/740 821/1008/1002 822/747/742
f 822/747/742 821/1008/1002 991/1098/1092
f 822/747/742 991/1098/1092 992/749/744
f 992/749/744 991/1098/1092 22/606/601
f 991/1098/1092 821/1008/1002 990/1009/1003
f 994/751/746 825/753/748 824/1012/1006
f 994/751/746 824/1012/1006 993/750/745
f 993/750/745 824/1012/1006 823/748/743
f 658/757/752 827/1013/1007 828/759/754
f 828/759/754 827/1013/1007 997/1099/1093
f 828/759/754 997/1099/1093 998/761/756
f 998/761/756 997/1099/1093 22/606/601
f 997/1099/1093 827/1013/1007 996/1014/1008
f 1000/763/758 831/765/760 830/1017/1011
f 1000/763/758 830/1017/1011 999/762/757
f 999/762/757 830/1017/1011 829/760/755
f 834/772/766 833/947/941 1003/1100/1094
f 1003/1100/1094 833/947/941 1002/946/940
f 1003/1100/1094 1002/946/940 575/776/770
f 1006/777/771 837/779/773 836/1020/1014
f 1006/777/771 836/1020/1014 1005/775/769
f 1005/775/769 836/1020/1014 835/773/767
f 670/783/777 839/1021/1015 840/785/779
f 840/785/779 839/1021/1015 1009/1101/1095
f 840/785/779 1009/1101/1095 1010/787/781
f 1010/787/781 1009/1101/1095 575/776/770
f 1009/1101/1095 839/1021/1015 1008/1022/1016
f 1012/789/783 843/791/785 842/1025/1019
f 1012/789/783 842/1025/1019 1011/788/782
f 1011/788/782 842/1025/1019 841/786/780
f 676/795/789 845/1026/1020 846/797/791
f 846/797/791 845/1026/1020 1015/1102/1096
f 846/797/791 1015/1102/1096 1016/799/793
f 1016/799/793 1015/1102/1096 575/776/770
f 1015/1102/1096 845/1026/1020 1014/1027/1021
f 1018/801/795 849/803/797 848/1030/1024
f 1018/801/795 848/1030/1024 1017/800/794
f 1017/800/794 848/1030/1024 847/798/792
f 682/807/801 851/1031/1025 852/809/803
f 852/809/803 851/1031/1025 1021/1103/1097
f 852/809/803 1021/1103/1097 1022/811/805
f 1022/811/805 1021/1103/1097 575/776/770
f 1021/1103/1097 851/1031/1025 1020/1032/1026
f 1024/813/807 855/815/809 854/1035/1029
f 1024/813/807 854/1035/1029 1023/812/806
f 1023/812/806 854/1035/1029 853/810/804
f 688/819/813 857/1036/1030 858/821/815
f 858/821/815 857/1036/1030 1027/1104/1098
f 858/821/815 1027/1104/1098 1028/823/817
f 1028/823/817 1027/1104/1098 575/776/770
f 1027/1104/1098 857/1036/1030 1026/1037/1031
f 1030/825/819 861/827/821 860/1040/1034
f 1030/825/819 860/1040/1034 1029/824/818
f 1029/824/818 860/1040/1034 859/822/816
f 694/831/825 863/1041/1035 864/833/827
f 864/833/827 863/1041/1035 1033/1105/1099
f 864/833/827 1033/1105/1099 1034/835/829
f 1034/835/829 1033/1105/1099 575/776/770
f 1033/1105/1099 863/1041/1035 1032/1042/1036
f 1036/837/831 867/839/833 866/1045/1039
f 1036/837/831 866/1045/1039 1035/836/830
f 1035/836/830 866/1045/1039 865/834/828
f 700/843/837 869/1046/1040 870/845/839
f 870/845/839 869/1046/1040 1039/1106/1100
f 870/845/839 1039/1106/1100 1040/847/841
f 1040/847/841 1039/1106/1100 575/776/770
f 1039/1106/1100 869/1046/1040 1038/1047/1041
f 1042/849/843 873/851/845 872/1050/1044
f 1042/849/843 872/1050/1044 1041/848/842
f 1041/848/842 872/1050/1044 871/846/840
f 706/855/849 875/1051/1045 876/857/851
f 876/857/851 875/1051/1045 1045/1107/1101
f 876/857/851 1045/1107/1101 1046/859/853
f 1046/859/853 1045/1107/1101 575/776/770
f 1045/1107/1101 875/1051/1045 1044/1052/1046
f 1048/861/855 879/863/857 878/1055/1049
f 1048/861/855 878/1055/1049 1047/860/854
f 1047/860/854 878/1055/1049 877/858/852
f 712/867/861 881/1056/1050 882/869/863
f 882/869/863 881/1056/1050 1051/1108/1102
f 882/869/863 1051/1108/1102 1052/871/865
f 1052/871/865 1051/1108/1102 575/776/770
f 1051/1108/1102 881/1056/1050 1050/1057/1051
f 1054/873/867 885/875/869 884/1060/1054
f 1054/873/867 884/1060/1054 1053/872/866
f 1053/872/866 884/1060/1054 883/870/864
f 718/879/873 887/1061/1055 888/881/875
f 888/881/875 887/1061/1055 1057/1109/1103
f 888/881/875 1057/1109/1103 1058/883/877
f 1058/883/877 1057/1109/1103 575/776/770
f 1057/1109/1103 887/1061/1055 1056/1062/1056
f 1060/885/879 891/887/881 890/1065/1059
f 1060/885/879 890/1065/1059 1059/884/878
f 1059/884/878 890/1065/1059 889/882/876
f 724/891/885 893/1066/1060 894/893/887
f 894/893/887 893/1066/1060 1063/1110/1104
f 894/893/887 1063/1110/1104 1064/895/889
f 1064/895/889 1063/1110/1104 575/776/770
f 1063/1110/1104 893/1066/1060 1062/1067/1061
f 1066/897/891 897/899/893 896/1070/1064
f 1066/897/891 896/1070/1064 1065/896/890
f 1065/896/890 896/1070/1064 895/894/888
f 730/903/897 899/1071/1065 900/905/899
f 900/905/899 899/1071/1065 1069/1111/1105
f 900/905/899 1069/1111/1105 1070/907/901
f 1070/907/901 1069/1111/1105 575/776/770
f 1069/1111/1105 899/1071/1065 1068/1072/1066
f 1072/909/903 903/911/905 902/1075/1069
f 1072/909/903 902/1075/1069 1071/908/902
f 1071/908/902 902/1075/1069 901/906/900
f 736/915/909 905/1076/1070 906/917/911
f 906/917/911 905/1076/1070 1075/1112/1106
f 906/917/911 1075/1112/1106 1076/919/913
f 1076/919/913 1075/1112/1106 575/776/770
f 1075/1112/1106 905/1076/1070 1074/1077/1071
f 1078/921/915 909/923/917 908/1080/1074
f 1078/921/915 908/1080/1074 1077/920/914
f 1077/920/914 908/1080/1074 907/918/912
f 742/927/921 911/1081/1075 912/929/923
f 912/929/923 911/1081/1075 1081/1113/1107
f 912/929/923 1081/1113/1107 1082/931/925
f 1082/931/925 1081/1113/1107 575/776/770
f 1081/1113/1107 911/1081/1075 1080/1082/1076
f 1084/933/927 915/935/929 914/1085/1079
f 1084/933/927 914/1085/1079 1083/932/926
f 1083/932/926 914/1085/1079 913/930/924
f 22/606/601 919/1086/1080 918/949/943
f 22/606/601 925/1087/1081 924/954/948
f 22/606/601 931/1088/1082 930/959/953
f 22/606/601 937/1089/1083 936/964/958
f 22/606/601 943/1090/1084 942/969/963
f 22/606/601 949/1091/1085 948/974/968
f 22/606/601 955/1092/1086 954/979/973
f 22/606/601 961/1093/1087 960/984/978
f 22/606/601 967/1094/1088 966/989/983
f 22/606/601 973/1095/1089 972/994/988
f 22/606/601 979/1096/1090 978/999/993
f 22/606/601 985/1097/1091 984/1004/998
f 22/606/601 991/1098/1092 990/1009/1003
f 22/606/601 997/1099/1093 996/1014/1008
f 575/776/770 1004/774/768 1003/1100/1094
f 1003/1100/1094 1004/774/768 834/772/766
f 575/776/770 1009/1101/1095 1008/1022/1016
f 575/776/770 1015/1102/1096 1014/1027/1021
f 575/776/770 1021/1103/1097 1020/1032/1026
f 575/776/770 1027/1104/1098 1026/1037/1031
f 575/776/770 1033/1105/1099 1032/1042/1036
f 575/776/770 1039/1106/1100 1038/1047/1041
f 575/776/770 1045/1107/1101 1044/1052/1046
f 575/776/770 1051/1108/1102 1050/1057/1051
f 575/776/770 1057/1109/1103 1056/1062/1056
f 575/776/770 1063/1110/1104 1062/1067/1061
f 575/776/770 1069/1111/1105 1068/1072/1066
f 575/776/770 1075/1112/1106 1074/1077/1071
f 575/776/770 1081/1113/1107 1080/1082/1076
f 22/1114/601 21/1115/1108 575/1116/770
f 575/1116/770 21/1115/1108 1086/1117/1109
f 20/1118/1110 1093/1119/1111 21/1120/1108
f 21/1120/1108 1093/1119/1111 1094/1121/1112
f 21/1120/1108 1094/1121/1112 1095/1122/1113
f 1095/1122/1113 1094/1121/1112 1123/1123/1114
f 1095/1122/1113 1123/1123/1114 1124/1124/1115
f 1124/1124/1115 1123/1123/1114 1152/1125/1116
f 1124/1124/1115 1152/1125/1116 1153/1126/1117
f 1153/1126/1117 1152/1125/1116 1181/1127/1118
f 1153/1126/1117 1181/1127/1118 1182/1128/1119
f 1182/1128/1119 1181/1127/1118 1210/1129/1120
f 1182/1128/1119 1210/1129/1120 1211/1130/1121
f 1211/1130/1121 1210/1129/1120 15/1131/1122
f 1211/1130/1121 15/1131/1122 1212/1132/1123
f 1212/1132/1123 15/1131/1122 1213/1133/1124
f 1212/1132/1123 1213/1133/1124 1184/1134/1125
f 1184/1134/1125 1213/1133/1124 1185/1135/1126
f 1184/1134/1125 1185/1135/1126 1156/1136/1127
f 1156/1136/1127 1185/1135/1126 1157/1137/1128
f 1156/1136/1127 1157/1137/1128 1128/1138/1129
f 1128/1138/1129 1157/1137/1128 1129/1139/1130
f 1128/1138/1129 1129/1139/1130 1100/1140/1131
f 1100/1140/1131 1129/1139/1130 1101/1141/1132
f 1100/1140/1131 1101/1141/1132 21/1120/1108
f 21/1120/1108 1101/1141/1132 1102/1142/1133
f 21/1120/1108 1102/1142/1133 1103/1143/1134
f 1103/1143/1134 1102/1142/1133 1131/1144/1135
f 1103/1143/1134 1131/1144/1135 1132/1145/1136
f 1132/1145/1136 1131/1144/1135 1160/1146/1137
f 1132/1145/1136 1160/1146/1137 1161/1147/1138
f 1161/1147/1138 1160/1146/1137 1189/1148/1139
f 1161/1147/1138 1189/1148/1139 1190/1149/1140
f 1190/1149/1140 1189/1148/1139 1218/1150/1141
f 1190/1149/1140 1218/1150/1141 1219/1151/1142
f 1219/1151/1142 1218/1150/1141 1087/1152/1143
f 1219/1151/1142 1087/1152/1143 1220/1153/1144
f 1220/1153/1144 1087/1152/1143 1221/1154/1145
f 1220/1153/1144 1221/1154/1145 1192/1155/1146
f 1192/1155/1146 1221/1154/1145 1193/1156/1147
f 1192/1155/1146 1193/1156/1147 1164/1157/1148
f 1164/1157/1148 1193/1156/1147 1165/1158/1149
f 1164/1157/1148 1165/1158/1149 1136/1159/1150
f 1136/1159/1150 1165/1158/1149 1137/1160/1151
f 1136/1159/1150 1137/1160/1151 1108/1161/1152
f 1108/1161/1152 1137/1160/1151 1109/1162/1153
f 1108/1161/1152 1109/1162/1153 1086/1163/1109
f 1086/1163/1109 1109/1162/1153 1110/1164/1154
f 1086/1163/1109 1110/1164/1154 1111/1165/1155
f 1111/1165/1155 1110/1164/1154 1139/1166/1156
f 1111/1165/1155 1139/1166/1156 1140/1167/1157
f 1140/1167/1157 1139/1166/1156 1168/1168/1158
f 1140/1167/1157 1168/1168/1158 1169/1169/1159
f 1169/1169/1159 1168/1168/1158 1197/1170/1160
f 1169/1169/1159 1197/1170/1160 1198/1171/1161
f 1198/1171/1161 1197/1170/1160 1226/1172/1162
f 1198/1171/1161 1226/1172/1162 1227/1173/1163
f 1227/1173/1163 1226/1172/1162 1087/1152/1143
f 1227/1173/1163 1087/1152/1143 1228/1174/1164
f 1228/1174/1164 1087/1152/1143 1229/1175/1165
f 1228/1174/1164 1229/1175/1165 1200/1176/1166
f 1200/1176/1166 1229/1175/1165 1201/1177/1167
f 1200/1176/1166 1201/1177/1167 1172/1178/1168
f 1172/1178/1168 1201/1177/1167 1173/1179/1169
f 1172/1178/1168 1173/1179/1169 1144/1180/1170
f 1144/1180/1170 1173/1179/1169 1145/1181/1171
f 1144/1180/1170 1145/1181/1171 1116/1182/1172
f 1116/1182/1172 1145/1181/1171 1117/1183/1173
f 1116/1182/1172 1117/1183/1173 1086/1163/1109
f 1086/1163/1109 1117/1183/1173 1118/1184/1174
f 1086/1163/1109 1118/1184/1174 1119/1185/1175
f 1119/1185/1175 1118/1184/1174 1147/1186/1176
f 1119/1185/1175 1147/1186/1176 1148/1187/1177
f 1148/1187/1177 1147/1186/1176 1176/1188/1178
f 1148/1187/1177 1176/1188/1178 1090/1189/1179
f 1090/1189/1179 1176/1188/1178 1089/1190/1180
f 1089/1190/1180 1176/1188/1178 1204/1191/1181
f 1089/1190/1180 1204/1191/1181 1088/1192/1182
f 1088/1192/1182 1204/1191/1181 1232/1193/1183
f 1088/1192/1182 1232/1193/1183 1087/1152/1143
f 1087/1152/1143 1232/1193/1183 1231/1194/1184
f 1087/1152/1143 1231/1194/1184 1230/1195/1185
f 1230/1195/1185 1231/1194/1184 1202/1196/1186
f 1230/1195/1185 1202/1196/1186 1201/1177/1167
f 1201/1177/1167 1202/1196/1186 1173/1179/1169
f 1093/1119/1111 20/1118/1110 1121/1197/1187
f 1121/1197/1187 20/1118/1110 19/1198/1188
f 1121/1197/1187 19/1198/1188 1149/1199/1189
f 1149/1199/1189 19/1198/1188 18/1200/1190
f 1149/1199/1189 18/1200/1190 1177/1201/1191
f 1177/1201/1191 18/1200/1190 17/1202/1192
f 1177/1201/1191 17/1202/1192 1205/1203/1193
f 1205/1203/1193 17/1202/1192 16/1204/1194
f 1205/1203/1193 16/1204/1194 15/1131/1122
f 1087/1152/1143 1218/1150/1141 15/1131/1122
f 15/1131/1122 1218/1150/1141 1217/1205/1195
f 15/1131/1122 1217/1205/1195 1216/1206/1196
f 1216/1206/1196 1217/1205/1195 1188/1207/1197
f 1216/1206/1196 1188/1207/1197 1187/1208/1198
f 1187/1208/1198 1188/1207/1197 1159/1209/1199
f 1187/1208/1198 1159/1209/1199 1158/1210/1200
f 1158/1210/1200 1159/1209/1199 1130/1211/1201
f 1158/1210/1200 1130/1211/1201 1129/1139/1130
f 1129/1139/1130 1130/1211/1201 1101/1141/1132
f 1090/1189/1179 1091/1212/1202 1148/1187/1177
f 1148/1187/1177 1091/1212/1202 1120/1213/1203
f 1148/1187/1177 1120/1213/1203 1119/1185/1175
f 1119/1185/1175 1120/1213/1203 1086/1163/1109
f 1091/1212/1202 1092/1214/1204 1120/1213/1203
f 1120/1213/1203 1092/1214/1204 1086/1163/1109
f 1108/1161/1152 1086/1163/1109 1107/1215/1205
f 1107/1215/1205 1086/1163/1109 21/1120/1108
f 1107/1215/1205 21/1120/1108 1106/1216/1206
f 1106/1216/1206 21/1120/1108 1105/1217/1207
f 1106/1216/1206 1105/1217/1207 1134/1218/1208
f 1134/1218/1208 1105/1217/1207 1133/1219/1209
f 1134/1218/1208 1133/1219/1209 1162/1220/1210
f 1162/1220/1210 1133/1219/1209 1161/1147/1138
f 1162/1220/1210 1161/1147/1138 1190/1149/1140
f 1094/1121/1112 1093/1119/1111 1122/1221/1211
f 1122/1221/1211 1093/1119/1111 1121/1197/1187
f 1122/1221/1211 1121/1197/1187 1150/1222/1212
f 1150/1222/1212 1121/1197/1187 1149/1199/1189
f 1150/1222/1212 1149/1199/1189 1178/1223/1213
f 1178/1223/1213 1149/1199/1189 1177/1201/1191
f 1178/1223/1213 1177/1201/1191 1206/1224/1214
f 1206/1224/1214 1177/1201/1191 1205/1203/1193
f 1206/1224/1214 1205/1203/1193 15/1131/1122
f 1095/1122/1113 1096/1225/1215 21/1120/1108
f 21/1120/1108 1096/1225/1215 1097/1226/1216
f 21/1120/1108 1097/1226/1216 1098/1227/1217
f 1098/1227/1217 1097/1226/1216 1126/1228/1218
f 1098/1227/1217 1126/1228/1218 1127/1229/1219
f 1127/1229/1219 1126/1228/1218 1155/1230/1220
f 1127/1229/1219 1155/1230/1220 1156/1136/1127
f 1156/1136/1127 1155/1230/1220 1184/1134/1125
f 1095/1122/1113 1124/1124/1115 1096/1225/1215
f 1096/1225/1215 1124/1124/1115 1125/1231/1221
f 1096/1225/1215 1125/1231/1221 1097/1226/1216
f 1097/1226/1216 1125/1231/1221 1126/1228/1218
f 1100/1140/1131 21/1120/1108 1099/1232/1222
f 1099/1232/1222 21/1120/1108 1098/1227/1217
f 1099/1232/1222 1098/1227/1217 1127/1229/1219
f 1128/1138/1129 1100/1140/1131 1099/1232/1222
f 1128/1138/1129 1099/1232/1222 1127/1229/1219
f 1131/1144/1135 1102/1142/1133 1130/1211/1201
f 1130/1211/1201 1102/1142/1133 1101/1141/1132
f 1105/1217/1207 21/1120/1108 1104/1233/1223
f 1104/1233/1223 21/1120/1108 1103/1143/1134
f 1104/1233/1223 1103/1143/1134 1132/1145/1136
f 1133/1219/1209 1105/1217/1207 1104/1233/1223
f 1133/1219/1209 1104/1233/1223 1132/1145/1136
f 1136/1159/1150 1108/1161/1152 1107/1215/1205
f 1107/1215/1205 1106/1216/1206 1135/1234/1224
f 1135/1234/1224 1106/1216/1206 1134/1218/1208
f 1135/1234/1224 1134/1218/1208 1163/1235/1225
f 1163/1235/1225 1134/1218/1208 1162/1220/1210
f 1163/1235/1225 1162/1220/1210 1191/1236/1226
f 1191/1236/1226 1162/1220/1210 1190/1149/1140
f 1191/1236/1226 1190/1149/1140 1219/1151/1142
f 1110/1164/1154 1109/1162/1153 1138/1237/1227
f 1138/1237/1227 1109/1162/1153 1137/1160/1151
f 1138/1237/1227 1137/1160/1151 1166/1238/1228
f 1166/1238/1228 1137/1160/1151 1165/1158/1149
f 1166/1238/1228 1165/1158/1149 1194/1239/1229
f 1194/1239/1229 1165/1158/1149 1193/1156/1147
f 1194/1239/1229 1193/1156/1147 1222/1240/1230
f 1222/1240/1230 1193/1156/1147 1221/1154/1145
f 1222/1240/1230 1221/1154/1145 1087/1152/1143
f 1111/1165/1155 1112/1241/1231 1086/1163/1109
f 1086/1163/1109 1112/1241/1231 1113/1242/1232
f 1086/1163/1109 1113/1242/1232 1114/1243/1233
f 1114/1243/1233 1113/1242/1232 1142/1244/1234
f 1114/1243/1233 1142/1244/1234 1143/1245/1235
f 1143/1245/1235 1142/1244/1234 1171/1246/1236
f 1143/1245/1235 1171/1246/1236 1172/1178/1168
f 1172/1178/1168 1171/1246/1236 1200/1176/1166
f 1111/1165/1155 1140/1167/1157 1112/1241/1231
f 1112/1241/1231 1140/1167/1157 1141/1247/1237
f 1112/1241/1231 1141/1247/1237 1113/1242/1232
f 1113/1242/1232 1141/1247/1237 1142/1244/1234
f 1116/1182/1172 1086/1163/1109 1115/1248/1238
f 1115/1248/1238 1086/1163/1109 1114/1243/1233
f 1115/1248/1238 1114/1243/1233 1143/1245/1235
f 1144/1180/1170 1116/1182/1172 1115/1248/1238
f 1144/1180/1170 1115/1248/1238 1143/1245/1235
f 1118/1184/1174 1117/1183/1173 1146/1249/1239
f 1146/1249/1239 1117/1183/1173 1145/1181/1171
f 1146/1249/1239 1145/1181/1171 1174/1250/1240
f 1174/1250/1240 1145/1181/1171 1173/1179/1169
f 1174/1250/1240 1173/1179/1169 1202/1196/1186
f 1094/1121/1112 1122/1221/1211 1123/1123/1114
f 1123/1123/1114 1122/1221/1211 1151/1251/1241
f 1123/1123/1114 1151/1251/1241 1152/1125/1116
f 1152/1125/1116 1151/1251/1241 1180/1252/1242
f 1152/1125/1116 1180/1252/1242 1181/1127/1118
f 1181/1127/1118 1180/1252/1242 1209/1253/1243
f 1181/1127/1118 1209/1253/1243 1210/1129/1120
f 1210/1129/1120 1209/1253/1243 15/1131/1122
f 1151/1251/1241 1122/1221/1211 1150/1222/1212
f 1124/1124/1115 1153/1126/1117 1125/1231/1221
f 1125/1231/1221 1153/1126/1117 1154/1254/1244
f 1125/1231/1221 1154/1254/1244 1126/1228/1218
f 1126/1228/1218 1154/1254/1244 1155/1230/1220
f 1156/1136/1127 1128/1138/1129 1127/1229/1219
f 1158/1210/1200 1129/1139/1130 1157/1137/1128
f 1160/1146/1137 1131/1144/1135 1159/1209/1199
f 1159/1209/1199 1131/1144/1135 1130/1211/1201
f 1161/1147/1138 1133/1219/1209 1132/1145/1136
f 1164/1157/1148 1136/1159/1150 1135/1234/1224
f 1135/1234/1224 1136/1159/1150 1107/1215/1205
f 1164/1157/1148 1135/1234/1224 1163/1235/1225
f 1110/1164/1154 1138/1237/1227 1139/1166/1156
f 1139/1166/1156 1138/1237/1227 1167/1255/1245
f 1139/1166/1156 1167/1255/1245 1168/1168/1158
f 1168/1168/1158 1167/1255/1245 1196/1256/1246
f 1168/1168/1158 1196/1256/1246 1197/1170/1160
f 1197/1170/1160 1196/1256/1246 1225/1257/1247
f 1197/1170/1160 1225/1257/1247 1226/1172/1162
f 1226/1172/1162 1225/1257/1247 1087/1152/1143
f 1167/1255/1245 1138/1237/1227 1166/1238/1228
f 1140/1167/1157 1169/1169/1159 1141/1247/1237
f 1141/1247/1237 1169/1169/1159 1170/1258/1248
f 1141/1247/1237 1170/1258/1248 1142/1244/1234
f 1142/1244/1234 1170/1258/1248 1171/1246/1236
f 1172/1178/1168 1144/1180/1170 1143/1245/1235
f 1118/1184/1174 1146/1249/1239 1147/1186/1176
f 1147/1186/1176 1146/1249/1239 1175/1259/1249
f 1147/1186/1176 1175/1259/1249 1176/1188/1178
f 1176/1188/1178 1175/1259/1249 1204/1191/1181
f 1175/1259/1249 1146/1249/1239 1174/1250/1240
f 1151/1251/1241 1150/1222/1212 1179/1260/1250
f 1179/1260/1250 1150/1222/1212 1178/1223/1213
f 1179/1260/1250 1178/1223/1213 1207/1261/1251
f 1207/1261/1251 1178/1223/1213 1206/1224/1214
f 1207/1261/1251 1206/1224/1214 15/1131/1122
f 1153/1126/1117 1182/1128/1119 1154/1254/1244
f 1154/1254/1244 1182/1128/1119 1183/1262/1252
f 1154/1254/1244 1183/1262/1252 1155/1230/1220
f 1155/1230/1220 1183/1262/1252 1184/1134/1125
f 1158/1210/1200 1157/1137/1128 1186/1263/1253
f 1186/1263/1253 1157/1137/1128 1185/1135/1126
f 1186/1263/1253 1185/1135/1126 1214/1264/1254
f 1214/1264/1254 1185/1135/1126 1213/1133/1124
f 1214/1264/1254 1213/1133/1124 15/1131/1122
f 1189/1148/1139 1160/1146/1137 1188/1207/1197
f 1188/1207/1197 1160/1146/1137 1159/1209/1199
f 1192/1155/1146 1164/1157/1148 1163/1235/1225
f 1192/1155/1146 1163/1235/1225 1191/1236/1226
f 1167/1255/1245 1166/1238/1228 1195/1265/1255
f 1195/1265/1255 1166/1238/1228 1194/1239/1229
f 1195/1265/1255 1194/1239/1229 1223/1266/1256
f 1223/1266/1256 1194/1239/1229 1222/1240/1230
f 1223/1266/1256 1222/1240/1230 1087/1152/1143
f 1169/1169/1159 1198/1171/1161 1170/1258/1248
f 1170/1258/1248 1198/1171/1161 1199/1267/1257
f 1170/1258/1248 1199/1267/1257 1171/1246/1236
f 1171/1246/1236 1199/1267/1257 1200/1176/1166
f 1175/1259/1249 1174/1250/1240 1203/1268/1258
f 1203/1268/1258 1174/1250/1240 1202/1196/1186
f 1203/1268/1258 1202/1196/1186 1231/1194/1184
f 1151/1251/1241 1179/1260/1250 1180/1252/1242
f 1180/1252/1242 1179/1260/1250 1208/1269/1259
f 1180/1252/1242 1208/1269/1259 1209/1253/1243
f 1209/1253/1243 1208/1269/1259 15/1131/1122
f 1208/1269/1259 1179/1260/1250 1207/1261/1251
f 1212/1132/1123 1184/1134/1125 1183/1262/1252
f 1212/1132/1123 1183/1262/1252 1211/1130/1121
f 1211/1130/1121 1183/1262/1252 1182/1128/1119
f 1158/1210/1200 1186/1263/1253 1187/1208/1198
f 1187/1208/1198 1186/1263/1253 1215/1270/1260
f 1187/1208/1198 1215/1270/1260 1216/1206/1196
f 1216/1206/1196 1215/1270/1260 15/1131/1122
f 1215/1270/1260 1186/1263/1253 1214/1264/1254
f 1218/1150/1141 1189/1148/1139 1217/1205/1195
f 1217/1205/1195 1189/1148/1139 1188/1207/1197
f 1220/1153/1144 1192/1155/1146 1191/1236/1226
f 1220/1153/1144 1191/1236/1226 1219/1151/1142
f 1167/1255/1245 1195/1265/1255 1196/1256/1246
f 1196/1256/1246 1195/1265/1255 1224/1271/1261
f 1196/1256/1246 1224/1271/1261 1225/1257/1247
f 1225/1257/1247 1224/1271/1261 1087/1152/1143
f 1224/1271/1261 1195/1265/1255 1223/1266/1256
f 1228/1174/1164 1200/1176/1166 1199/1267/1257
f 1228/1174/1164 1199/1267/1257 1227/1173/1163
f 1227/1173/1163 1199/1267/1257 1198/1171/1161
f 1230/1195/1185 1201/1177/1167 1229/1175/1165
f 1232/1193/1183 1204/1191/1181 1203/1268/1258
f 1203/1268/1258 1204/1191/1181 1175/1259/1249
f 1232/1193/1183 1203/1268/1258 1231/1194/1184
f 15/1131/1122 1208/1269/1259 1207/1261/1251
f 15/1131/1122 1215/1270/1260 1214/1264/1254
f 1087/1152/1143 1224/1271/1261 1223/1266/1256
f 1087/1152/1143 1230/1195/1185 1229/1175/1165
f 15/1272/1122 14/1273/1262 1087/1274/1143
f 1087/1274/1143 14/1273/1262 1233/1275/1263
f 13/1276/1264 1238/1277/1265 14/1278/1262
f 14/1278/1262 1238/1277/1265 1239/1279/1266
f 14/1278/1262 1239/1279/1266 1240/1280/1267
f 1240/1280/1267 1239/1279/1266 1273/1281/1268
f 1240/1280/1267 1273/1281/1268 1274/1282/1269
f 1274/1282/1269 1273/1281/1268 1307/1283/1270
f 1274/1282/1269 1307/1283/1270 1308/1284/1271
f 1308/1284/1271 1307/1283/1270 10/1285/1272
f 1308/1284/1271 10/1285/1272 1309/1286/1273
f 1309/1286/1273 10/1285/1272 1310/1287/1274
f 1309/1286/1273 1310/1287/1274 1276/1288/1275
f 1276/1288/1275 1310/1287/1274 1277/1289/1276
f 1276/1288/1275 1277/1289/1276 1243/1290/1277
f 1243/1290/1277 1277/1289/1276 1244/1291/1278
f 1243/1290/1277 1244/1291/1278 14/1278/1262
f 14/1278/1262 1244/1291/1278 1245/1292/1279
f 14/1278/1262 1245/1292/1279 1246/1293/1280
f 1246/1293/1280 1245/1292/1279 1279/1294/1281
f 1246/1293/1280 1279/1294/1281 1280/1295/1282
f 1280/1295/1282 1279/1294/1281 1313/1296/1283
f 1280/1295/1282 1313/1296/1283 1314/1297/1284
f 1314/1297/1284 1313/1296/1283 10/1285/1272
f 1314/1297/1284 10/1285/1272 1315/1298/1285
f 1315/1298/1285 10/1285/1272 1316/1299/1286
f 1315/1298/1285 1316/1299/1286 1282/1300/1287
f 1282/1300/1287 1316/1299/1286 1283/1301/1288
f 1282/1300/1287 1283/1301/1288 1249/1302/1289
f 1249/1302/1289 1283/1301/1288 1250/1303/1290
f 1249/1302/1289 1250/1303/1290 14/1278/1262
f 14/1278/1262 1250/1303/1290 1251/1304/1291
f 14/1278/1262 1251/1304/1291 1252/1305/1292
f 1252/1305/1292 1251/1304/1291 1285/1306/1293
f 1252/1305/1292 1285/1306/1293 1286/1307/1294
f 1286/1307/1294 1285/1306/1293 1319/1308/1295
f 1286/1307/1294 1319/1308/1295 1320/1309/1296
f 1320/1309/1296 1319/1308/1295 10/1285/1272
f 1320/1309/1296 10/1285/1272 1234/1310/1297
f 1238/1277/1265 13/1276/1264 1271/1311/1298
f 1271/1311/1298 13/1276/1264 12/1312/1299
f 1271/1311/1298 12/1312/1299 1304/1313/1300
f 1304/1313/1300 12/1312/1299 11/1314/1301
f 1304/1313/1300 11/1314/1301 10/1285/1272
f 1235/1315/1302 1336/1316/1303 1234/1310/1297
f 1234/1310/1297 1336/1316/1303 1335/1317/1304
f 1234/1310/1297 1335/1317/1304 1334/1318/1305
f 1334/1318/1305 1335/1317/1304 1301/1319/1306
f 1334/1318/1305 1301/1319/1306 1300/1320/1307
f 1300/1320/1307 1301/1319/1306 1267/1321/1308
f 1300/1320/1307 1267/1321/1308 1266/1322/1309
f 1266/1322/1309 1267/1321/1308 1233/1323/1263
f 1266/1322/1309 1233/1323/1263 1265/1324/1310
f 1265/1324/1310 1233/1323/1263 1264/1325/1311
f 1265/1324/1310 1264/1325/1311 1298/1326/1312
f 1298/1326/1312 1264/1325/1311 1297/1327/1313
f 1298/1326/1312 1297/1327/1313 1331/1328/1314
f 1331/1328/1314 1297/1327/1313 1330/1329/1315
f 1331/1328/1314 1330/1329/1315 1234/1310/1297
f 1234/1310/1297 1330/1329/1315 1329/1330/1316
f 1234/1310/1297 1329/1330/1316 1328/1331/1317
f 1328/1331/1317 1329/1330/1316 1295/1332/1318
f 1328/1331/1317 1295/1332/1318 1294/1333/1319
f 1294/1333/1319 1295/1332/1318 1261/1334/1320
f 1294/1333/1319 1261/1334/1320 1260/1335/1321
f 1260/1335/1321 1261/1334/1320 1233/1323/1263
f 1260/1335/1321 1233/1323/1263 1259/1336/1322
f 1259/1336/1322 1233/1323/1263 1258/1337/1323
f 1259/1336/1322 1258/1337/1323 1292/1338/1324
f 1292/1338/1324 1258/1337/1323 1291/1339/1325
f 1292/1338/1324 1291/1339/1325 1325/1340/1326
f 1325/1340/1326 1291/1339/1325 1324/1341/1327
f 1325/1340/1326 1324/1341/1327 1234/1310/1297
f 1234/1310/1297 1324/1341/1327 1323/1342/1328
f 1234/1310/1297 1323/1342/1328 1322/1343/1329
f 1322/1343/1329 1323/1342/1328 1289/1344/1330
f 1322/1343/1329 1289/1344/1330 1288/1345/1331
f 1288/1345/1331 1289/1344/1330 1255/1346/1332
f 1288/1345/1331 1255/1346/1332 1254/1347/1333
f 1254/1347/1333 1255/1346/1332 1233/1323/1263
f 1254/1347/1333 1233/1323/1263 14/1278/1262
f 1336/1316/1303 1235/1315/1302 1303/1348/1334
f 1303/1348/1334 1235/1315/1302 1236/1349/1335
f 1303/1348/1334 1236/1349/1335 1270/1350/1336
f 1270/1350/1336 1236/1349/1335 1237/1351/1337
f 1270/1350/1336 1237/1351/1337 1233/1323/1263
f 1239/1279/1266 1238/1277/1265 1272/1352/1338
f 1272/1352/1338 1238/1277/1265 1271/1311/1298
f 1272/1352/1338 1271/1311/1298 1305/1353/1339
f 1305/1353/1339 1271/1311/1298 1304/1313/1300
f 1305/1353/1339 1304/1313/1300 10/1285/1272
f 1240/1280/1267 1241/1354/1340 14/1278/1262
f 14/1278/1262 1241/1354/1340 1242/1355/1341
f 14/1278/1262 1242/1355/1341 1243/1290/1277
f 1243/1290/1277 1242/1355/1341 1276/1288/1275
f 1240/1280/1267 1274/1282/1269 1241/1354/1340
f 1241/1354/1340 1274/1282/1269 1275/1356/1342
f 1241/1354/1340 1275/1356/1342 1242/1355/1341
f 1242/1355/1341 1275/1356/1342 1276/1288/1275
f 1245/1292/1279 1244/1291/1278 1278/1357/1343
f 1278/1357/1343 1244/1291/1278 1277/1289/1276
f 1278/1357/1343 1277/1289/1276 1311/1358/1344
f 1311/1358/1344 1277/1289/1276 1310/1287/1274
f 1311/1358/1344 1310/1287/1274 10/1285/1272
f 1246/1293/1280 1247/1359/1345 14/1278/1262
f 14/1278/1262 1247/1359/1345 1248/1360/1346
f 14/1278/1262 1248/1360/1346 1249/1302/1289
f 1249/1302/1289 1248/1360/1346 1282/1300/1287
f 1246/1293/1280 1280/1295/1282 1247/1359/1345
f 1247/1359/1345 1280/1295/1282 1281/1361/1347
f 1247/1359/1345 1281/1361/1347 1248/1360/1346
f 1248/1360/1346 1281/1361/1347 1282/1300/1287
f 1251/1304/1291 1250/1303/1290 1284/1362/1348
f 1284/1362/1348 1250/1303/1290 1283/1301/1288
f 1284/1362/1348 1283/1301/1288 1317/1363/1349
f 1317/1363/1349 1283/1301/1288 1316/1299/1286
f 1317/1363/1349 1316/1299/1286 10/1285/1272
f 1254/1347/1333 14/1278/1262 1253/1364/1350
f 1253/1364/1350 14/1278/1262 1252/1305/1292
f 1253/1364/1350 1252/1305/1292 1286/1307/1294
f 1254/1347/1333 1253/1364/1350 1287/1365/1351
f 1287/1365/1351 1253/1364/1350 1286/1307/1294
f 1287/1365/1351 1286/1307/1294 1320/1309/1296
f 1255/1346/1332 1256/1366/1352 1233/1323/1263
f 1233/1323/1263 1256/1366/1352 1257/1367/1353
f 1233/1323/1263 1257/1367/1353 1258/1337/1323
f 1258/1337/1323 1257/1367/1353 1291/1339/1325
f 1255/1346/1332 1289/1344/1330 1256/1366/1352
f 1256/1366/1352 1289/1344/1330 1290/1368/1354
f 1256/1366/1352 1290/1368/1354 1257/1367/1353
f 1257/1367/1353 1290/1368/1354 1291/1339/1325
f 1260/1335/1321 1259/1336/1322 1293/1369/1355
f 1293/1369/1355 1259/1336/1322 1292/1338/1324
f 1293/1369/1355 1292/1338/1324 1326/1370/1356
f 1326/1370/1356 1292/1338/1324 1325/1340/1326
f 1326/1370/1356 1325/1340/1326 1234/1310/1297
f 1261/1334/1320 1262/1371/1357 1233/1323/1263
f 1233/1323/1263 1262/1371/1357 1263/1372/1358
f 1233/1323/1263 1263/1372/1358 1264/1325/1311
f 1264/1325/1311 1263/1372/1358 1297/1327/1313
f 1261/1334/1320 1295/1332/1318 1262/1371/1357
f 1262/1371/1357 1295/1332/1318 1296/1373/1359
f 1262/1371/1357 1296/1373/1359 1263/1372/1358
f 1263/1372/1358 1296/1373/1359 1297/1327/1313
f 1266/1322/1309 1265/1324/1310 1299/1374/1360
f 1299/1374/1360 1265/1324/1310 1298/1326/1312
f 1299/1374/1360 1298/1326/1312 1332/1375/1361
f 1332/1375/1361 1298/1326/1312 1331/1328/1314
f 1332/1375/1361 1331/1328/1314 1234/1310/1297
f 1267/1321/1308 1268/1376/1362 1233/1323/1263
f 1233/1323/1263 1268/1376/1362 1269/1377/1363
f 1233/1323/1263 1269/1377/1363 1270/1350/1336
f 1270/1350/1336 1269/1377/1363 1303/1348/1334
f 1267/1321/1308 1301/1319/1306 1268/1376/1362
f 1268/1376/1362 1301/1319/1306 1302/1378/1364
f 1268/1376/1362 1302/1378/1364 1269/1377/1363
f 1269/1377/1363 1302/1378/1364 1303/1348/1334
f 1239/1279/1266 1272/1352/1338 1273/1281/1268
f 1273/1281/1268 1272/1352/1338 1306/1379/1365
f 1273/1281/1268 1306/1379/1365 1307/1283/1270
f 1307/1283/1270 1306/1379/1365 10/1285/1272
f 1306/1379/1365 1272/1352/1338 1305/1353/1339
f 1309/1286/1273 1276/1288/1275 1275/1356/1342
f 1309/1286/1273 1275/1356/1342 1308/1284/1271
f 1308/1284/1271 1275/1356/1342 1274/1282/1269
f 1245/1292/1279 1278/1357/1343 1279/1294/1281
f 1279/1294/1281 1278/1357/1343 1312/1380/1366
f 1279/1294/1281 1312/1380/1366 1313/1296/1283
f 1313/1296/1283 1312/1380/1366 10/1285/1272
f 1312/1380/1366 1278/1357/1343 1311/1358/1344
f 1315/1298/1285 1282/1300/1287 1281/1361/1347
f 1315/1298/1285 1281/1361/1347 1314/1297/1284
f 1314/1297/1284 1281/1361/1347 1280/1295/1282
f 1251/1304/1291 1284/1362/1348 1285/1306/1293
f 1285/1306/1293 1284/1362/1348 1318/1381/1367
f 1285/1306/1293 1318/1381/1367 1319/1308/1295
f 1319/1308/1295 1318/1381/1367 10/1285/1272
f 1318/1381/1367 1284/1362/1348 1317/1363/1349
f 1254/1347/1333 1287/1365/1351 1288/1345/1331
f 1288/1345/1331 1287/1365/1351 1321/1382/1368
f 1288/1345/1331 1321/1382/1368 1322/1343/1329
f 1322/1343/1329 1321/1382/1368 1234/1310/1297
f 1321/1382/1368 1287/1365/1351 1320/1309/1296
f 1324/1341/1327 1291/1339/1325 1290/1368/1354
f 1324/1341/1327 1290/1368/1354 1323/1342/1328
f 1323/1342/1328 1290/1368/1354 1289/1344/1330
f 1260/1335/1321 1293/1369/1355 1294/1333/1319
f 1294/1333/1319 1293/1369/1355 1327/1383/1369
f 1294/1333/1319 1327/1383/1369 1328/1331/1317
f 1328/1331/1317 1327/1383/1369 1234/1310/1297
f 1327/1383/1369 1293/1369/1355 1326/1370/1356
f 1330/1329/1315 1297/1327/1313 1296/1373/1359
f 1330/1329/1315 1296/1373/1359 1329/1330/1316
f 1329/1330/1316 1296/1373/1359 1295/1332/1318
f 1266/1322/1309 1299/1374/1360 1300/1320/1307
f 1300/1320/1307 1299/1374/1360 1333/1384/1370
f 1300/1320/1307 1333/1384/1370 1334/1318/1305
f 1334/1318/1305 1333/1384/1370 1234/1310/1297
f 1333/1384/1370 1299/1374/1360 1332/1375/1361
f 1336/1316/1303 1303/1348/1334 1302/1378/1364
f 1336/1316/1303 1302/1378/1364 1335/1317/1304
f 1335/1317/1304 1302/1378/1364 1301/1319/1306
f 10/1285/1272 1306/1379/1365 1305/1353/1339
f 10/1285/1272 1312/1380/1366 1311/1358/1344
f 10/1285/1272 1318/1381/1367 1317/1363/1349
f 1234/1310/1297 1321/1382/1368 1320/1309/1296
f 1234/1310/1297 1327/1383/1369 1326/1370/1356
f 1234/1310/1297 1333/1384/1370 1332/1375/1361
f 101/1385/1371 1344/1386/1372 102/1387/1373
f 102/1387/1373 1344/1386/1372 1345/1388/1374
f 102/1387/1373 1345/1388/1374 1346/1389/1375
f 1346/1389/1375 1345/1388/1374 1374/1390/1376
f 1346/1389/1375 1374/1390/1376 1375/1391/1377
f 1375/1391/1377 1374/1390/1376 1403/1392/1378
f 1375/1391/1377 1403/1392/1378 1404/1393/1379
f 1404/1393/1379 1403/1392/1378 1432/1394/1380
f 1404/1393/1379 1432/1394/1380 1433/1395/1381
f 1433/1395/1381 1432/1394/1380 1461/1396/1382
f 1433/1395/1381 1461/1396/1382 1462/1397/1383
f 1462/1397/1383 1461/1396/1382 96/1398/1384
f 1462/1397/1383 96/1398/1384 1463/1399/1385
f 1463/1399/1385 96/1398/1384 1464/1400/1386
f 1463/1399/1385 1464/1400/1386 1435/1401/1387
f 1435/1401/1387 1464/1400/1386 1436/1402/1388
f 1435/1401/1387 1436/1402/1388 1407/1403/1389
f 1407/1403/1389 1436/1402/1388 1408/1404/1390
f 1407/1403/1389 1408/1404/1390 1379/1405/1391
f 1379/1405/1391 1408/1404/1390 1380/1406/1392
f 1379/1405/1391 1380/1406/1392 1351/1407/1393
f 1351/1407/1393 1380/1406/1392 1352/1408/1394
f 1351/1407/1393 1352/1408/1394 102/1387/1373
f 102/1387/1373 1352/1408/1394 1353/1409/1395
f 102/1387/1373 1353/1409/1395 1354/1410/1396
f 1354/1410/1396 1353/1409/1395 1382/1411/1397
f 1354/1410/1396 1382/1411/1397 1383/1412/1398
f 1383/1412/1398 1382/1411/1397 1411/1413/1399
f 1383/1412/1398 1411/1413/1399 1412/1414/1400
f 1412/1414/1400 1411/1413/1399 1440/1415/1401
f 1412/1414/1400 1440/1415/1401 1441/1416/1402
f 1441/1416/1402 1440/1415/1401 1469/1417/1403
f 1441/1416/1402 1469/1417/1403 1470/1418/1404
f 1470/1418/1404 1469/1417/1403 1337/1419/1405
f 1470/1418/1404 1337/1419/1405 1471/1420/1406
f 1471/1420/1406 1337/1419/1405 1472/1421/1407
f 1471/1420/1406 1472/1421/1407 1443/1422/1408
f 1443/1422/1408 1472/1421/1407 1444/1423/1409
f 1443/1422/1408 1444/1423/1409 1415/1424/1410
f 1415/1424/1410 1444/1423/1409 1416/1425/1411
f 1415/1424/1410 1416/1425/1411 1387/1426/1412
f 1387/1426/1412 1416/1425/1411 1388/1427/1413
f 1387/1426/1412 1388/1427/1413 1359/1428/1414
f 1359/1428/1414 1388/1427/1413 1360/1429/1415
f 1359/1428/1414 1360/1429/1415 1343/1430/1416
f 1343/1430/1416 1360/1429/1415 1361/1431/1417
f 1343/1430/1416 1361/1431/1417 1362/1432/1418
f 1362/1432/1418 1361/1431/1417 1390/1433/1419
f 1362/1432/1418 1390/1433/1419 1391/1434/1420
f 1391/1434/1420 1390/1433/1419 1419/1435/1421
f 1391/1434/1420 1419/1435/1421 1420/1436/1422
f 1420/1436/1422 1419/1435/1421 1448/1437/1423
f 1420/1436/1422 1448/1437/1423 1449/1438/1424
f 1449/1438/1424 1448/1437/1423 1477/1439/1425
f 1449/1438/1424 1477/1439/1425 1478/1440/1426
f 1478/1440/1426 1477/1439/1425 1337/1419/1405
f 1478/1440/1426 1337/1419/1405 1479/1441/1427
f 1479/1441/1427 1337/1419/1405 1480/1442/1428
f 1479/1441/1427 1480/1442/1428 1451/1443/1429
f 1451/1443/1429 1480/1442/1428 1452/1444/1430
f 1451/1443/1429 1452/1444/1430 1423/1445/1431
f 1423/1445/1431 1452/1444/1430 1424/1446/1432
f 1423/1445/1431 1424/1446/1432 1395/1447/1433
f 1395/1447/1433 1424/1446/1432 1396/1448/1434
f 1395/1447/1433 1396/1448/1434 1367/1449/1435
f 1367/1449/1435 1396/1448/1434 1368/1450/1436
f 1367/1449/1435 1368/1450/1436 1343/1430/1416
f 1343/1430/1416 1368/1450/1436 1369/1451/1437
f 1343/1430/1416 1369/1451/1437 1370/1452/1438
f 1370/1452/1438 1369/1451/1437 1398/1453/1439
f 1370/1452/1438 1398/1453/1439 1399/1454/1440
f 1399/1454/1440 1398/1453/1439 1427/1455/1441
f 1399/1454/1440 1427/1455/1441 1340/1456/1442
f 1340/1456/1442 1427/1455/1441 1339/1457/1443
f 1339/1457/1443 1427/1455/1441 1455/1458/1444
f 1339/1457/1443 1455/1458/1444 1338/1459/1445
f 1338/1459/1445 1455/1458/1444 1483/1460/1446
f 1338/1459/1445 1483/1460/1446 1337/1419/1405
f 1337/1419/1405 1483/1460/1446 1482/1461/1447
f 1337/1419/1405 1482/1461/1447 1481/1462/1448
f 1481/1462/1448 1482/1461/1447 1453/1463/1449
f 1481/1462/1448 1453/1463/1449 1452/1444/1430
f 1452/1444/1430 1453/1463/1449 1424/1446/1432
f 1344/1386/1372 101/1385/1371 1372/1464/1450
f 1372/1464/1450 101/1385/1371 100/1465/1451
f 1372/1464/1450 100/1465/1451 1400/1466/1452
f 1400/1466/1452 100/1465/1451 99/1467/1453
f 1400/1466/1452 99/1467/1453 1428/1468/1454
f 1428/1468/1454 99/1467/1453 98/1469/1455
f 1428/1468/1454 98/1469/1455 1456/1470/1456
f 1456/1470/1456 98/1469/1455 97/1471/1457
f 1456/1470/1456 97/1471/1457 96/1398/1384
f 1337/1419/1405 1469/1417/1403 96/1398/1384
f 96/1398/1384 1469/1417/1403 1468/1472/1458
f 96/1398/1384 1468/1472/1458 1467/1473/1459
f 1467/1473/1459 1468/1472/1458 1439/1474/1460
f 1467/1473/1459 1439/1474/1460 1438/1475/1461
f 1438/1475/1461 1439/1474/1460 1410/1476/1462
f 1438/1475/1461 1410/1476/1462 1409/1477/1463
f 1409/1477/1463 1410/1476/1462 1381/1478/1464
f 1409/1477/1463 1381/1478/1464 1380/1406/1392
f 1380/1406/1392 1381/1478/1464 1352/1408/1394
f 1340/1456/1442 1341/1479/1465 1399/1454/1440
f 1399/1454/1440 1341/1479/1465 1371/1480/1466
f 1399/1454/1440 1371/1480/1466 1370/1452/1438
f 1370/1452/1438 1371/1480/1466 1343/1430/1416
f 1341/1479/1465 1342/1481/1467 1371/1480/1466
f 1371/1480/1466 1342/1481/1467 1343/1430/1416
f 1359/1428/1414 1343/1430/1416 1358/1482/1468
f 1358/1482/1468 1343/1430/1416 102/1387/1373
f 1358/1482/1468 102/1387/1373 1357/1483/1469
f 1357/1483/1469 102/1387/1373 1356/1484/1470
f 1357/1483/1469 1356/1484/1470 1385/1485/1471
f 1385/1485/1471 1356/1484/1470 1384/1486/1472
f 1385/1485/1471 1384/1486/1472 1413/1487/1473
f 1413/1487/1473 1384/1486/1472 1412/1414/1400
f 1413/1487/1473 1412/1414/1400 1441/1416/1402
f 1345/1388/1374 1344/1386/1372 1373/1488/1474
f 1373/1488/1474 1344/1386/1372 1372/1464/1450
f 1373/1488/1474 1372/1464/1450 1401/1489/1475
f 1401/1489/1475 1372/1464/1450 1400/1466/1452
f 1401/1489/1475 1400/1466/1452 1429/1490/1476
f 1429/1490/1476 1400/1466/1452 1428/1468/1454
f 1429/1490/1476 1428/1468/1454 1457/1491/1477
f 1457/1491/1477 1428/1468/1454 1456/1470/1456
f 1457/1491/1477 1456/1470/1456 96/1398/1384
f 1346/1389/1375 1347/1492/1478 102/1387/1373
f 102/1387/1373 1347/1492/1478 1348/1493/1479
f 102/1387/1373 1348/1493/1479 1349/1494/1480
f 1349/1494/1480 1348/1493/1479 1377/1495/1481
f 1349/1494/1480 1377/1495/1481 1378/1496/1482
f 1378/1496/1482 1377/1495/1481 1406/1497/1483
f 1378/1496/1482 1406/1497/1483 1407/1403/1389
f 1407/1403/1389 1406/1497/1483 1435/1401/1387
f 1346/1389/1375 1375/1391/1377 1347/1492/1478
f 1347/1492/1478 1375/1391/1377 1376/1498/1484
f 1347/1492/1478 1376/1498/1484 1348/1493/1479
f 1348/1493/1479 1376/1498/1484 1377/1495/1481
f 1351/1407/1393 102/1387/1373 1350/1499/1485
f 1350/1499/1485 102/1387/1373 1349/1494/1480
f 1350/1499/1485 1349/1494/1480 1378/1496/1482
f 1379/1405/1391 1351/1407/1393 1350/1499/1485
f 1379/1405/1391 1350/1499/1485 1378/1496/1482
f 1382/1411/1397 1353/1409/1395 1381/1478/1464
f 1381/1478/1464 1353/1409/1395 1352/1408/1394
f 1356/1484/1470 102/1387/1373 1355/1500/1486
f 1355/1500/1486 102/1387/1373 1354/1410/1396
f 1355/1500/1486 1354/1410/1396 1383/1412/1398
f 1384/1486/1472 1356/1484/1470 1355/1500/1486
f 1384/1486/1472 1355/1500/1486 1383/1412/1398
f 1387/1426/1412 1359/1428/1414 1358/1482/1468
f 1358/1482/1468 1357/1483/1469 1386/1501/1487
f 1386/1501/1487 1357/1483/1469 1385/1485/1471
f 1386/1501/1487 1385/1485/1471 1414/1502/1488
f 1414/1502/1488 1385/1485/1471 1413/1487/1473
f 1414/1502/1488 1413/1487/1473 1442/1503/1489
f 1442/1503/1489 1413/1487/1473 1441/1416/1402
f 1442/1503/1489 1441/1416/1402 1470/1418/1404
f 1361/1431/1417 1360/1429/1415 1389/1504/1490
f 1389/1504/1490 1360/1429/1415 1388/1427/1413
f 1389/1504/1490 1388/1427/1413 1417/1505/1491
f 1417/1505/1491 1388/1427/1413 1416/1425/1411
f 1417/1505/1491 1416/1425/1411 1445/1506/1492
f 1445/1506/1492 1416/1425/1411 1444/1423/1409
f 1445/1506/1492 1444/1423/1409 1473/1507/1493
f 1473/1507/1493 1444/1423/1409 1472/1421/1407
f 1473/1507/1493 1472/1421/1407 1337/1419/1405
f 1362/1432/1418 1363/1508/1494 1343/1430/1416
f 1343/1430/1416 1363/1508/1494 1364/1509/1495
f 1343/1430/1416 1364/1509/1495 1365/1510/1496
f 1365/1510/1496 1364/1509/1495 1393/1511/1497
f 1365/1510/1496 1393/1511/1497 1394/1512/1498
f 1394/1512/1498 1393/1511/1497 1422/1513/1499
f 1394/1512/1498 1422/1513/1499 1423/1445/1431
f 1423/1445/1431 1422/1513/1499 1451/1443/1429
f 1362/1432/1418 1391/1434/1420 1363/1508/1494
f 1363/1508/1494 1391/1434/1420 1392/1514/1500
f 1363/1508/1494 1392/1514/1500 1364/1509/1495
f 1364/1509/1495 1392/1514/1500 1393/1511/1497
f 1367/1449/1435 1343/1430/1416 1366/1515/1501
f 1366/1515/1501 1343/1430/1416 1365/1510/1496
f 1366/1515/1501 1365/1510/1496 1394/1512/1498
f 1395/1447/1433 1367/1449/1435 1366/1515/1501
f 1395/1447/1433 1366/1515/1501 1394/1512/1498
f 1369/1451/1437 1368/1450/1436 1397/1516/1502
f 1397/1516/1502 1368/1450/1436 1396/1448/1434
f 1397/1516/1502 1396/1448/1434 1425/1517/1503
f 1425/1517/1503 1396/1448/1434 1424/1446/1432
f 1425/1517/1503 1424/1446/1432 1453/1463/1449
f 1345/1388/1374 1373/1488/1474 1374/1390/1376
f 1374/1390/1376 1373/1488/1474 1402/1518/1504
f 1374/1390/1376 1402/1518/1504 1403/1392/1378
f 1403/1392/1378 1402/1518/1504 1431/1519/1505
f 1403/1392/1378 1431/1519/1505 1432/1394/1380
f 1432/1394/1380 1431/1519/1505 1460/1520/1506
f 1432/1394/1380 1460/1520/1506 1461/1396/1382
f 1461/1396/1382 1460/1520/1506 96/1398/1384
f 1402/1518/1504 1373/1488/1474 1401/1489/1475
f 1375/1391/1377 1404/1393/1379 1376/1498/1484
f 1376/1498/1484 1404/1393/1379 1405/1521/1507
f 1376/1498/1484 1405/1521/1507 1377/1495/1481
f 1377/1495/1481 1405/1521/1507 1406/1497/1483
f 1407/1403/1389 1379/1405/1391 1378/1496/1482
f 1409/1477/1463 1380/1406/1392 1408/1404/1390
f 1411/1413/1399 1382/1411/1397 1410/1476/1462
f 1410/1476/1462 1382/1411/1397 1381/1478/1464
f 1412/1414/1400 1384/1486/1472 1383/1412/1398
f 1415/1424/1410 1387/1426/1412 1386/1501/1487
f 1386/1501/1487 1387/1426/1412 1358/1482/1468
f 1415/1424/1410 1386/1501/1487 1414/1502/1488
f 1361/1431/1417 1389/1504/1490 1390/1433/1419
f 1390/1433/1419 1389/1504/1490 1418/1522/1508
f 1390/1433/1419 1418/1522/1508 1419/1435/1421
f 1419/1435/1421 1418/1522/1508 1447/1523/1509
f 1419/1435/1421 1447/1523/1509 1448/1437/1423
f 1448/1437/1423 1447/1523/1509 1476/1524/1510
f 1448/1437/1423 1476/1524/1510 1477/1439/1425
f 1477/1439/1425 1476/1524/1510 1337/1419/1405
f 1418/1522/1508 1389/1504/1490 1417/1505/1491
f 1391/1434/1420 1420/1436/1422 1392/1514/1500
f 1392/1514/1500 1420/1436/1422 1421/1525/1511
f 1392/1514/1500 1421/1525/1511 1393/1511/1497
f 1393/1511/1497 1421/1525/1511 1422/1513/1499
f 1423/1445/1431 1395/1447/1433 1394/1512/1498
f 1369/1451/1437 1397/1516/1502 1398/1453/1439
f 1398/1453/1439 1397/1516/1502 1426/1526/1512
f 1398/1453/1439 1426/1526/1512 1427/1455/1441
f 1427/1455/1441 1426/1526/1512 1455/1458/1444
f 1426/1526/1512 1397/1516/1502 1425/1517/1503
f 1402/1518/1504 1401/1489/1475 1430/1527/1513
f 1430/1527/1513 1401/1489/1475 1429/1490/1476
f 1430/1527/1513 1429/1490/1476 1458/1528/1514
f 1458/1528/1514 1429/1490/1476 1457/1491/1477
f 1458/1528/1514 1457/1491/1477 96/1398/1384
f 1404/1393/1379 1433/1395/1381 1405/1521/1507
f 1405/1521/1507 1433/1395/1381 1434/1529/1515
f 1405/1521/1507 1434/1529/1515 1406/1497/1483
f 1406/1497/1483 1434/1529/1515 1435/1401/1387
f 1409/1477/1463 1408/1404/1390 1437/1530/1516
f 1437/1530/1516 1408/1404/1390 1436/1402/1388
f 1437/1530/1516 1436/1402/1388 1465/1531/1517
f 1465/1531/1517 1436/1402/1388 1464/1400/1386
f 1465/1531/1517 1464/1400/1386 96/1398/1384
f 1440/1415/1401 1411/1413/1399 1439/1474/1460
f 1439/1474/1460 1411/1413/1399 1410/1476/1462
f 1443/1422/1408 1415/1424/1410 1414/1502/1488
f 1443/1422/1408 1414/1502/1488 1442/1503/1489
f 1418/1522/1508 1417/1505/1491 1446/1532/1518
f 1446/1532/1518 1417/1505/1491 1445/1506/1492
f 1446/1532/1518 1445/1506/1492 1474/1533/1519
f 1474/1533/1519 1445/1506/1492 1473/1507/1493
f 1474/1533/1519 1473/1507/1493 1337/1419/1405
f 1420/1436/1422 1449/1438/1424 1421/1525/1511
f 1421/1525/1511 1449/1438/1424 1450/1534/1520
f 1421/1525/1511 1450/1534/1520 1422/1513/1499
f 1422/1513/1499 1450/1534/1520 1451/1443/1429
f 1426/1526/1512 1425/1517/1503 1454/1535/1521
f 1454/1535/1521 1425/1517/1503 1453/1463/1449
f 1454/1535/1521 1453/1463/1449 1482/1461/1447
f 1402/1518/1504 1430/1527/1513 1431/1519/1505
f 1431/1519/1505 1430/1527/1513 1459/1536/1522
f 1431/1519/1505 1459/1536/1522 1460/1520/1506
f 1460/1520/1506 1459/1536/1522 96/1398/1384
f 1459/1536/1522 1430/1527/1513 1458/1528/1514
f 1463/1399/1385 1435/1401/1387 1434/1529/1515
f 1463/1399/1385 1434/1529/1515 1462/1397/1383
f 1462/1397/1383 1434/1529/1515 1433/1395/1381
f 1409/1477/1463 1437/1530/1516 1438/1475/1461
f 1438/1475/1461 1437/1530/1516 1466/1537/1523
f 1438/1475/1461 1466/1537/1523 1467/1473/1459
f 1467/1473/1459 1466/1537/1523 96/1398/1384
f 1466/1537/1523 1437/1530/1516 1465/1531/1517
f 1469/1417/1403 1440/1415/1401 1468/1472/1458
f 1468/1472/1458 1440/1415/1401 1439/1474/1460
f 1471/1420/1406 1443/1422/1408 1442/1503/1489
f 1471/1420/1406 1442/1503/1489 1470/1418/1404
f 1418/1522/1508 1446/1532/1518 1447/1523/1509
f 1447/1523/1509 1446/1532/1518 1475/1538/1524
f 1447/1523/1509 1475/1538/1524 1476/1524/1510
f 1476/1524/1510 1475/1538/1524 1337/1419/1405
f 1475/1538/1524 1446/1532/1518 1474/1533/1519
f 1479/1441/1427 1451/1443/1429 1450/1534/1520
f 1479/1441/1427 1450/1534/1520 1478/1440/1426
f 1478/1440/1426 1450/1534/1520 1449/1438/1424
f 1481/1462/1448 1452/1444/1430 1480/1442/1428
f 1483/1460/1446 1455/1458/1444 1454/1535/1521
f 1454/1535/1521 1455/1458/1444 1426/1526/1512
f 1483/1460/1446 1454/1535/1521 1482/1461/1447
f 96/1398/1384 1459/1536/1522 1458/1528/1514
f 96/1398/1384 1466/1537/1523 1465/1531/1517
f 1337/1419/1405 1475/1538/1524 1474/1533/1519
f 1337/1419/1405 1481/1462/1448 1480/1442/1428
f 94/1539/1525 1484/1540/1526 95/1541/1527
f 95/1541/1527 1484/1540/1526 1485/1542/1528
f 110/1543/1529 109/1544/1530 1487/1545/1531
f 1487/1545/1531 109/1544/1530 1486/1546/1532
f 34/1547/157 33/1548/299 141/1549/178
f 141/1549/178 33/1548/299 293/1550/382
f 1489/1551/1533 1565/1552/1534 1488/1553/1535
f 1488/1553/1535 1565/1552/1534 1567/1554/1536
f 1488/1553/1535 1567/1554/1536 1523/1555/1537
f 1523/1555/1537 1567/1554/1536 50/1556/1538
f 1523/1555/1537 50/1556/1538 1568/1557/1539
f 1568/1557/1539 50/1556/1538 49/1558/1540
f 1565/1552/1534 1489/1551/1533 1564/1559/1541
f 1564/1559/1541 1489/1551/1533 1490/1560/1542
f 1564/1559/1541 1490/1560/1542 1563/1561/1543
f 1563/1561/1543 1490/1560/1542 1491/1562/1544
f 1563/1561/1543 1491/1562/1544 1562/1563/1545
f 1562/1563/1545 1491/1562/1544 1492/1564/1546
f 1562/1563/1545 1492/1564/1546 1561/1565/1547
f 1561/1565/1547 1492/1564/1546 1560/1566/1548
f 1560/1566/1548 1492/1564/1546 1559/1567/1549
f 1559/1567/1549 1492/1564/1546 1558/1568/1550
f 1558/1568/1550 1492/1564/1546 1557/1569/1551
f 1557/1569/1551 1492/1564/1546 1556/1570/1552
f 1556/1570/1552 1492/1564/1546 1493/1571/1553
f 1556/1570/1552 1493/1571/1553 1555/1572/1554
f 1555/1572/1554 1493/1571/1553 1554/1573/1555
f 1554/1573/1555 1493/1571/1553 1553/1574/1556
f 1553/1574/1556 1493/1571/1553 1552/1575/1557
f 1552/1575/1557 1493/1571/1553 1494/1576/1558
f 1552/1575/1557 1494/1576/1558 1495/1577/1559
f 1495/1577/1559 1496/1578/1560 1552/1575/1557
f 1552/1575/1557 1496/1578/1560 1497/1579/1561
f 1552/1575/1557 1497/1579/1561 1551/1580/1562
f 1551/1580/1562 1497/1579/1561 1498/1581/1563
f 1551/1580/1562 1498/1581/1563 1499/1582/1564
f 1499/1582/1564 1500/1583/1565 1551/1580/1562
f 1551/1580/1562 1500/1583/1565 1550/1584/1566
f 1550/1584/1566 1500/1583/1565 1549/1585/1567
f 1549/1585/1567 1500/1583/1565 1548/1586/1568
f 1548/1586/1568 1500/1583/1565 1547/1587/1569
f 1547/1587/1569 1500/1583/1565 1501/1588/1570
f 1547/1587/1569 1501/1588/1570 1546/1589/1571
f 1546/1589/1571 1501/1588/1570 1545/1590/1572
f 1545/1590/1572 1501/1588/1570 1544/1591/1573
f 1544/1591/1573 1501/1588/1570 1543/1592/1574
f 1543/1592/1574 1501/1588/1570 1542/1593/1575
f 1542/1593/1575 1501/1588/1570 1541/1594/1576
f 1541/1594/1576 1501/1588/1570 1502/1595/1577
f 1541/1594/1576 1502/1595/1577 1540/1596/1578
f 1540/1596/1578 1502/1595/1577 1503/1597/1579
f 1540/1596/1578 1503/1597/1579 1539/1598/1580
f 1539/1598/1580 1503/1597/1579 1504/1599/1581
f 1539/1598/1580 1504/1599/1581 1538/1600/1582
f 1538/1600/1582 1504/1599/1581 1505/1601/1583
f 1538/1600/1582 1505/1601/1583 1536/1602/1584
f 1536/1602/1584 1505/1601/1583 1506/1603/1585
f 1536/1602/1584 1506/1603/1585 93/1604/1586
f 93/1604/1586 1506/1603/1585 1484/1605/1587
f 93/1604/1586 1484/1605/1587 94/1606/1588
f 1506/1603/1585 1507/1607/1589 1484/1605/1587
f 1484/1605/1587 1507/1607/1589 1535/1608/1590
f 1535/1608/1590 1507/1607/1589 1508/1609/1591
f 1535/1608/1590 1508/1609/1591 1534/1610/1592
f 1534/1610/1592 1508/1609/1591 1509/1611/1593
f 1534/1610/1592 1509/1611/1593 1533/1612/1594
f 1533/1612/1594 1509/1611/1593 1510/1613/1595
f 1533/1612/1594 1510/1613/1595 1532/1614/1596
f 1532/1614/1596 1510/1613/1595 1531/1615/1597
f 1531/1615/1597 1510/1613/1595 1530/1616/1598
f 1530/1616/1598 1510/1613/1595 1529/1617/1599
f 1529/1617/1599 1510/1613/1595 1528/1618/1600
f 1528/1618/1600 1510/1613/1595 1527/1619/1601
f 1527/1619/1601 1510/1613/1595 1511/1620/1602
f 1527/1619/1601 1511/1620/1602 1526/1621/1603
f 1526/1621/1603 1511/1620/1602 1525/1622/1604
f 1525/1622/1604 1511/1620/1602 1524/1623/1605
f 1524/1623/1605 1511/1620/1602 2/1624/1606
f 2/1624/1606 1511/1620/1602 1512/1625/1607
f 2/1624/1606 1512/1625/1607 1513/1626/1608
f 1513/1626/1608 1514/1627/1609 2/1624/1606
f 2/1624/1606 1514/1627/1609 1515/1628/1610
f 2/1624/1606 1515/1628/1610 3/1629/1611
f 3/1629/1611 1515/1628/1610 1516/1630/1612
f 3/1629/1611 1516/1630/1612 1517/1631/1613
f 1517/1631/1613 1518/1632/1614 3/1629/1611
f 3/1629/1611 1518/1632/1614 133/1633/1615
f 133/1633/1615 1518/1632/1614 134/1634/1616
f 134/1634/1616 1518/1632/1614 135/1635/1617
f 135/1635/1617 1518/1632/1614 1577/1636/1618
f 1577/1636/1618 1518/1632/1614 1519/1637/1619
f 1577/1636/1618 1519/1637/1619 1576/1638/1620
f 1576/1638/1620 1519/1637/1619 1575/1639/1621
f 1575/1639/1621 1519/1637/1619 1574/1640/1622
f 1574/1640/1622 1519/1637/1619 1573/1641/1623
f 1573/1641/1623 1519/1637/1619 1572/1642/1624
f 1572/1642/1624 1519/1637/1619 1571/1643/1625
f 1571/1643/1625 1519/1637/1619 1520/1644/1626
f 1571/1643/1625 1520/1644/1626 1570/1645/1627
f 1570/1645/1627 1520/1644/1626 1521/1646/1628
f 1570/1645/1627 1521/1646/1628 1569/1647/1629
f 1569/1647/1629 1521/1646/1628 1522/1648/1630
f 1569/1647/1629 1522/1648/1630 1568/1557/1539
f 1568/1557/1539 1522/1648/1630 1523/1555/1537
f 1536/1602/1584 1537/1649/1631 1538/1600/1582
f 1565/1552/1534 1566/1650/1632 1567/1554/1536
f 92/1651/1633 1584/1652/1634 93/1653/1586
f 93/1653/1586 1584/1652/1634 1585/1654/1635
f 93/1653/1586 1585/1654/1635 1586/1655/1636
f 1586/1655/1636 1585/1654/1635 1642/1656/1637
f 1586/1655/1636 1642/1656/1637 1643/1657/1638
f 1643/1657/1638 1642/1656/1637 1699/1658/1639
f 1643/1657/1638 1699/1658/1639 1700/1659/1640
f 1700/1659/1640 1699/1658/1639 1756/1660/1641
f 1700/1659/1640 1756/1660/1641 1757/1661/1642
f 1757/1661/1642 1756/1660/1641 1813/1662/1643
f 1757/1661/1642 1813/1662/1643 1814/1663/1644
f 1814/1663/1644 1813/1662/1643 87/1664/1645
f 1814/1663/1644 87/1664/1645 1815/1665/1646
f 1815/1665/1646 87/1664/1645 1816/1666/1647
f 1815/1665/1646 1816/1666/1647 1759/1667/1648
f 1759/1667/1648 1816/1666/1647 1760/1668/1649
f 1759/1667/1648 1760/1668/1649 1703/1669/1650
f 1703/1669/1650 1760/1668/1649 1704/1670/1651
f 1703/1669/1650 1704/1670/1651 1647/1671/1652
f 1647/1671/1652 1704/1670/1651 1648/1672/1653
f 1647/1671/1652 1648/1672/1653 1591/1673/1654
f 1591/1673/1654 1648/1672/1653 1592/1674/1655
f 1591/1673/1654 1592/1674/1655 93/1653/1586
f 93/1653/1586 1592/1674/1655 1593/1675/1656
f 93/1653/1586 1593/1675/1656 1594/1676/1657
f 1594/1676/1657 1593/1675/1656 1650/1677/1658
f 1594/1676/1657 1650/1677/1658 1651/1678/1659
f 1651/1678/1659 1650/1677/1658 1707/1679/1660
f 1651/1678/1659 1707/1679/1660 1708/1680/1661
f 1708/1680/1661 1707/1679/1660 1764/1681/1662
f 1708/1680/1661 1764/1681/1662 1765/1682/1663
f 1765/1682/1663 1764/1681/1662 1821/1683/1664
f 1765/1682/1663 1821/1683/1664 1822/1684/1665
f 1822/1684/1665 1821/1683/1664 87/1664/1645
f 1822/1684/1665 87/1664/1645 1823/1685/1666
f 1823/1685/1666 87/1664/1645 1824/1686/1667
f 1823/1685/1666 1824/1686/1667 1767/1687/1668
f 1767/1687/1668 1824/1686/1667 1768/1688/1669
f 1767/1687/1668 1768/1688/1669 1711/1689/1670
f 1711/1689/1670 1768/1688/1669 1712/1690/1671
f 1711/1689/1670 1712/1690/1671 1655/1691/1672
f 1655/1691/1672 1712/1690/1671 1656/1692/1673
f 1655/1691/1672 1656/1692/1673 1599/1693/1674
f 1599/1693/1674 1656/1692/1673 1600/1694/1675
f 1599/1693/1674 1600/1694/1675 93/1653/1586
f 93/1653/1586 1600/1694/1675 1601/1695/1676
f 93/1653/1586 1601/1695/1676 1602/1696/1677
f 1602/1696/1677 1601/1695/1676 1658/1697/1678
f 1602/1696/1677 1658/1697/1678 1659/1698/1679
f 1659/1698/1679 1658/1697/1678 1715/1699/1680
f 1659/1698/1679 1715/1699/1680 1716/1700/1681
f 1716/1700/1681 1715/1699/1680 1772/1701/1682
f 1716/1700/1681 1772/1701/1682 1773/1702/1683
f 1773/1702/1683 1772/1701/1682 1829/1703/1684
f 1773/1702/1683 1829/1703/1684 1830/1704/1685
f 1830/1704/1685 1829/1703/1684 87/1664/1645
f 1830/1704/1685 87/1664/1645 1831/1705/1686
f 1831/1705/1686 87/1664/1645 1832/1706/1687
f 1831/1705/1686 1832/1706/1687 1775/1707/1688
f 1775/1707/1688 1832/1706/1687 1776/1708/1689
f 1775/1707/1688 1776/1708/1689 1719/1709/1690
f 1719/1709/1690 1776/1708/1689 1720/1710/1691
f 1719/1709/1690 1720/1710/1691 1663/1711/1692
f 1663/1711/1692 1720/1710/1691 1664/1712/1693
f 1663/1711/1692 1664/1712/1693 1607/1713/1694
f 1607/1713/1694 1664/1712/1693 1608/1714/1695
f 1607/1713/1694 1608/1714/1695 93/1653/1586
f 93/1653/1586 1608/1714/1695 1609/1715/1696
f 93/1653/1586 1609/1715/1696 1610/1716/1697
f 1610/1716/1697 1609/1715/1696 1666/1717/1698
f 1610/1716/1697 1666/1717/1698 1667/1718/1699
f 1667/1718/1699 1666/1717/1698 1723/1719/1700
f 1667/1718/1699 1723/1719/1700 1724/1720/1701
f 1724/1720/1701 1723/1719/1700 1780/1721/1702
f 1724/1720/1701 1780/1721/1702 1781/1722/1703
f 1781/1722/1703 1780/1721/1702 1837/1723/1704
f 1781/1722/1703 1837/1723/1704 1838/1724/1705
f 1838/1724/1705 1837/1723/1704 1578/1725/1706
f 1838/1724/1705 1578/1725/1706 1839/1726/1707
f 1839/1726/1707 1578/1725/1706 1840/1727/1708
f 1839/1726/1707 1840/1727/1708 1783/1728/1709
f 1783/1728/1709 1840/1727/1708 1784/1729/1710
f 1783/1728/1709 1784/1729/1710 1727/1730/1711
f 1727/1730/1711 1784/1729/1710 1728/1731/1712
f 1727/1730/1711 1728/1731/1712 1671/1732/1713
f 1671/1732/1713 1728/1731/1712 1672/1733/1714
f 1671/1732/1713 1672/1733/1714 1615/1734/1715
f 1615/1734/1715 1672/1733/1714 1616/1735/1716
f 1615/1734/1715 1616/1735/1716 1536/1736/1584
f 1536/1736/1584 1616/1735/1716 1617/1737/1717
f 1536/1736/1584 1617/1737/1717 1618/1738/1718
f 1618/1738/1718 1617/1737/1717 1674/1739/1719
f 1618/1738/1718 1674/1739/1719 1675/1740/1720
f 1675/1740/1720 1674/1739/1719 1731/1741/1721
f 1675/1740/1720 1731/1741/1721 1732/1742/1722
f 1732/1742/1722 1731/1741/1721 1788/1743/1723
f 1732/1742/1722 1788/1743/1723 1789/1744/1724
f 1789/1744/1724 1788/1743/1723 1845/1745/1725
f 1789/1744/1724 1845/1745/1725 1846/1746/1726
f 1846/1746/1726 1845/1745/1725 1578/1725/1706
f 1846/1746/1726 1578/1725/1706 1847/1747/1727
f 1847/1747/1727 1578/1725/1706 1848/1748/1728
f 1847/1747/1727 1848/1748/1728 1791/1749/1729
f 1791/1749/1729 1848/1748/1728 1792/1750/1730
f 1791/1749/1729 1792/1750/1730 1735/1751/1731
f 1735/1751/1731 1792/1750/1730 1736/1752/1732
f 1735/1751/1731 1736/1752/1732 1679/1753/1733
f 1679/1753/1733 1736/1752/1732 1680/1754/1734
f 1679/1753/1733 1680/1754/1734 1623/1755/1735
f 1623/1755/1735 1680/1754/1734 1624/1756/1736
f 1623/1755/1735 1624/1756/1736 1536/1736/1584
f 1536/1736/1584 1624/1756/1736 1625/1757/1737
f 1536/1736/1584 1625/1757/1737 1626/1758/1738
f 1626/1758/1738 1625/1757/1737 1682/1759/1739
f 1626/1758/1738 1682/1759/1739 1683/1760/1740
f 1683/1760/1740 1682/1759/1739 1739/1761/1741
f 1683/1760/1740 1739/1761/1741 1740/1762/1742
f 1740/1762/1742 1739/1761/1741 1796/1763/1743
f 1740/1762/1742 1796/1763/1743 1797/1764/1744
f 1797/1764/1744 1796/1763/1743 1853/1765/1745
f 1797/1764/1744 1853/1765/1745 1854/1766/1746
f 1854/1766/1746 1853/1765/1745 1578/1725/1706
f 1854/1766/1746 1578/1725/1706 1855/1767/1747
f 1855/1767/1747 1578/1725/1706 1856/1768/1748
f 1855/1767/1747 1856/1768/1748 1799/1769/1749
f 1799/1769/1749 1856/1768/1748 1800/1770/1750
f 1799/1769/1749 1800/1770/1750 1743/1771/1751
f 1743/1771/1751 1800/1770/1750 1744/1772/1752
f 1743/1771/1751 1744/1772/1752 1687/1773/1753
f 1687/1773/1753 1744/1772/1752 1688/1774/1754
f 1687/1773/1753 1688/1774/1754 1631/1775/1755
f 1631/1775/1755 1688/1774/1754 1632/1776/1756
f 1631/1775/1755 1632/1776/1756 1536/1736/1584
f 1536/1736/1584 1632/1776/1756 1633/1777/1757
f 1536/1736/1584 1633/1777/1757 1634/1778/1758
f 1634/1778/1758 1633/1777/1757 1690/1779/1759
f 1634/1778/1758 1690/1779/1759 1691/1780/1760
f 1691/1780/1760 1690/1779/1759 1747/1781/1761
f 1691/1780/1760 1747/1781/1761 1748/1782/1762
f 1748/1782/1762 1747/1781/1761 1804/1783/1763
f 1748/1782/1762 1804/1783/1763 1805/1784/1764
f 1805/1784/1764 1804/1783/1763 1861/1785/1765
f 1805/1784/1764 1861/1785/1765 1862/1786/1766
f 1862/1786/1766 1861/1785/1765 1578/1725/1706
f 1862/1786/1766 1578/1725/1706 1863/1787/1767
f 1863/1787/1767 1578/1725/1706 1579/1788/1768
f 1863/1787/1767 1579/1788/1768 1807/1789/1769
f 1807/1789/1769 1579/1788/1768 1580/1790/1770
f 1807/1789/1769 1580/1790/1770 1751/1791/1771
f 1751/1791/1771 1580/1790/1770 1581/1792/1772
f 1751/1791/1771 1581/1792/1772 1695/1793/1773
f 1695/1793/1773 1581/1792/1772 1582/1794/1774
f 1695/1793/1773 1582/1794/1774 1639/1795/1775
f 1639/1795/1775 1582/1794/1774 1583/1796/1776
f 1639/1795/1775 1583/1796/1776 1536/1736/1584
f 1584/1652/1634 92/1651/1633 1640/1797/1777
f 1640/1797/1777 92/1651/1633 91/1798/1778
f 1640/1797/1777 91/1798/1778 1696/1799/1779
f 1696/1799/1779 91/1798/1778 90/1800/1780
f 1696/1799/1779 90/1800/1780 1752/1801/1781
f 1752/1801/1781 90/1800/1780 89/1802/1782
f 1752/1801/1781 89/1802/1782 1808/1803/1783
f 1808/1803/1783 89/1802/1782 88/1804/1784
f 1808/1803/1783 88/1804/1784 87/1664/1645
f 1578/1725/1706 1835/1805/1785 87/1664/1645
f 87/1664/1645 1835/1805/1785 1834/1806/1786
f 87/1664/1645 1834/1806/1786 1833/1807/1787
f 1833/1807/1787 1834/1806/1786 1777/1808/1788
f 1833/1807/1787 1777/1808/1788 1776/1708/1689
f 1776/1708/1689 1777/1808/1788 1720/1710/1691
f 93/1653/1586 1612/1809/1789 1536/1736/1584
f 1536/1736/1584 1612/1809/1789 1613/1810/1790
f 1536/1736/1584 1613/1810/1790 1614/1811/1791
f 1614/1811/1791 1613/1810/1790 1670/1812/1792
f 1614/1811/1791 1670/1812/1792 1671/1732/1713
f 1671/1732/1713 1670/1812/1792 1727/1730/1711
f 1585/1654/1635 1584/1652/1634 1641/1813/1793
f 1641/1813/1793 1584/1652/1634 1640/1797/1777
f 1641/1813/1793 1640/1797/1777 1697/1814/1794
f 1697/1814/1794 1640/1797/1777 1696/1799/1779
f 1697/1814/1794 1696/1799/1779 1753/1815/1795
f 1753/1815/1795 1696/1799/1779 1752/1801/1781
f 1753/1815/1795 1752/1801/1781 1809/1816/1796
f 1809/1816/1796 1752/1801/1781 1808/1803/1783
f 1809/1816/1796 1808/1803/1783 87/1664/1645
f 1586/1655/1636 1587/1817/1797 93/1653/1586
f 93/1653/1586 1587/1817/1797 1588/1818/1798
f 93/1653/1586 1588/1818/1798 1589/1819/1799
f 1589/1819/1799 1588/1818/1798 1645/1820/1800
f 1589/1819/1799 1645/1820/1800 1646/1821/1801
f 1646/1821/1801 1645/1820/1800 1702/1822/1802
f 1646/1821/1801 1702/1822/1802 1703/1669/1650
f 1703/1669/1650 1702/1822/1802 1759/1667/1648
f 1586/1655/1636 1643/1657/1638 1587/1817/1797
f 1587/1817/1797 1643/1657/1638 1644/1823/1803
f 1587/1817/1797 1644/1823/1803 1588/1818/1798
f 1588/1818/1798 1644/1823/1803 1645/1820/1800
f 1591/1673/1654 93/1653/1586 1590/1824/1804
f 1590/1824/1804 93/1653/1586 1589/1819/1799
f 1590/1824/1804 1589/1819/1799 1646/1821/1801
f 1647/1671/1652 1591/1673/1654 1590/1824/1804
f 1647/1671/1652 1590/1824/1804 1646/1821/1801
f 1593/1675/1656 1592/1674/1655 1649/1825/1805
f 1649/1825/1805 1592/1674/1655 1648/1672/1653
f 1649/1825/1805 1648/1672/1653 1705/1826/1806
f 1705/1826/1806 1648/1672/1653 1704/1670/1651
f 1705/1826/1806 1704/1670/1651 1761/1827/1807
f 1761/1827/1807 1704/1670/1651 1760/1668/1649
f 1761/1827/1807 1760/1668/1649 1817/1828/1808
f 1817/1828/1808 1760/1668/1649 1816/1666/1647
f 1817/1828/1808 1816/1666/1647 87/1664/1645
f 1594/1676/1657 1595/1829/1809 93/1653/1586
f 93/1653/1586 1595/1829/1809 1596/1830/1810
f 93/1653/1586 1596/1830/1810 1597/1831/1811
f 1597/1831/1811 1596/1830/1810 1653/1832/1812
f 1597/1831/1811 1653/1832/1812 1654/1833/1813
f 1654/1833/1813 1653/1832/1812 1710/1834/1814
f 1654/1833/1813 1710/1834/1814 1711/1689/1670
f 1711/1689/1670 1710/1834/1814 1767/1687/1668
f 1594/1676/1657 1651/1678/1659 1595/1829/1809
f 1595/1829/1809 1651/1678/1659 1652/1835/1815
f 1595/1829/1809 1652/1835/1815 1596/1830/1810
f 1596/1830/1810 1652/1835/1815 1653/1832/1812
f 1599/1693/1674 93/1653/1586 1598/1836/1816
f 1598/1836/1816 93/1653/1586 1597/1831/1811
f 1598/1836/1816 1597/1831/1811 1654/1833/1813
f 1655/1691/1672 1599/1693/1674 1598/1836/1816
f 1655/1691/1672 1598/1836/1816 1654/1833/1813
f 1601/1695/1676 1600/1694/1675 1657/1837/1817
f 1657/1837/1817 1600/1694/1675 1656/1692/1673
f 1657/1837/1817 1656/1692/1673 1713/1838/1818
f 1713/1838/1818 1656/1692/1673 1712/1690/1671
f 1713/1838/1818 1712/1690/1671 1769/1839/1819
f 1769/1839/1819 1712/1690/1671 1768/1688/1669
f 1769/1839/1819 1768/1688/1669 1825/1840/1820
f 1825/1840/1820 1768/1688/1669 1824/1686/1667
f 1825/1840/1820 1824/1686/1667 87/1664/1645
f 1602/1696/1677 1603/1841/1821 93/1653/1586
f 93/1653/1586 1603/1841/1821 1604/1842/1822
f 93/1653/1586 1604/1842/1822 1605/1843/1823
f 1605/1843/1823 1604/1842/1822 1661/1844/1824
f 1605/1843/1823 1661/1844/1824 1662/1845/1825
f 1662/1845/1825 1661/1844/1824 1718/1846/1826
f 1662/1845/1825 1718/1846/1826 1719/1709/1690
f 1719/1709/1690 1718/1846/1826 1775/1707/1688
f 1602/1696/1677 1659/1698/1679 1603/1841/1821
f 1603/1841/1821 1659/1698/1679 1660/1847/1827
f 1603/1841/1821 1660/1847/1827 1604/1842/1822
f 1604/1842/1822 1660/1847/1827 1661/1844/1824
f 1607/1713/1694 93/1653/1586 1606/1848/1828
f 1606/1848/1828 93/1653/1586 1605/1843/1823
f 1606/1848/1828 1605/1843/1823 1662/1845/1825
f 1663/1711/1692 1607/1713/1694 1606/1848/1828
f 1663/1711/1692 1606/1848/1828 1662/1845/1825
f 1609/1715/1696 1608/1714/1695 1665/1849/1829
f 1665/1849/1829 1608/1714/1695 1664/1712/1693
f 1665/1849/1829 1664/1712/1693 1721/1850/1830
f 1721/1850/1830 1664/1712/1693 1720/1710/1691
f 1721/1850/1830 1720/1710/1691 1777/1808/1788
f 1612/1809/1789 93/1653/1586 1611/1851/1831
f 1611/1851/1831 93/1653/1586 1610/1716/1697
f 1611/1851/1831 1610/1716/1697 1667/1718/1699
f 1612/1809/1789 1611/1851/1831 1668/1852/1832
f 1668/1852/1832 1611/1851/1831 1667/1718/1699
f 1668/1852/1832 1667/1718/1699 1724/1720/1701
f 1615/1734/1715 1536/1736/1584 1614/1811/1791
f 1613/1810/1790 1612/1809/1789 1669/1853/1833
f 1669/1853/1833 1612/1809/1789 1668/1852/1832
f 1669/1853/1833 1668/1852/1832 1725/1854/1834
f 1725/1854/1834 1668/1852/1832 1724/1720/1701
f 1725/1854/1834 1724/1720/1701 1781/1722/1703
f 1671/1732/1713 1615/1734/1715 1614/1811/1791
f 1617/1737/1717 1616/1735/1716 1673/1855/1835
f 1673/1855/1835 1616/1735/1716 1672/1733/1714
f 1673/1855/1835 1672/1733/1714 1729/1856/1836
f 1729/1856/1836 1672/1733/1714 1728/1731/1712
f 1729/1856/1836 1728/1731/1712 1785/1857/1837
f 1785/1857/1837 1728/1731/1712 1784/1729/1710
f 1785/1857/1837 1784/1729/1710 1841/1858/1838
f 1841/1858/1838 1784/1729/1710 1840/1727/1708
f 1841/1858/1838 1840/1727/1708 1578/1725/1706
f 1618/1738/1718 1619/1859/1839 1536/1736/1584
f 1536/1736/1584 1619/1859/1839 1620/1860/1840
f 1536/1736/1584 1620/1860/1840 1621/1861/1841
f 1621/1861/1841 1620/1860/1840 1677/1862/1842
f 1621/1861/1841 1677/1862/1842 1678/1863/1843
f 1678/1863/1843 1677/1862/1842 1734/1864/1844
f 1678/1863/1843 1734/1864/1844 1735/1751/1731
f 1735/1751/1731 1734/1864/1844 1791/1749/1729
f 1618/1738/1718 1675/1740/1720 1619/1859/1839
f 1619/1859/1839 1675/1740/1720 1676/1865/1845
f 1619/1859/1839 1676/1865/1845 1620/1860/1840
f 1620/1860/1840 1676/1865/1845 1677/1862/1842
f 1623/1755/1735 1536/1736/1584 1622/1866/1846
f 1622/1866/1846 1536/1736/1584 1621/1861/1841
f 1622/1866/1846 1621/1861/1841 1678/1863/1843
f 1679/1753/1733 1623/1755/1735 1622/1866/1846
f 1679/1753/1733 1622/1866/1846 1678/1863/1843
f 1625/1757/1737 1624/1756/1736 1681/1867/1847
f 1681/1867/1847 1624/1756/1736 1680/1754/1734
f 1681/1867/1847 1680/1754/1734 1737/1868/1848
f 1737/1868/1848 1680/1754/1734 1736/1752/1732
f 1737/1868/1848 1736/1752/1732 1793/1869/1849
f 1793/1869/1849 1736/1752/1732 1792/1750/1730
f 1793/1869/1849 1792/1750/1730 1849/1870/1850
f 1849/1870/1850 1792/1750/1730 1848/1748/1728
f 1849/1870/1850 1848/1748/1728 1578/1725/1706
f 1626/1758/1738 1627/1871/1851 1536/1736/1584
f 1536/1736/1584 1627/1871/1851 1628/1872/1852
f 1536/1736/1584 1628/1872/1852 1629/1873/1853
f 1629/1873/1853 1628/1872/1852 1685/1874/1854
f 1629/1873/1853 1685/1874/1854 1686/1875/1855
f 1686/1875/1855 1685/1874/1854 1742/1876/1856
f 1686/1875/1855 1742/1876/1856 1743/1771/1751
f 1743/1771/1751 1742/1876/1856 1799/1769/1749
f 1626/1758/1738 1683/1760/1740 1627/1871/1851
f 1627/1871/1851 1683/1760/1740 1684/1877/1857
f 1627/1871/1851 1684/1877/1857 1628/1872/1852
f 1628/1872/1852 1684/1877/1857 1685/1874/1854
f 1631/1775/1755 1536/1736/1584 1630/1878/1858
f 1630/1878/1858 1536/1736/1584 1629/1873/1853
f 1630/1878/1858 1629/1873/1853 1686/1875/1855
f 1687/1773/1753 1631/1775/1755 1630/1878/1858
f 1687/1773/1753 1630/1878/1858 1686/1875/1855
f 1633/1777/1757 1632/1776/1756 1689/1879/1859
f 1689/1879/1859 1632/1776/1756 1688/1774/1754
f 1689/1879/1859 1688/1774/1754 1745/1880/1860
f 1745/1880/1860 1688/1774/1754 1744/1772/1752
f 1745/1880/1860 1744/1772/1752 1801/1881/1861
f 1801/1881/1861 1744/1772/1752 1800/1770/1750
f 1801/1881/1861 1800/1770/1750 1857/1882/1862
f 1857/1882/1862 1800/1770/1750 1856/1768/1748
f 1857/1882/1862 1856/1768/1748 1578/1725/1706
f 1634/1778/1758 1635/1883/1863 1536/1736/1584
f 1536/1736/1584 1635/1883/1863 1636/1884/1864
f 1536/1736/1584 1636/1884/1864 1637/1885/1865
f 1637/1885/1865 1636/1884/1864 1693/1886/1866
f 1637/1885/1865 1693/1886/1866 1694/1887/1867
f 1694/1887/1867 1693/1886/1866 1750/1888/1868
f 1694/1887/1867 1750/1888/1868 1751/1791/1771
f 1751/1791/1771 1750/1888/1868 1807/1789/1769
f 1634/1778/1758 1691/1780/1760 1635/1883/1863
f 1635/1883/1863 1691/1780/1760 1692/1889/1869
f 1635/1883/1863 1692/1889/1869 1636/1884/1864
f 1636/1884/1864 1692/1889/1869 1693/1886/1866
f 1639/1795/1775 1536/1736/1584 1638/1890/1870
f 1638/1890/1870 1536/1736/1584 1637/1885/1865
f 1638/1890/1870 1637/1885/1865 1694/1887/1867
f 1695/1793/1773 1639/1795/1775 1638/1890/1870
f 1695/1793/1773 1638/1890/1870 1694/1887/1867
f 1585/1654/1635 1641/1813/1793 1642/1656/1637
f 1642/1656/1637 1641/1813/1793 1698/1891/1871
f 1642/1656/1637 1698/1891/1871 1699/1658/1639
f 1699/1658/1639 1698/1891/1871 1755/1892/1872
f 1699/1658/1639 1755/1892/1872 1756/1660/1641
f 1756/1660/1641 1755/1892/1872 1812/1893/1873
f 1756/1660/1641 1812/1893/1873 1813/1662/1643
f 1813/1662/1643 1812/1893/1873 87/1664/1645
f 1698/1891/1871 1641/1813/1793 1697/1814/1794
f 1643/1657/1638 1700/1659/1640 1644/1823/1803
f 1644/1823/1803 1700/1659/1640 1701/1894/1874
f 1644/1823/1803 1701/1894/1874 1645/1820/1800
f 1645/1820/1800 1701/1894/1874 1702/1822/1802
f 1703/1669/1650 1647/1671/1652 1646/1821/1801
f 1593/1675/1656 1649/1825/1805 1650/1677/1658
f 1650/1677/1658 1649/1825/1805 1706/1895/1875
f 1650/1677/1658 1706/1895/1875 1707/1679/1660
f 1707/1679/1660 1706/1895/1875 1763/1896/1876
f 1707/1679/1660 1763/1896/1876 1764/1681/1662
f 1764/1681/1662 1763/1896/1876 1820/1897/1877
f 1764/1681/1662 1820/1897/1877 1821/1683/1664
f 1821/1683/1664 1820/1897/1877 87/1664/1645
f 1706/1895/1875 1649/1825/1805 1705/1826/1806
f 1651/1678/1659 1708/1680/1661 1652/1835/1815
f 1652/1835/1815 1708/1680/1661 1709/1898/1878
f 1652/1835/1815 1709/1898/1878 1653/1832/1812
f 1653/1832/1812 1709/1898/1878 1710/1834/1814
f 1711/1689/1670 1655/1691/1672 1654/1833/1813
f 1601/1695/1676 1657/1837/1817 1658/1697/1678
f 1658/1697/1678 1657/1837/1817 1714/1899/1879
f 1658/1697/1678 1714/1899/1879 1715/1699/1680
f 1715/1699/1680 1714/1899/1879 1771/1900/1880
f 1715/1699/1680 1771/1900/1880 1772/1701/1682
f 1772/1701/1682 1771/1900/1880 1828/1901/1881
f 1772/1701/1682 1828/1901/1881 1829/1703/1684
f 1829/1703/1684 1828/1901/1881 87/1664/1645
f 1714/1899/1879 1657/1837/1817 1713/1838/1818
f 1659/1698/1679 1716/1700/1681 1660/1847/1827
f 1660/1847/1827 1716/1700/1681 1717/1902/1882
f 1660/1847/1827 1717/1902/1882 1661/1844/1824
f 1661/1844/1824 1717/1902/1882 1718/1846/1826
f 1719/1709/1690 1663/1711/1692 1662/1845/1825
f 1609/1715/1696 1665/1849/1829 1666/1717/1698
f 1666/1717/1698 1665/1849/1829 1722/1903/1883
f 1666/1717/1698 1722/1903/1883 1723/1719/1700
f 1723/1719/1700 1722/1903/1883 1779/1904/1884
f 1723/1719/1700 1779/1904/1884 1780/1721/1702
f 1780/1721/1702 1779/1904/1884 1836/1905/1885
f 1780/1721/1702 1836/1905/1885 1837/1723/1704
f 1837/1723/1704 1836/1905/1885 1578/1725/1706
f 1722/1903/1883 1665/1849/1829 1721/1850/1830
f 1613/1810/1790 1669/1853/1833 1670/1812/1792
f 1670/1812/1792 1669/1853/1833 1726/1906/1886
f 1670/1812/1792 1726/1906/1886 1727/1730/1711
f 1727/1730/1711 1726/1906/1886 1783/1728/1709
f 1726/1906/1886 1669/1853/1833 1725/1854/1834
f 1617/1737/1717 1673/1855/1835 1674/1739/1719
f 1674/1739/1719 1673/1855/1835 1730/1907/1887
f 1674/1739/1719 1730/1907/1887 1731/1741/1721
f 1731/1741/1721 1730/1907/1887 1787/1908/1888
f 1731/1741/1721 1787/1908/1888 1788/1743/1723
f 1788/1743/1723 1787/1908/1888 1844/1909/1889
f 1788/1743/1723 1844/1909/1889 1845/1745/1725
f 1845/1745/1725 1844/1909/1889 1578/1725/1706
f 1730/1907/1887 1673/1855/1835 1729/1856/1836
f 1675/1740/1720 1732/1742/1722 1676/1865/1845
f 1676/1865/1845 1732/1742/1722 1733/1910/1890
f 1676/1865/1845 1733/1910/1890 1677/1862/1842
f 1677/1862/1842 1733/1910/1890 1734/1864/1844
f 1735/1751/1731 1679/1753/1733 1678/1863/1843
f 1625/1757/1737 1681/1867/1847 1682/1759/1739
f 1682/1759/1739 1681/1867/1847 1738/1911/1891
f 1682/1759/1739 1738/1911/1891 1739/1761/1741
f 1739/1761/1741 1738/1911/1891 1795/1912/1892
f 1739/1761/1741 1795/1912/1892 1796/1763/1743
f 1796/1763/1743 1795/1912/1892 1852/1913/1893
f 1796/1763/1743 1852/1913/1893 1853/1765/1745
f 1853/1765/1745 1852/1913/1893 1578/1725/1706
f 1738/1911/1891 1681/1867/1847 1737/1868/1848
f 1683/1760/1740 1740/1762/1742 1684/1877/1857
f 1684/1877/1857 1740/1762/1742 1741/1914/1894
f 1684/1877/1857 1741/1914/1894 1685/1874/1854
f 1685/1874/1854 1741/1914/1894 1742/1876/1856
f 1743/1771/1751 1687/1773/1753 1686/1875/1855
f 1633/1777/1757 1689/1879/1859 1690/1779/1759
f 1690/1779/1759 1689/1879/1859 1746/1915/1895
f 1690/1779/1759 1746/1915/1895 1747/1781/1761
f 1747/1781/1761 1746/1915/1895 1803/1916/1896
f 1747/1781/1761 1803/1916/1896 1804/1783/1763
f 1804/1783/1763 1803/1916/1896 1860/1917/1897
f 1804/1783/1763 1860/1917/1897 1861/1785/1765
f 1861/1785/1765 1860/1917/1897 1578/1725/1706
f 1746/1915/1895 1689/1879/1859 1745/1880/1860
f 1691/1780/1760 1748/1782/1762 1692/1889/1869
f 1692/1889/1869 1748/1782/1762 1749/1918/1898
f 1692/1889/1869 1749/1918/1898 1693/1886/1866
f 1693/1886/1866 1749/1918/1898 1750/1888/1868
f 1751/1791/1771 1695/1793/1773 1694/1887/1867
f 1698/1891/1871 1697/1814/1794 1754/1919/1899
f 1754/1919/1899 1697/1814/1794 1753/1815/1795
f 1754/1919/1899 1753/1815/1795 1810/1920/1900
f 1810/1920/1900 1753/1815/1795 1809/1816/1796
f 1810/1920/1900 1809/1816/1796 87/1664/1645
f 1700/1659/1640 1757/1661/1642 1701/1894/1874
f 1701/1894/1874 1757/1661/1642 1758/1921/1901
f 1701/1894/1874 1758/1921/1901 1702/1822/1802
f 1702/1822/1802 1758/1921/1901 1759/1667/1648
f 1706/1895/1875 1705/1826/1806 1762/1922/1902
f 1762/1922/1902 1705/1826/1806 1761/1827/1807
f 1762/1922/1902 1761/1827/1807 1818/1923/1903
f 1818/1923/1903 1761/1827/1807 1817/1828/1808
f 1818/1923/1903 1817/1828/1808 87/1664/1645
f 1708/1680/1661 1765/1682/1663 1709/1898/1878
f 1709/1898/1878 1765/1682/1663 1766/1924/1904
f 1709/1898/1878 1766/1924/1904 1710/1834/1814
f 1710/1834/1814 1766/1924/1904 1767/1687/1668
f 1714/1899/1879 1713/1838/1818 1770/1925/1905
f 1770/1925/1905 1713/1838/1818 1769/1839/1819
f 1770/1925/1905 1769/1839/1819 1826/1926/1906
f 1826/1926/1906 1769/1839/1819 1825/1840/1820
f 1826/1926/1906 1825/1840/1820 87/1664/1645
f 1716/1700/1681 1773/1702/1683 1717/1902/1882
f 1717/1902/1882 1773/1702/1683 1774/1927/1907
f 1717/1902/1882 1774/1927/1907 1718/1846/1826
f 1718/1846/1826 1774/1927/1907 1775/1707/1688
f 1722/1903/1883 1721/1850/1830 1778/1928/1908
f 1778/1928/1908 1721/1850/1830 1777/1808/1788
f 1778/1928/1908 1777/1808/1788 1834/1806/1786
f 1726/1906/1886 1725/1854/1834 1782/1929/1909
f 1782/1929/1909 1725/1854/1834 1781/1722/1703
f 1782/1929/1909 1781/1722/1703 1838/1724/1705
f 1730/1907/1887 1729/1856/1836 1786/1930/1910
f 1786/1930/1910 1729/1856/1836 1785/1857/1837
f 1786/1930/1910 1785/1857/1837 1842/1931/1911
f 1842/1931/1911 1785/1857/1837 1841/1858/1838
f 1842/1931/1911 1841/1858/1838 1578/1725/1706
f 1732/1742/1722 1789/1744/1724 1733/1910/1890
f 1733/1910/1890 1789/1744/1724 1790/1932/1912
f 1733/1910/1890 1790/1932/1912 1734/1864/1844
f 1734/1864/1844 1790/1932/1912 1791/1749/1729
f 1738/1911/1891 1737/1868/1848 1794/1933/1913
f 1794/1933/1913 1737/1868/1848 1793/1869/1849
f 1794/1933/1913 1793/1869/1849 1850/1934/1914
f 1850/1934/1914 1793/1869/1849 1849/1870/1850
f 1850/1934/1914 1849/1870/1850 1578/1725/1706
f 1740/1762/1742 1797/1764/1744 1741/1914/1894
f 1741/1914/1894 1797/1764/1744 1798/1935/1915
f 1741/1914/1894 1798/1935/1915 1742/1876/1856
f 1742/1876/1856 1798/1935/1915 1799/1769/1749
f 1746/1915/1895 1745/1880/1860 1802/1936/1916
f 1802/1936/1916 1745/1880/1860 1801/1881/1861
f 1802/1936/1916 1801/1881/1861 1858/1937/1917
f 1858/1937/1917 1801/1881/1861 1857/1882/1862
f 1858/1937/1917 1857/1882/1862 1578/1725/1706
f 1748/1782/1762 1805/1784/1764 1749/1918/1898
f 1749/1918/1898 1805/1784/1764 1806/1938/1918
f 1749/1918/1898 1806/1938/1918 1750/1888/1868
f 1750/1888/1868 1806/1938/1918 1807/1789/1769
f 1698/1891/1871 1754/1919/1899 1755/1892/1872
f 1755/1892/1872 1754/1919/1899 1811/1939/1919
f 1755/1892/1872 1811/1939/1919 1812/1893/1873
f 1812/1893/1873 1811/1939/1919 87/1664/1645
f 1811/1939/1919 1754/1919/1899 1810/1920/1900
f 1815/1665/1646 1759/1667/1648 1758/1921/1901
f 1815/1665/1646 1758/1921/1901 1814/1663/1644
f 1814/1663/1644 1758/1921/1901 1757/1661/1642
f 1706/1895/1875 1762/1922/1902 1763/1896/1876
f 1763/1896/1876 1762/1922/1902 1819/1940/1920
f 1763/1896/1876 1819/1940/1920 1820/1897/1877
f 1820/1897/1877 1819/1940/1920 87/1664/1645
f 1819/1940/1920 1762/1922/1902 1818/1923/1903
f 1823/1685/1666 1767/1687/1668 1766/1924/1904
f 1823/1685/1666 1766/1924/1904 1822/1684/1665
f 1822/1684/1665 1766/1924/1904 1765/1682/1663
f 1714/1899/1879 1770/1925/1905 1771/1900/1880
f 1771/1900/1880 1770/1925/1905 1827/1941/1921
f 1771/1900/1880 1827/1941/1921 1828/1901/1881
f 1828/1901/1881 1827/1941/1921 87/1664/1645
f 1827/1941/1921 1770/1925/1905 1826/1926/1906
f 1831/1705/1686 1775/1707/1688 1774/1927/1907
f 1831/1705/1686 1774/1927/1907 1830/1704/1685
f 1830/1704/1685 1774/1927/1907 1773/1702/1683
f 1833/1807/1787 1776/1708/1689 1832/1706/1687
f 1722/1903/1883 1778/1928/1908 1779/1904/1884
f 1779/1904/1884 1778/1928/1908 1835/1805/1785
f 1779/1904/1884 1835/1805/1785 1836/1905/1885
f 1836/1905/1885 1835/1805/1785 1578/1725/1706
f 1835/1805/1785 1778/1928/1908 1834/1806/1786
f 1839/1726/1707 1783/1728/1709 1782/1929/1909
f 1782/1929/1909 1783/1728/1709 1726/1906/1886
f 1839/1726/1707 1782/1929/1909 1838/1724/1705
f 1730/1907/1887 1786/1930/1910 1787/1908/1888
f 1787/1908/1888 1786/1930/1910 1843/1942/1922
f 1787/1908/1888 1843/1942/1922 1844/1909/1889
f 1844/1909/1889 1843/1942/1922 1578/1725/1706
f 1843/1942/1922 1786/1930/1910 1842/1931/1911
f 1847/1747/1727 1791/1749/1729 1790/1932/1912
f 1847/1747/1727 1790/1932/1912 1846/1746/1726
f 1846/1746/1726 1790/1932/1912 1789/1744/1724
f 1738/1911/1891 1794/1933/1913 1795/1912/1892
f 1795/1912/1892 1794/1933/1913 1851/1943/1923
f 1795/1912/1892 1851/1943/1923 1852/1913/1893
f 1852/1913/1893 1851/1943/1923 1578/1725/1706
f 1851/1943/1923 1794/1933/1913 1850/1934/1914
f 1855/1767/1747 1799/1769/1749 1798/1935/1915
f 1855/1767/1747 1798/1935/1915 1854/1766/1746
f 1854/1766/1746 1798/1935/1915 1797/1764/1744
f 1746/1915/1895 1802/1936/1916 1803/1916/1896
f 1803/1916/1896 1802/1936/1916 1859/1944/1924
f 1803/1916/1896 1859/1944/1924 1860/1917/1897
f 1860/1917/1897 1859/1944/1924 1578/1725/1706
f 1859/1944/1924 1802/1936/1916 1858/1937/1917
f 1863/1787/1767 1807/1789/1769 1806/1938/1918
f 1863/1787/1767 1806/1938/1918 1862/1786/1766
f 1862/1786/1766 1806/1938/1918 1805/1784/1764
f 87/1664/1645 1811/1939/1919 1810/1920/1900
f 87/1664/1645 1819/1940/1920 1818/1923/1903
f 87/1664/1645 1827/1941/1921 1826/1926/1906
f 87/1664/1645 1833/1807/1787 1832/1706/1687
f 1578/1725/1706 1843/1942/1922 1842/1931/1911
f 1578/1725/1706 1851/1943/1923 1850/1934/1914
f 1578/1725/1706 1859/1944/1924 1858/1937/1917
f 87/1945/1645 86/1946/1925 1578/1947/1706
f 1578/1947/1706 86/1946/1925 1864/1948/1926
f 85/1949/1927 1869/1950/1928 86/1951/1925
f 86/1951/1925 1869/1950/1928 1870/1952/1929
f 86/1951/1925 1870/1952/1929 1871/1953/1930
f 1871/1953/1930 1870/1952/1929 2040/1954/1931
f 1871/1953/1930 2040/1954/1931 2041/1955/1932
f 2041/1955/1932 2040/1954/1931 2210/1956/1933
f 2041/1955/1932 2210/1956/1933 2211/1957/1934
f 2211/1957/1934 2210/1956/1933 82/1958/1935
f 2211/1957/1934 82/1958/1935 2212/1959/1936
f 2212/1959/1936 82/1958/1935 2213/1960/1937
f 2212/1959/1936 2213/1960/1937 2043/1961/1938
f 2043/1961/1938 2213/1960/1937 2044/1962/1939
f 2043/1961/1938 2044/1962/1939 1874/1963/1940
f 1874/1963/1940 2044/1962/1939 1875/1964/1941
f 1874/1963/1940 1875/1964/1941 86/1951/1925
f 86/1951/1925 1875/1964/1941 1876/1965/1942
f 86/1951/1925 1876/1965/1942 1877/1966/1943
f 1877/1966/1943 1876/1965/1942 2046/1967/1944
f 1877/1966/1943 2046/1967/1944 2047/1968/1945
f 2047/1968/1945 2046/1967/1944 2216/1969/1946
f 2047/1968/1945 2216/1969/1946 2217/1970/1947
f 2217/1970/1947 2216/1969/1946 82/1958/1935
f 2217/1970/1947 82/1958/1935 2218/1971/1948
f 2218/1971/1948 82/1958/1935 2219/1972/1949
f 2218/1971/1948 2219/1972/1949 2049/1973/1950
f 2049/1973/1950 2219/1972/1949 2050/1974/1951
f 2049/1973/1950 2050/1974/1951 1880/1975/1952
f 1880/1975/1952 2050/1974/1951 1881/1976/1953
f 1880/1975/1952 1881/1976/1953 86/1951/1925
f 86/1951/1925 1881/1976/1953 1882/1977/1954
f 86/1951/1925 1882/1977/1954 1883/1978/1955
f 1883/1978/1955 1882/1977/1954 2052/1979/1956
f 1883/1978/1955 2052/1979/1956 2053/1980/1957
f 2053/1980/1957 2052/1979/1956 2222/1981/1958
f 2053/1980/1957 2222/1981/1958 2223/1982/1959
f 2223/1982/1959 2222/1981/1958 82/1958/1935
f 2223/1982/1959 82/1958/1935 2224/1983/1960
f 2224/1983/1960 82/1958/1935 2225/1984/1961
f 2224/1983/1960 2225/1984/1961 2055/1985/1962
f 2055/1985/1962 2225/1984/1961 2056/1986/1963
f 2055/1985/1962 2056/1986/1963 1886/1987/1964
f 1886/1987/1964 2056/1986/1963 1887/1988/1965
f 1886/1987/1964 1887/1988/1965 86/1951/1925
f 86/1951/1925 1887/1988/1965 1888/1989/1966
f 86/1951/1925 1888/1989/1966 1889/1990/1967
f 1889/1990/1967 1888/1989/1966 2058/1991/1968
f 1889/1990/1967 2058/1991/1968 2059/1992/1969
f 2059/1992/1969 2058/1991/1968 2228/1993/1970
f 2059/1992/1969 2228/1993/1970 2229/1994/1971
f 2229/1994/1971 2228/1993/1970 82/1958/1935
f 2229/1994/1971 82/1958/1935 2230/1995/1972
f 2230/1995/1972 82/1958/1935 2231/1996/1973
f 2230/1995/1972 2231/1996/1973 2061/1997/1974
f 2061/1997/1974 2231/1996/1973 2062/1998/1975
f 2061/1997/1974 2062/1998/1975 1892/1999/1976
f 1892/1999/1976 2062/1998/1975 1893/2000/1977
f 1892/1999/1976 1893/2000/1977 86/1951/1925
f 86/1951/1925 1893/2000/1977 1894/2001/1978
f 86/1951/1925 1894/2001/1978 1895/2002/1979
f 1895/2002/1979 1894/2001/1978 2064/2003/1980
f 1895/2002/1979 2064/2003/1980 2065/2004/1981
f 2065/2004/1981 2064/2003/1980 2234/2005/1982
f 2065/2004/1981 2234/2005/1982 2235/2006/1983
f 2235/2006/1983 2234/2005/1982 82/1958/1935
f 2235/2006/1983 82/1958/1935 2236/2007/1984
f 2236/2007/1984 82/1958/1935 2237/2008/1985
f 2236/2007/1984 2237/2008/1985 2067/2009/1986
f 2067/2009/1986 2237/2008/1985 2068/2010/1987
f 2067/2009/1986 2068/2010/1987 1898/2011/1988
f 1898/2011/1988 2068/2010/1987 1899/2012/1989
f 1898/2011/1988 1899/2012/1989 86/1951/1925
f 86/1951/1925 1899/2012/1989 1900/2013/1990
f 86/1951/1925 1900/2013/1990 1901/2014/1991
f 1901/2014/1991 1900/2013/1990 2070/2015/1992
f 1901/2014/1991 2070/2015/1992 2071/2016/1993
f 2071/2016/1993 2070/2015/1992 2240/2017/1994
f 2071/2016/1993 2240/2017/1994 2241/2018/1995
f 2241/2018/1995 2240/2017/1994 82/1958/1935
f 2241/2018/1995 82/1958/1935 2242/2019/1996
f 2242/2019/1996 82/1958/1935 2243/2020/1997
f 2242/2019/1996 2243/2020/1997 2073/2021/1998
f 2073/2021/1998 2243/2020/1997 2074/2022/1999
f 2073/2021/1998 2074/2022/1999 1904/2023/2000
f 1904/2023/2000 2074/2022/1999 1905/2024/2001
f 1904/2023/2000 1905/2024/2001 86/1951/1925
f 86/1951/1925 1905/2024/2001 1906/2025/2002
f 86/1951/1925 1906/2025/2002 1907/2026/2003
f 1907/2026/2003 1906/2025/2002 2076/2027/2004
f 1907/2026/2003 2076/2027/2004 2077/2028/2005
f 2077/2028/2005 2076/2027/2004 2246/2029/2006
f 2077/2028/2005 2246/2029/2006 2247/2030/2007
f 2247/2030/2007 2246/2029/2006 82/1958/1935
f 2247/2030/2007 82/1958/1935 2248/2031/2008
f 2248/2031/2008 82/1958/1935 2249/2032/2009
f 2248/2031/2008 2249/2032/2009 2079/2033/2010
f 2079/2033/2010 2249/2032/2009 2080/2034/2011
f 2079/2033/2010 2080/2034/2011 1910/2035/2012
f 1910/2035/2012 2080/2034/2011 1911/2036/2013
f 1910/2035/2012 1911/2036/2013 86/1951/1925
f 86/1951/1925 1911/2036/2013 1912/2037/2014
f 86/1951/1925 1912/2037/2014 1913/2038/2015
f 1913/2038/2015 1912/2037/2014 2082/2039/2016
f 1913/2038/2015 2082/2039/2016 2083/2040/2017
f 2083/2040/2017 2082/2039/2016 2252/2041/2018
f 2083/2040/2017 2252/2041/2018 2253/2042/2019
f 2253/2042/2019 2252/2041/2018 82/1958/1935
f 2253/2042/2019 82/1958/1935 2254/2043/2020
f 2254/2043/2020 82/1958/1935 2255/2044/2021
f 2254/2043/2020 2255/2044/2021 2085/2045/2022
f 2085/2045/2022 2255/2044/2021 2086/2046/2023
f 2085/2045/2022 2086/2046/2023 1916/2047/2024
f 1916/2047/2024 2086/2046/2023 1917/2048/2025
f 1916/2047/2024 1917/2048/2025 86/1951/1925
f 86/1951/1925 1917/2048/2025 1918/2049/2026
f 86/1951/1925 1918/2049/2026 1919/2050/2027
f 1919/2050/2027 1918/2049/2026 2088/2051/2028
f 1919/2050/2027 2088/2051/2028 2089/2052/2029
f 2089/2052/2029 2088/2051/2028 2258/2053/2030
f 2089/2052/2029 2258/2053/2030 2259/2054/2031
f 2259/2054/2031 2258/2053/2030 82/1958/1935
f 2259/2054/2031 82/1958/1935 2260/2055/2032
f 2260/2055/2032 82/1958/1935 2261/2056/2033
f 2260/2055/2032 2261/2056/2033 2091/2057/2034
f 2091/2057/2034 2261/2056/2033 2092/2058/2035
f 2091/2057/2034 2092/2058/2035 1922/2059/2036
f 1922/2059/2036 2092/2058/2035 1923/2060/2037
f 1922/2059/2036 1923/2060/2037 86/1951/1925
f 86/1951/1925 1923/2060/2037 1924/2061/2038
f 86/1951/1925 1924/2061/2038 1925/2062/2039
f 1925/2062/2039 1924/2061/2038 2094/2063/2040
f 1925/2062/2039 2094/2063/2040 2095/2064/2041
f 2095/2064/2041 2094/2063/2040 2264/2065/2042
f 2095/2064/2041 2264/2065/2042 2265/2066/2043
f 2265/2066/2043 2264/2065/2042 82/1958/1935
f 2265/2066/2043 82/1958/1935 2266/2067/2044
f 2266/2067/2044 82/1958/1935 2267/2068/2045
f 2266/2067/2044 2267/2068/2045 2097/2069/2046
f 2097/2069/2046 2267/2068/2045 2098/2070/2047
f 2097/2069/2046 2098/2070/2047 1928/2071/2048
f 1928/2071/2048 2098/2070/2047 1929/2072/2049
f 1928/2071/2048 1929/2072/2049 86/1951/1925
f 86/1951/1925 1929/2072/2049 1930/2073/2050
f 86/1951/1925 1930/2073/2050 1931/2074/2051
f 1931/2074/2051 1930/2073/2050 2100/2075/2052
f 1931/2074/2051 2100/2075/2052 2101/2076/2053
f 2101/2076/2053 2100/2075/2052 2270/2077/2054
f 2101/2076/2053 2270/2077/2054 2271/2078/2055
f 2271/2078/2055 2270/2077/2054 82/1958/1935
f 2271/2078/2055 82/1958/1935 2272/2079/2056
f 2272/2079/2056 82/1958/1935 2273/2080/2057
f 2272/2079/2056 2273/2080/2057 2103/2081/2058
f 2103/2081/2058 2273/2080/2057 2104/2082/2059
f 2103/2081/2058 2104/2082/2059 1934/2083/2060
f 1934/2083/2060 2104/2082/2059 1935/2084/2061
f 1934/2083/2060 1935/2084/2061 86/1951/1925
f 86/1951/1925 1935/2084/2061 1936/2085/2062
f 86/1951/1925 1936/2085/2062 1937/2086/2063
f 1937/2086/2063 1936/2085/2062 2106/2087/2064
f 1937/2086/2063 2106/2087/2064 2107/2088/2065
f 2107/2088/2065 2106/2087/2064 2276/2089/2066
f 2107/2088/2065 2276/2089/2066 2277/2090/2067
f 2277/2090/2067 2276/2089/2066 82/1958/1935
f 2277/2090/2067 82/1958/1935 2278/2091/2068
f 2278/2091/2068 82/1958/1935 2279/2092/2069
f 2278/2091/2068 2279/2092/2069 2109/2093/2070
f 2109/2093/2070 2279/2092/2069 2110/2094/2071
f 2109/2093/2070 2110/2094/2071 1940/2095/2072
f 1940/2095/2072 2110/2094/2071 1941/2096/2073
f 1940/2095/2072 1941/2096/2073 86/1951/1925
f 86/1951/1925 1941/2096/2073 1942/2097/2074
f 86/1951/1925 1942/2097/2074 1943/2098/2075
f 1943/2098/2075 1942/2097/2074 2112/2099/2076
f 1943/2098/2075 2112/2099/2076 2113/2100/2077
f 2113/2100/2077 2112/2099/2076 2282/2101/2078
f 2113/2100/2077 2282/2101/2078 2283/2102/2079
f 2283/2102/2079 2282/2101/2078 82/1958/1935
f 2283/2102/2079 82/1958/1935 2284/2103/2080
f 2284/2103/2080 82/1958/1935 2285/2104/2081
f 2284/2103/2080 2285/2104/2081 2115/2105/2082
f 2115/2105/2082 2285/2104/2081 2116/2106/2083
f 2115/2105/2082 2116/2106/2083 1946/2107/2084
f 1946/2107/2084 2116/2106/2083 1947/2108/2085
f 1946/2107/2084 1947/2108/2085 86/1951/1925
f 86/1951/1925 1947/2108/2085 1948/2109/2086
f 86/1951/1925 1948/2109/2086 1949/2110/2087
f 1949/2110/2087 1948/2109/2086 2118/2111/2088
f 1949/2110/2087 2118/2111/2088 2119/2112/2089
f 2119/2112/2089 2118/2111/2088 2288/2113/2090
f 2119/2112/2089 2288/2113/2090 2289/2114/2091
f 2289/2114/2091 2288/2113/2090 82/1958/1935
f 2289/2114/2091 82/1958/1935 2290/2115/2092
f 2290/2115/2092 82/1958/1935 2291/2116/2093
f 2290/2115/2092 2291/2116/2093 2121/2117/2094
f 2121/2117/2094 2291/2116/2093 2122/2118/2095
f 2121/2117/2094 2122/2118/2095 1952/2119/2096
f 1952/2119/2096 2122/2118/2095 1953/2120/2097
f 1952/2119/2096 1953/2120/2097 86/1951/1925
f 86/1951/1925 1953/2120/2097 1864/2121/1926
f 1864/2121/1926 1953/2120/2097 1954/2122/2098
f 1864/2121/1926 1954/2122/2098 1955/2123/2099
f 1955/2123/2099 1954/2122/2098 2124/2124/2100
f 1955/2123/2099 2124/2124/2100 2125/2125/2101
f 2125/2125/2101 2124/2124/2100 2294/2126/2102
f 2125/2125/2101 2294/2126/2102 2295/2127/2103
f 2295/2127/2103 2294/2126/2102 1865/2128/2104
f 2295/2127/2103 1865/2128/2104 2296/2129/2105
f 2296/2129/2105 1865/2128/2104 2297/2130/2106
f 2296/2129/2105 2297/2130/2106 2127/2131/2107
f 2127/2131/2107 2297/2130/2106 2128/2132/2108
f 2127/2131/2107 2128/2132/2108 1958/2133/2109
f 1958/2133/2109 2128/2132/2108 1959/2134/2110
f 1958/2133/2109 1959/2134/2110 1864/2121/1926
f 1864/2121/1926 1959/2134/2110 1960/2135/2111
f 1864/2121/1926 1960/2135/2111 1961/2136/2112
f 1961/2136/2112 1960/2135/2111 2130/2137/2113
f 1961/2136/2112 2130/2137/2113 2131/2138/2114
f 2131/2138/2114 2130/2137/2113 2300/2139/2115
f 2131/2138/2114 2300/2139/2115 2301/2140/2116
f 2301/2140/2116 2300/2139/2115 1865/2128/2104
f 2301/2140/2116 1865/2128/2104 2302/2141/2117
f 2302/2141/2117 1865/2128/2104 2303/2142/2118
f 2302/2141/2117 2303/2142/2118 2133/2143/2119
f 2133/2143/2119 2303/2142/2118 2134/2144/2120
f 2133/2143/2119 2134/2144/2120 1964/2145/2121
f 1964/2145/2121 2134/2144/2120 1965/2146/2122
f 1964/2145/2121 1965/2146/2122 1864/2121/1926
f 1864/2121/1926 1965/2146/2122 1966/2147/2123
f 1864/2121/1926 1966/2147/2123 1967/2148/2124
f 1967/2148/2124 1966/2147/2123 2136/2149/2125
f 1967/2148/2124 2136/2149/2125 2137/2150/2126
f 2137/2150/2126 2136/2149/2125 2306/2151/2127
f 2137/2150/2126 2306/2151/2127 2307/2152/2128
f 2307/2152/2128 2306/2151/2127 1865/2128/2104
f 2307/2152/2128 1865/2128/2104 2308/2153/2129
f 2308/2153/2129 1865/2128/2104 2309/2154/2130
f 2308/2153/2129 2309/2154/2130 2139/2155/2131
f 2139/2155/2131 2309/2154/2130 2140/2156/2132
f 2139/2155/2131 2140/2156/2132 1970/2157/2133
f 1970/2157/2133 2140/2156/2132 1971/2158/2134
f 1970/2157/2133 1971/2158/2134 1864/2121/1926
f 1864/2121/1926 1971/2158/2134 1972/2159/2135
f 1864/2121/1926 1972/2159/2135 1973/2160/2136
f 1973/2160/2136 1972/2159/2135 2142/2161/2137
f 1973/2160/2136 2142/2161/2137 2143/2162/2138
f 2143/2162/2138 2142/2161/2137 2312/2163/2139
f 2143/2162/2138 2312/2163/2139 2313/2164/2140
f 2313/2164/2140 2312/2163/2139 1865/2128/2104
f 2313/2164/2140 1865/2128/2104 2314/2165/2141
f 2314/2165/2141 1865/2128/2104 2315/2166/2142
f 2314/2165/2141 2315/2166/2142 2145/2167/2143
f 2145/2167/2143 2315/2166/2142 2146/2168/2144
f 2145/2167/2143 2146/2168/2144 1976/2169/2145
f 1976/2169/2145 2146/2168/2144 1977/2170/2146
f 1976/2169/2145 1977/2170/2146 1864/2121/1926
f 1864/2121/1926 1977/2170/2146 1978/2171/2147
f 1864/2121/1926 1978/2171/2147 1979/2172/2148
f 1979/2172/2148 1978/2171/2147 2148/2173/2149
f 1979/2172/2148 2148/2173/2149 2149/2174/2150
f 2149/2174/2150 2148/2173/2149 2318/2175/2151
f 2149/2174/2150 2318/2175/2151 2319/2176/2152
f 2319/2176/2152 2318/2175/2151 1865/2128/2104
f 2319/2176/2152 1865/2128/2104 2320/2177/2153
f 2320/2177/2153 1865/2128/2104 2321/2178/2154
f 2320/2177/2153 2321/2178/2154 2151/2179/2155
f 2151/2179/2155 2321/2178/2154 2152/2180/2156
f 2151/2179/2155 2152/2180/2156 1982/2181/2157
f 1982/2181/2157 2152/2180/2156 1983/2182/2158
f 1982/2181/2157 1983/2182/2158 1864/2121/1926
f 1864/2121/1926 1983/2182/2158 1984/2183/2159
f 1864/2121/1926 1984/2183/2159 1985/2184/2160
f 1985/2184/2160 1984/2183/2159 2154/2185/2161
f 1985/2184/2160 2154/2185/2161 2155/2186/2162
f 2155/2186/2162 2154/2185/2161 2324/2187/2163
f 2155/2186/2162 2324/2187/2163 2325/2188/2164
f 2325/2188/2164 2324/2187/2163 1865/2128/2104
f 2325/2188/2164 1865/2128/2104 2326/2189/2165
f 2326/2189/2165 1865/2128/2104 2327/2190/2166
f 2326/2189/2165 2327/2190/2166 2157/2191/2167
f 2157/2191/2167 2327/2190/2166 2158/2192/2168
f 2157/2191/2167 2158/2192/2168 1988/2193/2169
f 1988/2193/2169 2158/2192/2168 1989/2194/2170
f 1988/2193/2169 1989/2194/2170 1864/2121/1926
f 1864/2121/1926 1989/2194/2170 1990/2195/2171
f 1864/2121/1926 1990/2195/2171 1991/2196/2172
f 1991/2196/2172 1990/2195/2171 2160/2197/2173
f 1991/2196/2172 2160/2197/2173 2161/2198/2174
f 2161/2198/2174 2160/2197/2173 2330/2199/2175
f 2161/2198/2174 2330/2199/2175 2331/2200/2176
f 2331/2200/2176 2330/2199/2175 1865/2128/2104
f 2331/2200/2176 1865/2128/2104 2332/2201/2177
f 2332/2201/2177 1865/2128/2104 2333/2202/2178
f 2332/2201/2177 2333/2202/2178 2163/2203/2179
f 2163/2203/2179 2333/2202/2178 2164/2204/2180
f 2163/2203/2179 2164/2204/2180 1994/2205/2181
f 1994/2205/2181 2164/2204/2180 1995/2206/2182
f 1994/2205/2181 1995/2206/2182 1864/2121/1926
f 1864/2121/1926 1995/2206/2182 1996/2207/2183
f 1864/2121/1926 1996/2207/2183 1997/2208/2184
f 1997/2208/2184 1996/2207/2183 2166/2209/2185
f 1997/2208/2184 2166/2209/2185 2167/2210/2186
f 2167/2210/2186 2166/2209/2185 2336/2211/2187
f 2167/2210/2186 2336/2211/2187 2337/2212/2188
f 2337/2212/2188 2336/2211/2187 1865/2128/2104
f 2337/2212/2188 1865/2128/2104 2338/2213/2189
f 2338/2213/2189 1865/2128/2104 2339/2214/2190
f 2338/2213/2189 2339/2214/2190 2169/2215/2191
f 2169/2215/2191 2339/2214/2190 2170/2216/2192
f 2169/2215/2191 2170/2216/2192 2000/2217/2193
f 2000/2217/2193 2170/2216/2192 2001/2218/2194
f 2000/2217/2193 2001/2218/2194 1864/2121/1926
f 1864/2121/1926 2001/2218/2194 2002/2219/2195
f 1864/2121/1926 2002/2219/2195 2003/2220/2196
f 2003/2220/2196 2002/2219/2195 2172/2221/2197
f 2003/2220/2196 2172/2221/2197 2173/2222/2198
f 2173/2222/2198 2172/2221/2197 2342/2223/2199
f 2173/2222/2198 2342/2223/2199 2343/2224/2200
f 2343/2224/2200 2342/2223/2199 1865/2128/2104
f 2343/2224/2200 1865/2128/2104 2344/2225/2201
f 2344/2225/2201 1865/2128/2104 2345/2226/2202
f 2344/2225/2201 2345/2226/2202 2175/2227/2203
f 2175/2227/2203 2345/2226/2202 2176/2228/2204
f 2175/2227/2203 2176/2228/2204 2006/2229/2205
f 2006/2229/2205 2176/2228/2204 2007/2230/2206
f 2006/2229/2205 2007/2230/2206 1864/2121/1926
f 1864/2121/1926 2007/2230/2206 2008/2231/2207
f 1864/2121/1926 2008/2231/2207 2009/2232/2208
f 2009/2232/2208 2008/2231/2207 2178/2233/2209
f 2009/2232/2208 2178/2233/2209 2179/2234/2210
f 2179/2234/2210 2178/2233/2209 2348/2235/2211
f 2179/2234/2210 2348/2235/2211 2349/2236/2212
f 2349/2236/2212 2348/2235/2211 1865/2128/2104
f 2349/2236/2212 1865/2128/2104 2350/2237/2213
f 2350/2237/2213 1865/2128/2104 2351/2238/2214
f 2350/2237/2213 2351/2238/2214 2181/2239/2215
f 2181/2239/2215 2351/2238/2214 2182/2240/2216
f 2181/2239/2215 2182/2240/2216 2012/2241/2217
f 2012/2241/2217 2182/2240/2216 2013/2242/2218
f 2012/2241/2217 2013/2242/2218 1864/2121/1926
f 1864/2121/1926 2013/2242/2218 2014/2243/2219
f 1864/2121/1926 2014/2243/2219 2015/2244/2220
f 2015/2244/2220 2014/2243/2219 2184/2245/2221
f 2015/2244/2220 2184/2245/2221 2185/2246/2222
f 2185/2246/2222 2184/2245/2221 2354/2247/2223
f 2185/2246/2222 2354/2247/2223 2355/2248/2224
f 2355/2248/2224 2354/2247/2223 1865/2128/2104
f 2355/2248/2224 1865/2128/2104 2356/2249/2225
f 2356/2249/2225 1865/2128/2104 2357/2250/2226
f 2356/2249/2225 2357/2250/2226 2187/2251/2227
f 2187/2251/2227 2357/2250/2226 2188/2252/2228
f 2187/2251/2227 2188/2252/2228 2018/2253/2229
f 2018/2253/2229 2188/2252/2228 2019/2254/2230
f 2018/2253/2229 2019/2254/2230 1864/2121/1926
f 1864/2121/1926 2019/2254/2230 2020/2255/2231
f 1864/2121/1926 2020/2255/2231 2021/2256/2232
f 2021/2256/2232 2020/2255/2231 2190/2257/2233
f 2021/2256/2232 2190/2257/2233 2191/2258/2234
f 2191/2258/2234 2190/2257/2233 2360/2259/2235
f 2191/2258/2234 2360/2259/2235 2361/2260/2236
f 2361/2260/2236 2360/2259/2235 1865/2128/2104
f 2361/2260/2236 1865/2128/2104 2362/2261/2237
f 2362/2261/2237 1865/2128/2104 2363/2262/2238
f 2362/2261/2237 2363/2262/2238 2193/2263/2239
f 2193/2263/2239 2363/2262/2238 2194/2264/2240
f 2193/2263/2239 2194/2264/2240 2024/2265/2241
f 2024/2265/2241 2194/2264/2240 2025/2266/2242
f 2024/2265/2241 2025/2266/2242 1864/2121/1926
f 1864/2121/1926 2025/2266/2242 2026/2267/2243
f 1864/2121/1926 2026/2267/2243 2027/2268/2244
f 2027/2268/2244 2026/2267/2243 2196/2269/2245
f 2027/2268/2244 2196/2269/2245 2197/2270/2246
f 2197/2270/2246 2196/2269/2245 2366/2271/2247
f 2197/2270/2246 2366/2271/2247 2367/2272/2248
f 2367/2272/2248 2366/2271/2247 1865/2128/2104
f 2367/2272/2248 1865/2128/2104 2368/2273/2249
f 2368/2273/2249 1865/2128/2104 2369/2274/2250
f 2368/2273/2249 2369/2274/2250 2199/2275/2251
f 2199/2275/2251 2369/2274/2250 2200/2276/2252
f 2199/2275/2251 2200/2276/2252 2030/2277/2253
f 2030/2277/2253 2200/2276/2252 2031/2278/2254
f 2030/2277/2253 2031/2278/2254 1864/2121/1926
f 1864/2121/1926 2031/2278/2254 2032/2279/2255
f 1864/2121/1926 2032/2279/2255 2033/2280/2256
f 2033/2280/2256 2032/2279/2255 2202/2281/2257
f 2033/2280/2256 2202/2281/2257 2203/2282/2258
f 2203/2282/2258 2202/2281/2257 2372/2283/2259
f 2203/2282/2258 2372/2283/2259 2373/2284/2260
f 2373/2284/2260 2372/2283/2259 1865/2128/2104
f 2373/2284/2260 1865/2128/2104 2374/2285/2261
f 2374/2285/2261 1865/2128/2104 2375/2286/2262
f 2374/2285/2261 2375/2286/2262 2205/2287/2263
f 2205/2287/2263 2375/2286/2262 2206/2288/2264
f 2205/2287/2263 2206/2288/2264 2036/2289/2265
f 2036/2289/2265 2206/2288/2264 2037/2290/2266
f 2036/2289/2265 2037/2290/2266 1864/2121/1926
f 1864/2121/1926 2037/2290/2266 1868/2291/2267
f 1868/2291/2267 2037/2290/2266 1867/2292/2268
f 1867/2292/2268 2037/2290/2266 2206/2288/2264
f 1867/2292/2268 2206/2288/2264 1866/2293/2269
f 1866/2293/2269 2206/2288/2264 2375/2286/2262
f 1866/2293/2269 2375/2286/2262 1865/2128/2104
f 1869/1950/1928 85/1949/1927 2038/2294/2270
f 2038/2294/2270 85/1949/1927 84/2295/2271
f 2038/2294/2270 84/2295/2271 2207/2296/2272
f 2207/2296/2272 84/2295/2271 83/2297/2273
f 2207/2296/2272 83/2297/2273 82/1958/1935
f 82/1958/1935 1865/2128/2104 2291/2116/2093
f 2291/2116/2093 1865/2128/2104 2292/2298/2274
f 2291/2116/2093 2292/2298/2274 2122/2118/2095
f 2122/2118/2095 2292/2298/2274 2123/2299/2275
f 2122/2118/2095 2123/2299/2275 1953/2120/2097
f 1953/2120/2097 2123/2299/2275 1954/2122/2098
f 1870/1952/1929 1869/1950/1928 2039/2300/2276
f 2039/2300/2276 1869/1950/1928 2038/2294/2270
f 2039/2300/2276 2038/2294/2270 2208/2301/2277
f 2208/2301/2277 2038/2294/2270 2207/2296/2272
f 2208/2301/2277 2207/2296/2272 82/1958/1935
f 1871/1953/1930 1872/2302/2278 86/1951/1925
f 86/1951/1925 1872/2302/2278 1873/2303/2279
f 86/1951/1925 1873/2303/2279 1874/1963/1940
f 1874/1963/1940 1873/2303/2279 2043/1961/1938
f 1871/1953/1930 2041/1955/1932 1872/2302/2278
f 1872/2302/2278 2041/1955/1932 2042/2304/2280
f 1872/2302/2278 2042/2304/2280 1873/2303/2279
f 1873/2303/2279 2042/2304/2280 2043/1961/1938
f 1876/1965/1942 1875/1964/1941 2045/2305/2281
f 2045/2305/2281 1875/1964/1941 2044/1962/1939
f 2045/2305/2281 2044/1962/1939 2214/2306/2282
f 2214/2306/2282 2044/1962/1939 2213/1960/1937
f 2214/2306/2282 2213/1960/1937 82/1958/1935
f 1877/1966/1943 1878/2307/2283 86/1951/1925
f 86/1951/1925 1878/2307/2283 1879/2308/2284
f 86/1951/1925 1879/2308/2284 1880/1975/1952
f 1880/1975/1952 1879/2308/2284 2049/1973/1950
f 1877/1966/1943 2047/1968/1945 1878/2307/2283
f 1878/2307/2283 2047/1968/1945 2048/2309/2285
f 1878/2307/2283 2048/2309/2285 1879/2308/2284
f 1879/2308/2284 2048/2309/2285 2049/1973/1950
f 1882/1977/1954 1881/1976/1953 2051/2310/2286
f 2051/2310/2286 1881/1976/1953 2050/1974/1951
f 2051/2310/2286 2050/1974/1951 2220/2311/2287
f 2220/2311/2287 2050/1974/1951 2219/1972/1949
f 2220/2311/2287 2219/1972/1949 82/1958/1935
f 1883/1978/1955 1884/2312/2288 86/1951/1925
f 86/1951/1925 1884/2312/2288 1885/2313/2289
f 86/1951/1925 1885/2313/2289 1886/1987/1964
f 1886/1987/1964 1885/2313/2289 2055/1985/1962
f 1883/1978/1955 2053/1980/1957 1884/2312/2288
f 1884/2312/2288 2053/1980/1957 2054/2314/2290
f 1884/2312/2288 2054/2314/2290 1885/2313/2289
f 1885/2313/2289 2054/2314/2290 2055/1985/1962
f 1888/1989/1966 1887/1988/1965 2057/2315/2291
f 2057/2315/2291 1887/1988/1965 2056/1986/1963
f 2057/2315/2291 2056/1986/1963 2226/2316/2292
f 2226/2316/2292 2056/1986/1963 2225/1984/1961
f 2226/2316/2292 2225/1984/1961 82/1958/1935
f 1889/1990/1967 1890/2317/2293 86/1951/1925
f 86/1951/1925 1890/2317/2293 1891/2318/2294
f 86/1951/1925 1891/2318/2294 1892/1999/1976
f 1892/1999/1976 1891/2318/2294 2061/1997/1974
f 1889/1990/1967 2059/1992/1969 1890/2317/2293
f 1890/2317/2293 2059/1992/1969 2060/2319/2295
f 1890/2317/2293 2060/2319/2295 1891/2318/2294
f 1891/2318/2294 2060/2319/2295 2061/1997/1974
f 1894/2001/1978 1893/2000/1977 2063/2320/2296
f 2063/2320/2296 1893/2000/1977 2062/1998/1975
f 2063/2320/2296 2062/1998/1975 2232/2321/2297
f 2232/2321/2297 2062/1998/1975 2231/1996/1973
f 2232/2321/2297 2231/1996/1973 82/1958/1935
f 1895/2002/1979 1896/2322/2298 86/1951/1925
f 86/1951/1925 1896/2322/2298 1897/2323/2299
f 86/1951/1925 1897/2323/2299 1898/2011/1988
f 1898/2011/1988 1897/2323/2299 2067/2009/1986
f 1895/2002/1979 2065/2004/1981 1896/2322/2298
f 1896/2322/2298 2065/2004/1981 2066/2324/2300
f 1896/2322/2298 2066/2324/2300 1897/2323/2299
f 1897/2323/2299 2066/2324/2300 2067/2009/1986
f 1900/2013/1990 1899/2012/1989 2069/2325/2301
f 2069/2325/2301 1899/2012/1989 2068/2010/1987
f 2069/2325/2301 2068/2010/1987 2238/2326/2302
f 2238/2326/2302 2068/2010/1987 2237/2008/1985
f 2238/2326/2302 2237/2008/1985 82/1958/1935
f 1901/2014/1991 1902/2327/2303 86/1951/1925
f 86/1951/1925 1902/2327/2303 1903/2328/2304
f 86/1951/1925 1903/2328/2304 1904/2023/2000
f 1904/2023/2000 1903/2328/2304 2073/2021/1998
f 1901/2014/1991 2071/2016/1993 1902/2327/2303
f 1902/2327/2303 2071/2016/1993 2072/2329/2305
f 1902/2327/2303 2072/2329/2305 1903/2328/2304
f 1903/2328/2304 2072/2329/2305 2073/2021/1998
f 1906/2025/2002 1905/2024/2001 2075/2330/2306
f 2075/2330/2306 1905/2024/2001 2074/2022/1999
f 2075/2330/2306 2074/2022/1999 2244/2331/2307
f 2244/2331/2307 2074/2022/1999 2243/2020/1997
f 2244/2331/2307 2243/2020/1997 82/1958/1935
f 1907/2026/2003 1908/2332/2308 86/1951/1925
f 86/1951/1925 1908/2332/2308 1909/2333/2309
f 86/1951/1925 1909/2333/2309 1910/2035/2012
f 1910/2035/2012 1909/2333/2309 2079/2033/2010
f 1907/2026/2003 2077/2028/2005 1908/2332/2308
f 1908/2332/2308 2077/2028/2005 2078/2334/2310
f 1908/2332/2308 2078/2334/2310 1909/2333/2309
f 1909/2333/2309 2078/2334/2310 2079/2033/2010
f 1912/2037/2014 1911/2036/2013 2081/2335/2311
f 2081/2335/2311 1911/2036/2013 2080/2034/2011
f 2081/2335/2311 2080/2034/2011 2250/2336/2312
f 2250/2336/2312 2080/2034/2011 2249/2032/2009
f 2250/2336/2312 2249/2032/2009 82/1958/1935
f 1913/2038/2015 1914/2337/2313 86/1951/1925
f 86/1951/1925 1914/2337/2313 1915/2338/2314
f 86/1951/1925 1915/2338/2314 1916/2047/2024
f 1916/2047/2024 1915/2338/2314 2085/2045/2022
f 1913/2038/2015 2083/2040/2017 1914/2337/2313
f 1914/2337/2313 2083/2040/2017 2084/2339/2315
f 1914/2337/2313 2084/2339/2315 1915/2338/2314
f 1915/2338/2314 2084/2339/2315 2085/2045/2022
f 1918/2049/2026 1917/2048/2025 2087/2340/2316
f 2087/2340/2316 1917/2048/2025 2086/2046/2023
f 2087/2340/2316 2086/2046/2023 2256/2341/2317
f 2256/2341/2317 2086/2046/2023 2255/2044/2021
f 2256/2341/2317 2255/2044/2021 82/1958/1935
f 1919/2050/2027 1920/2342/2318 86/1951/1925
f 86/1951/1925 1920/2342/2318 1921/2343/2319
f 86/1951/1925 1921/2343/2319 1922/2059/2036
f 1922/2059/2036 1921/2343/2319 2091/2057/2034
f 1919/2050/2027 2089/2052/2029 1920/2342/2318
f 1920/2342/2318 2089/2052/2029 2090/2344/2320
f 1920/2342/2318 2090/2344/2320 1921/2343/2319
f 1921/2343/2319 2090/2344/2320 2091/2057/2034
f 1924/2061/2038 1923/2060/2037 2093/2345/2321
f 2093/2345/2321 1923/2060/2037 2092/2058/2035
f 2093/2345/2321 2092/2058/2035 2262/2346/2322
f 2262/2346/2322 2092/2058/2035 2261/2056/2033
f 2262/2346/2322 2261/2056/2033 82/1958/1935
f 1925/2062/2039 1926/2347/2323 86/1951/1925
f 86/1951/1925 1926/2347/2323 1927/2348/2324
f 86/1951/1925 1927/2348/2324 1928/2071/2048
f 1928/2071/2048 1927/2348/2324 2097/2069/2046
f 1925/2062/2039 2095/2064/2041 1926/2347/2323
f 1926/2347/2323 2095/2064/2041 2096/2349/2325
f 1926/2347/2323 2096/2349/2325 1927/2348/2324
f 1927/2348/2324 2096/2349/2325 2097/2069/2046
f 1930/2073/2050 1929/2072/2049 2099/2350/2326
f 2099/2350/2326 1929/2072/2049 2098/2070/2047
f 2099/2350/2326 2098/2070/2047 2268/2351/2327
f 2268/2351/2327 2098/2070/2047 2267/2068/2045
f 2268/2351/2327 2267/2068/2045 82/1958/1935
f 1931/2074/2051 1932/2352/2328 86/1951/1925
f 86/1951/1925 1932/2352/2328 1933/2353/2329
f 86/1951/1925 1933/2353/2329 1934/2083/2060
f 1934/2083/2060 1933/2353/2329 2103/2081/2058
f 1931/2074/2051 2101/2076/2053 1932/2352/2328
f 1932/2352/2328 2101/2076/2053 2102/2354/2330
f 1932/2352/2328 2102/2354/2330 1933/2353/2329
f 1933/2353/2329 2102/2354/2330 2103/2081/2058
f 1936/2085/2062 1935/2084/2061 2105/2355/2331
f 2105/2355/2331 1935/2084/2061 2104/2082/2059
f 2105/2355/2331 2104/2082/2059 2274/2356/2332
f 2274/2356/2332 2104/2082/2059 2273/2080/2057
f 2274/2356/2332 2273/2080/2057 82/1958/1935
f 1937/2086/2063 1938/2357/2333 86/1951/1925
f 86/1951/1925 1938/2357/2333 1939/2358/2334
f 86/1951/1925 1939/2358/2334 1940/2095/2072
f 1940/2095/2072 1939/2358/2334 2109/2093/2070
f 1937/2086/2063 2107/2088/2065 1938/2357/2333
f 1938/2357/2333 2107/2088/2065 2108/2359/2335
f 1938/2357/2333 2108/2359/2335 1939/2358/2334
f 1939/2358/2334 2108/2359/2335 2109/2093/2070
f 1942/2097/2074 1941/2096/2073 2111/2360/2336
f 2111/2360/2336 1941/2096/2073 2110/2094/2071
f 2111/2360/2336 2110/2094/2071 2280/2361/2337
f 2280/2361/2337 2110/2094/2071 2279/2092/2069
f 2280/2361/2337 2279/2092/2069 82/1958/1935
f 1943/2098/2075 1944/2362/2338 86/1951/1925
f 86/1951/1925 1944/2362/2338 1945/2363/2339
f 86/1951/1925 1945/2363/2339 1946/2107/2084
f 1946/2107/2084 1945/2363/2339 2115/2105/2082
f 1943/2098/2075 2113/2100/2077 1944/2362/2338
f 1944/2362/2338 2113/2100/2077 2114/2364/2340
f 1944/2362/2338 2114/2364/2340 1945/2363/2339
f 1945/2363/2339 2114/2364/2340 2115/2105/2082
f 1948/2109/2086 1947/2108/2085 2117/2365/2341
f 2117/2365/2341 1947/2108/2085 2116/2106/2083
f 2117/2365/2341 2116/2106/2083 2286/2366/2342
f 2286/2366/2342 2116/2106/2083 2285/2104/2081
f 2286/2366/2342 2285/2104/2081 82/1958/1935
f 1949/2110/2087 1950/2367/2343 86/1951/1925
f 86/1951/1925 1950/2367/2343 1951/2368/2344
f 86/1951/1925 1951/2368/2344 1952/2119/2096
f 1952/2119/2096 1951/2368/2344 2121/2117/2094
f 1949/2110/2087 2119/2112/2089 1950/2367/2343
f 1950/2367/2343 2119/2112/2089 2120/2369/2345
f 1950/2367/2343 2120/2369/2345 1951/2368/2344
f 1951/2368/2344 2120/2369/2345 2121/2117/2094
f 2124/2124/2100 1954/2122/2098 2123/2299/2275
f 1955/2123/2099 1956/2370/2346 1864/2121/1926
f 1864/2121/1926 1956/2370/2346 1957/2371/2347
f 1864/2121/1926 1957/2371/2347 1958/2133/2109
f 1958/2133/2109 1957/2371/2347 2127/2131/2107
f 1955/2123/2099 2125/2125/2101 1956/2370/2346
f 1956/2370/2346 2125/2125/2101 2126/2372/2348
f 1956/2370/2346 2126/2372/2348 1957/2371/2347
f 1957/2371/2347 2126/2372/2348 2127/2131/2107
f 1960/2135/2111 1959/2134/2110 2129/2373/2349
f 2129/2373/2349 1959/2134/2110 2128/2132/2108
f 2129/2373/2349 2128/2132/2108 2298/2374/2350
f 2298/2374/2350 2128/2132/2108 2297/2130/2106
f 2298/2374/2350 2297/2130/2106 1865/2128/2104
f 1961/2136/2112 1962/2375/2351 1864/2121/1926
f 1864/2121/1926 1962/2375/2351 1963/2376/2352
f 1864/2121/1926 1963/2376/2352 1964/2145/2121
f 1964/2145/2121 1963/2376/2352 2133/2143/2119
f 1961/2136/2112 2131/2138/2114 1962/2375/2351
f 1962/2375/2351 2131/2138/2114 2132/2377/2353
f 1962/2375/2351 2132/2377/2353 1963/2376/2352
f 1963/2376/2352 2132/2377/2353 2133/2143/2119
f 1966/2147/2123 1965/2146/2122 2135/2378/2354
f 2135/2378/2354 1965/2146/2122 2134/2144/2120
f 2135/2378/2354 2134/2144/2120 2304/2379/2355
f 2304/2379/2355 2134/2144/2120 2303/2142/2118
f 2304/2379/2355 2303/2142/2118 1865/2128/2104
f 1967/2148/2124 1968/2380/2356 1864/2121/1926
f 1864/2121/1926 1968/2380/2356 1969/2381/2357
f 1864/2121/1926 1969/2381/2357 1970/2157/2133
f 1970/2157/2133 1969/2381/2357 2139/2155/2131
f 1967/2148/2124 2137/2150/2126 1968/2380/2356
f 1968/2380/2356 2137/2150/2126 2138/2382/2358
f 1968/2380/2356 2138/2382/2358 1969/2381/2357
f 1969/2381/2357 2138/2382/2358 2139/2155/2131
f 1972/2159/2135 1971/2158/2134 2141/2383/2359
f 2141/2383/2359 1971/2158/2134 2140/2156/2132
f 2141/2383/2359 2140/2156/2132 2310/2384/2360
f 2310/2384/2360 2140/2156/2132 2309/2154/2130
f 2310/2384/2360 2309/2154/2130 1865/2128/2104
f 1973/2160/2136 1974/2385/2361 1864/2121/1926
f 1864/2121/1926 1974/2385/2361 1975/2386/2362
f 1864/2121/1926 1975/2386/2362 1976/2169/2145
f 1976/2169/2145 1975/2386/2362 2145/2167/2143
f 1973/2160/2136 2143/2162/2138 1974/2385/2361
f 1974/2385/2361 2143/2162/2138 2144/2387/2363
f 1974/2385/2361 2144/2387/2363 1975/2386/2362
f 1975/2386/2362 2144/2387/2363 2145/2167/2143
f 1978/2171/2147 1977/2170/2146 2147/2388/2364
f 2147/2388/2364 1977/2170/2146 2146/2168/2144
f 2147/2388/2364 2146/2168/2144 2316/2389/2365
f 2316/2389/2365 2146/2168/2144 2315/2166/2142
f 2316/2389/2365 2315/2166/2142 1865/2128/2104
f 1979/2172/2148 1980/2390/2366 1864/2121/1926
f 1864/2121/1926 1980/2390/2366 1981/2391/2367
f 1864/2121/1926 1981/2391/2367 1982/2181/2157
f 1982/2181/2157 1981/2391/2367 2151/2179/2155
f 1979/2172/2148 2149/2174/2150 1980/2390/2366
f 1980/2390/2366 2149/2174/2150 2150/2392/2368
f 1980/2390/2366 2150/2392/2368 1981/2391/2367
f 1981/2391/2367 2150/2392/2368 2151/2179/2155
f 1984/2183/2159 1983/2182/2158 2153/2393/2369
f 2153/2393/2369 1983/2182/2158 2152/2180/2156
f 2153/2393/2369 2152/2180/2156 2322/2394/2370
f 2322/2394/2370 2152/2180/2156 2321/2178/2154
f 2322/2394/2370 2321/2178/2154 1865/2128/2104
f 1985/2184/2160 1986/2395/2371 1864/2121/1926
f 1864/2121/1926 1986/2395/2371 1987/2396/2372
f 1864/2121/1926 1987/2396/2372 1988/2193/2169
f 1988/2193/2169 1987/2396/2372 2157/2191/2167
f 1985/2184/2160 2155/2186/2162 1986/2395/2371
f 1986/2395/2371 2155/2186/2162 2156/2397/2373
f 1986/2395/2371 2156/2397/2373 1987/2396/2372
f 1987/2396/2372 2156/2397/2373 2157/2191/2167
f 1990/2195/2171 1989/2194/2170 2159/2398/2374
f 2159/2398/2374 1989/2194/2170 2158/2192/2168
f 2159/2398/2374 2158/2192/2168 2328/2399/2375
f 2328/2399/2375 2158/2192/2168 2327/2190/2166
f 2328/2399/2375 2327/2190/2166 1865/2128/2104
f 1991/2196/2172 1992/2400/2376 1864/2121/1926
f 1864/2121/1926 1992/2400/2376 1993/2401/2377
f 1864/2121/1926 1993/2401/2377 1994/2205/2181
f 1994/2205/2181 1993/2401/2377 2163/2203/2179
f 1991/2196/2172 2161/2198/2174 1992/2400/2376
f 1992/2400/2376 2161/2198/2174 2162/2402/2378
f 1992/2400/2376 2162/2402/2378 1993/2401/2377
f 1993/2401/2377 2162/2402/2378 2163/2203/2179
f 1996/2207/2183 1995/2206/2182 2165/2403/2379
f 2165/2403/2379 1995/2206/2182 2164/2204/2180
f 2165/2403/2379 2164/2204/2180 2334/2404/2380
f 2334/2404/2380 2164/2204/2180 2333/2202/2178
f 2334/2404/2380 2333/2202/2178 1865/2128/2104
f 1997/2208/2184 1998/2405/2381 1864/2121/1926
f 1864/2121/1926 1998/2405/2381 1999/2406/2382
f 1864/2121/1926 1999/2406/2382 2000/2217/2193
f 2000/2217/2193 1999/2406/2382 2169/2215/2191
f 1997/2208/2184 2167/2210/2186 1998/2405/2381
f 1998/2405/2381 2167/2210/2186 2168/2407/2383
f 1998/2405/2381 2168/2407/2383 1999/2406/2382
f 1999/2406/2382 2168/2407/2383 2169/2215/2191
f 2002/2219/2195 2001/2218/2194 2171/2408/2384
f 2171/2408/2384 2001/2218/2194 2170/2216/2192
f 2171/2408/2384 2170/2216/2192 2340/2409/2385
f 2340/2409/2385 2170/2216/2192 2339/2214/2190
f 2340/2409/2385 2339/2214/2190 1865/2128/2104
f 2003/2220/2196 2004/2410/2386 1864/2121/1926
f 1864/2121/1926 2004/2410/2386 2005/2411/2387
f 1864/2121/1926 2005/2411/2387 2006/2229/2205
f 2006/2229/2205 2005/2411/2387 2175/2227/2203
f 2003/2220/2196 2173/2222/2198 2004/2410/2386
f 2004/2410/2386 2173/2222/2198 2174/2412/2388
f 2004/2410/2386 2174/2412/2388 2005/2411/2387
f 2005/2411/2387 2174/2412/2388 2175/2227/2203
f 2008/2231/2207 2007/2230/2206 2177/2413/2389
f 2177/2413/2389 2007/2230/2206 2176/2228/2204
f 2177/2413/2389 2176/2228/2204 2346/2414/2390
f 2346/2414/2390 2176/2228/2204 2345/2226/2202
f 2346/2414/2390 2345/2226/2202 1865/2128/2104
f 2009/2232/2208 2010/2415/2391 1864/2121/1926
f 1864/2121/1926 2010/2415/2391 2011/2416/2392
f 1864/2121/1926 2011/2416/2392 2012/2241/2217
f 2012/2241/2217 2011/2416/2392 2181/2239/2215
f 2009/2232/2208 2179/2234/2210 2010/2415/2391
f 2010/2415/2391 2179/2234/2210 2180/2417/2393
f 2010/2415/2391 2180/2417/2393 2011/2416/2392
f 2011/2416/2392 2180/2417/2393 2181/2239/2215
f 2014/2243/2219 2013/2242/2218 2183/2418/2394
f 2183/2418/2394 2013/2242/2218 2182/2240/2216
f 2183/2418/2394 2182/2240/2216 2352/2419/2395
f 2352/2419/2395 2182/2240/2216 2351/2238/2214
f 2352/2419/2395 2351/2238/2214 1865/2128/2104
f 2015/2244/2220 2016/2420/2396 1864/2121/1926
f 1864/2121/1926 2016/2420/2396 2017/2421/2397
f 1864/2121/1926 2017/2421/2397 2018/2253/2229
f 2018/2253/2229 2017/2421/2397 2187/2251/2227
f 2015/2244/2220 2185/2246/2222 2016/2420/2396
f 2016/2420/2396 2185/2246/2222 2186/2422/2398
f 2016/2420/2396 2186/2422/2398 2017/2421/2397
f 2017/2421/2397 2186/2422/2398 2187/2251/2227
f 2020/2255/2231 2019/2254/2230 2189/2423/2399
f 2189/2423/2399 2019/2254/2230 2188/2252/2228
f 2189/2423/2399 2188/2252/2228 2358/2424/2400
f 2358/2424/2400 2188/2252/2228 2357/2250/2226
f 2358/2424/2400 2357/2250/2226 1865/2128/2104
f 2021/2256/2232 2022/2425/2401 1864/2121/1926
f 1864/2121/1926 2022/2425/2401 2023/2426/2402
f 1864/2121/1926 2023/2426/2402 2024/2265/2241
f 2024/2265/2241 2023/2426/2402 2193/2263/2239
f 2021/2256/2232 2191/2258/2234 2022/2425/2401
f 2022/2425/2401 2191/2258/2234 2192/2427/2403
f 2022/2425/2401 2192/2427/2403 2023/2426/2402
f 2023/2426/2402 2192/2427/2403 2193/2263/2239
f 2026/2267/2243 2025/2266/2242 2195/2428/2404
f 2195/2428/2404 2025/2266/2242 2194/2264/2240
f 2195/2428/2404 2194/2264/2240 2364/2429/2405
f 2364/2429/2405 2194/2264/2240 2363/2262/2238
f 2364/2429/2405 2363/2262/2238 1865/2128/2104
f 2027/2268/2244 2028/2430/2406 1864/2121/1926
f 1864/2121/1926 2028/2430/2406 2029/2431/2407
f 1864/2121/1926 2029/2431/2407 2030/2277/2253
f 2030/2277/2253 2029/2431/2407 2199/2275/2251
f 2027/2268/2244 2197/2270/2246 2028/2430/2406
f 2028/2430/2406 2197/2270/2246 2198/2432/2408
f 2028/2430/2406 2198/2432/2408 2029/2431/2407
f 2029/2431/2407 2198/2432/2408 2199/2275/2251
f 2032/2279/2255 2031/2278/2254 2201/2433/2409
f 2201/2433/2409 2031/2278/2254 2200/2276/2252
f 2201/2433/2409 2200/2276/2252 2370/2434/2410
f 2370/2434/2410 2200/2276/2252 2369/2274/2250
f 2370/2434/2410 2369/2274/2250 1865/2128/2104
f 2033/2280/2256 2034/2435/2411 1864/2121/1926
f 1864/2121/1926 2034/2435/2411 2035/2436/2412
f 1864/2121/1926 2035/2436/2412 2036/2289/2265
f 2036/2289/2265 2035/2436/2412 2205/2287/2263
f 2033/2280/2256 2203/2282/2258 2034/2435/2411
f 2034/2435/2411 2203/2282/2258 2204/2437/2413
f 2034/2435/2411 2204/2437/2413 2035/2436/2412
f 2035/2436/2412 2204/2437/2413 2205/2287/2263
f 1870/1952/1929 2039/2300/2276 2040/1954/1931
f 2040/1954/1931 2039/2300/2276 2209/2438/2414
f 2040/1954/1931 2209/2438/2414 2210/1956/1933
f 2210/1956/1933 2209/2438/2414 82/1958/1935
f 2209/2438/2414 2039/2300/2276 2208/2301/2277
f 2212/1959/1936 2043/1961/1938 2042/2304/2280
f 2212/1959/1936 2042/2304/2280 2211/1957/1934
f 2211/1957/1934 2042/2304/2280 2041/1955/1932
f 1876/1965/1942 2045/2305/2281 2046/1967/1944
f 2046/1967/1944 2045/2305/2281 2215/2439/2415
f 2046/1967/1944 2215/2439/2415 2216/1969/1946
f 2216/1969/1946 2215/2439/2415 82/1958/1935
f 2215/2439/2415 2045/2305/2281 2214/2306/2282
f 2218/1971/1948 2049/1973/1950 2048/2309/2285
f 2218/1971/1948 2048/2309/2285 2217/1970/1947
f 2217/1970/1947 2048/2309/2285 2047/1968/1945
f 1882/1977/1954 2051/2310/2286 2052/1979/1956
f 2052/1979/1956 2051/2310/2286 2221/2440/2416
f 2052/1979/1956 2221/2440/2416 2222/1981/1958
f 2222/1981/1958 2221/2440/2416 82/1958/1935
f 2221/2440/2416 2051/2310/2286 2220/2311/2287
f 2224/1983/1960 2055/1985/1962 2054/2314/2290
f 2224/1983/1960 2054/2314/2290 2223/1982/1959
f 2223/1982/1959 2054/2314/2290 2053/1980/1957
f 1888/1989/1966 2057/2315/2291 2058/1991/1968
f 2058/1991/1968 2057/2315/2291 2227/2441/2417
f 2058/1991/1968 2227/2441/2417 2228/1993/1970
f 2228/1993/1970 2227/2441/2417 82/1958/1935
f 2227/2441/2417 2057/2315/2291 2226/2316/2292
f 2230/1995/1972 2061/1997/1974 2060/2319/2295
f 2230/1995/1972 2060/2319/2295 2229/1994/1971
f 2229/1994/1971 2060/2319/2295 2059/1992/1969
f 1894/2001/1978 2063/2320/2296 2064/2003/1980
f 2064/2003/1980 2063/2320/2296 2233/2442/2418
f 2064/2003/1980 2233/2442/2418 2234/2005/1982
f 2234/2005/1982 2233/2442/2418 82/1958/1935
f 2233/2442/2418 2063/2320/2296 2232/2321/2297
f 2236/2007/1984 2067/2009/1986 2066/2324/2300
f 2236/2007/1984 2066/2324/2300 2235/2006/1983
f 2235/2006/1983 2066/2324/2300 2065/2004/1981
f 1900/2013/1990 2069/2325/2301 2070/2015/1992
f 2070/2015/1992 2069/2325/2301 2239/2443/2419
f 2070/2015/1992 2239/2443/2419 2240/2017/1994
f 2240/2017/1994 2239/2443/2419 82/1958/1935
f 2239/2443/2419 2069/2325/2301 2238/2326/2302
f 2242/2019/1996 2073/2021/1998 2072/2329/2305
f 2242/2019/1996 2072/2329/2305 2241/2018/1995
f 2241/2018/1995 2072/2329/2305 2071/2016/1993
f 1906/2025/2002 2075/2330/2306 2076/2027/2004
f 2076/2027/2004 2075/2330/2306 2245/2444/2420
f 2076/2027/2004 2245/2444/2420 2246/2029/2006
f 2246/2029/2006 2245/2444/2420 82/1958/1935
f 2245/2444/2420 2075/2330/2306 2244/2331/2307
f 2248/2031/2008 2079/2033/2010 2078/2334/2310
f 2248/2031/2008 2078/2334/2310 2247/2030/2007
f 2247/2030/2007 2078/2334/2310 2077/2028/2005
f 1912/2037/2014 2081/2335/2311 2082/2039/2016
f 2082/2039/2016 2081/2335/2311 2251/2445/2421
f 2082/2039/2016 2251/2445/2421 2252/2041/2018
f 2252/2041/2018 2251/2445/2421 82/1958/1935
f 2251/2445/2421 2081/2335/2311 2250/2336/2312
f 2254/2043/2020 2085/2045/2022 2084/2339/2315
f 2254/2043/2020 2084/2339/2315 2253/2042/2019
f 2253/2042/2019 2084/2339/2315 2083/2040/2017
f 1918/2049/2026 2087/2340/2316 2088/2051/2028
f 2088/2051/2028 2087/2340/2316 2257/2446/2422
f 2088/2051/2028 2257/2446/2422 2258/2053/2030
f 2258/2053/2030 2257/2446/2422 82/1958/1935
f 2257/2446/2422 2087/2340/2316 2256/2341/2317
f 2260/2055/2032 2091/2057/2034 2090/2344/2320
f 2260/2055/2032 2090/2344/2320 2259/2054/2031
f 2259/2054/2031 2090/2344/2320 2089/2052/2029
f 1924/2061/2038 2093/2345/2321 2094/2063/2040
f 2094/2063/2040 2093/2345/2321 2263/2447/2423
f 2094/2063/2040 2263/2447/2423 2264/2065/2042
f 2264/2065/2042 2263/2447/2423 82/1958/1935
f 2263/2447/2423 2093/2345/2321 2262/2346/2322
f 2266/2067/2044 2097/2069/2046 2096/2349/2325
f 2266/2067/2044 2096/2349/2325 2265/2066/2043
f 2265/2066/2043 2096/2349/2325 2095/2064/2041
f 1930/2073/2050 2099/2350/2326 2100/2075/2052
f 2100/2075/2052 2099/2350/2326 2269/2448/2424
f 2100/2075/2052 2269/2448/2424 2270/2077/2054
f 2270/2077/2054 2269/2448/2424 82/1958/1935
f 2269/2448/2424 2099/2350/2326 2268/2351/2327
f 2272/2079/2056 2103/2081/2058 2102/2354/2330
f 2272/2079/2056 2102/2354/2330 2271/2078/2055
f 2271/2078/2055 2102/2354/2330 2101/2076/2053
f 1936/2085/2062 2105/2355/2331 2106/2087/2064
f 2106/2087/2064 2105/2355/2331 2275/2449/2425
f 2106/2087/2064 2275/2449/2425 2276/2089/2066
f 2276/2089/2066 2275/2449/2425 82/1958/1935
f 2275/2449/2425 2105/2355/2331 2274/2356/2332
f 2278/2091/2068 2109/2093/2070 2108/2359/2335
f 2278/2091/2068 2108/2359/2335 2277/2090/2067
f 2277/2090/2067 2108/2359/2335 2107/2088/2065
f 1942/2097/2074 2111/2360/2336 2112/2099/2076
f 2112/2099/2076 2111/2360/2336 2281/2450/2426
f 2112/2099/2076 2281/2450/2426 2282/2101/2078
f 2282/2101/2078 2281/2450/2426 82/1958/1935
f 2281/2450/2426 2111/2360/2336 2280/2361/2337
f 2284/2103/2080 2115/2105/2082 2114/2364/2340
f 2284/2103/2080 2114/2364/2340 2283/2102/2079
f 2283/2102/2079 2114/2364/2340 2113/2100/2077
f 1948/2109/2086 2117/2365/2341 2118/2111/2088
f 2118/2111/2088 2117/2365/2341 2287/2451/2427
f 2118/2111/2088 2287/2451/2427 2288/2113/2090
f 2288/2113/2090 2287/2451/2427 82/1958/1935
f 2287/2451/2427 2117/2365/2341 2286/2366/2342
f 2290/2115/2092 2121/2117/2094 2120/2369/2345
f 2290/2115/2092 2120/2369/2345 2289/2114/2091
f 2289/2114/2091 2120/2369/2345 2119/2112/2089
f 2124/2124/2100 2123/2299/2275 2293/2452/2428
f 2293/2452/2428 2123/2299/2275 2292/2298/2274
f 2293/2452/2428 2292/2298/2274 1865/2128/2104
f 2296/2129/2105 2127/2131/2107 2126/2372/2348
f 2296/2129/2105 2126/2372/2348 2295/2127/2103
f 2295/2127/2103 2126/2372/2348 2125/2125/2101
f 1960/2135/2111 2129/2373/2349 2130/2137/2113
f 2130/2137/2113 2129/2373/2349 2299/2453/2429
f 2130/2137/2113 2299/2453/2429 2300/2139/2115
f 2300/2139/2115 2299/2453/2429 1865/2128/2104
f 2299/2453/2429 2129/2373/2349 2298/2374/2350
f 2302/2141/2117 2133/2143/2119 2132/2377/2353
f 2302/2141/2117 2132/2377/2353 2301/2140/2116
f 2301/2140/2116 2132/2377/2353 2131/2138/2114
f 1966/2147/2123 2135/2378/2354 2136/2149/2125
f 2136/2149/2125 2135/2378/2354 2305/2454/2430
f 2136/2149/2125 2305/2454/2430 2306/2151/2127
f 2306/2151/2127 2305/2454/2430 1865/2128/2104
f 2305/2454/2430 2135/2378/2354 2304/2379/2355
f 2308/2153/2129 2139/2155/2131 2138/2382/2358
f 2308/2153/2129 2138/2382/2358 2307/2152/2128
f 2307/2152/2128 2138/2382/2358 2137/2150/2126
f 1972/2159/2135 2141/2383/2359 2142/2161/2137
f 2142/2161/2137 2141/2383/2359 2311/2455/2431
f 2142/2161/2137 2311/2455/2431 2312/2163/2139
f 2312/2163/2139 2311/2455/2431 1865/2128/2104
f 2311/2455/2431 2141/2383/2359 2310/2384/2360
f 2314/2165/2141 2145/2167/2143 2144/2387/2363
f 2314/2165/2141 2144/2387/2363 2313/2164/2140
f 2313/2164/2140 2144/2387/2363 2143/2162/2138
f 1978/2171/2147 2147/2388/2364 2148/2173/2149
f 2148/2173/2149 2147/2388/2364 2317/2456/2432
f 2148/2173/2149 2317/2456/2432 2318/2175/2151
f 2318/2175/2151 2317/2456/2432 1865/2128/2104
f 2317/2456/2432 2147/2388/2364 2316/2389/2365
f 2320/2177/2153 2151/2179/2155 2150/2392/2368
f 2320/2177/2153 2150/2392/2368 2319/2176/2152
f 2319/2176/2152 2150/2392/2368 2149/2174/2150
f 1984/2183/2159 2153/2393/2369 2154/2185/2161
f 2154/2185/2161 2153/2393/2369 2323/2457/2433
f 2154/2185/2161 2323/2457/2433 2324/2187/2163
f 2324/2187/2163 2323/2457/2433 1865/2128/2104
f 2323/2457/2433 2153/2393/2369 2322/2394/2370
f 2326/2189/2165 2157/2191/2167 2156/2397/2373
f 2326/2189/2165 2156/2397/2373 2325/2188/2164
f 2325/2188/2164 2156/2397/2373 2155/2186/2162
f 1990/2195/2171 2159/2398/2374 2160/2197/2173
f 2160/2197/2173 2159/2398/2374 2329/2458/2434
f 2160/2197/2173 2329/2458/2434 2330/2199/2175
f 2330/2199/2175 2329/2458/2434 1865/2128/2104
f 2329/2458/2434 2159/2398/2374 2328/2399/2375
f 2332/2201/2177 2163/2203/2179 2162/2402/2378
f 2332/2201/2177 2162/2402/2378 2331/2200/2176
f 2331/2200/2176 2162/2402/2378 2161/2198/2174
f 1996/2207/2183 2165/2403/2379 2166/2209/2185
f 2166/2209/2185 2165/2403/2379 2335/2459/2435
f 2166/2209/2185 2335/2459/2435 2336/2211/2187
f 2336/2211/2187 2335/2459/2435 1865/2128/2104
f 2335/2459/2435 2165/2403/2379 2334/2404/2380
f 2338/2213/2189 2169/2215/2191 2168/2407/2383
f 2338/2213/2189 2168/2407/2383 2337/2212/2188
f 2337/2212/2188 2168/2407/2383 2167/2210/2186
f 2002/2219/2195 2171/2408/2384 2172/2221/2197
f 2172/2221/2197 2171/2408/2384 2341/2460/2436
f 2172/2221/2197 2341/2460/2436 2342/2223/2199
f 2342/2223/2199 2341/2460/2436 1865/2128/2104
f 2341/2460/2436 2171/2408/2384 2340/2409/2385
f 2344/2225/2201 2175/2227/2203 2174/2412/2388
f 2344/2225/2201 2174/2412/2388 2343/2224/2200
f 2343/2224/2200 2174/2412/2388 2173/2222/2198
f 2008/2231/2207 2177/2413/2389 2178/2233/2209
f 2178/2233/2209 2177/2413/2389 2347/2461/2437
f 2178/2233/2209 2347/2461/2437 2348/2235/2211
f 2348/2235/2211 2347/2461/2437 1865/2128/2104
f 2347/2461/2437 2177/2413/2389 2346/2414/2390
f 2350/2237/2213 2181/2239/2215 2180/2417/2393
f 2350/2237/2213 2180/2417/2393 2349/2236/2212
f 2349/2236/2212 2180/2417/2393 2179/2234/2210
f 2014/2243/2219 2183/2418/2394 2184/2245/2221
f 2184/2245/2221 2183/2418/2394 2353/2462/2438
f 2184/2245/2221 2353/2462/2438 2354/2247/2223
f 2354/2247/2223 2353/2462/2438 1865/2128/2104
f 2353/2462/2438 2183/2418/2394 2352/2419/2395
f 2356/2249/2225 2187/2251/2227 2186/2422/2398
f 2356/2249/2225 2186/2422/2398 2355/2248/2224
f 2355/2248/2224 2186/2422/2398 2185/2246/2222
f 2020/2255/2231 2189/2423/2399 2190/2257/2233
f 2190/2257/2233 2189/2423/2399 2359/2463/2439
f 2190/2257/2233 2359/2463/2439 2360/2259/2235
f 2360/2259/2235 2359/2463/2439 1865/2128/2104
f 2359/2463/2439 2189/2423/2399 2358/2424/2400
f 2362/2261/2237 2193/2263/2239 2192/2427/2403
f 2362/2261/2237 2192/2427/2403 2361/2260/2236
f 2361/2260/2236 2192/2427/2403 2191/2258/2234
f 2026/2267/2243 2195/2428/2404 2196/2269/2245
f 2196/2269/2245 2195/2428/2404 2365/2464/2440
f 2196/2269/2245 2365/2464/2440 2366/2271/2247
f 2366/2271/2247 2365/2464/2440 1865/2128/2104
f 2365/2464/2440 2195/2428/2404 2364/2429/2405
f 2368/2273/2249 2199/2275/2251 2198/2432/2408
f 2368/2273/2249 2198/2432/2408 2367/2272/2248
f 2367/2272/2248 2198/2432/2408 2197/2270/2246
f 2032/2279/2255 2201/2433/2409 2202/2281/2257
f 2202/2281/2257 2201/2433/2409 2371/2465/2441
f 2202/2281/2257 2371/2465/2441 2372/2283/2259
f 2372/2283/2259 2371/2465/2441 1865/2128/2104
f 2371/2465/2441 2201/2433/2409 2370/2434/2410
f 2374/2285/2261 2205/2287/2263 2204/2437/2413
f 2374/2285/2261 2204/2437/2413 2373/2284/2260
f 2373/2284/2260 2204/2437/2413 2203/2282/2258
f 82/1958/1935 2209/2438/2414 2208/2301/2277
f 82/1958/1935 2215/2439/2415 2214/2306/2282
f 82/1958/1935 2221/2440/2416 2220/2311/2287
f 82/1958/1935 2227/2441/2417 2226/2316/2292
f 82/1958/1935 2233/2442/2418 2232/2321/2297
f 82/1958/1935 2239/2443/2419 2238/2326/2302
f 82/1958/1935 2245/2444/2420 2244/2331/2307
f 82/1958/1935 2251/2445/2421 2250/2336/2312
f 82/1958/1935 2257/2446/2422 2256/2341/2317
f 82/1958/1935 2263/2447/2423 2262/2346/2322
f 82/1958/1935 2269/2448/2424 2268/2351/2327
f 82/1958/1935 2275/2449/2425 2274/2356/2332
f 82/1958/1935 2281/2450/2426 2280/2361/2337
f 82/1958/1935 2287/2451/2427 2286/2366/2342
f 1865/2128/2104 2294/2126/2102 2293/2452/2428
f 2293/2452/2428 2294/2126/2102 2124/2124/2100
f 1865/2128/2104 2299/2453/2429 2298/2374/2350
f 1865/2128/2104 2305/2454/2430 2304/2379/2355
f 1865/2128/2104 2311/2455/2431 2310/2384/2360
f 1865/2128/2104 2317/2456/2432 2316/2389/2365
f 1865/2128/2104 2323/2457/2433 2322/2394/2370
f 1865/2128/2104 2329/2458/2434 2328/2399/2375
f 1865/2128/2104 2335/2459/2435 2334/2404/2380
f 1865/2128/2104 2341/2460/2436 2340/2409/2385
f 1865/2128/2104 2347/2461/2437 2346/2414/2390
f 1865/2128/2104 2353/2462/2438 2352/2419/2395
f 1865/2128/2104 2359/2463/2439 2358/2424/2400
f 1865/2128/2104 2365/2464/2440 2364/2429/2405
f 1865/2128/2104 2371/2465/2441 2370/2434/2410
f 82/2466/1935 81/2467/2442 1865/2468/2104
f 1865/2468/2104 81/2467/2442 2376/2469/2443
f 80/2470/2444 2383/2471/2445 81/2472/2442
f 81/2472/2442 2383/2471/2445 2384/2473/2446
f 81/2472/2442 2384/2473/2446 2385/2474/2447
f 2385/2474/2447 2384/2473/2446 2413/2475/2448
f 2385/2474/2447 2413/2475/2448 2414/2476/2449
f 2414/2476/2449 2413/2475/2448 2442/2477/2450
f 2414/2476/2449 2442/2477/2450 2443/2478/2451
f 2443/2478/2451 2442/2477/2450 2471/2479/2452
f 2443/2478/2451 2471/2479/2452 2472/2480/2453
f 2472/2480/2453 2471/2479/2452 2500/2481/2454
f 2472/2480/2453 2500/2481/2454 2501/2482/2455
f 2501/2482/2455 2500/2481/2454 75/2483/2456
f 2501/2482/2455 75/2483/2456 2502/2484/2457
f 2502/2484/2457 75/2483/2456 2503/2485/2458
f 2502/2484/2457 2503/2485/2458 2474/2486/2459
f 2474/2486/2459 2503/2485/2458 2475/2487/2460
f 2474/2486/2459 2475/2487/2460 2446/2488/2461
f 2446/2488/2461 2475/2487/2460 2447/2489/2462
f 2446/2488/2461 2447/2489/2462 2418/2490/2463
f 2418/2490/2463 2447/2489/2462 2419/2491/2464
f 2418/2490/2463 2419/2491/2464 2390/2492/2465
f 2390/2492/2465 2419/2491/2464 2391/2493/2466
f 2390/2492/2465 2391/2493/2466 81/2472/2442
f 81/2472/2442 2391/2493/2466 2392/2494/2467
f 81/2472/2442 2392/2494/2467 2393/2495/2468
f 2393/2495/2468 2392/2494/2467 2421/2496/2469
f 2393/2495/2468 2421/2496/2469 2422/2497/2470
f 2422/2497/2470 2421/2496/2469 2450/2498/2471
f 2422/2497/2470 2450/2498/2471 2451/2499/2472
f 2451/2499/2472 2450/2498/2471 2479/2500/2473
f 2451/2499/2472 2479/2500/2473 2480/2501/2474
f 2480/2501/2474 2479/2500/2473 2508/2502/2475
f 2480/2501/2474 2508/2502/2475 2509/2503/2476
f 2509/2503/2476 2508/2502/2475 2377/2504/2477
f 2509/2503/2476 2377/2504/2477 2510/2505/2478
f 2510/2505/2478 2377/2504/2477 2511/2506/2479
f 2510/2505/2478 2511/2506/2479 2482/2507/2480
f 2482/2507/2480 2511/2506/2479 2483/2508/2481
f 2482/2507/2480 2483/2508/2481 2454/2509/2482
f 2454/2509/2482 2483/2508/2481 2455/2510/2483
f 2454/2509/2482 2455/2510/2483 2426/2511/2484
f 2426/2511/2484 2455/2510/2483 2427/2512/2485
f 2426/2511/2484 2427/2512/2485 2398/2513/2486
f 2398/2513/2486 2427/2512/2485 2399/2514/2487
f 2398/2513/2486 2399/2514/2487 2376/2515/2443
f 2376/2515/2443 2399/2514/2487 2400/2516/2488
f 2376/2515/2443 2400/2516/2488 2401/2517/2489
f 2401/2517/2489 2400/2516/2488 2429/2518/2490
f 2401/2517/2489 2429/2518/2490 2430/2519/2491
f 2430/2519/2491 2429/2518/2490 2458/2520/2492
f 2430/2519/2491 2458/2520/2492 2459/2521/2493
f 2459/2521/2493 2458/2520/2492 2487/2522/2494
f 2459/2521/2493 2487/2522/2494 2488/2523/2495
f 2488/2523/2495 2487/2522/2494 2516/2524/2496
f 2488/2523/2495 2516/2524/2496 2517/2525/2497
f 2517/2525/2497 2516/2524/2496 2377/2504/2477
f 2517/2525/2497 2377/2504/2477 2518/2526/2498
f 2518/2526/2498 2377/2504/2477 2519/2527/2499
f 2518/2526/2498 2519/2527/2499 2490/2528/2500
f 2490/2528/2500 2519/2527/2499 2491/2529/2501
f 2490/2528/2500 2491/2529/2501 2462/2530/2502
f 2462/2530/2502 2491/2529/2501 2463/2531/2503
f 2462/2530/2502 2463/2531/2503 2434/2532/2504
f 2434/2532/2504 2463/2531/2503 2435/2533/2505
f 2434/2532/2504 2435/2533/2505 2406/2534/2506
f 2406/2534/2506 2435/2533/2505 2407/2535/2507
f 2406/2534/2506 2407/2535/2507 2376/2515/2443
f 2376/2515/2443 2407/2535/2507 2408/2536/2508
f 2376/2515/2443 2408/2536/2508 2409/2537/2509
f 2409/2537/2509 2408/2536/2508 2437/2538/2510
f 2409/2537/2509 2437/2538/2510 2438/2539/2511
f 2438/2539/2511 2437/2538/2510 2466/2540/2512
f 2438/2539/2511 2466/2540/2512 2380/2541/2513
f 2380/2541/2513 2466/2540/2512 2379/2542/2514
f 2379/2542/2514 2466/2540/2512 2494/2543/2515
f 2379/2542/2514 2494/2543/2515 2378/2544/2516
f 2378/2544/2516 2494/2543/2515 2522/2545/2517
f 2378/2544/2516 2522/2545/2517 2377/2504/2477
f 2377/2504/2477 2522/2545/2517 2521/2546/2518
f 2377/2504/2477 2521/2546/2518 2520/2547/2519
f 2520/2547/2519 2521/2546/2518 2492/2548/2520
f 2520/2547/2519 2492/2548/2520 2491/2529/2501
f 2491/2529/2501 2492/2548/2520 2463/2531/2503
f 2383/2471/2445 80/2470/2444 2411/2549/2521
f 2411/2549/2521 80/2470/2444 79/2550/2522
f 2411/2549/2521 79/2550/2522 2439/2551/2523
f 2439/2551/2523 79/2550/2522 78/2552/2524
f 2439/2551/2523 78/2552/2524 2467/2553/2525
f 2467/2553/2525 78/2552/2524 77/2554/2526
f 2467/2553/2525 77/2554/2526 2495/2555/2527
f 2495/2555/2527 77/2554/2526 76/2556/2528
f 2495/2555/2527 76/2556/2528 75/2483/2456
f 2377/2504/2477 2508/2502/2475 75/2483/2456
f 75/2483/2456 2508/2502/2475 2507/2557/2529
f 75/2483/2456 2507/2557/2529 2506/2558/2530
f 2506/2558/2530 2507/2557/2529 2478/2559/2531
f 2506/2558/2530 2478/2559/2531 2477/2560/2532
f 2477/2560/2532 2478/2559/2531 2449/2561/2533
f 2477/2560/2532 2449/2561/2533 2448/2562/2534
f 2448/2562/2534 2449/2561/2533 2420/2563/2535
f 2448/2562/2534 2420/2563/2535 2419/2491/2464
f 2419/2491/2464 2420/2563/2535 2391/2493/2466
f 2380/2541/2513 2381/2564/2536 2438/2539/2511
f 2438/2539/2511 2381/2564/2536 2410/2565/2537
f 2438/2539/2511 2410/2565/2537 2409/2537/2509
f 2409/2537/2509 2410/2565/2537 2376/2515/2443
f 2381/2564/2536 2382/2566/2538 2410/2565/2537
f 2410/2565/2537 2382/2566/2538 2376/2515/2443
f 2398/2513/2486 2376/2515/2443 2397/2567/2539
f 2397/2567/2539 2376/2515/2443 81/2472/2442
f 2397/2567/2539 81/2472/2442 2396/2568/2540
f 2396/2568/2540 81/2472/2442 2395/2569/2541
f 2396/2568/2540 2395/2569/2541 2424/2570/2542
f 2424/2570/2542 2395/2569/2541 2423/2571/2543
f 2424/2570/2542 2423/2571/2543 2452/2572/2544
f 2452/2572/2544 2423/2571/2543 2451/2499/2472
f 2452/2572/2544 2451/2499/2472 2480/2501/2474
f 2384/2473/2446 2383/2471/2445 2412/2573/2545
f 2412/2573/2545 2383/2471/2445 2411/2549/2521
f 2412/2573/2545 2411/2549/2521 2440/2574/2546
f 2440/2574/2546 2411/2549/2521 2439/2551/2523
f 2440/2574/2546 2439/2551/2523 2468/2575/2547
f 2468/2575/2547 2439/2551/2523 2467/2553/2525
f 2468/2575/2547 2467/2553/2525 2496/2576/2548
f 2496/2576/2548 2467/2553/2525 2495/2555/2527
f 2496/2576/2548 2495/2555/2527 75/2483/2456
f 2385/2474/2447 2386/2577/2549 81/2472/2442
f 81/2472/2442 2386/2577/2549 2387/2578/2550
f 81/2472/2442 2387/2578/2550 2388/2579/2551
f 2388/2579/2551 2387/2578/2550 2416/2580/2552
f 2388/2579/2551 2416/2580/2552 2417/2581/2553
f 2417/2581/2553 2416/2580/2552 2445/2582/2554
f 2417/2581/2553 2445/2582/2554 2446/2488/2461
f 2446/2488/2461 2445/2582/2554 2474/2486/2459
f 2385/2474/2447 2414/2476/2449 2386/2577/2549
f 2386/2577/2549 2414/2476/2449 2415/2583/2555
f 2386/2577/2549 2415/2583/2555 2387/2578/2550
f 2387/2578/2550 2415/2583/2555 2416/2580/2552
f 2390/2492/2465 81/2472/2442 2389/2584/2556
f 2389/2584/2556 81/2472/2442 2388/2579/2551
f 2389/2584/2556 2388/2579/2551 2417/2581/2553
f 2418/2490/2463 2390/2492/2465 2389/2584/2556
f 2418/2490/2463 2389/2584/2556 2417/2581/2553
f 2421/2496/2469 2392/2494/2467 2420/2563/2535
f 2420/2563/2535 2392/2494/2467 2391/2493/2466
f 2395/2569/2541 81/2472/2442 2394/2585/2557
f 2394/2585/2557 81/2472/2442 2393/2495/2468
f 2394/2585/2557 2393/2495/2468 2422/2497/2470
f 2423/2571/2543 2395/2569/2541 2394/2585/2557
f 2423/2571/2543 2394/2585/2557 2422/2497/2470
f 2426/2511/2484 2398/2513/2486 2397/2567/2539
f 2397/2567/2539 2396/2568/2540 2425/2586/2558
f 2425/2586/2558 2396/2568/2540 2424/2570/2542
f 2425/2586/2558 2424/2570/2542 2453/2587/2559
f 2453/2587/2559 2424/2570/2542 2452/2572/2544
f 2453/2587/2559 2452/2572/2544 2481/2588/2560
f 2481/2588/2560 2452/2572/2544 2480/2501/2474
f 2481/2588/2560 2480/2501/2474 2509/2503/2476
f 2400/2516/2488 2399/2514/2487 2428/2589/2561
f 2428/2589/2561 2399/2514/2487 2427/2512/2485
f 2428/2589/2561 2427/2512/2485 2456/2590/2562
f 2456/2590/2562 2427/2512/2485 2455/2510/2483
f 2456/2590/2562 2455/2510/2483 2484/2591/2563
f 2484/2591/2563 2455/2510/2483 2483/2508/2481
f 2484/2591/2563 2483/2508/2481 2512/2592/2564
f 2512/2592/2564 2483/2508/2481 2511/2506/2479
f 2512/2592/2564 2511/2506/2479 2377/2504/2477
f 2401/2517/2489 2402/2593/2565 2376/2515/2443
f 2376/2515/2443 2402/2593/2565 2403/2594/2566
f 2376/2515/2443 2403/2594/2566 2404/2595/2567
f 2404/2595/2567 2403/2594/2566 2432/2596/2568
f 2404/2595/2567 2432/2596/2568 2433/2597/2569
f 2433/2597/2569 2432/2596/2568 2461/2598/2570
f 2433/2597/2569 2461/2598/2570 2462/2530/2502
f 2462/2530/2502 2461/2598/2570 2490/2528/2500
f 2401/2517/2489 2430/2519/2491 2402/2593/2565
f 2402/2593/2565 2430/2519/2491 2431/2599/2571
f 2402/2593/2565 2431/2599/2571 2403/2594/2566
f 2403/2594/2566 2431/2599/2571 2432/2596/2568
f 2406/2534/2506 2376/2515/2443 2405/2600/2572
f 2405/2600/2572 2376/2515/2443 2404/2595/2567
f 2405/2600/2572 2404/2595/2567 2433/2597/2569
f 2434/2532/2504 2406/2534/2506 2405/2600/2572
f 2434/2532/2504 2405/2600/2572 2433/2597/2569
f 2408/2536/2508 2407/2535/2507 2436/2601/2573
f 2436/2601/2573 2407/2535/2507 2435/2533/2505
f 2436/2601/2573 2435/2533/2505 2464/2602/2574
f 2464/2602/2574 2435/2533/2505 2463/2531/2503
f 2464/2602/2574 2463/2531/2503 2492/2548/2520
f 2384/2473/2446 2412/2573/2545 2413/2475/2448
f 2413/2475/2448 2412/2573/2545 2441/2603/2575
f 2413/2475/2448 2441/2603/2575 2442/2477/2450
f 2442/2477/2450 2441/2603/2575 2470/2604/2576
f 2442/2477/2450 2470/2604/2576 2471/2479/2452
f 2471/2479/2452 2470/2604/2576 2499/2605/2577
f 2471/2479/2452 2499/2605/2577 2500/2481/2454
f 2500/2481/2454 2499/2605/2577 75/2483/2456
f 2441/2603/2575 2412/2573/2545 2440/2574/2546
f 2414/2476/2449 2443/2478/2451 2415/2583/2555
f 2415/2583/2555 2443/2478/2451 2444/2606/2578
f 2415/2583/2555 2444/2606/2578 2416/2580/2552
f 2416/2580/2552 2444/2606/2578 2445/2582/2554
f 2446/2488/2461 2418/2490/2463 2417/2581/2553
f 2448/2562/2534 2419/2491/2464 2447/2489/2462
f 2450/2498/2471 2421/2496/2469 2449/2561/2533
f 2449/2561/2533 2421/2496/2469 2420/2563/2535
f 2451/2499/2472 2423/2571/2543 2422/2497/2470
f 2454/2509/2482 2426/2511/2484 2425/2586/2558
f 2425/2586/2558 2426/2511/2484 2397/2567/2539
f 2454/2509/2482 2425/2586/2558 2453/2587/2559
f 2400/2516/2488 2428/2589/2561 2429/2518/2490
f 2429/2518/2490 2428/2589/2561 2457/2607/2579
f 2429/2518/2490 2457/2607/2579 2458/2520/2492
f 2458/2520/2492 2457/2607/2579 2486/2608/2580
f 2458/2520/2492 2486/2608/2580 2487/2522/2494
f 2487/2522/2494 2486/2608/2580 2515/2609/2581
f 2487/2522/2494 2515/2609/2581 2516/2524/2496
f 2516/2524/2496 2515/2609/2581 2377/2504/2477
f 2457/2607/2579 2428/2589/2561 2456/2590/2562
f 2430/2519/2491 2459/2521/2493 2431/2599/2571
f 2431/2599/2571 2459/2521/2493 2460/2610/2582
f 2431/2599/2571 2460/2610/2582 2432/2596/2568
f 2432/2596/2568 2460/2610/2582 2461/2598/2570
f 2462/2530/2502 2434/2532/2504 2433/2597/2569
f 2408/2536/2508 2436/2601/2573 2437/2538/2510
f 2437/2538/2510 2436/2601/2573 2465/2611/2583
f 2437/2538/2510 2465/2611/2583 2466/2540/2512
f 2466/2540/2512 2465/2611/2583 2494/2543/2515
f 2465/2611/2583 2436/2601/2573 2464/2602/2574
f 2441/2603/2575 2440/2574/2546 2469/2612/2584
f 2469/2612/2584 2440/2574/2546 2468/2575/2547
f 2469/2612/2584 2468/2575/2547 2497/2613/2585
f 2497/2613/2585 2468/2575/2547 2496/2576/2548
f 2497/2613/2585 2496/2576/2548 75/2483/2456
f 2443/2478/2451 2472/2480/2453 2444/2606/2578
f 2444/2606/2578 2472/2480/2453 2473/2614/2586
f 2444/2606/2578 2473/2614/2586 2445/2582/2554
f 2445/2582/2554 2473/2614/2586 2474/2486/2459
f 2448/2562/2534 2447/2489/2462 2476/2615/2587
f 2476/2615/2587 2447/2489/2462 2475/2487/2460
f 2476/2615/2587 2475/2487/2460 2504/2616/2588
f 2504/2616/2588 2475/2487/2460 2503/2485/2458
f 2504/2616/2588 2503/2485/2458 75/2483/2456
f 2479/2500/2473 2450/2498/2471 2478/2559/2531
f 2478/2559/2531 2450/2498/2471 2449/2561/2533
f 2482/2507/2480 2454/2509/2482 2453/2587/2559
f 2482/2507/2480 2453/2587/2559 2481/2588/2560
f 2457/2607/2579 2456/2590/2562 2485/2617/2589
f 2485/2617/2589 2456/2590/2562 2484/2591/2563
f 2485/2617/2589 2484/2591/2563 2513/2618/2590
f 2513/2618/2590 2484/2591/2563 2512/2592/2564
f 2513/2618/2590 2512/2592/2564 2377/2504/2477
f 2459/2521/2493 2488/2523/2495 2460/2610/2582
f 2460/2610/2582 2488/2523/2495 2489/2619/2591
f 2460/2610/2582 2489/2619/2591 2461/2598/2570
f 2461/2598/2570 2489/2619/2591 2490/2528/2500
f 2465/2611/2583 2464/2602/2574 2493/2620/2592
f 2493/2620/2592 2464/2602/2574 2492/2548/2520
f 2493/2620/2592 2492/2548/2520 2521/2546/2518
f 2441/2603/2575 2469/2612/2584 2470/2604/2576
f 2470/2604/2576 2469/2612/2584 2498/2621/2593
f 2470/2604/2576 2498/2621/2593 2499/2605/2577
f 2499/2605/2577 2498/2621/2593 75/2483/2456
f 2498/2621/2593 2469/2612/2584 2497/2613/2585
f 2502/2484/2457 2474/2486/2459 2473/2614/2586
f 2502/2484/2457 2473/2614/2586 2501/2482/2455
f 2501/2482/2455 2473/2614/2586 2472/2480/2453
f 2448/2562/2534 2476/2615/2587 2477/2560/2532
f 2477/2560/2532 2476/2615/2587 2505/2622/2594
f 2477/2560/2532 2505/2622/2594 2506/2558/2530
f 2506/2558/2530 2505/2622/2594 75/2483/2456
f 2505/2622/2594 2476/2615/2587 2504/2616/2588
f 2508/2502/2475 2479/2500/2473 2507/2557/2529
f 2507/2557/2529 2479/2500/2473 2478/2559/2531
f 2510/2505/2478 2482/2507/2480 2481/2588/2560
f 2510/2505/2478 2481/2588/2560 2509/2503/2476
f 2457/2607/2579 2485/2617/2589 2486/2608/2580
f 2486/2608/2580 2485/2617/2589 2514/2623/2595
f 2486/2608/2580 2514/2623/2595 2515/2609/2581
f 2515/2609/2581 2514/2623/2595 2377/2504/2477
f 2514/2623/2595 2485/2617/2589 2513/2618/2590
f 2518/2526/2498 2490/2528/2500 2489/2619/2591
f 2518/2526/2498 2489/2619/2591 2517/2525/2497
f 2517/2525/2497 2489/2619/2591 2488/2523/2495
f 2520/2547/2519 2491/2529/2501 2519/2527/2499
f 2522/2545/2517 2494/2543/2515 2493/2620/2592
f 2493/2620/2592 2494/2543/2515 2465/2611/2583
f 2522/2545/2517 2493/2620/2592 2521/2546/2518
f 75/2483/2456 2498/2621/2593 2497/2613/2585
f 75/2483/2456 2505/2622/2594 2504/2616/2588
f 2377/2504/2477 2514/2623/2595 2513/2618/2590
f 2377/2504/2477 2520/2547/2519 2519/2527/2499
f 75/2624/2456 74/2625/2596 2377/2626/2477
f 2377/2626/2477 74/2625/2596 2523/2627/2597
f 73/2628/2598 2528/2629/2599 74/2630/2596
f 74/2630/2596 2528/2629/2599 2529/2631/2600
f 74/2630/2596 2529/2631/2600 2530/2632/2601
f 2530/2632/2601 2529/2631/2600 2563/2633/2602
f 2530/2632/2601 2563/2633/2602 2564/2634/2603
f 2564/2634/2603 2563/2633/2602 2597/2635/2604
f 2564/2634/2603 2597/2635/2604 2598/2636/2605
f 2598/2636/2605 2597/2635/2604 70/2637/2606
f 2598/2636/2605 70/2637/2606 2599/2638/2607
f 2599/2638/2607 70/2637/2606 2600/2639/2608
f 2599/2638/2607 2600/2639/2608 2566/2640/2609
f 2566/2640/2609 2600/2639/2608 2567/2641/2610
f 2566/2640/2609 2567/2641/2610 2533/2642/2611
f 2533/2642/2611 2567/2641/2610 2534/2643/2612
f 2533/2642/2611 2534/2643/2612 74/2630/2596
f 74/2630/2596 2534/2643/2612 2535/2644/2613
f 74/2630/2596 2535/2644/2613 2536/2645/2614
f 2536/2645/2614 2535/2644/2613 2569/2646/2615
f 2536/2645/2614 2569/2646/2615 2570/2647/2616
f 2570/2647/2616 2569/2646/2615 2603/2648/2617
f 2570/2647/2616 2603/2648/2617 2604/2649/2618
f 2604/2649/2618 2603/2648/2617 70/2637/2606
f 2604/2649/2618 70/2637/2606 2605/2650/2619
f 2605/2650/2619 70/2637/2606 2606/2651/2620
f 2605/2650/2619 2606/2651/2620 2572/2652/2621
f 2572/2652/2621 2606/2651/2620 2573/2653/2622
f 2572/2652/2621 2573/2653/2622 2539/2654/2623
f 2539/2654/2623 2573/2653/2622 2540/2655/2624
f 2539/2654/2623 2540/2655/2624 74/2630/2596
f 74/2630/2596 2540/2655/2624 2541/2656/2625
f 74/2630/2596 2541/2656/2625 2542/2657/2626
f 2542/2657/2626 2541/2656/2625 2575/2658/2627
f 2542/2657/2626 2575/2658/2627 2576/2659/2628
f 2576/2659/2628 2575/2658/2627 2609/2660/2629
f 2576/2659/2628 2609/2660/2629 2610/2661/2630
f 2610/2661/2630 2609/2660/2629 70/2637/2606
f 2610/2661/2630 70/2637/2606 2524/2662/2631
f 2528/2629/2599 73/2628/2598 2561/2663/2632
f 2561/2663/2632 73/2628/2598 72/2664/2633
f 2561/2663/2632 72/2664/2633 2594/2665/2634
f 2594/2665/2634 72/2664/2633 71/2666/2635
f 2594/2665/2634 71/2666/2635 70/2637/2606
f 2525/2667/2636 2626/2668/2637 2524/2662/2631
f 2524/2662/2631 2626/2668/2637 2625/2669/2638
f 2524/2662/2631 2625/2669/2638 2624/2670/2639
f 2624/2670/2639 2625/2669/2638 2591/2671/2640
f 2624/2670/2639 2591/2671/2640 2590/2672/2641
f 2590/2672/2641 2591/2671/2640 2557/2673/2642
f 2590/2672/2641 2557/2673/2642 2556/2674/2643
f 2556/2674/2643 2557/2673/2642 2523/2675/2597
f 2556/2674/2643 2523/2675/2597 2555/2676/2644
f 2555/2676/2644 2523/2675/2597 2554/2677/2645
f 2555/2676/2644 2554/2677/2645 2588/2678/2646
f 2588/2678/2646 2554/2677/2645 2587/2679/2647
f 2588/2678/2646 2587/2679/2647 2621/2680/2648
f 2621/2680/2648 2587/2679/2647 2620/2681/2649
f 2621/2680/2648 2620/2681/2649 2524/2662/2631
f 2524/2662/2631 2620/2681/2649 2619/2682/2650
f 2524/2662/2631 2619/2682/2650 2618/2683/2651
f 2618/2683/2651 2619/2682/2650 2585/2684/2652
f 2618/2683/2651 2585/2684/2652 2584/2685/2653
f 2584/2685/2653 2585/2684/2652 2551/2686/2654
f 2584/2685/2653 2551/2686/2654 2550/2687/2655
f 2550/2687/2655 2551/2686/2654 2523/2675/2597
f 2550/2687/2655 2523/2675/2597 2549/2688/2656
f 2549/2688/2656 2523/2675/2597 2548/2689/2657
f 2549/2688/2656 2548/2689/2657 2582/2690/2658
f 2582/2690/2658 2548/2689/2657 2581/2691/2659
f 2582/2690/2658 2581/2691/2659 2615/2692/2660
f 2615/2692/2660 2581/2691/2659 2614/2693/2661
f 2615/2692/2660 2614/2693/2661 2524/2662/2631
f 2524/2662/2631 2614/2693/2661 2613/2694/2662
f 2524/2662/2631 2613/2694/2662 2612/2695/2663
f 2612/2695/2663 2613/2694/2662 2579/2696/2664
f 2612/2695/2663 2579/2696/2664 2578/2697/2665
f 2578/2697/2665 2579/2696/2664 2545/2698/2666
f 2578/2697/2665 2545/2698/2666 2544/2699/2667
f 2544/2699/2667 2545/2698/2666 2523/2675/2597
f 2544/2699/2667 2523/2675/2597 74/2630/2596
f 2626/2668/2637 2525/2667/2636 2593/2700/2668
f 2593/2700/2668 2525/2667/2636 2526/2701/2669
f 2593/2700/2668 2526/2701/2669 2560/2702/2670
f 2560/2702/2670 2526/2701/2669 2527/2703/2671
f 2560/2702/2670 2527/2703/2671 2523/2675/2597
f 2529/2631/2600 2528/2629/2599 2562/2704/2672
f 2562/2704/2672 2528/2629/2599 2561/2663/2632
f 2562/2704/2672 2561/2663/2632 2595/2705/2673
f 2595/2705/2673 2561/2663/2632 2594/2665/2634
f 2595/2705/2673 2594/2665/2634 70/2637/2606
f 2530/2632/2601 2531/2706/2674 74/2630/2596
f 74/2630/2596 2531/2706/2674 2532/2707/2675
f 74/2630/2596 2532/2707/2675 2533/2642/2611
f 2533/2642/2611 2532/2707/2675 2566/2640/2609
f 2530/2632/2601 2564/2634/2603 2531/2706/2674
f 2531/2706/2674 2564/2634/2603 2565/2708/2676
f 2531/2706/2674 2565/2708/2676 2532/2707/2675
f 2532/2707/2675 2565/2708/2676 2566/2640/2609
f 2535/2644/2613 2534/2643/2612 2568/2709/2677
f 2568/2709/2677 2534/2643/2612 2567/2641/2610
f 2568/2709/2677 2567/2641/2610 2601/2710/2678
f 2601/2710/2678 2567/2641/2610 2600/2639/2608
f 2601/2710/2678 2600/2639/2608 70/2637/2606
f 2536/2645/2614 2537/2711/2679 74/2630/2596
f 74/2630/2596 2537/2711/2679 2538/2712/2680
f 74/2630/2596 2538/2712/2680 2539/2654/2623
f 2539/2654/2623 2538/2712/2680 2572/2652/2621
f 2536/2645/2614 2570/2647/2616 2537/2711/2679
f 2537/2711/2679 2570/2647/2616 2571/2713/2681
f 2537/2711/2679 2571/2713/2681 2538/2712/2680
f 2538/2712/2680 2571/2713/2681 2572/2652/2621
f 2541/2656/2625 2540/2655/2624 2574/2714/2682
f 2574/2714/2682 2540/2655/2624 2573/2653/2622
f 2574/2714/2682 2573/2653/2622 2607/2715/2683
f 2607/2715/2683 2573/2653/2622 2606/2651/2620
f 2607/2715/2683 2606/2651/2620 70/2637/2606
f 2544/2699/2667 74/2630/2596 2543/2716/2684
f 2543/2716/2684 74/2630/2596 2542/2657/2626
f 2543/2716/2684 2542/2657/2626 2576/2659/2628
f 2544/2699/2667 2543/2716/2684 2577/2717/2685
f 2577/2717/2685 2543/2716/2684 2576/2659/2628
f 2577/2717/2685 2576/2659/2628 2610/2661/2630
f 2545/2698/2666 2546/2718/2686 2523/2675/2597
f 2523/2675/2597 2546/2718/2686 2547/2719/2687
f 2523/2675/2597 2547/2719/2687 2548/2689/2657
f 2548/2689/2657 2547/2719/2687 2581/2691/2659
f 2545/2698/2666 2579/2696/2664 2546/2718/2686
f 2546/2718/2686 2579/2696/2664 2580/2720/2688
f 2546/2718/2686 2580/2720/2688 2547/2719/2687
f 2547/2719/2687 2580/2720/2688 2581/2691/2659
f 2550/2687/2655 2549/2688/2656 2583/2721/2689
f 2583/2721/2689 2549/2688/2656 2582/2690/2658
f 2583/2721/2689 2582/2690/2658 2616/2722/2690
f 2616/2722/2690 2582/2690/2658 2615/2692/2660
f 2616/2722/2690 2615/2692/2660 2524/2662/2631
f 2551/2686/2654 2552/2723/2691 2523/2675/2597
f 2523/2675/2597 2552/2723/2691 2553/2724/2692
f 2523/2675/2597 2553/2724/2692 2554/2677/2645
f 2554/2677/2645 2553/2724/2692 2587/2679/2647
f 2551/2686/2654 2585/2684/2652 2552/2723/2691
f 2552/2723/2691 2585/2684/2652 2586/2725/2693
f 2552/2723/2691 2586/2725/2693 2553/2724/2692
f 2553/2724/2692 2586/2725/2693 2587/2679/2647
f 2556/2674/2643 2555/2676/2644 2589/2726/2694
f 2589/2726/2694 2555/2676/2644 2588/2678/2646
f 2589/2726/2694 2588/2678/2646 2622/2727/2695
f 2622/2727/2695 2588/2678/2646 2621/2680/2648
f 2622/2727/2695 2621/2680/2648 2524/2662/2631
f 2557/2673/2642 2558/2728/2696 2523/2675/2597
f 2523/2675/2597 2558/2728/2696 2559/2729/2697
f 2523/2675/2597 2559/2729/2697 2560/2702/2670
f 2560/2702/2670 2559/2729/2697 2593/2700/2668
f 2557/2673/2642 2591/2671/2640 2558/2728/2696
f 2558/2728/2696 2591/2671/2640 2592/2730/2698
f 2558/2728/2696 2592/2730/2698 2559/2729/2697
f 2559/2729/2697 2592/2730/2698 2593/2700/2668
f 2529/2631/2600 2562/2704/2672 2563/2633/2602
f 2563/2633/2602 2562/2704/2672 2596/2731/2699
f 2563/2633/2602 2596/2731/2699 2597/2635/2604
f 2597/2635/2604 2596/2731/2699 70/2637/2606
f 2596/2731/2699 2562/2704/2672 2595/2705/2673
f 2599/2638/2607 2566/2640/2609 2565/2708/2676
f 2599/2638/2607 2565/2708/2676 2598/2636/2605
f 2598/2636/2605 2565/2708/2676 2564/2634/2603
f 2535/2644/2613 2568/2709/2677 2569/2646/2615
f 2569/2646/2615 2568/2709/2677 2602/2732/2700
f 2569/2646/2615 2602/2732/2700 2603/2648/2617
f 2603/2648/2617 2602/2732/2700 70/2637/2606
f 2602/2732/2700 2568/2709/2677 2601/2710/2678
f 2605/2650/2619 2572/2652/2621 2571/2713/2681
f 2605/2650/2619 2571/2713/2681 2604/2649/2618
f 2604/2649/2618 2571/2713/2681 2570/2647/2616
f 2541/2656/2625 2574/2714/2682 2575/2658/2627
f 2575/2658/2627 2574/2714/2682 2608/2733/2701
f 2575/2658/2627 2608/2733/2701 2609/2660/2629
f 2609/2660/2629 2608/2733/2701 70/2637/2606
f 2608/2733/2701 2574/2714/2682 2607/2715/2683
f 2544/2699/2667 2577/2717/2685 2578/2697/2665
f 2578/2697/2665 2577/2717/2685 2611/2734/2702
f 2578/2697/2665 2611/2734/2702 2612/2695/2663
f 2612/2695/2663 2611/2734/2702 2524/2662/2631
f 2611/2734/2702 2577/2717/2685 2610/2661/2630
f 2614/2693/2661 2581/2691/2659 2580/2720/2688
f 2614/2693/2661 2580/2720/2688 2613/2694/2662
f 2613/2694/2662 2580/2720/2688 2579/2696/2664
f 2550/2687/2655 2583/2721/2689 2584/2685/2653
f 2584/2685/2653 2583/2721/2689 2617/2735/2703
f 2584/2685/2653 2617/2735/2703 2618/2683/2651
f 2618/2683/2651 2617/2735/2703 2524/2662/2631
f 2617/2735/2703 2583/2721/2689 2616/2722/2690
f 2620/2681/2649 2587/2679/2647 2586/2725/2693
f 2620/2681/2649 2586/2725/2693 2619/2682/2650
f 2619/2682/2650 2586/2725/2693 2585/2684/2652
f 2556/2674/2643 2589/2726/2694 2590/2672/2641
f 2590/2672/2641 2589/2726/2694 2623/2736/2704
f 2590/2672/2641 2623/2736/2704 2624/2670/2639
f 2624/2670/2639 2623/2736/2704 2524/2662/2631
f 2623/2736/2704 2589/2726/2694 2622/2727/2695
f 2626/2668/2637 2593/2700/2668 2592/2730/2698
f 2626/2668/2637 2592/2730/2698 2625/2669/2638
f 2625/2669/2638 2592/2730/2698 2591/2671/2640
f 70/2637/2606 2596/2731/2699 2595/2705/2673
f 70/2637/2606 2602/2732/2700 2601/2710/2678
f 70/2637/2606 2608/2733/2701 2607/2715/2683
f 2524/2662/2631 2611/2734/2702 2610/2661/2630
f 2524/2662/2631 2617/2735/2703 2616/2722/2690
f 2524/2662/2631 2623/2736/2704 2622/2727/2695
f 69/2737/2705 2627/2738/2706 70/2739/2707
f 70/2739/2707 2627/2738/2706 2524/2740/2708
f 9/2741/2709 2628/2742/2710 10/2743/2711
f 10/2743/2711 2628/2742/2710 1234/2744/2712
f 2/2745/2713 1/2746/2714 1524/2747/2715
f 1524/2747/2715 1/2746/2714 2629/2748/2716
f 1524/2747/2715 2629/2748/2716 1525/2749/2717
f 1525/2749/2717 2629/2748/2716 2630/2750/2718
f 1525/2749/2717 2630/2750/2718 1526/2751/2719
f 1526/2751/2719 2630/2750/2718 2631/2752/2720
f 4/2753/2721 2704/2754/2722 1/2755/2723
f 1/2755/2723 2704/2754/2722 2705/2756/2724
f 1/2755/2723 2705/2756/2724 2706/2757/2725
f 138/2758/2726 2700/2759/2727 4/2753/2721
f 4/2753/2721 2700/2759/2727 2701/2760/2728
f 4/2753/2721 2701/2760/2728 2702/2761/2729
f 138/2758/2726 137/2762/2730 2700/2759/2727
f 2700/2759/2727 137/2762/2730 136/2763/2731
f 2700/2759/2727 136/2763/2731 2632/2764/2732
f 2700/2759/2727 2632/2764/2732 2699/2765/2733
f 2699/2765/2733 2632/2764/2732 2633/2766/2734
f 2699/2765/2733 2633/2766/2734 2634/2767/2735
f 2634/2767/2735 2635/2768/2736 2699/2765/2733
f 2699/2765/2733 2635/2768/2736 2636/2769/2737
f 2699/2765/2733 2636/2769/2737 2637/2770/2738
f 2637/2770/2738 2638/2771/2739 2699/2765/2733
f 2699/2765/2733 2638/2771/2739 2698/2772/2740
f 2698/2772/2740 2638/2771/2739 2639/2773/2741
f 2698/2772/2740 2639/2773/2741 2697/2774/2742
f 2697/2774/2742 2639/2773/2741 2640/2775/2743
f 2697/2774/2742 2640/2775/2743 2696/2776/2744
f 2696/2776/2744 2640/2775/2743 2641/2777/2745
f 2696/2776/2744 2641/2777/2745 2695/2778/2746
f 2695/2778/2746 2641/2777/2745 47/2779/2747
f 2695/2778/2746 47/2779/2747 2642/2780/2748
f 2641/2777/2745 48/2781/2749 47/2779/2747
f 2643/2782/2750 2644/2783/2751 2642/2780/2748
f 2642/2780/2748 2644/2783/2751 2694/2784/2752
f 2642/2780/2748 2694/2784/2752 2695/2778/2746
f 2694/2784/2752 2644/2783/2751 2693/2785/2753
f 2693/2785/2753 2644/2783/2751 2645/2786/2754
f 2693/2785/2753 2645/2786/2754 2692/2787/2755
f 2692/2787/2755 2645/2786/2754 2646/2788/2756
f 2692/2787/2755 2646/2788/2756 2691/2789/2757
f 2691/2789/2757 2646/2788/2756 2647/2790/2758
f 2691/2789/2757 2647/2790/2758 2690/2791/2759
f 2690/2791/2759 2647/2790/2758 2648/2792/2760
f 2690/2791/2759 2648/2792/2760 2649/2793/2761
f 2649/2793/2761 2650/2794/2762 2690/2791/2759
f 2690/2791/2759 2650/2794/2762 2651/2795/2763
f 2690/2791/2759 2651/2795/2763 2652/2796/2764
f 2652/2796/2764 2653/2797/2765 2690/2791/2759
f 2690/2791/2759 2653/2797/2765 2689/2798/2766
f 2689/2798/2766 2653/2797/2765 2654/2799/2767
f 2689/2798/2766 2654/2799/2767 2655/2800/2768
f 2655/2800/2768 2656/2801/2769 2689/2798/2766
f 2689/2798/2766 2656/2801/2769 2657/2802/2770
f 2689/2798/2766 2657/2802/2770 2688/2803/2771
f 2688/2803/2771 2657/2802/2770 2687/2804/2772
f 2687/2804/2772 2657/2802/2770 2686/2805/2773
f 2686/2805/2773 2657/2802/2770 2658/2806/2774
f 2686/2805/2773 2658/2806/2774 2685/2807/2775
f 2685/2807/2775 2658/2806/2774 2684/2808/2776
f 2684/2808/2776 2658/2806/2774 2683/2809/2777
f 2683/2809/2777 2658/2806/2774 2682/2810/2778
f 2682/2810/2778 2658/2806/2774 2659/2811/2779
f 2682/2810/2778 2659/2811/2779 2660/2812/2780
f 2660/2812/2780 2661/2813/2781 2682/2810/2778
f 2682/2810/2778 2661/2813/2781 2662/2814/2782
f 2682/2810/2778 2662/2814/2782 2717/2815/2783
f 2717/2815/2783 2662/2814/2782 2663/2816/2784
f 2717/2815/2783 2663/2816/2784 2664/2817/2785
f 2664/2817/2785 2665/2818/2786 2717/2815/2783
f 2717/2815/2783 2665/2818/2786 2666/2819/2787
f 2717/2815/2783 2666/2819/2787 2667/2820/2788
f 2667/2820/2788 2668/2821/2789 2717/2815/2783
f 2717/2815/2783 2668/2821/2789 2716/2822/2790
f 2716/2822/2790 2668/2821/2789 2669/2823/2791
f 2716/2822/2790 2669/2823/2791 2715/2824/2792
f 2715/2824/2792 2669/2823/2791 2670/2825/2793
f 2715/2824/2792 2670/2825/2793 2714/2826/2794
f 2714/2826/2794 2670/2825/2793 2671/2827/2795
f 2714/2826/2794 2671/2827/2795 2713/2828/2796
f 2713/2828/2796 2671/2827/2795 1337/2829/1405
f 2713/2828/2796 1337/2829/1405 2712/2830/2797
f 2712/2830/2797 1337/2829/1405 96/2831/1384
f 2712/2830/2797 96/2831/1384 1485/2832/2798
f 1485/2832/2798 96/2831/1384 95/2833/2799
f 2671/2827/2795 2672/2834/2800 1337/2829/1405
f 2712/2830/2797 1485/2832/2798 2711/2835/2801
f 2711/2835/2801 1485/2832/2798 2673/2836/2802
f 2711/2835/2801 2673/2836/2802 2710/2837/2803
f 2710/2837/2803 2673/2836/2802 2674/2838/2804
f 2710/2837/2803 2674/2838/2804 2709/2839/2805
f 2709/2839/2805 2674/2838/2804 2675/2840/2806
f 2709/2839/2805 2675/2840/2806 2708/2841/2807
f 2708/2841/2807 2675/2840/2806 2676/2842/2808
f 2708/2841/2807 2676/2842/2808 2677/2843/2809
f 2677/2843/2809 2678/2844/2810 2708/2841/2807
f 2708/2841/2807 2678/2844/2810 2679/2845/2811
f 2708/2841/2807 2679/2845/2811 2680/2846/2812
f 2680/2846/2812 2681/2847/2813 2708/2841/2807
f 2708/2841/2807 2681/2847/2813 2707/2848/2814
f 2707/2848/2814 2681/2847/2813 2631/2849/2815
f 2707/2848/2814 2631/2849/2815 2630/2850/2816
f 2630/2850/2816 2629/2851/2817 2707/2848/2814
f 2707/2848/2814 2629/2851/2817 1/2755/2723
f 2707/2848/2814 1/2755/2723 2706/2757/2725
f 2702/2761/2729 2703/2852/2818 4/2753/2721
f 4/2753/2721 2703/2852/2818 2704/2754/2722
f 48/2853/2819 2641/2854/2820 49/2855/2821
f 49/2855/2821 2641/2854/2820 1568/2856/2822
f 1566/2857/2823 1565/2858/2824 2643/2859/2825
f 2643/2859/2825 1565/2858/2824 2644/2860/2826
f 1568/2861/2822 2641/2862/2820 1569/2863/2827
f 1569/2863/2827 2641/2862/2820 2640/2864/2828
f 1569/2863/2827 2640/2864/2828 1570/2865/2829
f 1570/2865/2829 2640/2864/2828 2639/2866/2830
f 1570/2865/2829 2639/2866/2830 1571/2867/2831
f 1571/2867/2831 2639/2866/2830 2638/2868/2832
f 1571/2867/2831 2638/2868/2832 1572/2869/2833
f 1572/2869/2833 2638/2868/2832 2637/2870/2834
f 1572/2869/2833 2637/2870/2834 1573/2871/2835
f 1573/2871/2835 2637/2870/2834 2636/2872/2836
f 1573/2871/2835 2636/2872/2836 1574/2873/2837
f 1574/2873/2837 2636/2872/2836 2635/2874/2838
f 1574/2873/2837 2635/2874/2838 1575/2875/2839
f 1575/2875/2839 2635/2874/2838 2634/2876/2840
f 1575/2875/2839 2634/2876/2840 1576/2877/2841
f 1576/2877/2841 2634/2876/2840 2633/2878/2842
f 1576/2877/2841 2633/2878/2842 1577/2879/2843
f 1577/2879/2843 2633/2878/2842 2632/2880/2844
f 2632/2881/2844 136/2882/139 1577/2883/2843
f 1577/2883/2843 136/2882/139 135/2884/140
f 1488/2885/2845 2694/2886/2846 1489/2887/2847
f 1489/2887/2847 2694/2886/2846 2693/2888/2848
f 1489/2887/2847 2693/2888/2848 1490/2889/2849
f 1490/2889/2849 2693/2888/2848 2692/2890/2850
f 1490/2889/2849 2692/2890/2850 1491/2891/2851
f 1491/2891/2851 2692/2890/2850 2691/2892/2852
f 1491/2891/2851 2691/2892/2852 1492/2893/2853
f 1492/2893/2853 2691/2892/2852 2690/2894/2854
f 2690/2895/2854 2689/2896/2855 1492/2897/2853
f 1492/2897/2853 2689/2896/2855 1493/2898/2856
f 1519/2899/2857 2699/2900/2858 1520/2901/2859
f 1520/2901/2859 2699/2900/2858 2698/2902/2860
f 1520/2901/2859 2698/2902/2860 1521/2903/2861
f 1521/2903/2861 2698/2902/2860 2697/2904/2862
f 1521/2903/2861 2697/2904/2862 1522/2905/2863
f 1522/2905/2863 2697/2904/2862 2696/2906/2864
f 1522/2905/2863 2696/2906/2864 1523/2907/2865
f 1523/2907/2865 2696/2906/2864 2695/2908/2866
f 1488/2909/2845 1523/2910/2865 2694/2911/2846
f 2694/2911/2846 1523/2910/2865 2695/2912/2866
f 1556/2913/2867 2653/2914/2868 1557/2915/2869
f 1557/2915/2869 2653/2914/2868 2652/2916/2870
f 1557/2915/2869 2652/2916/2870 1558/2917/2871
f 1558/2917/2871 2652/2916/2870 2651/2918/2872
f 1558/2917/2871 2651/2918/2872 1559/2919/2873
f 1559/2919/2873 2651/2918/2872 2650/2920/2874
f 1559/2919/2873 2650/2920/2874 1560/2921/2875
f 1560/2921/2875 2650/2920/2874 2649/2922/2876
f 1560/2921/2875 2649/2922/2876 1561/2923/2877
f 1561/2923/2877 2649/2922/2876 2648/2924/2878
f 1561/2923/2877 2648/2924/2878 1562/2925/2879
f 1562/2925/2879 2648/2924/2878 2647/2926/2880
f 1562/2925/2879 2647/2926/2880 1563/2927/2881
f 1563/2927/2881 2647/2926/2880 2646/2928/2882
f 1563/2927/2881 2646/2928/2882 1564/2929/2883
f 1564/2929/2883 2646/2928/2882 2645/2930/2884
f 1564/2929/2883 2645/2930/2884 1565/2931/2824
f 1565/2931/2824 2645/2930/2884 2644/2932/2826
f 1538/2933/2885 2671/2934/2886 1539/2935/2887
f 1539/2935/2887 2671/2934/2886 2670/2936/2888
f 1539/2935/2887 2670/2936/2888 1540/2937/2889
f 1540/2937/2889 2670/2936/2888 2669/2938/2890
f 1540/2937/2889 2669/2938/2890 1541/2939/2891
f 1541/2939/2891 2669/2938/2890 2668/2940/2892
f 1541/2939/2891 2668/2940/2892 1542/2941/2893
f 1542/2941/2893 2668/2940/2892 2667/2942/2894
f 1542/2941/2893 2667/2942/2894 1543/2943/2895
f 1543/2943/2895 2667/2942/2894 2666/2944/2896
f 1543/2943/2895 2666/2944/2896 1544/2945/2897
f 1544/2945/2897 2666/2944/2896 2665/2946/2898
f 1544/2945/2897 2665/2946/2898 1545/2947/2899
f 1545/2947/2899 2665/2946/2898 2664/2948/2900
f 1545/2947/2899 2664/2948/2900 1546/2949/2901
f 1546/2949/2901 2664/2948/2900 2663/2950/2902
f 1546/2949/2901 2663/2950/2902 1547/2951/2903
f 1547/2951/2903 2663/2950/2902 2662/2952/2904
f 2662/2953/2904 2661/2954/2905 1547/2955/2903
f 1547/2955/2903 2661/2954/2905 1548/2956/2906
f 1527/2957/2907 2681/2958/2908 1528/2959/2909
f 1528/2959/2909 2681/2958/2908 2680/2960/2910
f 1528/2959/2909 2680/2960/2910 1529/2961/2911
f 1529/2961/2911 2680/2960/2910 2679/2962/2912
f 1529/2961/2911 2679/2962/2912 1530/2963/2913
f 1530/2963/2913 2679/2962/2912 2678/2964/2914
f 1530/2963/2913 2678/2964/2914 1531/2965/2915
f 1531/2965/2915 2678/2964/2914 2677/2966/2916
f 1531/2965/2915 2677/2966/2916 1532/2967/2917
f 1532/2967/2917 2677/2966/2916 2676/2968/2918
f 1532/2967/2917 2676/2968/2918 1533/2969/2919
f 1533/2969/2919 2676/2968/2918 2675/2970/2920
f 1533/2969/2919 2675/2970/2920 1534/2971/2921
f 1534/2971/2921 2675/2970/2920 2674/2972/2922
f 1534/2971/2921 2674/2972/2922 1535/2973/2923
f 1535/2973/2923 2674/2972/2922 2673/2974/2924
f 1535/2973/2923 2673/2974/2924 1484/2975/1526
f 1484/2975/1526 2673/2974/2924 1485/2976/1528
f 2672/2977/2925 2671/2978/2886 1537/2979/2926
f 1537/2979/2926 2671/2978/2886 1538/2980/2885
f 1501/2981/2927 2717/2982/2928 1502/2983/2929
f 1502/2983/2929 2717/2982/2928 2716/2984/2930
f 1502/2983/2929 2716/2984/2930 1503/2985/2931
f 1503/2985/2931 2716/2984/2930 2715/2986/2932
f 1503/2985/2931 2715/2986/2932 1504/2987/2933
f 1504/2987/2933 2715/2986/2932 2714/2988/2934
f 1504/2987/2933 2714/2988/2934 1505/2989/2935
f 1505/2989/2935 2714/2988/2934 2713/2990/2936
f 2713/2991/2936 2712/2992/2937 1505/2993/2935
f 1505/2993/2935 2712/2992/2937 1506/2994/2938
f 1506/2995/2938 2712/2996/2937 1507/2997/2939
f 1507/2997/2939 2712/2996/2937 2711/2998/2940
f 1507/2997/2939 2711/2998/2940 1508/2999/2941
f 1508/2999/2941 2711/2998/2940 2710/3000/2942
f 1508/2999/2941 2710/3000/2942 1509/3001/2943
f 1509/3001/2943 2710/3000/2942 2709/3002/2944
f 1509/3001/2943 2709/3002/2944 1510/3003/2945
f 1510/3003/2945 2709/3002/2944 2708/3004/2946
f 2708/3005/2946 2707/3006/2947 1510/3007/2945
f 1510/3007/2945 2707/3006/2947 1511/3008/2948
f 1552/3009/2949 2657/3010/2950 1553/3011/2951
f 1553/3011/2951 2657/3010/2950 2656/3012/2952
f 1553/3011/2951 2656/3012/2952 1554/3013/2953
f 1554/3013/2953 2656/3012/2952 2655/3014/2954
f 1554/3013/2953 2655/3014/2954 1555/3015/2955
f 1555/3015/2955 2655/3014/2954 2654/3016/2956
f 1556/3017/2867 1555/3018/2955 2653/3019/2868
f 2653/3019/2868 1555/3018/2955 2654/3020/2956
f 1493/3021/2856 2689/3022/2855 1494/3023/2957
f 1494/3023/2957 2689/3022/2855 2688/3024/2958
f 1494/3023/2957 2688/3024/2958 1495/3025/2959
f 1495/3025/2959 2688/3024/2958 2687/3026/2960
f 1495/3025/2959 2687/3026/2960 1496/3027/2961
f 1496/3027/2961 2687/3026/2960 2686/3028/2962
f 2686/3029/2962 2685/3030/2963 1496/3031/2961
f 1496/3031/2961 2685/3030/2963 1497/3032/2964
f 1497/3033/2964 2685/3034/2963 1498/3035/2965
f 1498/3035/2965 2685/3034/2963 2684/3036/2966
f 1498/3035/2965 2684/3036/2966 1499/3037/2967
f 1499/3037/2967 2684/3036/2966 2683/3038/2968
f 1499/3037/2967 2683/3038/2968 1500/3039/2969
f 1500/3039/2969 2683/3038/2968 2682/3040/2970
f 1501/3041/2927 1500/3042/2969 2717/3043/2928
f 2717/3043/2928 1500/3042/2969 2682/3044/2970
f 1515/3045/2971 2703/3046/2972 1516/3047/2973
f 1516/3047/2973 2703/3046/2972 2702/3048/2974
f 1516/3047/2973 2702/3048/2974 1517/3049/2975
f 1517/3049/2975 2702/3048/2974 2701/3050/2976
f 1517/3049/2975 2701/3050/2976 1518/3051/2977
f 1518/3051/2977 2701/3050/2976 2700/3052/2978
f 1519/3053/2857 1518/3054/2977 2699/3055/2858
f 2699/3055/2858 1518/3054/2977 2700/3056/2978
f 1511/3057/2948 2707/3058/2947 1512/3059/2979
f 1512/3059/2979 2707/3058/2947 2706/3060/2980
f 1512/3059/2979 2706/3060/2980 1513/3061/2981
f 1513/3061/2981 2706/3060/2980 2705/3062/2982
f 1513/3061/2981 2705/3062/2982 1514/3063/2983
f 1514/3063/2983 2705/3062/2982 2704/3064/2984
f 1515/3065/2971 1514/3066/2983 2703/3067/2972
f 2703/3067/2972 1514/3066/2983 2704/3068/2984
f 1527/3069/2907 1526/3070/2719 2681/3071/2908
f 2681/3071/2908 1526/3070/2719 2631/3072/2720
f 102/3073/1373 1343/3074/1416 103/3075/2985
f 103/3075/2985 1343/3074/1416 2718/3076/2986
f 115/3077/2987 2725/3078/2988 116/3079/2989
f 116/3079/2989 2725/3078/2988 2726/3080/2990
f 116/3079/2989 2726/3080/2990 2727/3081/2991
f 2727/3081/2991 2726/3080/2990 2783/3082/2992
f 2727/3081/2991 2783/3082/2992 2784/3083/2993
f 2784/3083/2993 2783/3082/2992 2840/3084/2994
f 2784/3083/2993 2840/3084/2994 2841/3085/2995
f 2841/3085/2995 2840/3084/2994 2897/3086/2996
f 2841/3085/2995 2897/3086/2996 2898/3087/2997
f 2898/3087/2997 2897/3086/2996 2954/3088/2998
f 2898/3087/2997 2954/3088/2998 2955/3089/2999
f 2955/3089/2999 2954/3088/2998 110/3090/1529
f 2955/3089/2999 110/3090/1529 2956/3091/3000
f 2956/3091/3000 110/3090/1529 2957/3092/3001
f 2956/3091/3000 2957/3092/3001 2900/3093/3002
f 2900/3093/3002 2957/3092/3001 2901/3094/3003
f 2900/3093/3002 2901/3094/3003 2844/3095/3004
f 2844/3095/3004 2901/3094/3003 2845/3096/3005
f 2844/3095/3004 2845/3096/3005 2788/3097/3006
f 2788/3097/3006 2845/3096/3005 2789/3098/3007
f 2788/3097/3006 2789/3098/3007 2732/3099/3008
f 2732/3099/3008 2789/3098/3007 2733/3100/3009
f 2732/3099/3008 2733/3100/3009 116/3079/2989
f 116/3079/2989 2733/3100/3009 2734/3101/3010
f 116/3079/2989 2734/3101/3010 2735/3102/3011
f 2735/3102/3011 2734/3101/3010 2791/3103/3012
f 2735/3102/3011 2791/3103/3012 2792/3104/3013
f 2792/3104/3013 2791/3103/3012 2848/3105/3014
f 2792/3104/3013 2848/3105/3014 2849/3106/3015
f 2849/3106/3015 2848/3105/3014 2905/3107/3016
f 2849/3106/3015 2905/3107/3016 2906/3108/3017
f 2906/3108/3017 2905/3107/3016 2962/3109/3018
f 2906/3108/3017 2962/3109/3018 2963/3110/3019
f 2963/3110/3019 2962/3109/3018 110/3090/1529
f 2963/3110/3019 110/3090/1529 2964/3111/3020
f 2964/3111/3020 110/3090/1529 2965/3112/3021
f 2964/3111/3020 2965/3112/3021 2908/3113/3022
f 2908/3113/3022 2965/3112/3021 2909/3114/3023
f 2908/3113/3022 2909/3114/3023 2852/3115/3024
f 2852/3115/3024 2909/3114/3023 2853/3116/3025
f 2852/3115/3024 2853/3116/3025 2796/3117/3026
f 2796/3117/3026 2853/3116/3025 2797/3118/3027
f 2796/3117/3026 2797/3118/3027 2740/3119/3028
f 2740/3119/3028 2797/3118/3027 2741/3120/3029
f 2740/3119/3028 2741/3120/3029 116/3079/2989
f 116/3079/2989 2741/3120/3029 2742/3121/3030
f 116/3079/2989 2742/3121/3030 2743/3122/3031
f 2743/3122/3031 2742/3121/3030 2799/3123/3032
f 2743/3122/3031 2799/3123/3032 2800/3124/3033
f 2800/3124/3033 2799/3123/3032 2856/3125/3034
f 2800/3124/3033 2856/3125/3034 2857/3126/3035
f 2857/3126/3035 2856/3125/3034 2913/3127/3036
f 2857/3126/3035 2913/3127/3036 2914/3128/3037
f 2914/3128/3037 2913/3127/3036 2970/3129/3038
f 2914/3128/3037 2970/3129/3038 2971/3130/3039
f 2971/3130/3039 2970/3129/3038 110/3090/1529
f 2971/3130/3039 110/3090/1529 2972/3131/3040
f 2972/3131/3040 110/3090/1529 2973/3132/3041
f 2972/3131/3040 2973/3132/3041 2916/3133/3042
f 2916/3133/3042 2973/3132/3041 2917/3134/3043
f 2916/3133/3042 2917/3134/3043 2860/3135/3044
f 2860/3135/3044 2917/3134/3043 2861/3136/3045
f 2860/3135/3044 2861/3136/3045 2804/3137/3046
f 2804/3137/3046 2861/3136/3045 2805/3138/3047
f 2804/3137/3046 2805/3138/3047 2748/3139/3048
f 2748/3139/3048 2805/3138/3047 2749/3140/3049
f 2748/3139/3048 2749/3140/3049 116/3079/2989
f 116/3079/2989 2749/3140/3049 2750/3141/3050
f 116/3079/2989 2750/3141/3050 2751/3142/3051
f 2751/3142/3051 2750/3141/3050 2807/3143/3052
f 2751/3142/3051 2807/3143/3052 2808/3144/3053
f 2808/3144/3053 2807/3143/3052 2864/3145/3054
f 2808/3144/3053 2864/3145/3054 2865/3146/3055
f 2865/3146/3055 2864/3145/3054 2921/3147/3056
f 2865/3146/3055 2921/3147/3056 2922/3148/3057
f 2922/3148/3057 2921/3147/3056 2978/3149/3058
f 2922/3148/3057 2978/3149/3058 2979/3150/3059
f 2979/3150/3059 2978/3149/3058 1487/3151/1531
f 2979/3150/3059 1487/3151/1531 2980/3152/3060
f 2980/3152/3060 1487/3151/1531 2981/3153/3061
f 2980/3152/3060 2981/3153/3061 2924/3154/3062
f 2924/3154/3062 2981/3153/3061 2925/3155/3063
f 2924/3154/3062 2925/3155/3063 2868/3156/3064
f 2868/3156/3064 2925/3155/3063 2869/3157/3065
f 2868/3156/3064 2869/3157/3065 2812/3158/3066
f 2812/3158/3066 2869/3157/3065 2813/3159/3067
f 2812/3158/3066 2813/3159/3067 2756/3160/3068
f 2756/3160/3068 2813/3159/3067 2757/3161/3069
f 2756/3160/3068 2757/3161/3069 2724/3162/3070
f 2724/3162/3070 2757/3161/3069 2758/3163/3071
f 2724/3162/3070 2758/3163/3071 2759/3164/3072
f 2759/3164/3072 2758/3163/3071 2815/3165/3073
f 2759/3164/3072 2815/3165/3073 2816/3166/3074
f 2816/3166/3074 2815/3165/3073 2872/3167/3075
f 2816/3166/3074 2872/3167/3075 2873/3168/3076
f 2873/3168/3076 2872/3167/3075 2929/3169/3077
f 2873/3168/3076 2929/3169/3077 2930/3170/3078
f 2930/3170/3078 2929/3169/3077 2986/3171/3079
f 2930/3170/3078 2986/3171/3079 2987/3172/3080
f 2987/3172/3080 2986/3171/3079 1487/3151/1531
f 2987/3172/3080 1487/3151/1531 2988/3173/3081
f 2988/3173/3081 1487/3151/1531 2989/3174/3082
f 2988/3173/3081 2989/3174/3082 2932/3175/3083
f 2932/3175/3083 2989/3174/3082 2933/3176/3084
f 2932/3175/3083 2933/3176/3084 2876/3177/3085
f 2876/3177/3085 2933/3176/3084 2877/3178/3086
f 2876/3177/3085 2877/3178/3086 2820/3179/3087
f 2820/3179/3087 2877/3178/3086 2821/3180/3088
f 2820/3179/3087 2821/3180/3088 2764/3181/3089
f 2764/3181/3089 2821/3180/3088 2765/3182/3090
f 2764/3181/3089 2765/3182/3090 2724/3162/3070
f 2724/3162/3070 2765/3182/3090 2766/3183/3091
f 2724/3162/3070 2766/3183/3091 2767/3184/3092
f 2767/3184/3092 2766/3183/3091 2823/3185/3093
f 2767/3184/3092 2823/3185/3093 2824/3186/3094
f 2824/3186/3094 2823/3185/3093 2880/3187/3095
f 2824/3186/3094 2880/3187/3095 2881/3188/3096
f 2881/3188/3096 2880/3187/3095 2937/3189/3097
f 2881/3188/3096 2937/3189/3097 2938/3190/3098
f 2938/3190/3098 2937/3189/3097 2994/3191/3099
f 2938/3190/3098 2994/3191/3099 2995/3192/3100
f 2995/3192/3100 2994/3191/3099 1487/3151/1531
f 2995/3192/3100 1487/3151/1531 2996/3193/3101
f 2996/3193/3101 1487/3151/1531 2997/3194/3102
f 2996/3193/3101 2997/3194/3102 2940/3195/3103
f 2940/3195/3103 2997/3194/3102 2941/3196/3104
f 2940/3195/3103 2941/3196/3104 2884/3197/3105
f 2884/3197/3105 2941/3196/3104 2885/3198/3106
f 2884/3197/3105 2885/3198/3106 2828/3199/3107
f 2828/3199/3107 2885/3198/3106 2829/3200/3108
f 2828/3199/3107 2829/3200/3108 2772/3201/3109
f 2772/3201/3109 2829/3200/3108 2773/3202/3110
f 2772/3201/3109 2773/3202/3110 2724/3162/3070
f 2724/3162/3070 2773/3202/3110 2774/3203/3111
f 2724/3162/3070 2774/3203/3111 2775/3204/3112
f 2775/3204/3112 2774/3203/3111 2831/3205/3113
f 2775/3204/3112 2831/3205/3113 2832/3206/3114
f 2832/3206/3114 2831/3205/3113 2888/3207/3115
f 2832/3206/3114 2888/3207/3115 2889/3208/3116
f 2889/3208/3116 2888/3207/3115 2945/3209/3117
f 2889/3208/3116 2945/3209/3117 2946/3210/3118
f 2946/3210/3118 2945/3209/3117 3002/3211/3119
f 2946/3210/3118 3002/3211/3119 3003/3212/3120
f 3003/3212/3120 3002/3211/3119 1487/3151/1531
f 3003/3212/3120 1487/3151/1531 3004/3213/3121
f 3004/3213/3121 1487/3151/1531 2719/3214/3122
f 3004/3213/3121 2719/3214/3122 2948/3215/3123
f 2948/3215/3123 2719/3214/3122 2720/3216/3124
f 2948/3215/3123 2720/3216/3124 2892/3217/3125
f 2892/3217/3125 2720/3216/3124 2721/3218/3126
f 2892/3217/3125 2721/3218/3126 2836/3219/3127
f 2836/3219/3127 2721/3218/3126 2722/3220/3128
f 2836/3219/3127 2722/3220/3128 2780/3221/3129
f 2780/3221/3129 2722/3220/3128 2723/3222/3130
f 2780/3221/3129 2723/3222/3130 2724/3162/3070
f 2725/3078/2988 115/3077/2987 2781/3223/3131
f 2781/3223/3131 115/3077/2987 114/3224/3132
f 2781/3223/3131 114/3224/3132 2837/3225/3133
f 2837/3225/3133 114/3224/3132 113/3226/3134
f 2837/3225/3133 113/3226/3134 2893/3227/3135
f 2893/3227/3135 113/3226/3134 112/3228/3136
f 2893/3227/3135 112/3228/3136 2949/3229/3137
f 2949/3229/3137 112/3228/3136 111/3230/3138
f 2949/3229/3137 111/3230/3138 110/3090/1529
f 1487/3151/1531 2976/3231/3139 110/3090/1529
f 110/3090/1529 2976/3231/3139 2975/3232/3140
f 110/3090/1529 2975/3232/3140 2974/3233/3141
f 2974/3233/3141 2975/3232/3140 2918/3234/3142
f 2974/3233/3141 2918/3234/3142 2917/3134/3043
f 2917/3134/3043 2918/3234/3142 2861/3136/3045
f 116/3079/2989 2753/3235/3143 2724/3162/3070
f 2724/3162/3070 2753/3235/3143 2754/3236/3144
f 2724/3162/3070 2754/3236/3144 2755/3237/3145
f 2755/3237/3145 2754/3236/3144 2811/3238/3146
f 2755/3237/3145 2811/3238/3146 2812/3158/3066
f 2812/3158/3066 2811/3238/3146 2868/3156/3064
f 2726/3080/2990 2725/3078/2988 2782/3239/3147
f 2782/3239/3147 2725/3078/2988 2781/3223/3131
f 2782/3239/3147 2781/3223/3131 2838/3240/3148
f 2838/3240/3148 2781/3223/3131 2837/3225/3133
f 2838/3240/3148 2837/3225/3133 2894/3241/3149
f 2894/3241/3149 2837/3225/3133 2893/3227/3135
f 2894/3241/3149 2893/3227/3135 2950/3242/3150
f 2950/3242/3150 2893/3227/3135 2949/3229/3137
f 2950/3242/3150 2949/3229/3137 110/3090/1529
f 2727/3081/2991 2728/3243/3151 116/3079/2989
f 116/3079/2989 2728/3243/3151 2729/3244/3152
f 116/3079/2989 2729/3244/3152 2730/3245/3153
f 2730/3245/3153 2729/3244/3152 2786/3246/3154
f 2730/3245/3153 2786/3246/3154 2787/3247/3155
f 2787/3247/3155 2786/3246/3154 2843/3248/3156
f 2787/3247/3155 2843/3248/3156 2844/3095/3004
f 2844/3095/3004 2843/3248/3156 2900/3093/3002
f 2727/3081/2991 2784/3083/2993 2728/3243/3151
f 2728/3243/3151 2784/3083/2993 2785/3249/3157
f 2728/3243/3151 2785/3249/3157 2729/3244/3152
f 2729/3244/3152 2785/3249/3157 2786/3246/3154
f 2732/3099/3008 116/3079/2989 2731/3250/3158
f 2731/3250/3158 116/3079/2989 2730/3245/3153
f 2731/3250/3158 2730/3245/3153 2787/3247/3155
f 2788/3097/3006 2732/3099/3008 2731/3250/3158
f 2788/3097/3006 2731/3250/3158 2787/3247/3155
f 2734/3101/3010 2733/3100/3009 2790/3251/3159
f 2790/3251/3159 2733/3100/3009 2789/3098/3007
f 2790/3251/3159 2789/3098/3007 2846/3252/3160
f 2846/3252/3160 2789/3098/3007 2845/3096/3005
f 2846/3252/3160 2845/3096/3005 2902/3253/3161
f 2902/3253/3161 2845/3096/3005 2901/3094/3003
f 2902/3253/3161 2901/3094/3003 2958/3254/3162
f 2958/3254/3162 2901/3094/3003 2957/3092/3001
f 2958/3254/3162 2957/3092/3001 110/3090/1529
f 2735/3102/3011 2736/3255/3163 116/3079/2989
f 116/3079/2989 2736/3255/3163 2737/3256/3164
f 116/3079/2989 2737/3256/3164 2738/3257/3165
f 2738/3257/3165 2737/3256/3164 2794/3258/3166
f 2738/3257/3165 2794/3258/3166 2795/3259/3167
f 2795/3259/3167 2794/3258/3166 2851/3260/3168
f 2795/3259/3167 2851/3260/3168 2852/3115/3024
f 2852/3115/3024 2851/3260/3168 2908/3113/3022
f 2735/3102/3011 2792/3104/3013 2736/3255/3163
f 2736/3255/3163 2792/3104/3013 2793/3261/3169
f 2736/3255/3163 2793/3261/3169 2737/3256/3164
f 2737/3256/3164 2793/3261/3169 2794/3258/3166
f 2740/3119/3028 116/3079/2989 2739/3262/3170
f 2739/3262/3170 116/3079/2989 2738/3257/3165
f 2739/3262/3170 2738/3257/3165 2795/3259/3167
f 2796/3117/3026 2740/3119/3028 2739/3262/3170
f 2796/3117/3026 2739/3262/3170 2795/3259/3167
f 2742/3121/3030 2741/3120/3029 2798/3263/3171
f 2798/3263/3171 2741/3120/3029 2797/3118/3027
f 2798/3263/3171 2797/3118/3027 2854/3264/3172
f 2854/3264/3172 2797/3118/3027 2853/3116/3025
f 2854/3264/3172 2853/3116/3025 2910/3265/3173
f 2910/3265/3173 2853/3116/3025 2909/3114/3023
f 2910/3265/3173 2909/3114/3023 2966/3266/3174
f 2966/3266/3174 2909/3114/3023 2965/3112/3021
f 2966/3266/3174 2965/3112/3021 110/3090/1529
f 2743/3122/3031 2744/3267/3175 116/3079/2989
f 116/3079/2989 2744/3267/3175 2745/3268/3176
f 116/3079/2989 2745/3268/3176 2746/3269/3177
f 2746/3269/3177 2745/3268/3176 2802/3270/3178
f 2746/3269/3177 2802/3270/3178 2803/3271/3179
f 2803/3271/3179 2802/3270/3178 2859/3272/3180
f 2803/3271/3179 2859/3272/3180 2860/3135/3044
f 2860/3135/3044 2859/3272/3180 2916/3133/3042
f 2743/3122/3031 2800/3124/3033 2744/3267/3175
f 2744/3267/3175 2800/3124/3033 2801/3273/3181
f 2744/3267/3175 2801/3273/3181 2745/3268/3176
f 2745/3268/3176 2801/3273/3181 2802/3270/3178
f 2748/3139/3048 116/3079/2989 2747/3274/3182
f 2747/3274/3182 116/3079/2989 2746/3269/3177
f 2747/3274/3182 2746/3269/3177 2803/3271/3179
f 2804/3137/3046 2748/3139/3048 2747/3274/3182
f 2804/3137/3046 2747/3274/3182 2803/3271/3179
f 2750/3141/3050 2749/3140/3049 2806/3275/3183
f 2806/3275/3183 2749/3140/3049 2805/3138/3047
f 2806/3275/3183 2805/3138/3047 2862/3276/3184
f 2862/3276/3184 2805/3138/3047 2861/3136/3045
f 2862/3276/3184 2861/3136/3045 2918/3234/3142
f 2753/3235/3143 116/3079/2989 2752/3277/3185
f 2752/3277/3185 116/3079/2989 2751/3142/3051
f 2752/3277/3185 2751/3142/3051 2808/3144/3053
f 2753/3235/3143 2752/3277/3185 2809/3278/3186
f 2809/3278/3186 2752/3277/3185 2808/3144/3053
f 2809/3278/3186 2808/3144/3053 2865/3146/3055
f 2756/3160/3068 2724/3162/3070 2755/3237/3145
f 2754/3236/3144 2753/3235/3143 2810/3279/3187
f 2810/3279/3187 2753/3235/3143 2809/3278/3186
f 2810/3279/3187 2809/3278/3186 2866/3280/3188
f 2866/3280/3188 2809/3278/3186 2865/3146/3055
f 2866/3280/3188 2865/3146/3055 2922/3148/3057
f 2812/3158/3066 2756/3160/3068 2755/3237/3145
f 2758/3163/3071 2757/3161/3069 2814/3281/3189
f 2814/3281/3189 2757/3161/3069 2813/3159/3067
f 2814/3281/3189 2813/3159/3067 2870/3282/3190
f 2870/3282/3190 2813/3159/3067 2869/3157/3065
f 2870/3282/3190 2869/3157/3065 2926/3283/3191
f 2926/3283/3191 2869/3157/3065 2925/3155/3063
f 2926/3283/3191 2925/3155/3063 2982/3284/3192
f 2982/3284/3192 2925/3155/3063 2981/3153/3061
f 2982/3284/3192 2981/3153/3061 1487/3151/1531
f 2759/3164/3072 2760/3285/3193 2724/3162/3070
f 2724/3162/3070 2760/3285/3193 2761/3286/3194
f 2724/3162/3070 2761/3286/3194 2762/3287/3195
f 2762/3287/3195 2761/3286/3194 2818/3288/3196
f 2762/3287/3195 2818/3288/3196 2819/3289/3197
f 2819/3289/3197 2818/3288/3196 2875/3290/3198
f 2819/3289/3197 2875/3290/3198 2876/3177/3085
f 2876/3177/3085 2875/3290/3198 2932/3175/3083
f 2759/3164/3072 2816/3166/3074 2760/3285/3193
f 2760/3285/3193 2816/3166/3074 2817/3291/3199
f 2760/3285/3193 2817/3291/3199 2761/3286/3194
f 2761/3286/3194 2817/3291/3199 2818/3288/3196
f 2764/3181/3089 2724/3162/3070 2763/3292/3200
f 2763/3292/3200 2724/3162/3070 2762/3287/3195
f 2763/3292/3200 2762/3287/3195 2819/3289/3197
f 2820/3179/3087 2764/3181/3089 2763/3292/3200
f 2820/3179/3087 2763/3292/3200 2819/3289/3197
f 2766/3183/3091 2765/3182/3090 2822/3293/3201
f 2822/3293/3201 2765/3182/3090 2821/3180/3088
f 2822/3293/3201 2821/3180/3088 2878/3294/3202
f 2878/3294/3202 2821/3180/3088 2877/3178/3086
f 2878/3294/3202 2877/3178/3086 2934/3295/3203
f 2934/3295/3203 2877/3178/3086 2933/3176/3084
f 2934/3295/3203 2933/3176/3084 2990/3296/3204
f 2990/3296/3204 2933/3176/3084 2989/3174/3082
f 2990/3296/3204 2989/3174/3082 1487/3151/1531
f 2767/3184/3092 2768/3297/3205 2724/3162/3070
f 2724/3162/3070 2768/3297/3205 2769/3298/3206
f 2724/3162/3070 2769/3298/3206 2770/3299/3207
f 2770/3299/3207 2769/3298/3206 2826/3300/3208
f 2770/3299/3207 2826/3300/3208 2827/3301/3209
f 2827/3301/3209 2826/3300/3208 2883/3302/3210
f 2827/3301/3209 2883/3302/3210 2884/3197/3105
f 2884/3197/3105 2883/3302/3210 2940/3195/3103
f 2767/3184/3092 2824/3186/3094 2768/3297/3205
f 2768/3297/3205 2824/3186/3094 2825/3303/3211
f 2768/3297/3205 2825/3303/3211 2769/3298/3206
f 2769/3298/3206 2825/3303/3211 2826/3300/3208
f 2772/3201/3109 2724/3162/3070 2771/3304/3212
f 2771/3304/3212 2724/3162/3070 2770/3299/3207
f 2771/3304/3212 2770/3299/3207 2827/3301/3209
f 2828/3199/3107 2772/3201/3109 2771/3304/3212
f 2828/3199/3107 2771/3304/3212 2827/3301/3209
f 2774/3203/3111 2773/3202/3110 2830/3305/3213
f 2830/3305/3213 2773/3202/3110 2829/3200/3108
f 2830/3305/3213 2829/3200/3108 2886/3306/3214
f 2886/3306/3214 2829/3200/3108 2885/3198/3106
f 2886/3306/3214 2885/3198/3106 2942/3307/3215
f 2942/3307/3215 2885/3198/3106 2941/3196/3104
f 2942/3307/3215 2941/3196/3104 2998/3308/3216
f 2998/3308/3216 2941/3196/3104 2997/3194/3102
f 2998/3308/3216 2997/3194/3102 1487/3151/1531
f 2775/3204/3112 2776/3309/3217 2724/3162/3070
f 2724/3162/3070 2776/3309/3217 2777/3310/3218
f 2724/3162/3070 2777/3310/3218 2778/3311/3219
f 2778/3311/3219 2777/3310/3218 2834/3312/3220
f 2778/3311/3219 2834/3312/3220 2835/3313/3221
f 2835/3313/3221 2834/3312/3220 2891/3314/3222
f 2835/3313/3221 2891/3314/3222 2892/3217/3125
f 2892/3217/3125 2891/3314/3222 2948/3215/3123
f 2775/3204/3112 2832/3206/3114 2776/3309/3217
f 2776/3309/3217 2832/3206/3114 2833/3315/3223
f 2776/3309/3217 2833/3315/3223 2777/3310/3218
f 2777/3310/3218 2833/3315/3223 2834/3312/3220
f 2780/3221/3129 2724/3162/3070 2779/3316/3224
f 2779/3316/3224 2724/3162/3070 2778/3311/3219
f 2779/3316/3224 2778/3311/3219 2835/3313/3221
f 2836/3219/3127 2780/3221/3129 2779/3316/3224
f 2836/3219/3127 2779/3316/3224 2835/3313/3221
f 2726/3080/2990 2782/3239/3147 2783/3082/2992
f 2783/3082/2992 2782/3239/3147 2839/3317/3225
f 2783/3082/2992 2839/3317/3225 2840/3084/2994
f 2840/3084/2994 2839/3317/3225 2896/3318/3226
f 2840/3084/2994 2896/3318/3226 2897/3086/2996
f 2897/3086/2996 2896/3318/3226 2953/3319/3227
f 2897/3086/2996 2953/3319/3227 2954/3088/2998
f 2954/3088/2998 2953/3319/3227 110/3090/1529
f 2839/3317/3225 2782/3239/3147 2838/3240/3148
f 2784/3083/2993 2841/3085/2995 2785/3249/3157
f 2785/3249/3157 2841/3085/2995 2842/3320/3228
f 2785/3249/3157 2842/3320/3228 2786/3246/3154
f 2786/3246/3154 2842/3320/3228 2843/3248/3156
f 2844/3095/3004 2788/3097/3006 2787/3247/3155
f 2734/3101/3010 2790/3251/3159 2791/3103/3012
f 2791/3103/3012 2790/3251/3159 2847/3321/3229
f 2791/3103/3012 2847/3321/3229 2848/3105/3014
f 2848/3105/3014 2847/3321/3229 2904/3322/3230
f 2848/3105/3014 2904/3322/3230 2905/3107/3016
f 2905/3107/3016 2904/3322/3230 2961/3323/3231
f 2905/3107/3016 2961/3323/3231 2962/3109/3018
f 2962/3109/3018 2961/3323/3231 110/3090/1529
f 2847/3321/3229 2790/3251/3159 2846/3252/3160
f 2792/3104/3013 2849/3106/3015 2793/3261/3169
f 2793/3261/3169 2849/3106/3015 2850/3324/3232
f 2793/3261/3169 2850/3324/3232 2794/3258/3166
f 2794/3258/3166 2850/3324/3232 2851/3260/3168
f 2852/3115/3024 2796/3117/3026 2795/3259/3167
f 2742/3121/3030 2798/3263/3171 2799/3123/3032
f 2799/3123/3032 2798/3263/3171 2855/3325/3233
f 2799/3123/3032 2855/3325/3233 2856/3125/3034
f 2856/3125/3034 2855/3325/3233 2912/3326/3234
f 2856/3125/3034 2912/3326/3234 2913/3127/3036
f 2913/3127/3036 2912/3326/3234 2969/3327/3235
f 2913/3127/3036 2969/3327/3235 2970/3129/3038
f 2970/3129/3038 2969/3327/3235 110/3090/1529
f 2855/3325/3233 2798/3263/3171 2854/3264/3172
f 2800/3124/3033 2857/3126/3035 2801/3273/3181
f 2801/3273/3181 2857/3126/3035 2858/3328/3236
f 2801/3273/3181 2858/3328/3236 2802/3270/3178
f 2802/3270/3178 2858/3328/3236 2859/3272/3180
f 2860/3135/3044 2804/3137/3046 2803/3271/3179
f 2750/3141/3050 2806/3275/3183 2807/3143/3052
f 2807/3143/3052 2806/3275/3183 2863/3329/3237
f 2807/3143/3052 2863/3329/3237 2864/3145/3054
f 2864/3145/3054 2863/3329/3237 2920/3330/3238
f 2864/3145/3054 2920/3330/3238 2921/3147/3056
f 2921/3147/3056 2920/3330/3238 2977/3331/3239
f 2921/3147/3056 2977/3331/3239 2978/3149/3058
f 2978/3149/3058 2977/3331/3239 1487/3151/1531
f 2863/3329/3237 2806/3275/3183 2862/3276/3184
f 2754/3236/3144 2810/3279/3187 2811/3238/3146
f 2811/3238/3146 2810/3279/3187 2867/3332/3240
f 2811/3238/3146 2867/3332/3240 2868/3156/3064
f 2868/3156/3064 2867/3332/3240 2924/3154/3062
f 2867/3332/3240 2810/3279/3187 2866/3280/3188
f 2758/3163/3071 2814/3281/3189 2815/3165/3073
f 2815/3165/3073 2814/3281/3189 2871/3333/3241
f 2815/3165/3073 2871/3333/3241 2872/3167/3075
f 2872/3167/3075 2871/3333/3241 2928/3334/3242
f 2872/3167/3075 2928/3334/3242 2929/3169/3077
f 2929/3169/3077 2928/3334/3242 2985/3335/3243
f 2929/3169/3077 2985/3335/3243 2986/3171/3079
f 2986/3171/3079 2985/3335/3243 1487/3151/1531
f 2871/3333/3241 2814/3281/3189 2870/3282/3190
f 2816/3166/3074 2873/3168/3076 2817/3291/3199
f 2817/3291/3199 2873/3168/3076 2874/3336/3244
f 2817/3291/3199 2874/3336/3244 2818/3288/3196
f 2818/3288/3196 2874/3336/3244 2875/3290/3198
f 2876/3177/3085 2820/3179/3087 2819/3289/3197
f 2766/3183/3091 2822/3293/3201 2823/3185/3093
f 2823/3185/3093 2822/3293/3201 2879/3337/3245
f 2823/3185/3093 2879/3337/3245 2880/3187/3095
f 2880/3187/3095 2879/3337/3245 2936/3338/3246
f 2880/3187/3095 2936/3338/3246 2937/3189/3097
f 2937/3189/3097 2936/3338/3246 2993/3339/3247
f 2937/3189/3097 2993/3339/3247 2994/3191/3099
f 2994/3191/3099 2993/3339/3247 1487/3151/1531
f 2879/3337/3245 2822/3293/3201 2878/3294/3202
f 2824/3186/3094 2881/3188/3096 2825/3303/3211
f 2825/3303/3211 2881/3188/3096 2882/3340/3248
f 2825/3303/3211 2882/3340/3248 2826/3300/3208
f 2826/3300/3208 2882/3340/3248 2883/3302/3210
f 2884/3197/3105 2828/3199/3107 2827/3301/3209
f 2774/3203/3111 2830/3305/3213 2831/3205/3113
f 2831/3205/3113 2830/3305/3213 2887/3341/3249
f 2831/3205/3113 2887/3341/3249 2888/3207/3115
f 2888/3207/3115 2887/3341/3249 2944/3342/3250
f 2888/3207/3115 2944/3342/3250 2945/3209/3117
f 2945/3209/3117 2944/3342/3250 3001/3343/3251
f 2945/3209/3117 3001/3343/3251 3002/3211/3119
f 3002/3211/3119 3001/3343/3251 1487/3151/1531
f 2887/3341/3249 2830/3305/3213 2886/3306/3214
f 2832/3206/3114 2889/3208/3116 2833/3315/3223
f 2833/3315/3223 2889/3208/3116 2890/3344/3252
f 2833/3315/3223 2890/3344/3252 2834/3312/3220
f 2834/3312/3220 2890/3344/3252 2891/3314/3222
f 2892/3217/3125 2836/3219/3127 2835/3313/3221
f 2839/3317/3225 2838/3240/3148 2895/3345/3253
f 2895/3345/3253 2838/3240/3148 2894/3241/3149
f 2895/3345/3253 2894/3241/3149 2951/3346/3254
f 2951/3346/3254 2894/3241/3149 2950/3242/3150
f 2951/3346/3254 2950/3242/3150 110/3090/1529
f 2841/3085/2995 2898/3087/2997 2842/3320/3228
f 2842/3320/3228 2898/3087/2997 2899/3347/3255
f 2842/3320/3228 2899/3347/3255 2843/3248/3156
f 2843/3248/3156 2899/3347/3255 2900/3093/3002
f 2847/3321/3229 2846/3252/3160 2903/3348/3256
f 2903/3348/3256 2846/3252/3160 2902/3253/3161
f 2903/3348/3256 2902/3253/3161 2959/3349/3257
f 2959/3349/3257 2902/3253/3161 2958/3254/3162
f 2959/3349/3257 2958/3254/3162 110/3090/1529
f 2849/3106/3015 2906/3108/3017 2850/3324/3232
f 2850/3324/3232 2906/3108/3017 2907/3350/3258
f 2850/3324/3232 2907/3350/3258 2851/3260/3168
f 2851/3260/3168 2907/3350/3258 2908/3113/3022
f 2855/3325/3233 2854/3264/3172 2911/3351/3259
f 2911/3351/3259 2854/3264/3172 2910/3265/3173
f 2911/3351/3259 2910/3265/3173 2967/3352/3260
f 2967/3352/3260 2910/3265/3173 2966/3266/3174
f 2967/3352/3260 2966/3266/3174 110/3090/1529
f 2857/3126/3035 2914/3128/3037 2858/3328/3236
f 2858/3328/3236 2914/3128/3037 2915/3353/3261
f 2858/3328/3236 2915/3353/3261 2859/3272/3180
f 2859/3272/3180 2915/3353/3261 2916/3133/3042
f 2863/3329/3237 2862/3276/3184 2919/3354/3262
f 2919/3354/3262 2862/3276/3184 2918/3234/3142
f 2919/3354/3262 2918/3234/3142 2975/3232/3140
f 2867/3332/3240 2866/3280/3188 2923/3355/3263
f 2923/3355/3263 2866/3280/3188 2922/3148/3057
f 2923/3355/3263 2922/3148/3057 2979/3150/3059
f 2871/3333/3241 2870/3282/3190 2927/3356/3264
f 2927/3356/3264 2870/3282/3190 2926/3283/3191
f 2927/3356/3264 2926/3283/3191 2983/3357/3265
f 2983/3357/3265 2926/3283/3191 2982/3284/3192
f 2983/3357/3265 2982/3284/3192 1487/3151/1531
f 2873/3168/3076 2930/3170/3078 2874/3336/3244
f 2874/3336/3244 2930/3170/3078 2931/3358/3266
f 2874/3336/3244 2931/3358/3266 2875/3290/3198
f 2875/3290/3198 2931/3358/3266 2932/3175/3083
f 2879/3337/3245 2878/3294/3202 2935/3359/3267
f 2935/3359/3267 2878/3294/3202 2934/3295/3203
f 2935/3359/3267 2934/3295/3203 2991/3360/3268
f 2991/3360/3268 2934/3295/3203 2990/3296/3204
f 2991/3360/3268 2990/3296/3204 1487/3151/1531
f 2881/3188/3096 2938/3190/3098 2882/3340/3248
f 2882/3340/3248 2938/3190/3098 2939/3361/3269
f 2882/3340/3248 2939/3361/3269 2883/3302/3210
f 2883/3302/3210 2939/3361/3269 2940/3195/3103
f 2887/3341/3249 2886/3306/3214 2943/3362/3270
f 2943/3362/3270 2886/3306/3214 2942/3307/3215
f 2943/3362/3270 2942/3307/3215 2999/3363/3271
f 2999/3363/3271 2942/3307/3215 2998/3308/3216
f 2999/3363/3271 2998/3308/3216 1487/3151/1531
f 2889/3208/3116 2946/3210/3118 2890/3344/3252
f 2890/3344/3252 2946/3210/3118 2947/3364/3272
f 2890/3344/3252 2947/3364/3272 2891/3314/3222
f 2891/3314/3222 2947/3364/3272 2948/3215/3123
f 2839/3317/3225 2895/3345/3253 2896/3318/3226
f 2896/3318/3226 2895/3345/3253 2952/3365/3273
f 2896/3318/3226 2952/3365/3273 2953/3319/3227
f 2953/3319/3227 2952/3365/3273 110/3090/1529
f 2952/3365/3273 2895/3345/3253 2951/3346/3254
f 2956/3091/3000 2900/3093/3002 2899/3347/3255
f 2956/3091/3000 2899/3347/3255 2955/3089/2999
f 2955/3089/2999 2899/3347/3255 2898/3087/2997
f 2847/3321/3229 2903/3348/3256 2904/3322/3230
f 2904/3322/3230 2903/3348/3256 2960/3366/3274
f 2904/3322/3230 2960/3366/3274 2961/3323/3231
f 2961/3323/3231 2960/3366/3274 110/3090/1529
f 2960/3366/3274 2903/3348/3256 2959/3349/3257
f 2964/3111/3020 2908/3113/3022 2907/3350/3258
f 2964/3111/3020 2907/3350/3258 2963/3110/3019
f 2963/3110/3019 2907/3350/3258 2906/3108/3017
f 2855/3325/3233 2911/3351/3259 2912/3326/3234
f 2912/3326/3234 2911/3351/3259 2968/3367/3275
f 2912/3326/3234 2968/3367/3275 2969/3327/3235
f 2969/3327/3235 2968/3367/3275 110/3090/1529
f 2968/3367/3275 2911/3351/3259 2967/3352/3260
f 2972/3131/3040 2916/3133/3042 2915/3353/3261
f 2972/3131/3040 2915/3353/3261 2971/3130/3039
f 2971/3130/3039 2915/3353/3261 2914/3128/3037
f 2974/3233/3141 2917/3134/3043 2973/3132/3041
f 2863/3329/3237 2919/3354/3262 2920/3330/3238
f 2920/3330/3238 2919/3354/3262 2976/3231/3139
f 2920/3330/3238 2976/3231/3139 2977/3331/3239
f 2977/3331/3239 2976/3231/3139 1487/3151/1531
f 2976/3231/3139 2919/3354/3262 2975/3232/3140
f 2980/3152/3060 2924/3154/3062 2923/3355/3263
f 2923/3355/3263 2924/3154/3062 2867/3332/3240
f 2980/3152/3060 2923/3355/3263 2979/3150/3059
f 2871/3333/3241 2927/3356/3264 2928/3334/3242
f 2928/3334/3242 2927/3356/3264 2984/3368/3276
f 2928/3334/3242 2984/3368/3276 2985/3335/3243
f 2985/3335/3243 2984/3368/3276 1487/3151/1531
f 2984/3368/3276 2927/3356/3264 2983/3357/3265
f 2988/3173/3081 2932/3175/3083 2931/3358/3266
f 2988/3173/3081 2931/3358/3266 2987/3172/3080
f 2987/3172/3080 2931/3358/3266 2930/3170/3078
f 2879/3337/3245 2935/3359/3267 2936/3338/3246
f 2936/3338/3246 2935/3359/3267 2992/3369/3277
f 2936/3338/3246 2992/3369/3277 2993/3339/3247
f 2993/3339/3247 2992/3369/3277 1487/3151/1531
f 2992/3369/3277 2935/3359/3267 2991/3360/3268
f 2996/3193/3101 2940/3195/3103 2939/3361/3269
f 2996/3193/3101 2939/3361/3269 2995/3192/3100
f 2995/3192/3100 2939/3361/3269 2938/3190/3098
f 2887/3341/3249 2943/3362/3270 2944/3342/3250
f 2944/3342/3250 2943/3362/3270 3000/3370/3278
f 2944/3342/3250 3000/3370/3278 3001/3343/3251
f 3001/3343/3251 3000/3370/3278 1487/3151/1531
f 3000/3370/3278 2943/3362/3270 2999/3363/3271
f 3004/3213/3121 2948/3215/3123 2947/3364/3272
f 3004/3213/3121 2947/3364/3272 3003/3212/3120
f 3003/3212/3120 2947/3364/3272 2946/3210/3118
f 110/3090/1529 2952/3365/3273 2951/3346/3254
f 110/3090/1529 2960/3366/3274 2959/3349/3257
f 110/3090/1529 2968/3367/3275 2967/3352/3260
f 110/3090/1529 2974/3233/3141 2973/3132/3041
f 1487/3151/1531 2984/3368/3276 2983/3357/3265
f 1487/3151/1531 2992/3369/3277 2991/3360/3268
f 1487/3151/1531 3000/3370/3278 2999/3363/3271
f 117/3371/3279 116/3372/2989 3005/3373/3280
f 3005/3373/3280 116/3372/2989 2724/3374/3070
f 120/3375/3281 3010/3376/3282 121/3377/3283
f 121/3377/3283 3010/3376/3282 3011/3378/3284
f 121/3377/3283 3011/3378/3284 3012/3379/3285
f 3012/3379/3285 3011/3378/3284 3181/3380/3286
f 3012/3379/3285 3181/3380/3286 3182/3381/3287
f 3182/3381/3287 3181/3380/3286 3351/3382/3288
f 3182/3381/3287 3351/3382/3288 3352/3383/3289
f 3352/3383/3289 3351/3382/3288 117/3384/3279
f 3352/3383/3289 117/3384/3279 3353/3385/3290
f 3353/3385/3290 117/3384/3279 3354/3386/3291
f 3353/3385/3290 3354/3386/3291 3184/3387/3292
f 3184/3387/3292 3354/3386/3291 3185/3388/3293
f 3184/3387/3292 3185/3388/3293 3015/3389/3294
f 3015/3389/3294 3185/3388/3293 3016/3390/3295
f 3015/3389/3294 3016/3390/3295 121/3377/3283
f 121/3377/3283 3016/3390/3295 3017/3391/3296
f 121/3377/3283 3017/3391/3296 3018/3392/3297
f 3018/3392/3297 3017/3391/3296 3187/3393/3298
f 3018/3392/3297 3187/3393/3298 3188/3394/3299
f 3188/3394/3299 3187/3393/3298 3357/3395/3300
f 3188/3394/3299 3357/3395/3300 3358/3396/3301
f 3358/3396/3301 3357/3395/3300 117/3384/3279
f 3358/3396/3301 117/3384/3279 3359/3397/3302
f 3359/3397/3302 117/3384/3279 3360/3398/3303
f 3359/3397/3302 3360/3398/3303 3190/3399/3304
f 3190/3399/3304 3360/3398/3303 3191/3400/3305
f 3190/3399/3304 3191/3400/3305 3021/3401/3306
f 3021/3401/3306 3191/3400/3305 3022/3402/3307
f 3021/3401/3306 3022/3402/3307 121/3377/3283
f 121/3377/3283 3022/3402/3307 3023/3403/3308
f 121/3377/3283 3023/3403/3308 3024/3404/3309
f 3024/3404/3309 3023/3403/3308 3193/3405/3310
f 3024/3404/3309 3193/3405/3310 3194/3406/3311
f 3194/3406/3311 3193/3405/3310 3363/3407/3312
f 3194/3406/3311 3363/3407/3312 3364/3408/3313
f 3364/3408/3313 3363/3407/3312 117/3384/3279
f 3364/3408/3313 117/3384/3279 3365/3409/3314
f 3365/3409/3314 117/3384/3279 3366/3410/3315
f 3365/3409/3314 3366/3410/3315 3196/3411/3316
f 3196/3411/3316 3366/3410/3315 3197/3412/3317
f 3196/3411/3316 3197/3412/3317 3027/3413/3318
f 3027/3413/3318 3197/3412/3317 3028/3414/3319
f 3027/3413/3318 3028/3414/3319 121/3377/3283
f 121/3377/3283 3028/3414/3319 3029/3415/3320
f 121/3377/3283 3029/3415/3320 3030/3416/3321
f 3030/3416/3321 3029/3415/3320 3199/3417/3322
f 3030/3416/3321 3199/3417/3322 3200/3418/3323
f 3200/3418/3323 3199/3417/3322 3369/3419/3324
f 3200/3418/3323 3369/3419/3324 3370/3420/3325
f 3370/3420/3325 3369/3419/3324 117/3384/3279
f 3370/3420/3325 117/3384/3279 3371/3421/3326
f 3371/3421/3326 117/3384/3279 3372/3422/3327
f 3371/3421/3326 3372/3422/3327 3202/3423/3328
f 3202/3423/3328 3372/3422/3327 3203/3424/3329
f 3202/3423/3328 3203/3424/3329 3033/3425/3330
f 3033/3425/3330 3203/3424/3329 3034/3426/3331
f 3033/3425/3330 3034/3426/3331 121/3377/3283
f 121/3377/3283 3034/3426/3331 3035/3427/3332
f 121/3377/3283 3035/3427/3332 3036/3428/3333
f 3036/3428/3333 3035/3427/3332 3205/3429/3334
f 3036/3428/3333 3205/3429/3334 3206/3430/3335
f 3206/3430/3335 3205/3429/3334 3375/3431/3336
f 3206/3430/3335 3375/3431/3336 3376/3432/3337
f 3376/3432/3337 3375/3431/3336 117/3384/3279
f 3376/3432/3337 117/3384/3279 3377/3433/3338
f 3377/3433/3338 117/3384/3279 3378/3434/3339
f 3377/3433/3338 3378/3434/3339 3208/3435/3340
f 3208/3435/3340 3378/3434/3339 3209/3436/3341
f 3208/3435/3340 3209/3436/3341 3039/3437/3342
f 3039/3437/3342 3209/3436/3341 3040/3438/3343
f 3039/3437/3342 3040/3438/3343 121/3377/3283
f 121/3377/3283 3040/3438/3343 3041/3439/3344
f 121/3377/3283 3041/3439/3344 3042/3440/3345
f 3042/3440/3345 3041/3439/3344 3211/3441/3346
f 3042/3440/3345 3211/3441/3346 3212/3442/3347
f 3212/3442/3347 3211/3441/3346 3381/3443/3348
f 3212/3442/3347 3381/3443/3348 3382/3444/3349
f 3382/3444/3349 3381/3443/3348 117/3384/3279
f 3382/3444/3349 117/3384/3279 3383/3445/3350
f 3383/3445/3350 117/3384/3279 3384/3446/3351
f 3383/3445/3350 3384/3446/3351 3214/3447/3352
f 3214/3447/3352 3384/3446/3351 3215/3448/3353
f 3214/3447/3352 3215/3448/3353 3045/3449/3354
f 3045/3449/3354 3215/3448/3353 3046/3450/3355
f 3045/3449/3354 3046/3450/3355 121/3377/3283
f 121/3377/3283 3046/3450/3355 3047/3451/3356
f 121/3377/3283 3047/3451/3356 3048/3452/3357
f 3048/3452/3357 3047/3451/3356 3217/3453/3358
f 3048/3452/3357 3217/3453/3358 3218/3454/3359
f 3218/3454/3359 3217/3453/3358 3387/3455/3360
f 3218/3454/3359 3387/3455/3360 3388/3456/3361
f 3388/3456/3361 3387/3455/3360 117/3384/3279
f 3388/3456/3361 117/3384/3279 3389/3457/3362
f 3389/3457/3362 117/3384/3279 3390/3458/3363
f 3389/3457/3362 3390/3458/3363 3220/3459/3364
f 3220/3459/3364 3390/3458/3363 3221/3460/3365
f 3220/3459/3364 3221/3460/3365 3051/3461/3366
f 3051/3461/3366 3221/3460/3365 3052/3462/3367
f 3051/3461/3366 3052/3462/3367 121/3377/3283
f 121/3377/3283 3052/3462/3367 3053/3463/3368
f 121/3377/3283 3053/3463/3368 3054/3464/3369
f 3054/3464/3369 3053/3463/3368 3223/3465/3370
f 3054/3464/3369 3223/3465/3370 3224/3466/3371
f 3224/3466/3371 3223/3465/3370 3393/3467/3372
f 3224/3466/3371 3393/3467/3372 3394/3468/3373
f 3394/3468/3373 3393/3467/3372 117/3384/3279
f 3394/3468/3373 117/3384/3279 3395/3469/3374
f 3395/3469/3374 117/3384/3279 3396/3470/3375
f 3395/3469/3374 3396/3470/3375 3226/3471/3376
f 3226/3471/3376 3396/3470/3375 3227/3472/3377
f 3226/3471/3376 3227/3472/3377 3057/3473/3378
f 3057/3473/3378 3227/3472/3377 3058/3474/3379
f 3057/3473/3378 3058/3474/3379 121/3377/3283
f 121/3377/3283 3058/3474/3379 3059/3475/3380
f 121/3377/3283 3059/3475/3380 3060/3476/3381
f 3060/3476/3381 3059/3475/3380 3229/3477/3382
f 3060/3476/3381 3229/3477/3382 3230/3478/3383
f 3230/3478/3383 3229/3477/3382 3399/3479/3384
f 3230/3478/3383 3399/3479/3384 3400/3480/3385
f 3400/3480/3385 3399/3479/3384 117/3384/3279
f 3400/3480/3385 117/3384/3279 3401/3481/3386
f 3401/3481/3386 117/3384/3279 3402/3482/3387
f 3401/3481/3386 3402/3482/3387 3232/3483/3388
f 3232/3483/3388 3402/3482/3387 3233/3484/3389
f 3232/3483/3388 3233/3484/3389 3063/3485/3390
f 3063/3485/3390 3233/3484/3389 3064/3486/3391
f 3063/3485/3390 3064/3486/3391 121/3377/3283
f 121/3377/3283 3064/3486/3391 3065/3487/3392
f 121/3377/3283 3065/3487/3392 3066/3488/3393
f 3066/3488/3393 3065/3487/3392 3235/3489/3394
f 3066/3488/3393 3235/3489/3394 3236/3490/3395
f 3236/3490/3395 3235/3489/3394 3405/3491/3396
f 3236/3490/3395 3405/3491/3396 3406/3492/3397
f 3406/3492/3397 3405/3491/3396 117/3384/3279
f 3406/3492/3397 117/3384/3279 3407/3493/3398
f 3407/3493/3398 117/3384/3279 3408/3494/3399
f 3407/3493/3398 3408/3494/3399 3238/3495/3400
f 3238/3495/3400 3408/3494/3399 3239/3496/3401
f 3238/3495/3400 3239/3496/3401 3069/3497/3402
f 3069/3497/3402 3239/3496/3401 3070/3498/3403
f 3069/3497/3402 3070/3498/3403 121/3377/3283
f 121/3377/3283 3070/3498/3403 3071/3499/3404
f 121/3377/3283 3071/3499/3404 3072/3500/3405
f 3072/3500/3405 3071/3499/3404 3241/3501/3406
f 3072/3500/3405 3241/3501/3406 3242/3502/3407
f 3242/3502/3407 3241/3501/3406 3411/3503/3408
f 3242/3502/3407 3411/3503/3408 3412/3504/3409
f 3412/3504/3409 3411/3503/3408 117/3384/3279
f 3412/3504/3409 117/3384/3279 3413/3505/3410
f 3413/3505/3410 117/3384/3279 3414/3506/3411
f 3413/3505/3410 3414/3506/3411 3244/3507/3412
f 3244/3507/3412 3414/3506/3411 3245/3508/3413
f 3244/3507/3412 3245/3508/3413 3075/3509/3414
f 3075/3509/3414 3245/3508/3413 3076/3510/3415
f 3075/3509/3414 3076/3510/3415 121/3377/3283
f 121/3377/3283 3076/3510/3415 3077/3511/3416
f 121/3377/3283 3077/3511/3416 3078/3512/3417
f 3078/3512/3417 3077/3511/3416 3247/3513/3418
f 3078/3512/3417 3247/3513/3418 3248/3514/3419
f 3248/3514/3419 3247/3513/3418 3417/3515/3420
f 3248/3514/3419 3417/3515/3420 3418/3516/3421
f 3418/3516/3421 3417/3515/3420 117/3384/3279
f 3418/3516/3421 117/3384/3279 3419/3517/3422
f 3419/3517/3422 117/3384/3279 3420/3518/3423
f 3419/3517/3422 3420/3518/3423 3250/3519/3424
f 3250/3519/3424 3420/3518/3423 3251/3520/3425
f 3250/3519/3424 3251/3520/3425 3081/3521/3426
f 3081/3521/3426 3251/3520/3425 3082/3522/3427
f 3081/3521/3426 3082/3522/3427 121/3377/3283
f 121/3377/3283 3082/3522/3427 3083/3523/3428
f 121/3377/3283 3083/3523/3428 3084/3524/3429
f 3084/3524/3429 3083/3523/3428 3253/3525/3430
f 3084/3524/3429 3253/3525/3430 3254/3526/3431
f 3254/3526/3431 3253/3525/3430 3423/3527/3432
f 3254/3526/3431 3423/3527/3432 3424/3528/3433
f 3424/3528/3433 3423/3527/3432 117/3384/3279
f 3424/3528/3433 117/3384/3279 3425/3529/3434
f 3425/3529/3434 117/3384/3279 3426/3530/3435
f 3425/3529/3434 3426/3530/3435 3256/3531/3436
f 3256/3531/3436 3426/3530/3435 3257/3532/3437
f 3256/3531/3436 3257/3532/3437 3087/3533/3438
f 3087/3533/3438 3257/3532/3437 3088/3534/3439
f 3087/3533/3438 3088/3534/3439 121/3377/3283
f 121/3377/3283 3088/3534/3439 3089/3535/3440
f 121/3377/3283 3089/3535/3440 3090/3536/3441
f 3090/3536/3441 3089/3535/3440 3259/3537/3442
f 3090/3536/3441 3259/3537/3442 3260/3538/3443
f 3260/3538/3443 3259/3537/3442 3429/3539/3444
f 3260/3538/3443 3429/3539/3444 3430/3540/3445
f 3430/3540/3445 3429/3539/3444 117/3384/3279
f 3430/3540/3445 117/3384/3279 3431/3541/3446
f 3431/3541/3446 117/3384/3279 3432/3542/3447
f 3431/3541/3446 3432/3542/3447 3262/3543/3448
f 3262/3543/3448 3432/3542/3447 3263/3544/3449
f 3262/3543/3448 3263/3544/3449 3093/3545/3450
f 3093/3545/3450 3263/3544/3449 3094/3546/3451
f 3093/3545/3450 3094/3546/3451 121/3377/3283
f 121/3377/3283 3094/3546/3451 3009/3547/3452
f 3009/3547/3452 3094/3546/3451 3095/3548/3453
f 3009/3547/3452 3095/3548/3453 3096/3549/3454
f 3096/3549/3454 3095/3548/3453 3265/3550/3455
f 3096/3549/3454 3265/3550/3455 3266/3551/3456
f 3266/3551/3456 3265/3550/3455 3435/3552/3457
f 3266/3551/3456 3435/3552/3457 3436/3553/3458
f 3436/3553/3458 3435/3552/3457 3005/3554/3280
f 3436/3553/3458 3005/3554/3280 3437/3555/3459
f 3437/3555/3459 3005/3554/3280 3438/3556/3460
f 3437/3555/3459 3438/3556/3460 3268/3557/3461
f 3268/3557/3461 3438/3556/3460 3269/3558/3462
f 3268/3557/3461 3269/3558/3462 3099/3559/3463
f 3099/3559/3463 3269/3558/3462 3100/3560/3464
f 3099/3559/3463 3100/3560/3464 3009/3547/3452
f 3009/3547/3452 3100/3560/3464 3101/3561/3465
f 3009/3547/3452 3101/3561/3465 3102/3562/3466
f 3102/3562/3466 3101/3561/3465 3271/3563/3467
f 3102/3562/3466 3271/3563/3467 3272/3564/3468
f 3272/3564/3468 3271/3563/3467 3441/3565/3469
f 3272/3564/3468 3441/3565/3469 3442/3566/3470
f 3442/3566/3470 3441/3565/3469 3005/3554/3280
f 3442/3566/3470 3005/3554/3280 3443/3567/3471
f 3443/3567/3471 3005/3554/3280 3444/3568/3472
f 3443/3567/3471 3444/3568/3472 3274/3569/3473
f 3274/3569/3473 3444/3568/3472 3275/3570/3474
f 3274/3569/3473 3275/3570/3474 3105/3571/3475
f 3105/3571/3475 3275/3570/3474 3106/3572/3476
f 3105/3571/3475 3106/3572/3476 3009/3547/3452
f 3009/3547/3452 3106/3572/3476 3107/3573/3477
f 3009/3547/3452 3107/3573/3477 3108/3574/3478
f 3108/3574/3478 3107/3573/3477 3277/3575/3479
f 3108/3574/3478 3277/3575/3479 3278/3576/3480
f 3278/3576/3480 3277/3575/3479 3447/3577/3481
f 3278/3576/3480 3447/3577/3481 3448/3578/3482
f 3448/3578/3482 3447/3577/3481 3005/3554/3280
f 3448/3578/3482 3005/3554/3280 3449/3579/3483
f 3449/3579/3483 3005/3554/3280 3450/3580/3484
f 3449/3579/3483 3450/3580/3484 3280/3581/3485
f 3280/3581/3485 3450/3580/3484 3281/3582/3486
f 3280/3581/3485 3281/3582/3486 3111/3583/3487
f 3111/3583/3487 3281/3582/3486 3112/3584/3488
f 3111/3583/3487 3112/3584/3488 3009/3547/3452
f 3009/3547/3452 3112/3584/3488 3113/3585/3489
f 3009/3547/3452 3113/3585/3489 3114/3586/3490
f 3114/3586/3490 3113/3585/3489 3283/3587/3491
f 3114/3586/3490 3283/3587/3491 3284/3588/3492
f 3284/3588/3492 3283/3587/3491 3453/3589/3493
f 3284/3588/3492 3453/3589/3493 3454/3590/3494
f 3454/3590/3494 3453/3589/3493 3005/3554/3280
f 3454/3590/3494 3005/3554/3280 3455/3591/3495
f 3455/3591/3495 3005/3554/3280 3456/3592/3496
f 3455/3591/3495 3456/3592/3496 3286/3593/3497
f 3286/3593/3497 3456/3592/3496 3287/3594/3498
f 3286/3593/3497 3287/3594/3498 3117/3595/3499
f 3117/3595/3499 3287/3594/3498 3118/3596/3500
f 3117/3595/3499 3118/3596/3500 3009/3547/3452
f 3009/3547/3452 3118/3596/3500 3119/3597/3501
f 3009/3547/3452 3119/3597/3501 3120/3598/3502
f 3120/3598/3502 3119/3597/3501 3289/3599/3503
f 3120/3598/3502 3289/3599/3503 3290/3600/3504
f 3290/3600/3504 3289/3599/3503 3459/3601/3505
f 3290/3600/3504 3459/3601/3505 3460/3602/3506
f 3460/3602/3506 3459/3601/3505 3005/3554/3280
f 3460/3602/3506 3005/3554/3280 3461/3603/3507
f 3461/3603/3507 3005/3554/3280 3462/3604/3508
f 3461/3603/3507 3462/3604/3508 3292/3605/3509
f 3292/3605/3509 3462/3604/3508 3293/3606/3510
f 3292/3605/3509 3293/3606/3510 3123/3607/3511
f 3123/3607/3511 3293/3606/3510 3124/3608/3512
f 3123/3607/3511 3124/3608/3512 3009/3547/3452
f 3009/3547/3452 3124/3608/3512 3125/3609/3513
f 3009/3547/3452 3125/3609/3513 3126/3610/3514
f 3126/3610/3514 3125/3609/3513 3295/3611/3515
f 3126/3610/3514 3295/3611/3515 3296/3612/3516
f 3296/3612/3516 3295/3611/3515 3465/3613/3517
f 3296/3612/3516 3465/3613/3517 3466/3614/3518
f 3466/3614/3518 3465/3613/3517 3005/3554/3280
f 3466/3614/3518 3005/3554/3280 3467/3615/3519
f 3467/3615/3519 3005/3554/3280 3468/3616/3520
f 3467/3615/3519 3468/3616/3520 3298/3617/3521
f 3298/3617/3521 3468/3616/3520 3299/3618/3522
f 3298/3617/3521 3299/3618/3522 3129/3619/3523
f 3129/3619/3523 3299/3618/3522 3130/3620/3524
f 3129/3619/3523 3130/3620/3524 3009/3547/3452
f 3009/3547/3452 3130/3620/3524 3131/3621/3525
f 3009/3547/3452 3131/3621/3525 3132/3622/3526
f 3132/3622/3526 3131/3621/3525 3301/3623/3527
f 3132/3622/3526 3301/3623/3527 3302/3624/3528
f 3302/3624/3528 3301/3623/3527 3471/3625/3529
f 3302/3624/3528 3471/3625/3529 3472/3626/3530
f 3472/3626/3530 3471/3625/3529 3005/3554/3280
f 3472/3626/3530 3005/3554/3280 3473/3627/3531
f 3473/3627/3531 3005/3554/3280 3474/3628/3532
f 3473/3627/3531 3474/3628/3532 3304/3629/3533
f 3304/3629/3533 3474/3628/3532 3305/3630/3534
f 3304/3629/3533 3305/3630/3534 3135/3631/3535
f 3135/3631/3535 3305/3630/3534 3136/3632/3536
f 3135/3631/3535 3136/3632/3536 3009/3547/3452
f 3009/3547/3452 3136/3632/3536 3137/3633/3537
f 3009/3547/3452 3137/3633/3537 3138/3634/3538
f 3138/3634/3538 3137/3633/3537 3307/3635/3539
f 3138/3634/3538 3307/3635/3539 3308/3636/3540
f 3308/3636/3540 3307/3635/3539 3477/3637/3541
f 3308/3636/3540 3477/3637/3541 3478/3638/3542
f 3478/3638/3542 3477/3637/3541 3005/3554/3280
f 3478/3638/3542 3005/3554/3280 3479/3639/3543
f 3479/3639/3543 3005/3554/3280 3480/3640/3544
f 3479/3639/3543 3480/3640/3544 3310/3641/3545
f 3310/3641/3545 3480/3640/3544 3311/3642/3546
f 3310/3641/3545 3311/3642/3546 3141/3643/3547
f 3141/3643/3547 3311/3642/3546 3142/3644/3548
f 3141/3643/3547 3142/3644/3548 3009/3547/3452
f 3009/3547/3452 3142/3644/3548 3143/3645/3549
f 3009/3547/3452 3143/3645/3549 3144/3646/3550
f 3144/3646/3550 3143/3645/3549 3313/3647/3551
f 3144/3646/3550 3313/3647/3551 3314/3648/3552
f 3314/3648/3552 3313/3647/3551 3483/3649/3553
f 3314/3648/3552 3483/3649/3553 3484/3650/3554
f 3484/3650/3554 3483/3649/3553 3005/3554/3280
f 3484/3650/3554 3005/3554/3280 3485/3651/3555
f 3485/3651/3555 3005/3554/3280 3486/3652/3556
f 3485/3651/3555 3486/3652/3556 3316/3653/3557
f 3316/3653/3557 3486/3652/3556 3317/3654/3558
f 3316/3653/3557 3317/3654/3558 3147/3655/3559
f 3147/3655/3559 3317/3654/3558 3148/3656/3560
f 3147/3655/3559 3148/3656/3560 3009/3547/3452
f 3009/3547/3452 3148/3656/3560 3149/3657/3561
f 3009/3547/3452 3149/3657/3561 3150/3658/3562
f 3150/3658/3562 3149/3657/3561 3319/3659/3563
f 3150/3658/3562 3319/3659/3563 3320/3660/3564
f 3320/3660/3564 3319/3659/3563 3489/3661/3565
f 3320/3660/3564 3489/3661/3565 3490/3662/3566
f 3490/3662/3566 3489/3661/3565 3005/3554/3280
f 3490/3662/3566 3005/3554/3280 3491/3663/3567
f 3491/3663/3567 3005/3554/3280 3492/3664/3568
f 3491/3663/3567 3492/3664/3568 3322/3665/3569
f 3322/3665/3569 3492/3664/3568 3323/3666/3570
f 3322/3665/3569 3323/3666/3570 3153/3667/3571
f 3153/3667/3571 3323/3666/3570 3154/3668/3572
f 3153/3667/3571 3154/3668/3572 3009/3547/3452
f 3009/3547/3452 3154/3668/3572 3155/3669/3573
f 3009/3547/3452 3155/3669/3573 3156/3670/3574
f 3156/3670/3574 3155/3669/3573 3325/3671/3575
f 3156/3670/3574 3325/3671/3575 3326/3672/3576
f 3326/3672/3576 3325/3671/3575 3495/3673/3577
f 3326/3672/3576 3495/3673/3577 3496/3674/3578
f 3496/3674/3578 3495/3673/3577 3005/3554/3280
f 3496/3674/3578 3005/3554/3280 3497/3675/3579
f 3497/3675/3579 3005/3554/3280 3498/3676/3580
f 3497/3675/3579 3498/3676/3580 3328/3677/3581
f 3328/3677/3581 3498/3676/3580 3329/3678/3582
f 3328/3677/3581 3329/3678/3582 3159/3679/3583
f 3159/3679/3583 3329/3678/3582 3160/3680/3584
f 3159/3679/3583 3160/3680/3584 3009/3547/3452
f 3009/3547/3452 3160/3680/3584 3161/3681/3585
f 3009/3547/3452 3161/3681/3585 3162/3682/3586
f 3162/3682/3586 3161/3681/3585 3331/3683/3587
f 3162/3682/3586 3331/3683/3587 3332/3684/3588
f 3332/3684/3588 3331/3683/3587 3501/3685/3589
f 3332/3684/3588 3501/3685/3589 3502/3686/3590
f 3502/3686/3590 3501/3685/3589 3005/3554/3280
f 3502/3686/3590 3005/3554/3280 3503/3687/3591
f 3503/3687/3591 3005/3554/3280 3504/3688/3592
f 3503/3687/3591 3504/3688/3592 3334/3689/3593
f 3334/3689/3593 3504/3688/3592 3335/3690/3594
f 3334/3689/3593 3335/3690/3594 3165/3691/3595
f 3165/3691/3595 3335/3690/3594 3166/3692/3596
f 3165/3691/3595 3166/3692/3596 3009/3547/3452
f 3009/3547/3452 3166/3692/3596 3167/3693/3597
f 3009/3547/3452 3167/3693/3597 3168/3694/3598
f 3168/3694/3598 3167/3693/3597 3337/3695/3599
f 3168/3694/3598 3337/3695/3599 3338/3696/3600
f 3338/3696/3600 3337/3695/3599 3507/3697/3601
f 3338/3696/3600 3507/3697/3601 3508/3698/3602
f 3508/3698/3602 3507/3697/3601 3005/3554/3280
f 3508/3698/3602 3005/3554/3280 3509/3699/3603
f 3509/3699/3603 3005/3554/3280 3510/3700/3604
f 3509/3699/3603 3510/3700/3604 3340/3701/3605
f 3340/3701/3605 3510/3700/3604 3341/3702/3606
f 3340/3701/3605 3341/3702/3606 3171/3703/3607
f 3171/3703/3607 3341/3702/3606 3172/3704/3608
f 3171/3703/3607 3172/3704/3608 3009/3547/3452
f 3009/3547/3452 3172/3704/3608 3173/3705/3609
f 3009/3547/3452 3173/3705/3609 3174/3706/3610
f 3174/3706/3610 3173/3705/3609 3343/3707/3611
f 3174/3706/3610 3343/3707/3611 3344/3708/3612
f 3344/3708/3612 3343/3707/3611 3513/3709/3613
f 3344/3708/3612 3513/3709/3613 3514/3710/3614
f 3514/3710/3614 3513/3709/3613 3005/3554/3280
f 3514/3710/3614 3005/3554/3280 3515/3711/3615
f 3515/3711/3615 3005/3554/3280 3516/3712/3616
f 3515/3711/3615 3516/3712/3616 3346/3713/3617
f 3346/3713/3617 3516/3712/3616 3347/3714/3618
f 3346/3713/3617 3347/3714/3618 3177/3715/3619
f 3177/3715/3619 3347/3714/3618 3178/3716/3620
f 3177/3715/3619 3178/3716/3620 3009/3547/3452
f 3009/3547/3452 3178/3716/3620 3008/3717/3621
f 3008/3717/3621 3178/3716/3620 3007/3718/3622
f 3007/3718/3622 3178/3716/3620 3347/3714/3618
f 3007/3718/3622 3347/3714/3618 3006/3719/3623
f 3006/3719/3623 3347/3714/3618 3516/3712/3616
f 3006/3719/3623 3516/3712/3616 3005/3554/3280
f 3010/3376/3282 120/3375/3281 3179/3720/3624
f 3179/3720/3624 120/3375/3281 119/3721/3625
f 3179/3720/3624 119/3721/3625 3348/3722/3626
f 3348/3722/3626 119/3721/3625 118/3723/3627
f 3348/3722/3626 118/3723/3627 117/3384/3279
f 117/3384/3279 3005/3554/3280 3432/3542/3447
f 3432/3542/3447 3005/3554/3280 3433/3724/3628
f 3432/3542/3447 3433/3724/3628 3263/3544/3449
f 3263/3544/3449 3433/3724/3628 3264/3725/3629
f 3263/3544/3449 3264/3725/3629 3094/3546/3451
f 3094/3546/3451 3264/3725/3629 3095/3548/3453
f 3011/3378/3284 3010/3376/3282 3180/3726/3630
f 3180/3726/3630 3010/3376/3282 3179/3720/3624
f 3180/3726/3630 3179/3720/3624 3349/3727/3631
f 3349/3727/3631 3179/3720/3624 3348/3722/3626
f 3349/3727/3631 3348/3722/3626 117/3384/3279
f 3012/3379/3285 3013/3728/3632 121/3377/3283
f 121/3377/3283 3013/3728/3632 3014/3729/3633
f 121/3377/3283 3014/3729/3633 3015/3389/3294
f 3015/3389/3294 3014/3729/3633 3184/3387/3292
f 3012/3379/3285 3182/3381/3287 3013/3728/3632
f 3013/3728/3632 3182/3381/3287 3183/3730/3634
f 3013/3728/3632 3183/3730/3634 3014/3729/3633
f 3014/3729/3633 3183/3730/3634 3184/3387/3292
f 3017/3391/3296 3016/3390/3295 3186/3731/3635
f 3186/3731/3635 3016/3390/3295 3185/3388/3293
f 3186/3731/3635 3185/3388/3293 3355/3732/3636
f 3355/3732/3636 3185/3388/3293 3354/3386/3291
f 3355/3732/3636 3354/3386/3291 117/3384/3279
f 3018/3392/3297 3019/3733/3637 121/3377/3283
f 121/3377/3283 3019/3733/3637 3020/3734/3638
f 121/3377/3283 3020/3734/3638 3021/3401/3306
f 3021/3401/3306 3020/3734/3638 3190/3399/3304
f 3018/3392/3297 3188/3394/3299 3019/3733/3637
f 3019/3733/3637 3188/3394/3299 3189/3735/3639
f 3019/3733/3637 3189/3735/3639 3020/3734/3638
f 3020/3734/3638 3189/3735/3639 3190/3399/3304
f 3023/3403/3308 3022/3402/3307 3192/3736/3640
f 3192/3736/3640 3022/3402/3307 3191/3400/3305
f 3192/3736/3640 3191/3400/3305 3361/3737/3641
f 3361/3737/3641 3191/3400/3305 3360/3398/3303
f 3361/3737/3641 3360/3398/3303 117/3384/3279
f 3024/3404/3309 3025/3738/3642 121/3377/3283
f 121/3377/3283 3025/3738/3642 3026/3739/3643
f 121/3377/3283 3026/3739/3643 3027/3413/3318
f 3027/3413/3318 3026/3739/3643 3196/3411/3316
f 3024/3404/3309 3194/3406/3311 3025/3738/3642
f 3025/3738/3642 3194/3406/3311 3195/3740/3644
f 3025/3738/3642 3195/3740/3644 3026/3739/3643
f 3026/3739/3643 3195/3740/3644 3196/3411/3316
f 3029/3415/3320 3028/3414/3319 3198/3741/3645
f 3198/3741/3645 3028/3414/3319 3197/3412/3317
f 3198/3741/3645 3197/3412/3317 3367/3742/3646
f 3367/3742/3646 3197/3412/3317 3366/3410/3315
f 3367/3742/3646 3366/3410/3315 117/3384/3279
f 3030/3416/3321 3031/3743/3647 121/3377/3283
f 121/3377/3283 3031/3743/3647 3032/3744/3648
f 121/3377/3283 3032/3744/3648 3033/3425/3330
f 3033/3425/3330 3032/3744/3648 3202/3423/3328
f 3030/3416/3321 3200/3418/3323 3031/3743/3647
f 3031/3743/3647 3200/3418/3323 3201/3745/3649
f 3031/3743/3647 3201/3745/3649 3032/3744/3648
f 3032/3744/3648 3201/3745/3649 3202/3423/3328
f 3035/3427/3332 3034/3426/3331 3204/3746/3650
f 3204/3746/3650 3034/3426/3331 3203/3424/3329
f 3204/3746/3650 3203/3424/3329 3373/3747/3651
f 3373/3747/3651 3203/3424/3329 3372/3422/3327
f 3373/3747/3651 3372/3422/3327 117/3384/3279
f 3036/3428/3333 3037/3748/3652 121/3377/3283
f 121/3377/3283 3037/3748/3652 3038/3749/3653
f 121/3377/3283 3038/3749/3653 3039/3437/3342
f 3039/3437/3342 3038/3749/3653 3208/3435/3340
f 3036/3428/3333 3206/3430/3335 3037/3748/3652
f 3037/3748/3652 3206/3430/3335 3207/3750/3654
f 3037/3748/3652 3207/3750/3654 3038/3749/3653
f 3038/3749/3653 3207/3750/3654 3208/3435/3340
f 3041/3439/3344 3040/3438/3343 3210/3751/3655
f 3210/3751/3655 3040/3438/3343 3209/3436/3341
f 3210/3751/3655 3209/3436/3341 3379/3752/3656
f 3379/3752/3656 3209/3436/3341 3378/3434/3339
f 3379/3752/3656 3378/3434/3339 117/3384/3279
f 3042/3440/3345 3043/3753/3657 121/3377/3283
f 121/3377/3283 3043/3753/3657 3044/3754/3658
f 121/3377/3283 3044/3754/3658 3045/3449/3354
f 3045/3449/3354 3044/3754/3658 3214/3447/3352
f 3042/3440/3345 3212/3442/3347 3043/3753/3657
f 3043/3753/3657 3212/3442/3347 3213/3755/3659
f 3043/3753/3657 3213/3755/3659 3044/3754/3658
f 3044/3754/3658 3213/3755/3659 3214/3447/3352
f 3047/3451/3356 3046/3450/3355 3216/3756/3660
f 3216/3756/3660 3046/3450/3355 3215/3448/3353
f 3216/3756/3660 3215/3448/3353 3385/3757/3661
f 3385/3757/3661 3215/3448/3353 3384/3446/3351
f 3385/3757/3661 3384/3446/3351 117/3384/3279
f 3048/3452/3357 3049/3758/3662 121/3377/3283
f 121/3377/3283 3049/3758/3662 3050/3759/3663
f 121/3377/3283 3050/3759/3663 3051/3461/3366
f 3051/3461/3366 3050/3759/3663 3220/3459/3364
f 3048/3452/3357 3218/3454/3359 3049/3758/3662
f 3049/3758/3662 3218/3454/3359 3219/3760/3664
f 3049/3758/3662 3219/3760/3664 3050/3759/3663
f 3050/3759/3663 3219/3760/3664 3220/3459/3364
f 3053/3463/3368 3052/3462/3367 3222/3761/3665
f 3222/3761/3665 3052/3462/3367 3221/3460/3365
f 3222/3761/3665 3221/3460/3365 3391/3762/3666
f 3391/3762/3666 3221/3460/3365 3390/3458/3363
f 3391/3762/3666 3390/3458/3363 117/3384/3279
f 3054/3464/3369 3055/3763/3667 121/3377/3283
f 121/3377/3283 3055/3763/3667 3056/3764/3668
f 121/3377/3283 3056/3764/3668 3057/3473/3378
f 3057/3473/3378 3056/3764/3668 3226/3471/3376
f 3054/3464/3369 3224/3466/3371 3055/3763/3667
f 3055/3763/3667 3224/3466/3371 3225/3765/3669
f 3055/3763/3667 3225/3765/3669 3056/3764/3668
f 3056/3764/3668 3225/3765/3669 3226/3471/3376
f 3059/3475/3380 3058/3474/3379 3228/3766/3670
f 3228/3766/3670 3058/3474/3379 3227/3472/3377
f 3228/3766/3670 3227/3472/3377 3397/3767/3671
f 3397/3767/3671 3227/3472/3377 3396/3470/3375
f 3397/3767/3671 3396/3470/3375 117/3384/3279
f 3060/3476/3381 3061/3768/3672 121/3377/3283
f 121/3377/3283 3061/3768/3672 3062/3769/3673
f 121/3377/3283 3062/3769/3673 3063/3485/3390
f 3063/3485/3390 3062/3769/3673 3232/3483/3388
f 3060/3476/3381 3230/3478/3383 3061/3768/3672
f 3061/3768/3672 3230/3478/3383 3231/3770/3674
f 3061/3768/3672 3231/3770/3674 3062/3769/3673
f 3062/3769/3673 3231/3770/3674 3232/3483/3388
f 3065/3487/3392 3064/3486/3391 3234/3771/3675
f 3234/3771/3675 3064/3486/3391 3233/3484/3389
f 3234/3771/3675 3233/3484/3389 3403/3772/3676
f 3403/3772/3676 3233/3484/3389 3402/3482/3387
f 3403/3772/3676 3402/3482/3387 117/3384/3279
f 3066/3488/3393 3067/3773/3677 121/3377/3283
f 121/3377/3283 3067/3773/3677 3068/3774/3678
f 121/3377/3283 3068/3774/3678 3069/3497/3402
f 3069/3497/3402 3068/3774/3678 3238/3495/3400
f 3066/3488/3393 3236/3490/3395 3067/3773/3677
f 3067/3773/3677 3236/3490/3395 3237/3775/3679
f 3067/3773/3677 3237/3775/3679 3068/3774/3678
f 3068/3774/3678 3237/3775/3679 3238/3495/3400
f 3071/3499/3404 3070/3498/3403 3240/3776/3680
f 3240/3776/3680 3070/3498/3403 3239/3496/3401
f 3240/3776/3680 3239/3496/3401 3409/3777/3681
f 3409/3777/3681 3239/3496/3401 3408/3494/3399
f 3409/3777/3681 3408/3494/3399 117/3384/3279
f 3072/3500/3405 3073/3778/3682 121/3377/3283
f 121/3377/3283 3073/3778/3682 3074/3779/3683
f 121/3377/3283 3074/3779/3683 3075/3509/3414
f 3075/3509/3414 3074/3779/3683 3244/3507/3412
f 3072/3500/3405 3242/3502/3407 3073/3778/3682
f 3073/3778/3682 3242/3502/3407 3243/3780/3684
f 3073/3778/3682 3243/3780/3684 3074/3779/3683
f 3074/3779/3683 3243/3780/3684 3244/3507/3412
f 3077/3511/3416 3076/3510/3415 3246/3781/3685
f 3246/3781/3685 3076/3510/3415 3245/3508/3413
f 3246/3781/3685 3245/3508/3413 3415/3782/3686
f 3415/3782/3686 3245/3508/3413 3414/3506/3411
f 3415/3782/3686 3414/3506/3411 117/3384/3279
f 3078/3512/3417 3079/3783/3687 121/3377/3283
f 121/3377/3283 3079/3783/3687 3080/3784/3688
f 121/3377/3283 3080/3784/3688 3081/3521/3426
f 3081/3521/3426 3080/3784/3688 3250/3519/3424
f 3078/3512/3417 3248/3514/3419 3079/3783/3687
f 3079/3783/3687 3248/3514/3419 3249/3785/3689
f 3079/3783/3687 3249/3785/3689 3080/3784/3688
f 3080/3784/3688 3249/3785/3689 3250/3519/3424
f 3083/3523/3428 3082/3522/3427 3252/3786/3690
f 3252/3786/3690 3082/3522/3427 3251/3520/3425
f 3252/3786/3690 3251/3520/3425 3421/3787/3691
f 3421/3787/3691 3251/3520/3425 3420/3518/3423
f 3421/3787/3691 3420/3518/3423 117/3384/3279
f 3084/3524/3429 3085/3788/3692 121/3377/3283
f 121/3377/3283 3085/3788/3692 3086/3789/3693
f 121/3377/3283 3086/3789/3693 3087/3533/3438
f 3087/3533/3438 3086/3789/3693 3256/3531/3436
f 3084/3524/3429 3254/3526/3431 3085/3788/3692
f 3085/3788/3692 3254/3526/3431 3255/3790/3694
f 3085/3788/3692 3255/3790/3694 3086/3789/3693
f 3086/3789/3693 3255/3790/3694 3256/3531/3436
f 3089/3535/3440 3088/3534/3439 3258/3791/3695
f 3258/3791/3695 3088/3534/3439 3257/3532/3437
f 3258/3791/3695 3257/3532/3437 3427/3792/3696
f 3427/3792/3696 3257/3532/3437 3426/3530/3435
f 3427/3792/3696 3426/3530/3435 117/3384/3279
f 3090/3536/3441 3091/3793/3697 121/3377/3283
f 121/3377/3283 3091/3793/3697 3092/3794/3698
f 121/3377/3283 3092/3794/3698 3093/3545/3450
f 3093/3545/3450 3092/3794/3698 3262/3543/3448
f 3090/3536/3441 3260/3538/3443 3091/3793/3697
f 3091/3793/3697 3260/3538/3443 3261/3795/3699
f 3091/3793/3697 3261/3795/3699 3092/3794/3698
f 3092/3794/3698 3261/3795/3699 3262/3543/3448
f 3265/3550/3455 3095/3548/3453 3264/3725/3629
f 3096/3549/3454 3097/3796/3700 3009/3547/3452
f 3009/3547/3452 3097/3796/3700 3098/3797/3701
f 3009/3547/3452 3098/3797/3701 3099/3559/3463
f 3099/3559/3463 3098/3797/3701 3268/3557/3461
f 3096/3549/3454 3266/3551/3456 3097/3796/3700
f 3097/3796/3700 3266/3551/3456 3267/3798/3702
f 3097/3796/3700 3267/3798/3702 3098/3797/3701
f 3098/3797/3701 3267/3798/3702 3268/3557/3461
f 3101/3561/3465 3100/3560/3464 3270/3799/3703
f 3270/3799/3703 3100/3560/3464 3269/3558/3462
f 3270/3799/3703 3269/3558/3462 3439/3800/3704
f 3439/3800/3704 3269/3558/3462 3438/3556/3460
f 3439/3800/3704 3438/3556/3460 3005/3554/3280
f 3102/3562/3466 3103/3801/3705 3009/3547/3452
f 3009/3547/3452 3103/3801/3705 3104/3802/3706
f 3009/3547/3452 3104/3802/3706 3105/3571/3475
f 3105/3571/3475 3104/3802/3706 3274/3569/3473
f 3102/3562/3466 3272/3564/3468 3103/3801/3705
f 3103/3801/3705 3272/3564/3468 3273/3803/3707
f 3103/3801/3705 3273/3803/3707 3104/3802/3706
f 3104/3802/3706 3273/3803/3707 3274/3569/3473
f 3107/3573/3477 3106/3572/3476 3276/3804/3708
f 3276/3804/3708 3106/3572/3476 3275/3570/3474
f 3276/3804/3708 3275/3570/3474 3445/3805/3709
f 3445/3805/3709 3275/3570/3474 3444/3568/3472
f 3445/3805/3709 3444/3568/3472 3005/3554/3280
f 3108/3574/3478 3109/3806/3710 3009/3547/3452
f 3009/3547/3452 3109/3806/3710 3110/3807/3711
f 3009/3547/3452 3110/3807/3711 3111/3583/3487
f 3111/3583/3487 3110/3807/3711 3280/3581/3485
f 3108/3574/3478 3278/3576/3480 3109/3806/3710
f 3109/3806/3710 3278/3576/3480 3279/3808/3712
f 3109/3806/3710 3279/3808/3712 3110/3807/3711
f 3110/3807/3711 3279/3808/3712 3280/3581/3485
f 3113/3585/3489 3112/3584/3488 3282/3809/3713
f 3282/3809/3713 3112/3584/3488 3281/3582/3486
f 3282/3809/3713 3281/3582/3486 3451/3810/3714
f 3451/3810/3714 3281/3582/3486 3450/3580/3484
f 3451/3810/3714 3450/3580/3484 3005/3554/3280
f 3114/3586/3490 3115/3811/3715 3009/3547/3452
f 3009/3547/3452 3115/3811/3715 3116/3812/3716
f 3009/3547/3452 3116/3812/3716 3117/3595/3499
f 3117/3595/3499 3116/3812/3716 3286/3593/3497
f 3114/3586/3490 3284/3588/3492 3115/3811/3715
f 3115/3811/3715 3284/3588/3492 3285/3813/3717
f 3115/3811/3715 3285/3813/3717 3116/3812/3716
f 3116/3812/3716 3285/3813/3717 3286/3593/3497
f 3119/3597/3501 3118/3596/3500 3288/3814/3718
f 3288/3814/3718 3118/3596/3500 3287/3594/3498
f 3288/3814/3718 3287/3594/3498 3457/3815/3719
f 3457/3815/3719 3287/3594/3498 3456/3592/3496
f 3457/3815/3719 3456/3592/3496 3005/3554/3280
f 3120/3598/3502 3121/3816/3720 3009/3547/3452
f 3009/3547/3452 3121/3816/3720 3122/3817/3721
f 3009/3547/3452 3122/3817/3721 3123/3607/3511
f 3123/3607/3511 3122/3817/3721 3292/3605/3509
f 3120/3598/3502 3290/3600/3504 3121/3816/3720
f 3121/3816/3720 3290/3600/3504 3291/3818/3722
f 3121/3816/3720 3291/3818/3722 3122/3817/3721
f 3122/3817/3721 3291/3818/3722 3292/3605/3509
f 3125/3609/3513 3124/3608/3512 3294/3819/3723
f 3294/3819/3723 3124/3608/3512 3293/3606/3510
f 3294/3819/3723 3293/3606/3510 3463/3820/3724
f 3463/3820/3724 3293/3606/3510 3462/3604/3508
f 3463/3820/3724 3462/3604/3508 3005/3554/3280
f 3126/3610/3514 3127/3821/3725 3009/3547/3452
f 3009/3547/3452 3127/3821/3725 3128/3822/3726
f 3009/3547/3452 3128/3822/3726 3129/3619/3523
f 3129/3619/3523 3128/3822/3726 3298/3617/3521
f 3126/3610/3514 3296/3612/3516 3127/3821/3725
f 3127/3821/3725 3296/3612/3516 3297/3823/3727
f 3127/3821/3725 3297/3823/3727 3128/3822/3726
f 3128/3822/3726 3297/3823/3727 3298/3617/3521
f 3131/3621/3525 3130/3620/3524 3300/3824/3728
f 3300/3824/3728 3130/3620/3524 3299/3618/3522
f 3300/3824/3728 3299/3618/3522 3469/3825/3729
f 3469/3825/3729 3299/3618/3522 3468/3616/3520
f 3469/3825/3729 3468/3616/3520 3005/3554/3280
f 3132/3622/3526 3133/3826/3730 3009/3547/3452
f 3009/3547/3452 3133/3826/3730 3134/3827/3731
f 3009/3547/3452 3134/3827/3731 3135/3631/3535
f 3135/3631/3535 3134/3827/3731 3304/3629/3533
f 3132/3622/3526 3302/3624/3528 3133/3826/3730
f 3133/3826/3730 3302/3624/3528 3303/3828/3732
f 3133/3826/3730 3303/3828/3732 3134/3827/3731
f 3134/3827/3731 3303/3828/3732 3304/3629/3533
f 3137/3633/3537 3136/3632/3536 3306/3829/3733
f 3306/3829/3733 3136/3632/3536 3305/3630/3534
f 3306/3829/3733 3305/3630/3534 3475/3830/3734
f 3475/3830/3734 3305/3630/3534 3474/3628/3532
f 3475/3830/3734 3474/3628/3532 3005/3554/3280
f 3138/3634/3538 3139/3831/3735 3009/3547/3452
f 3009/3547/3452 3139/3831/3735 3140/3832/3736
f 3009/3547/3452 3140/3832/3736 3141/3643/3547
f 3141/3643/3547 3140/3832/3736 3310/3641/3545
f 3138/3634/3538 3308/3636/3540 3139/3831/3735
f 3139/3831/3735 3308/3636/3540 3309/3833/3737
f 3139/3831/3735 3309/3833/3737 3140/3832/3736
f 3140/3832/3736 3309/3833/3737 3310/3641/3545
f 3143/3645/3549 3142/3644/3548 3312/3834/3738
f 3312/3834/3738 3142/3644/3548 3311/3642/3546
f 3312/3834/3738 3311/3642/3546 3481/3835/3739
f 3481/3835/3739 3311/3642/3546 3480/3640/3544
f 3481/3835/3739 3480/3640/3544 3005/3554/3280
f 3144/3646/3550 3145/3836/3740 3009/3547/3452
f 3009/3547/3452 3145/3836/3740 3146/3837/3741
f 3009/3547/3452 3146/3837/3741 3147/3655/3559
f 3147/3655/3559 3146/3837/3741 3316/3653/3557
f 3144/3646/3550 3314/3648/3552 3145/3836/3740
f 3145/3836/3740 3314/3648/3552 3315/3838/3742
f 3145/3836/3740 3315/3838/3742 3146/3837/3741
f 3146/3837/3741 3315/3838/3742 3316/3653/3557
f 3149/3657/3561 3148/3656/3560 3318/3839/3743
f 3318/3839/3743 3148/3656/3560 3317/3654/3558
f 3318/3839/3743 3317/3654/3558 3487/3840/3744
f 3487/3840/3744 3317/3654/3558 3486/3652/3556
f 3487/3840/3744 3486/3652/3556 3005/3554/3280
f 3150/3658/3562 3151/3841/3745 3009/3547/3452
f 3009/3547/3452 3151/3841/3745 3152/3842/3746
f 3009/3547/3452 3152/3842/3746 3153/3667/3571
f 3153/3667/3571 3152/3842/3746 3322/3665/3569
f 3150/3658/3562 3320/3660/3564 3151/3841/3745
f 3151/3841/3745 3320/3660/3564 3321/3843/3747
f 3151/3841/3745 3321/3843/3747 3152/3842/3746
f 3152/3842/3746 3321/3843/3747 3322/3665/3569
f 3155/3669/3573 3154/3668/3572 3324/3844/3748
f 3324/3844/3748 3154/3668/3572 3323/3666/3570
f 3324/3844/3748 3323/3666/3570 3493/3845/3749
f 3493/3845/3749 3323/3666/3570 3492/3664/3568
f 3493/3845/3749 3492/3664/3568 3005/3554/3280
f 3156/3670/3574 3157/3846/3750 3009/3547/3452
f 3009/3547/3452 3157/3846/3750 3158/3847/3751
f 3009/3547/3452 3158/3847/3751 3159/3679/3583
f 3159/3679/3583 3158/3847/3751 3328/3677/3581
f 3156/3670/3574 3326/3672/3576 3157/3846/3750
f 3157/3846/3750 3326/3672/3576 3327/3848/3752
f 3157/3846/3750 3327/3848/3752 3158/3847/3751
f 3158/3847/3751 3327/3848/3752 3328/3677/3581
f 3161/3681/3585 3160/3680/3584 3330/3849/3753
f 3330/3849/3753 3160/3680/3584 3329/3678/3582
f 3330/3849/3753 3329/3678/3582 3499/3850/3754
f 3499/3850/3754 3329/3678/3582 3498/3676/3580
f 3499/3850/3754 3498/3676/3580 3005/3554/3280
f 3162/3682/3586 3163/3851/3755 3009/3547/3452
f 3009/3547/3452 3163/3851/3755 3164/3852/3756
f 3009/3547/3452 3164/3852/3756 3165/3691/3595
f 3165/3691/3595 3164/3852/3756 3334/3689/3593
f 3162/3682/3586 3332/3684/3588 3163/3851/3755
f 3163/3851/3755 3332/3684/3588 3333/3853/3757
f 3163/3851/3755 3333/3853/3757 3164/3852/3756
f 3164/3852/3756 3333/3853/3757 3334/3689/3593
f 3167/3693/3597 3166/3692/3596 3336/3854/3758
f 3336/3854/3758 3166/3692/3596 3335/3690/3594
f 3336/3854/3758 3335/3690/3594 3505/3855/3759
f 3505/3855/3759 3335/3690/3594 3504/3688/3592
f 3505/3855/3759 3504/3688/3592 3005/3554/3280
f 3168/3694/3598 3169/3856/3760 3009/3547/3452
f 3009/3547/3452 3169/3856/3760 3170/3857/3761
f 3009/3547/3452 3170/3857/3761 3171/3703/3607
f 3171/3703/3607 3170/3857/3761 3340/3701/3605
f 3168/3694/3598 3338/3696/3600 3169/3856/3760
f 3169/3856/3760 3338/3696/3600 3339/3858/3762
f 3169/3856/3760 3339/3858/3762 3170/3857/3761
f 3170/3857/3761 3339/3858/3762 3340/3701/3605
f 3173/3705/3609 3172/3704/3608 3342/3859/3763
f 3342/3859/3763 3172/3704/3608 3341/3702/3606
f 3342/3859/3763 3341/3702/3606 3511/3860/3764
f 3511/3860/3764 3341/3702/3606 3510/3700/3604
f 3511/3860/3764 3510/3700/3604 3005/3554/3280
f 3174/3706/3610 3175/3861/3765 3009/3547/3452
f 3009/3547/3452 3175/3861/3765 3176/3862/3766
f 3009/3547/3452 3176/3862/3766 3177/3715/3619
f 3177/3715/3619 3176/3862/3766 3346/3713/3617
f 3174/3706/3610 3344/3708/3612 3175/3861/3765
f 3175/3861/3765 3344/3708/3612 3345/3863/3767
f 3175/3861/3765 3345/3863/3767 3176/3862/3766
f 3176/3862/3766 3345/3863/3767 3346/3713/3617
f 3011/3378/3284 3180/3726/3630 3181/3380/3286
f 3181/3380/3286 3180/3726/3630 3350/3864/3768
f 3181/3380/3286 3350/3864/3768 3351/3382/3288
f 3351/3382/3288 3350/3864/3768 117/3384/3279
f 3350/3864/3768 3180/3726/3630 3349/3727/3631
f 3353/3385/3290 3184/3387/3292 3183/3730/3634
f 3353/3385/3290 3183/3730/3634 3352/3383/3289
f 3352/3383/3289 3183/3730/3634 3182/3381/3287
f 3017/3391/3296 3186/3731/3635 3187/3393/3298
f 3187/3393/3298 3186/3731/3635 3356/3865/3769
f 3187/3393/3298 3356/3865/3769 3357/3395/3300
f 3357/3395/3300 3356/3865/3769 117/3384/3279
f 3356/3865/3769 3186/3731/3635 3355/3732/3636
f 3359/3397/3302 3190/3399/3304 3189/3735/3639
f 3359/3397/3302 3189/3735/3639 3358/3396/3301
f 3358/3396/3301 3189/3735/3639 3188/3394/3299
f 3023/3403/3308 3192/3736/3640 3193/3405/3310
f 3193/3405/3310 3192/3736/3640 3362/3866/3770
f 3193/3405/3310 3362/3866/3770 3363/3407/3312
f 3363/3407/3312 3362/3866/3770 117/3384/3279
f 3362/3866/3770 3192/3736/3640 3361/3737/3641
f 3365/3409/3314 3196/3411/3316 3195/3740/3644
f 3365/3409/3314 3195/3740/3644 3364/3408/3313
f 3364/3408/3313 3195/3740/3644 3194/3406/3311
f 3029/3415/3320 3198/3741/3645 3199/3417/3322
f 3199/3417/3322 3198/3741/3645 3368/3867/3771
f 3199/3417/3322 3368/3867/3771 3369/3419/3324
f 3369/3419/3324 3368/3867/3771 117/3384/3279
f 3368/3867/3771 3198/3741/3645 3367/3742/3646
f 3371/3421/3326 3202/3423/3328 3201/3745/3649
f 3371/3421/3326 3201/3745/3649 3370/3420/3325
f 3370/3420/3325 3201/3745/3649 3200/3418/3323
f 3035/3427/3332 3204/3746/3650 3205/3429/3334
f 3205/3429/3334 3204/3746/3650 3374/3868/3772
f 3205/3429/3334 3374/3868/3772 3375/3431/3336
f 3375/3431/3336 3374/3868/3772 117/3384/3279
f 3374/3868/3772 3204/3746/3650 3373/3747/3651
f 3377/3433/3338 3208/3435/3340 3207/3750/3654
f 3377/3433/3338 3207/3750/3654 3376/3432/3337
f 3376/3432/3337 3207/3750/3654 3206/3430/3335
f 3041/3439/3344 3210/3751/3655 3211/3441/3346
f 3211/3441/3346 3210/3751/3655 3380/3869/3773
f 3211/3441/3346 3380/3869/3773 3381/3443/3348
f 3381/3443/3348 3380/3869/3773 117/3384/3279
f 3380/3869/3773 3210/3751/3655 3379/3752/3656
f 3383/3445/3350 3214/3447/3352 3213/3755/3659
f 3383/3445/3350 3213/3755/3659 3382/3444/3349
f 3382/3444/3349 3213/3755/3659 3212/3442/3347
f 3047/3451/3356 3216/3756/3660 3217/3453/3358
f 3217/3453/3358 3216/3756/3660 3386/3870/3774
f 3217/3453/3358 3386/3870/3774 3387/3455/3360
f 3387/3455/3360 3386/3870/3774 117/3384/3279
f 3386/3870/3774 3216/3756/3660 3385/3757/3661
f 3389/3457/3362 3220/3459/3364 3219/3760/3664
f 3389/3457/3362 3219/3760/3664 3388/3456/3361
f 3388/3456/3361 3219/3760/3664 3218/3454/3359
f 3053/3463/3368 3222/3761/3665 3223/3465/3370
f 3223/3465/3370 3222/3761/3665 3392/3871/3775
f 3223/3465/3370 3392/3871/3775 3393/3467/3372
f 3393/3467/3372 3392/3871/3775 117/3384/3279
f 3392/3871/3775 3222/3761/3665 3391/3762/3666
f 3395/3469/3374 3226/3471/3376 3225/3765/3669
f 3395/3469/3374 3225/3765/3669 3394/3468/3373
f 3394/3468/3373 3225/3765/3669 3224/3466/3371
f 3059/3475/3380 3228/3766/3670 3229/3477/3382
f 3229/3477/3382 3228/3766/3670 3398/3872/3776
f 3229/3477/3382 3398/3872/3776 3399/3479/3384
f 3399/3479/3384 3398/3872/3776 117/3384/3279
f 3398/3872/3776 3228/3766/3670 3397/3767/3671
f 3401/3481/3386 3232/3483/3388 3231/3770/3674
f 3401/3481/3386 3231/3770/3674 3400/3480/3385
f 3400/3480/3385 3231/3770/3674 3230/3478/3383
f 3065/3487/3392 3234/3771/3675 3235/3489/3394
f 3235/3489/3394 3234/3771/3675 3404/3873/3777
f 3235/3489/3394 3404/3873/3777 3405/3491/3396
f 3405/3491/3396 3404/3873/3777 117/3384/3279
f 3404/3873/3777 3234/3771/3675 3403/3772/3676
f 3407/3493/3398 3238/3495/3400 3237/3775/3679
f 3407/3493/3398 3237/3775/3679 3406/3492/3397
f 3406/3492/3397 3237/3775/3679 3236/3490/3395
f 3071/3499/3404 3240/3776/3680 3241/3501/3406
f 3241/3501/3406 3240/3776/3680 3410/3874/3778
f 3241/3501/3406 3410/3874/3778 3411/3503/3408
f 3411/3503/3408 3410/3874/3778 117/3384/3279
f 3410/3874/3778 3240/3776/3680 3409/3777/3681
f 3413/3505/3410 3244/3507/3412 3243/3780/3684
f 3413/3505/3410 3243/3780/3684 3412/3504/3409
f 3412/3504/3409 3243/3780/3684 3242/3502/3407
f 3077/3511/3416 3246/3781/3685 3247/3513/3418
f 3247/3513/3418 3246/3781/3685 3416/3875/3779
f 3247/3513/3418 3416/3875/3779 3417/3515/3420
f 3417/3515/3420 3416/3875/3779 117/3384/3279
f 3416/3875/3779 3246/3781/3685 3415/3782/3686
f 3419/3517/3422 3250/3519/3424 3249/3785/3689
f 3419/3517/3422 3249/3785/3689 3418/3516/3421
f 3418/3516/3421 3249/3785/3689 3248/3514/3419
f 3083/3523/3428 3252/3786/3690 3253/3525/3430
f 3253/3525/3430 3252/3786/3690 3422/3876/3780
f 3253/3525/3430 3422/3876/3780 3423/3527/3432
f 3423/3527/3432 3422/3876/3780 117/3384/3279
f 3422/3876/3780 3252/3786/3690 3421/3787/3691
f 3425/3529/3434 3256/3531/3436 3255/3790/3694
f 3425/3529/3434 3255/3790/3694 3424/3528/3433
f 3424/3528/3433 3255/3790/3694 3254/3526/3431
f 3089/3535/3440 3258/3791/3695 3259/3537/3442
f 3259/3537/3442 3258/3791/3695 3428/3877/3781
f 3259/3537/3442 3428/3877/3781 3429/3539/3444
f 3429/3539/3444 3428/3877/3781 117/3384/3279
f 3428/3877/3781 3258/3791/3695 3427/3792/3696
f 3431/3541/3446 3262/3543/3448 3261/3795/3699
f 3431/3541/3446 3261/3795/3699 3430/3540/3445
f 3430/3540/3445 3261/3795/3699 3260/3538/3443
f 3265/3550/3455 3264/3725/3629 3434/3878/3782
f 3434/3878/3782 3264/3725/3629 3433/3724/3628
f 3434/3878/3782 3433/3724/3628 3005/3554/3280
f 3437/3555/3459 3268/3557/3461 3267/3798/3702
f 3437/3555/3459 3267/3798/3702 3436/3553/3458
f 3436/3553/3458 3267/3798/3702 3266/3551/3456
f 3101/3561/3465 3270/3799/3703 3271/3563/3467
f 3271/3563/3467 3270/3799/3703 3440/3879/3783
f 3271/3563/3467 3440/3879/3783 3441/3565/3469
f 3441/3565/3469 3440/3879/3783 3005/3554/3280
f 3440/3879/3783 3270/3799/3703 3439/3800/3704
f 3443/3567/3471 3274/3569/3473 3273/3803/3707
f 3443/3567/3471 3273/3803/3707 3442/3566/3470
f 3442/3566/3470 3273/3803/3707 3272/3564/3468
f 3107/3573/3477 3276/3804/3708 3277/3575/3479
f 3277/3575/3479 3276/3804/3708 3446/3880/3784
f 3277/3575/3479 3446/3880/3784 3447/3577/3481
f 3447/3577/3481 3446/3880/3784 3005/3554/3280
f 3446/3880/3784 3276/3804/3708 3445/3805/3709
f 3449/3579/3483 3280/3581/3485 3279/3808/3712
f 3449/3579/3483 3279/3808/3712 3448/3578/3482
f 3448/3578/3482 3279/3808/3712 3278/3576/3480
f 3113/3585/3489 3282/3809/3713 3283/3587/3491
f 3283/3587/3491 3282/3809/3713 3452/3881/3785
f 3283/3587/3491 3452/3881/3785 3453/3589/3493
f 3453/3589/3493 3452/3881/3785 3005/3554/3280
f 3452/3881/3785 3282/3809/3713 3451/3810/3714
f 3455/3591/3495 3286/3593/3497 3285/3813/3717
f 3455/3591/3495 3285/3813/3717 3454/3590/3494
f 3454/3590/3494 3285/3813/3717 3284/3588/3492
f 3119/3597/3501 3288/3814/3718 3289/3599/3503
f 3289/3599/3503 3288/3814/3718 3458/3882/3786
f 3289/3599/3503 3458/3882/3786 3459/3601/3505
f 3459/3601/3505 3458/3882/3786 3005/3554/3280
f 3458/3882/3786 3288/3814/3718 3457/3815/3719
f 3461/3603/3507 3292/3605/3509 3291/3818/3722
f 3461/3603/3507 3291/3818/3722 3460/3602/3506
f 3460/3602/3506 3291/3818/3722 3290/3600/3504
f 3125/3609/3513 3294/3819/3723 3295/3611/3515
f 3295/3611/3515 3294/3819/3723 3464/3883/3787
f 3295/3611/3515 3464/3883/3787 3465/3613/3517
f 3465/3613/3517 3464/3883/3787 3005/3554/3280
f 3464/3883/3787 3294/3819/3723 3463/3820/3724
f 3467/3615/3519 3298/3617/3521 3297/3823/3727
f 3467/3615/3519 3297/3823/3727 3466/3614/3518
f 3466/3614/3518 3297/3823/3727 3296/3612/3516
f 3131/3621/3525 3300/3824/3728 3301/3623/3527
f 3301/3623/3527 3300/3824/3728 3470/3884/3788
f 3301/3623/3527 3470/3884/3788 3471/3625/3529
f 3471/3625/3529 3470/3884/3788 3005/3554/3280
f 3470/3884/3788 3300/3824/3728 3469/3825/3729
f 3473/3627/3531 3304/3629/3533 3303/3828/3732
f 3473/3627/3531 3303/3828/3732 3472/3626/3530
f 3472/3626/3530 3303/3828/3732 3302/3624/3528
f 3137/3633/3537 3306/3829/3733 3307/3635/3539
f 3307/3635/3539 3306/3829/3733 3476/3885/3789
f 3307/3635/3539 3476/3885/3789 3477/3637/3541
f 3477/3637/3541 3476/3885/3789 3005/3554/3280
f 3476/3885/3789 3306/3829/3733 3475/3830/3734
f 3479/3639/3543 3310/3641/3545 3309/3833/3737
f 3479/3639/3543 3309/3833/3737 3478/3638/3542
f 3478/3638/3542 3309/3833/3737 3308/3636/3540
f 3143/3645/3549 3312/3834/3738 3313/3647/3551
f 3313/3647/3551 3312/3834/3738 3482/3886/3790
f 3313/3647/3551 3482/3886/3790 3483/3649/3553
f 3483/3649/3553 3482/3886/3790 3005/3554/3280
f 3482/3886/3790 3312/3834/3738 3481/3835/3739
f 3485/3651/3555 3316/3653/3557 3315/3838/3742
f 3485/3651/3555 3315/3838/3742 3484/3650/3554
f 3484/3650/3554 3315/3838/3742 3314/3648/3552
f 3149/3657/3561 3318/3839/3743 3319/3659/3563
f 3319/3659/3563 3318/3839/3743 3488/3887/3791
f 3319/3659/3563 3488/3887/3791 3489/3661/3565
f 3489/3661/3565 3488/3887/3791 3005/3554/3280
f 3488/3887/3791 3318/3839/3743 3487/3840/3744
f 3491/3663/3567 3322/3665/3569 3321/3843/3747
f 3491/3663/3567 3321/3843/3747 3490/3662/3566
f 3490/3662/3566 3321/3843/3747 3320/3660/3564
f 3155/3669/3573 3324/3844/3748 3325/3671/3575
f 3325/3671/3575 3324/3844/3748 3494/3888/3792
f 3325/3671/3575 3494/3888/3792 3495/3673/3577
f 3495/3673/3577 3494/3888/3792 3005/3554/3280
f 3494/3888/3792 3324/3844/3748 3493/3845/3749
f 3497/3675/3579 3328/3677/3581 3327/3848/3752
f 3497/3675/3579 3327/3848/3752 3496/3674/3578
f 3496/3674/3578 3327/3848/3752 3326/3672/3576
f 3161/3681/3585 3330/3849/3753 3331/3683/3587
f 3331/3683/3587 3330/3849/3753 3500/3889/3793
f 3331/3683/3587 3500/3889/3793 3501/3685/3589
f 3501/3685/3589 3500/3889/3793 3005/3554/3280
f 3500/3889/3793 3330/3849/3753 3499/3850/3754
f 3503/3687/3591 3334/3689/3593 3333/3853/3757
f 3503/3687/3591 3333/3853/3757 3502/3686/3590
f 3502/3686/3590 3333/3853/3757 3332/3684/3588
f 3167/3693/3597 3336/3854/3758 3337/3695/3599
f 3337/3695/3599 3336/3854/3758 3506/3890/3794
f 3337/3695/3599 3506/3890/3794 3507/3697/3601
f 3507/3697/3601 3506/3890/3794 3005/3554/3280
f 3506/3890/3794 3336/3854/3758 3505/3855/3759
f 3509/3699/3603 3340/3701/3605 3339/3858/3762
f 3509/3699/3603 3339/3858/3762 3508/3698/3602
f 3508/3698/3602 3339/3858/3762 3338/3696/3600
f 3173/3705/3609 3342/3859/3763 3343/3707/3611
f 3343/3707/3611 3342/3859/3763 3512/3891/3795
f 3343/3707/3611 3512/3891/3795 3513/3709/3613
f 3513/3709/3613 3512/3891/3795 3005/3554/3280
f 3512/3891/3795 3342/3859/3763 3511/3860/3764
f 3515/3711/3615 3346/3713/3617 3345/3863/3767
f 3515/3711/3615 3345/3863/3767 3514/3710/3614
f 3514/3710/3614 3345/3863/3767 3344/3708/3612
f 117/3384/3279 3350/3864/3768 3349/3727/3631
f 117/3384/3279 3356/3865/3769 3355/3732/3636
f 117/3384/3279 3362/3866/3770 3361/3737/3641
f 117/3384/3279 3368/3867/3771 3367/3742/3646
f 117/3384/3279 3374/3868/3772 3373/3747/3651
f 117/3384/3279 3380/3869/3773 3379/3752/3656
f 117/3384/3279 3386/3870/3774 3385/3757/3661
f 117/3384/3279 3392/3871/3775 3391/3762/3666
f 117/3384/3279 3398/3872/3776 3397/3767/3671
f 117/3384/3279 3404/3873/3777 3403/3772/3676
f 117/3384/3279 3410/3874/3778 3409/3777/3681
f 117/3384/3279 3416/3875/3779 3415/3782/3686
f 117/3384/3279 3422/3876/3780 3421/3787/3691
f 117/3384/3279 3428/3877/3781 3427/3792/3696
f 3005/3554/3280 3435/3552/3457 3434/3878/3782
f 3434/3878/3782 3435/3552/3457 3265/3550/3455
f 3005/3554/3280 3440/3879/3783 3439/3800/3704
f 3005/3554/3280 3446/3880/3784 3445/3805/3709
f 3005/3554/3280 3452/3881/3785 3451/3810/3714
f 3005/3554/3280 3458/3882/3786 3457/3815/3719
f 3005/3554/3280 3464/3883/3787 3463/3820/3724
f 3005/3554/3280 3470/3884/3788 3469/3825/3729
f 3005/3554/3280 3476/3885/3789 3475/3830/3734
f 3005/3554/3280 3482/3886/3790 3481/3835/3739
f 3005/3554/3280 3488/3887/3791 3487/3840/3744
f 3005/3554/3280 3494/3888/3792 3493/3845/3749
f 3005/3554/3280 3500/3889/3793 3499/3850/3754
f 3005/3554/3280 3506/3890/3794 3505/3855/3759
f 3005/3554/3280 3512/3891/3795 3511/3860/3764
f 122/3892/3796 121/3893/3283 3517/3894/3797
f 3517/3894/3797 121/3893/3283 3009/3895/3452
f 108/3896/3798 3523/3897/3799 109/3898/1530
f 109/3898/1530 3523/3897/3799 3524/3899/3800
f 109/3898/1530 3524/3899/3800 3525/3900/3801
f 3525/3900/3801 3524/3899/3800 3553/3901/3802
f 3525/3900/3801 3553/3901/3802 3554/3902/3803
f 3554/3902/3803 3553/3901/3802 3582/3903/3804
f 3554/3902/3803 3582/3903/3804 3583/3904/3805
f 3583/3904/3805 3582/3903/3804 3611/3905/3806
f 3583/3904/3805 3611/3905/3806 3612/3906/3807
f 3612/3906/3807 3611/3905/3806 3640/3907/3808
f 3612/3906/3807 3640/3907/3808 3641/3908/3809
f 3641/3908/3809 3640/3907/3808 103/3909/2985
f 3641/3908/3809 103/3909/2985 3642/3910/3810
f 3642/3910/3810 103/3909/2985 3643/3911/3811
f 3642/3910/3810 3643/3911/3811 3614/3912/3812
f 3614/3912/3812 3643/3911/3811 3615/3913/3813
f 3614/3912/3812 3615/3913/3813 3586/3914/3814
f 3586/3914/3814 3615/3913/3813 3587/3915/3815
f 3586/3914/3814 3587/3915/3815 3558/3916/3816
f 3558/3916/3816 3587/3915/3815 3559/3917/3817
f 3558/3916/3816 3559/3917/3817 3530/3918/3818
f 3530/3918/3818 3559/3917/3817 3531/3919/3819
f 3530/3918/3818 3531/3919/3819 109/3898/1530
f 109/3898/1530 3531/3919/3819 3532/3920/3820
f 109/3898/1530 3532/3920/3820 3533/3921/3821
f 3533/3921/3821 3532/3920/3820 3561/3922/3822
f 3533/3921/3821 3561/3922/3822 3562/3923/3823
f 3562/3923/3823 3561/3922/3822 3590/3924/3824
f 3562/3923/3823 3590/3924/3824 3591/3925/3825
f 3591/3925/3825 3590/3924/3824 3619/3926/3826
f 3591/3925/3825 3619/3926/3826 3620/3927/3827
f 3620/3927/3827 3619/3926/3826 3648/3928/3828
f 3620/3927/3827 3648/3928/3828 3649/3929/3829
f 3649/3929/3829 3648/3928/3828 2718/3930/2986
f 3649/3929/3829 2718/3930/2986 3650/3931/3830
f 3650/3931/3830 2718/3930/2986 3651/3932/3831
f 3650/3931/3830 3651/3932/3831 3622/3933/3832
f 3622/3933/3832 3651/3932/3831 3623/3934/3833
f 3622/3933/3832 3623/3934/3833 3594/3935/3834
f 3594/3935/3834 3623/3934/3833 3595/3936/3835
f 3594/3935/3834 3595/3936/3835 3566/3937/3836
f 3566/3937/3836 3595/3936/3835 3567/3938/3837
f 3566/3937/3836 3567/3938/3837 3538/3939/3838
f 3538/3939/3838 3567/3938/3837 3539/3940/3839
f 3538/3939/3838 3539/3940/3839 1486/3941/1532
f 1486/3941/1532 3539/3940/3839 3540/3942/3840
f 1486/3941/1532 3540/3942/3840 3541/3943/3841
f 3541/3943/3841 3540/3942/3840 3569/3944/3842
f 3541/3943/3841 3569/3944/3842 3570/3945/3843
f 3570/3945/3843 3569/3944/3842 3598/3946/3844
f 3570/3945/3843 3598/3946/3844 3599/3947/3845
f 3599/3947/3845 3598/3946/3844 3627/3948/3846
f 3599/3947/3845 3627/3948/3846 3628/3949/3847
f 3628/3949/3847 3627/3948/3846 3656/3950/3848
f 3628/3949/3847 3656/3950/3848 3657/3951/3849
f 3657/3951/3849 3656/3950/3848 2718/3930/2986
f 3657/3951/3849 2718/3930/2986 3658/3952/3850
f 3658/3952/3850 2718/3930/2986 3659/3953/3851
f 3658/3952/3850 3659/3953/3851 3630/3954/3852
f 3630/3954/3852 3659/3953/3851 3631/3955/3853
f 3630/3954/3852 3631/3955/3853 3602/3956/3854
f 3602/3956/3854 3631/3955/3853 3603/3957/3855
f 3602/3956/3854 3603/3957/3855 3574/3958/3856
f 3574/3958/3856 3603/3957/3855 3575/3959/3857
f 3574/3958/3856 3575/3959/3857 3546/3960/3858
f 3546/3960/3858 3575/3959/3857 3547/3961/3859
f 3546/3960/3858 3547/3961/3859 1486/3941/1532
f 1486/3941/1532 3547/3961/3859 3548/3962/3860
f 1486/3941/1532 3548/3962/3860 3549/3963/3861
f 3549/3963/3861 3548/3962/3860 3577/3964/3862
f 3549/3963/3861 3577/3964/3862 3578/3965/3863
f 3578/3965/3863 3577/3964/3862 3606/3966/3864
f 3578/3965/3863 3606/3966/3864 3520/3967/3865
f 3520/3967/3865 3606/3966/3864 3519/3968/3866
f 3519/3968/3866 3606/3966/3864 3634/3969/3867
f 3519/3968/3866 3634/3969/3867 3518/3970/3868
f 3518/3970/3868 3634/3969/3867 3662/3971/3869
f 3518/3970/3868 3662/3971/3869 2718/3930/2986
f 2718/3930/2986 3662/3971/3869 3661/3972/3870
f 2718/3930/2986 3661/3972/3870 3660/3973/3871
f 3660/3973/3871 3661/3972/3870 3632/3974/3872
f 3660/3973/3871 3632/3974/3872 3631/3955/3853
f 3631/3955/3853 3632/3974/3872 3603/3957/3855
f 3523/3897/3799 108/3896/3798 3551/3975/3873
f 3551/3975/3873 108/3896/3798 107/3976/3874
f 3551/3975/3873 107/3976/3874 3579/3977/3875
f 3579/3977/3875 107/3976/3874 106/3978/3876
f 3579/3977/3875 106/3978/3876 3607/3979/3877
f 3607/3979/3877 106/3978/3876 105/3980/3878
f 3607/3979/3877 105/3980/3878 3635/3981/3879
f 3635/3981/3879 105/3980/3878 104/3982/3880
f 3635/3981/3879 104/3982/3880 103/3909/2985
f 2718/3930/2986 3648/3928/3828 103/3909/2985
f 103/3909/2985 3648/3928/3828 3647/3983/3881
f 103/3909/2985 3647/3983/3881 3646/3984/3882
f 3646/3984/3882 3647/3983/3881 3618/3985/3883
f 3646/3984/3882 3618/3985/3883 3617/3986/3884
f 3617/3986/3884 3618/3985/3883 3589/3987/3885
f 3617/3986/3884 3589/3987/3885 3588/3988/3886
f 3588/3988/3886 3589/3987/3885 3560/3989/3887
f 3588/3988/3886 3560/3989/3887 3559/3917/3817
f 3559/3917/3817 3560/3989/3887 3531/3919/3819
f 3520/3967/3865 3521/3990/3888 3578/3965/3863
f 3578/3965/3863 3521/3990/3888 3550/3991/3889
f 3578/3965/3863 3550/3991/3889 3549/3963/3861
f 3549/3963/3861 3550/3991/3889 1486/3941/1532
f 3521/3990/3888 3522/3992/3890 3550/3991/3889
f 3550/3991/3889 3522/3992/3890 1486/3941/1532
f 3538/3939/3838 1486/3941/1532 3537/3993/3891
f 3537/3993/3891 1486/3941/1532 109/3898/1530
f 3537/3993/3891 109/3898/1530 3536/3994/3892
f 3536/3994/3892 109/3898/1530 3535/3995/3893
f 3536/3994/3892 3535/3995/3893 3564/3996/3894
f 3564/3996/3894 3535/3995/3893 3563/3997/3895
f 3564/3996/3894 3563/3997/3895 3592/3998/3896
f 3592/3998/3896 3563/3997/3895 3591/3925/3825
f 3592/3998/3896 3591/3925/3825 3620/3927/3827
f 3524/3899/3800 3523/3897/3799 3552/3999/3897
f 3552/3999/3897 3523/3897/3799 3551/3975/3873
f 3552/3999/3897 3551/3975/3873 3580/4000/3898
f 3580/4000/3898 3551/3975/3873 3579/3977/3875
f 3580/4000/3898 3579/3977/3875 3608/4001/3899
f 3608/4001/3899 3579/3977/3875 3607/3979/3877
f 3608/4001/3899 3607/3979/3877 3636/4002/3900
f 3636/4002/3900 3607/3979/3877 3635/3981/3879
f 3636/4002/3900 3635/3981/3879 103/3909/2985
f 3525/3900/3801 3526/4003/3901 109/3898/1530
f 109/3898/1530 3526/4003/3901 3527/4004/3902
f 109/3898/1530 3527/4004/3902 3528/4005/3903
f 3528/4005/3903 3527/4004/3902 3556/4006/3904
f 3528/4005/3903 3556/4006/3904 3557/4007/3905
f 3557/4007/3905 3556/4006/3904 3585/4008/3906
f 3557/4007/3905 3585/4008/3906 3586/3914/3814
f 3586/3914/3814 3585/4008/3906 3614/3912/3812
f 3525/3900/3801 3554/3902/3803 3526/4003/3901
f 3526/4003/3901 3554/3902/3803 3555/4009/3907
f 3526/4003/3901 3555/4009/3907 3527/4004/3902
f 3527/4004/3902 3555/4009/3907 3556/4006/3904
f 3530/3918/3818 109/3898/1530 3529/4010/3908
f 3529/4010/3908 109/3898/1530 3528/4005/3903
f 3529/4010/3908 3528/4005/3903 3557/4007/3905
f 3558/3916/3816 3530/3918/3818 3529/4010/3908
f 3558/3916/3816 3529/4010/3908 3557/4007/3905
f 3561/3922/3822 3532/3920/3820 3560/3989/3887
f 3560/3989/3887 3532/3920/3820 3531/3919/3819
f 3535/3995/3893 109/3898/1530 3534/4011/3909
f 3534/4011/3909 109/3898/1530 3533/3921/3821
f 3534/4011/3909 3533/3921/3821 3562/3923/3823
f 3563/3997/3895 3535/3995/3893 3534/4011/3909
f 3563/3997/3895 3534/4011/3909 3562/3923/3823
f 3566/3937/3836 3538/3939/3838 3537/3993/3891
f 3537/3993/3891 3536/3994/3892 3565/4012/3910
f 3565/4012/3910 3536/3994/3892 3564/3996/3894
f 3565/4012/3910 3564/3996/3894 3593/4013/3911
f 3593/4013/3911 3564/3996/3894 3592/3998/3896
f 3593/4013/3911 3592/3998/3896 3621/4014/3912
f 3621/4014/3912 3592/3998/3896 3620/3927/3827
f 3621/4014/3912 3620/3927/3827 3649/3929/3829
f 3540/3942/3840 3539/3940/3839 3568/4015/3913
f 3568/4015/3913 3539/3940/3839 3567/3938/3837
f 3568/4015/3913 3567/3938/3837 3596/4016/3914
f 3596/4016/3914 3567/3938/3837 3595/3936/3835
f 3596/4016/3914 3595/3936/3835 3624/4017/3915
f 3624/4017/3915 3595/3936/3835 3623/3934/3833
f 3624/4017/3915 3623/3934/3833 3652/4018/3916
f 3652/4018/3916 3623/3934/3833 3651/3932/3831
f 3652/4018/3916 3651/3932/3831 2718/3930/2986
f 3541/3943/3841 3542/4019/3917 1486/3941/1532
f 1486/3941/1532 3542/4019/3917 3543/4020/3918
f 1486/3941/1532 3543/4020/3918 3544/4021/3919
f 3544/4021/3919 3543/4020/3918 3572/4022/3920
f 3544/4021/3919 3572/4022/3920 3573/4023/3921
f 3573/4023/3921 3572/4022/3920 3601/4024/3922
f 3573/4023/3921 3601/4024/3922 3602/3956/3854
f 3602/3956/3854 3601/4024/3922 3630/3954/3852
f 3541/3943/3841 3570/3945/3843 3542/4019/3917
f 3542/4019/3917 3570/3945/3843 3571/4025/3923
f 3542/4019/3917 3571/4025/3923 3543/4020/3918
f 3543/4020/3918 3571/4025/3923 3572/4022/3920
f 3546/3960/3858 1486/3941/1532 3545/4026/3924
f 3545/4026/3924 1486/3941/1532 3544/4021/3919
f 3545/4026/3924 3544/4021/3919 3573/4023/3921
f 3574/3958/3856 3546/3960/3858 3545/4026/3924
f 3574/3958/3856 3545/4026/3924 3573/4023/3921
f 3548/3962/3860 3547/3961/3859 3576/4027/3925
f 3576/4027/3925 3547/3961/3859 3575/3959/3857
f 3576/4027/3925 3575/3959/3857 3604/4028/3926
f 3604/4028/3926 3575/3959/3857 3603/3957/3855
f 3604/4028/3926 3603/3957/3855 3632/3974/3872
f 3524/3899/3800 3552/3999/3897 3553/3901/3802
f 3553/3901/3802 3552/3999/3897 3581/4029/3927
f 3553/3901/3802 3581/4029/3927 3582/3903/3804
f 3582/3903/3804 3581/4029/3927 3610/4030/3928
f 3582/3903/3804 3610/4030/3928 3611/3905/3806
f 3611/3905/3806 3610/4030/3928 3639/4031/3929
f 3611/3905/3806 3639/4031/3929 3640/3907/3808
f 3640/3907/3808 3639/4031/3929 103/3909/2985
f 3581/4029/3927 3552/3999/3897 3580/4000/3898
f 3554/3902/3803 3583/3904/3805 3555/4009/3907
f 3555/4009/3907 3583/3904/3805 3584/4032/3930
f 3555/4009/3907 3584/4032/3930 3556/4006/3904
f 3556/4006/3904 3584/4032/3930 3585/4008/3906
f 3586/3914/3814 3558/3916/3816 3557/4007/3905
f 3588/3988/3886 3559/3917/3817 3587/3915/3815
f 3590/3924/3824 3561/3922/3822 3589/3987/3885
f 3589/3987/3885 3561/3922/3822 3560/3989/3887
f 3591/3925/3825 3563/3997/3895 3562/3923/3823
f 3594/3935/3834 3566/3937/3836 3565/4012/3910
f 3565/4012/3910 3566/3937/3836 3537/3993/3891
f 3594/3935/3834 3565/4012/3910 3593/4013/3911
f 3540/3942/3840 3568/4015/3913 3569/3944/3842
f 3569/3944/3842 3568/4015/3913 3597/4033/3931
f 3569/3944/3842 3597/4033/3931 3598/3946/3844
f 3598/3946/3844 3597/4033/3931 3626/4034/3932
f 3598/3946/3844 3626/4034/3932 3627/3948/3846
f 3627/3948/3846 3626/4034/3932 3655/4035/3933
f 3627/3948/3846 3655/4035/3933 3656/3950/3848
f 3656/3950/3848 3655/4035/3933 2718/3930/2986
f 3597/4033/3931 3568/4015/3913 3596/4016/3914
f 3570/3945/3843 3599/3947/3845 3571/4025/3923
f 3571/4025/3923 3599/3947/3845 3600/4036/3934
f 3571/4025/3923 3600/4036/3934 3572/4022/3920
f 3572/4022/3920 3600/4036/3934 3601/4024/3922
f 3602/3956/3854 3574/3958/3856 3573/4023/3921
f 3548/3962/3860 3576/4027/3925 3577/3964/3862
f 3577/3964/3862 3576/4027/3925 3605/4037/3935
f 3577/3964/3862 3605/4037/3935 3606/3966/3864
f 3606/3966/3864 3605/4037/3935 3634/3969/3867
f 3605/4037/3935 3576/4027/3925 3604/4028/3926
f 3581/4029/3927 3580/4000/3898 3609/4038/3936
f 3609/4038/3936 3580/4000/3898 3608/4001/3899
f 3609/4038/3936 3608/4001/3899 3637/4039/3937
f 3637/4039/3937 3608/4001/3899 3636/4002/3900
f 3637/4039/3937 3636/4002/3900 103/3909/2985
f 3583/3904/3805 3612/3906/3807 3584/4032/3930
f 3584/4032/3930 3612/3906/3807 3613/4040/3938
f 3584/4032/3930 3613/4040/3938 3585/4008/3906
f 3585/4008/3906 3613/4040/3938 3614/3912/3812
f 3588/3988/3886 3587/3915/3815 3616/4041/3939
f 3616/4041/3939 3587/3915/3815 3615/3913/3813
f 3616/4041/3939 3615/3913/3813 3644/4042/3940
f 3644/4042/3940 3615/3913/3813 3643/3911/3811
f 3644/4042/3940 3643/3911/3811 103/3909/2985
f 3619/3926/3826 3590/3924/3824 3618/3985/3883
f 3618/3985/3883 3590/3924/3824 3589/3987/3885
f 3622/3933/3832 3594/3935/3834 3593/4013/3911
f 3622/3933/3832 3593/4013/3911 3621/4014/3912
f 3597/4033/3931 3596/4016/3914 3625/4043/3941
f 3625/4043/3941 3596/4016/3914 3624/4017/3915
f 3625/4043/3941 3624/4017/3915 3653/4044/3942
f 3653/4044/3942 3624/4017/3915 3652/4018/3916
f 3653/4044/3942 3652/4018/3916 2718/3930/2986
f 3599/3947/3845 3628/3949/3847 3600/4036/3934
f 3600/4036/3934 3628/3949/3847 3629/4045/3943
f 3600/4036/3934 3629/4045/3943 3601/4024/3922
f 3601/4024/3922 3629/4045/3943 3630/3954/3852
f 3605/4037/3935 3604/4028/3926 3633/4046/3944
f 3633/4046/3944 3604/4028/3926 3632/3974/3872
f 3633/4046/3944 3632/3974/3872 3661/3972/3870
f 3581/4029/3927 3609/4038/3936 3610/4030/3928
f 3610/4030/3928 3609/4038/3936 3638/4047/3945
f 3610/4030/3928 3638/4047/3945 3639/4031/3929
f 3639/4031/3929 3638/4047/3945 103/3909/2985
f 3638/4047/3945 3609/4038/3936 3637/4039/3937
f 3642/3910/3810 3614/3912/3812 3613/4040/3938
f 3642/3910/3810 3613/4040/3938 3641/3908/3809
f 3641/3908/3809 3613/4040/3938 3612/3906/3807
f 3588/3988/3886 3616/4041/3939 3617/3986/3884
f 3617/3986/3884 3616/4041/3939 3645/4048/3946
f 3617/3986/3884 3645/4048/3946 3646/3984/3882
f 3646/3984/3882 3645/4048/3946 103/3909/2985
f 3645/4048/3946 3616/4041/3939 3644/4042/3940
f 3648/3928/3828 3619/3926/3826 3647/3983/3881
f 3647/3983/3881 3619/3926/3826 3618/3985/3883
f 3650/3931/3830 3622/3933/3832 3621/4014/3912
f 3650/3931/3830 3621/4014/3912 3649/3929/3829
f 3597/4033/3931 3625/4043/3941 3626/4034/3932
f 3626/4034/3932 3625/4043/3941 3654/4049/3947
f 3626/4034/3932 3654/4049/3947 3655/4035/3933
f 3655/4035/3933 3654/4049/3947 2718/3930/2986
f 3654/4049/3947 3625/4043/3941 3653/4044/3942
f 3658/3952/3850 3630/3954/3852 3629/4045/3943
f 3658/3952/3850 3629/4045/3943 3657/3951/3849
f 3657/3951/3849 3629/4045/3943 3628/3949/3847
f 3660/3973/3871 3631/3955/3853 3659/3953/3851
f 3662/3971/3869 3634/3969/3867 3633/4046/3944
f 3633/4046/3944 3634/3969/3867 3605/4037/3935
f 3662/3971/3869 3633/4046/3944 3661/3972/3870
f 103/3909/2985 3638/4047/3945 3637/4039/3937
f 103/3909/2985 3645/4048/3946 3644/4042/3940
f 2718/3930/2986 3654/4049/3947 3653/4044/3942
f 2718/3930/2986 3660/3973/3871 3659/3953/3851
f 8/4050/3948 3667/4051/3949 9/4052/3950
f 9/4052/3950 3667/4051/3949 3668/4053/3951
f 9/4052/3950 3668/4053/3951 3669/4054/3952
f 3669/4054/3952 3668/4053/3951 3702/4055/3953
f 3669/4054/3952 3702/4055/3953 3703/4056/3954
f 3703/4056/3954 3702/4055/3953 3736/4057/3955
f 3703/4056/3954 3736/4057/3955 3737/4058/3956
f 3737/4058/3956 3736/4057/3955 5/4059/3957
f 3737/4058/3956 5/4059/3957 3738/4060/3958
f 3738/4060/3958 5/4059/3957 3739/4061/3959
f 3738/4060/3958 3739/4061/3959 3705/4062/3960
f 3705/4062/3960 3739/4061/3959 3706/4063/3961
f 3705/4062/3960 3706/4063/3961 3672/4064/3962
f 3672/4064/3962 3706/4063/3961 3673/4065/3963
f 3672/4064/3962 3673/4065/3963 9/4052/3950
f 9/4052/3950 3673/4065/3963 3674/4066/3964
f 9/4052/3950 3674/4066/3964 3675/4067/3965
f 3675/4067/3965 3674/4066/3964 3708/4068/3966
f 3675/4067/3965 3708/4068/3966 3709/4069/3967
f 3709/4069/3967 3708/4068/3966 3742/4070/3968
f 3709/4069/3967 3742/4070/3968 3743/4071/3969
f 3743/4071/3969 3742/4070/3968 5/4059/3957
f 3743/4071/3969 5/4059/3957 3744/4072/3970
f 3744/4072/3970 5/4059/3957 3745/4073/3971
f 3744/4072/3970 3745/4073/3971 3711/4074/3972
f 3711/4074/3972 3745/4073/3971 3712/4075/3973
f 3711/4074/3972 3712/4075/3973 3678/4076/3974
f 3678/4076/3974 3712/4075/3973 3679/4077/3975
f 3678/4076/3974 3679/4077/3975 9/4052/3950
f 9/4052/3950 3679/4077/3975 3680/4078/3976
f 9/4052/3950 3680/4078/3976 3681/4079/3977
f 3681/4079/3977 3680/4078/3976 3714/4080/3978
f 3681/4079/3977 3714/4080/3978 3715/4081/3979
f 3715/4081/3979 3714/4080/3978 3748/4082/3980
f 3715/4081/3979 3748/4082/3980 3749/4083/3981
f 3749/4083/3981 3748/4082/3980 5/4059/3957
f 3749/4083/3981 5/4059/3957 3663/4084/3982
f 3667/4051/3949 8/4050/3948 3700/4085/3983
f 3700/4085/3983 8/4050/3948 7/4086/3984
f 3700/4085/3983 7/4086/3984 3733/4087/3985
f 3733/4087/3985 7/4086/3984 6/4088/3986
f 3733/4087/3985 6/4088/3986 5/4059/3957
f 3664/4089/3987 3765/4090/3988 3663/4084/3982
f 3663/4084/3982 3765/4090/3988 3764/4091/3989
f 3663/4084/3982 3764/4091/3989 3763/4092/3990
f 3763/4092/3990 3764/4091/3989 3730/4093/3991
f 3763/4092/3990 3730/4093/3991 3729/4094/3992
f 3729/4094/3992 3730/4093/3991 3696/4095/3993
f 3729/4094/3992 3696/4095/3993 3695/4096/3994
f 3695/4096/3994 3696/4095/3993 2628/4097/3995
f 3695/4096/3994 2628/4097/3995 3694/4098/3996
f 3694/4098/3996 2628/4097/3995 3693/4099/3997
f 3694/4098/3996 3693/4099/3997 3727/4100/3998
f 3727/4100/3998 3693/4099/3997 3726/4101/3999
f 3727/4100/3998 3726/4101/3999 3760/4102/4000
f 3760/4102/4000 3726/4101/3999 3759/4103/4001
f 3760/4102/4000 3759/4103/4001 3663/4084/3982
f 3663/4084/3982 3759/4103/4001 3758/4104/4002
f 3663/4084/3982 3758/4104/4002 3757/4105/4003
f 3757/4105/4003 3758/4104/4002 3724/4106/4004
f 3757/4105/4003 3724/4106/4004 3723/4107/4005
f 3723/4107/4005 3724/4106/4004 3690/4108/4006
f 3723/4107/4005 3690/4108/4006 3689/4109/4007
f 3689/4109/4007 3690/4108/4006 2628/4097/3995
f 3689/4109/4007 2628/4097/3995 3688/4110/4008
f 3688/4110/4008 2628/4097/3995 3687/4111/4009
f 3688/4110/4008 3687/4111/4009 3721/4112/4010
f 3721/4112/4010 3687/4111/4009 3720/4113/4011
f 3721/4112/4010 3720/4113/4011 3754/4114/4012
f 3754/4114/4012 3720/4113/4011 3753/4115/4013
f 3754/4114/4012 3753/4115/4013 3663/4084/3982
f 3663/4084/3982 3753/4115/4013 3752/4116/4014
f 3663/4084/3982 3752/4116/4014 3751/4117/4015
f 3751/4117/4015 3752/4116/4014 3718/4118/4016
f 3751/4117/4015 3718/4118/4016 3717/4119/4017
f 3717/4119/4017 3718/4118/4016 3684/4120/4018
f 3717/4119/4017 3684/4120/4018 3683/4121/4019
f 3683/4121/4019 3684/4120/4018 2628/4097/3995
f 3683/4121/4019 2628/4097/3995 9/4052/3950
f 3765/4090/3988 3664/4089/3987 3732/4122/4020
f 3732/4122/4020 3664/4089/3987 3665/4123/4021
f 3732/4122/4020 3665/4123/4021 3699/4124/4022
f 3699/4124/4022 3665/4123/4021 3666/4125/4023
f 3699/4124/4022 3666/4125/4023 2628/4097/3995
f 3668/4053/3951 3667/4051/3949 3701/4126/4024
f 3701/4126/4024 3667/4051/3949 3700/4085/3983
f 3701/4126/4024 3700/4085/3983 3734/4127/4025
f 3734/4127/4025 3700/4085/3983 3733/4087/3985
f 3734/4127/4025 3733/4087/3985 5/4059/3957
f 3669/4054/3952 3670/4128/4026 9/4052/3950
f 9/4052/3950 3670/4128/4026 3671/4129/4027
f 9/4052/3950 3671/4129/4027 3672/4064/3962
f 3672/4064/3962 3671/4129/4027 3705/4062/3960
f 3669/4054/3952 3703/4056/3954 3670/4128/4026
f 3670/4128/4026 3703/4056/3954 3704/4130/4028
f 3670/4128/4026 3704/4130/4028 3671/4129/4027
f 3671/4129/4027 3704/4130/4028 3705/4062/3960
f 3674/4066/3964 3673/4065/3963 3707/4131/4029
f 3707/4131/4029 3673/4065/3963 3706/4063/3961
f 3707/4131/4029 3706/4063/3961 3740/4132/4030
f 3740/4132/4030 3706/4063/3961 3739/4061/3959
f 3740/4132/4030 3739/4061/3959 5/4059/3957
f 3675/4067/3965 3676/4133/4031 9/4052/3950
f 9/4052/3950 3676/4133/4031 3677/4134/4032
f 9/4052/3950 3677/4134/4032 3678/4076/3974
f 3678/4076/3974 3677/4134/4032 3711/4074/3972
f 3675/4067/3965 3709/4069/3967 3676/4133/4031
f 3676/4133/4031 3709/4069/3967 3710/4135/4033
f 3676/4133/4031 3710/4135/4033 3677/4134/4032
f 3677/4134/4032 3710/4135/4033 3711/4074/3972
f 3680/4078/3976 3679/4077/3975 3713/4136/4034
f 3713/4136/4034 3679/4077/3975 3712/4075/3973
f 3713/4136/4034 3712/4075/3973 3746/4137/4035
f 3746/4137/4035 3712/4075/3973 3745/4073/3971
f 3746/4137/4035 3745/4073/3971 5/4059/3957
f 3683/4121/4019 9/4052/3950 3682/4138/4036
f 3682/4138/4036 9/4052/3950 3681/4079/3977
f 3682/4138/4036 3681/4079/3977 3715/4081/3979
f 3683/4121/4019 3682/4138/4036 3716/4139/4037
f 3716/4139/4037 3682/4138/4036 3715/4081/3979
f 3716/4139/4037 3715/4081/3979 3749/4083/3981
f 3684/4120/4018 3685/4140/4038 2628/4097/3995
f 2628/4097/3995 3685/4140/4038 3686/4141/4039
f 2628/4097/3995 3686/4141/4039 3687/4111/4009
f 3687/4111/4009 3686/4141/4039 3720/4113/4011
f 3684/4120/4018 3718/4118/4016 3685/4140/4038
f 3685/4140/4038 3718/4118/4016 3719/4142/4040
f 3685/4140/4038 3719/4142/4040 3686/4141/4039
f 3686/4141/4039 3719/4142/4040 3720/4113/4011
f 3689/4109/4007 3688/4110/4008 3722/4143/4041
f 3722/4143/4041 3688/4110/4008 3721/4112/4010
f 3722/4143/4041 3721/4112/4010 3755/4144/4042
f 3755/4144/4042 3721/4112/4010 3754/4114/4012
f 3755/4144/4042 3754/4114/4012 3663/4084/3982
f 3690/4108/4006 3691/4145/4043 2628/4097/3995
f 2628/4097/3995 3691/4145/4043 3692/4146/4044
f 2628/4097/3995 3692/4146/4044 3693/4099/3997
f 3693/4099/3997 3692/4146/4044 3726/4101/3999
f 3690/4108/4006 3724/4106/4004 3691/4145/4043
f 3691/4145/4043 3724/4106/4004 3725/4147/4045
f 3691/4145/4043 3725/4147/4045 3692/4146/4044
f 3692/4146/4044 3725/4147/4045 3726/4101/3999
f 3695/4096/3994 3694/4098/3996 3728/4148/4046
f 3728/4148/4046 3694/4098/3996 3727/4100/3998
f 3728/4148/4046 3727/4100/3998 3761/4149/4047
f 3761/4149/4047 3727/4100/3998 3760/4102/4000
f 3761/4149/4047 3760/4102/4000 3663/4084/3982
f 3696/4095/3993 3697/4150/4048 2628/4097/3995
f 2628/4097/3995 3697/4150/4048 3698/4151/4049
f 2628/4097/3995 3698/4151/4049 3699/4124/4022
f 3699/4124/4022 3698/4151/4049 3732/4122/4020
f 3696/4095/3993 3730/4093/3991 3697/4150/4048
f 3697/4150/4048 3730/4093/3991 3731/4152/4050
f 3697/4150/4048 3731/4152/4050 3698/4151/4049
f 3698/4151/4049 3731/4152/4050 3732/4122/4020
f 3668/4053/3951 3701/4126/4024 3702/4055/3953
f 3702/4055/3953 3701/4126/4024 3735/4153/4051
f 3702/4055/3953 3735/4153/4051 3736/4057/3955
f 3736/4057/3955 3735/4153/4051 5/4059/3957
f 3735/4153/4051 3701/4126/4024 3734/4127/4025
f 3738/4060/3958 3705/4062/3960 3704/4130/4028
f 3738/4060/3958 3704/4130/4028 3737/4058/3956
f 3737/4058/3956 3704/4130/4028 3703/4056/3954
f 3674/4066/3964 3707/4131/4029 3708/4068/3966
f 3708/4068/3966 3707/4131/4029 3741/4154/4052
f 3708/4068/3966 3741/4154/4052 3742/4070/3968
f 3742/4070/3968 3741/4154/4052 5/4059/3957
f 3741/4154/4052 3707/4131/4029 3740/4132/4030
f 3744/4072/3970 3711/4074/3972 3710/4135/4033
f 3744/4072/3970 3710/4135/4033 3743/4071/3969
f 3743/4071/3969 3710/4135/4033 3709/4069/3967
f 3680/4078/3976 3713/4136/4034 3714/4080/3978
f 3714/4080/3978 3713/4136/4034 3747/4155/4053
f 3714/4080/3978 3747/4155/4053 3748/4082/3980
f 3748/4082/3980 3747/4155/4053 5/4059/3957
f 3747/4155/4053 3713/4136/4034 3746/4137/4035
f 3683/4121/4019 3716/4139/4037 3717/4119/4017
f 3717/4119/4017 3716/4139/4037 3750/4156/4054
f 3717/4119/4017 3750/4156/4054 3751/4117/4015
f 3751/4117/4015 3750/4156/4054 3663/4084/3982
f 3750/4156/4054 3716/4139/4037 3749/4083/3981
f 3753/4115/4013 3720/4113/4011 3719/4142/4040
f 3753/4115/4013 3719/4142/4040 3752/4116/4014
f 3752/4116/4014 3719/4142/4040 3718/4118/4016
f 3689/4109/4007 3722/4143/4041 3723/4107/4005
f 3723/4107/4005 3722/4143/4041 3756/4157/4055
f 3723/4107/4005 3756/4157/4055 3757/4105/4003
f 3757/4105/4003 3756/4157/4055 3663/4084/3982
f 3756/4157/4055 3722/4143/4041 3755/4144/4042
f 3759/4103/4001 3726/4101/3999 3725/4147/4045
f 3759/4103/4001 3725/4147/4045 3758/4104/4002
f 3758/4104/4002 3725/4147/4045 3724/4106/4004
f 3695/4096/3994 3728/4148/4046 3729/4094/3992
f 3729/4094/3992 3728/4148/4046 3762/4158/4056
f 3729/4094/3992 3762/4158/4056 3763/4092/3990
f 3763/4092/3990 3762/4158/4056 3663/4084/3982
f 3762/4158/4056 3728/4148/4046 3761/4149/4047
f 3765/4090/3988 3732/4122/4020 3731/4152/4050
f 3765/4090/3988 3731/4152/4050 3764/4091/3989
f 3764/4091/3989 3731/4152/4050 3730/4093/3991
f 5/4059/3957 3735/4153/4051 3734/4127/4025
f 5/4059/3957 3741/4154/4052 3740/4132/4030
f 5/4059/3957 3747/4155/4053 3746/4137/4035
f 3663/4084/3982 3750/4156/4054 3749/4083/3981
f 3663/4084/3982 3756/4157/4055 3755/4144/4042
f 3663/4084/3982 3762/4158/4056 3761/4149/4047
f 5/4159/3957 68/4160/4057 3663/4161/3982
f 3663/4161/3982 68/4160/4057 3766/4162/4058
f 67/4163/4059 3773/4164/4060 68/4165/4057
f 68/4165/4057 3773/4164/4060 3774/4166/4061
f 68/4165/4057 3774/4166/4061 3775/4167/4062
f 3775/4167/4062 3774/4166/4061 3803/4168/4063
f 3775/4167/4062 3803/4168/4063 3804/4169/4064
f 3804/4169/4064 3803/4168/4063 3832/4170/4065
f 3804/4169/4064 3832/4170/4065 3833/4171/4066
f 3833/4171/4066 3832/4170/4065 3861/4172/4067
f 3833/4171/4066 3861/4172/4067 3862/4173/4068
f 3862/4173/4068 3861/4172/4067 3890/4174/4069
f 3862/4173/4068 3890/4174/4069 3891/4175/4070
f 3891/4175/4070 3890/4174/4069 62/4176/4071
f 3891/4175/4070 62/4176/4071 3892/4177/4072
f 3892/4177/4072 62/4176/4071 3893/4178/4073
f 3892/4177/4072 3893/4178/4073 3864/4179/4074
f 3864/4179/4074 3893/4178/4073 3865/4180/4075
f 3864/4179/4074 3865/4180/4075 3836/4181/4076
f 3836/4181/4076 3865/4180/4075 3837/4182/4077
f 3836/4181/4076 3837/4182/4077 3808/4183/4078
f 3808/4183/4078 3837/4182/4077 3809/4184/4079
f 3808/4183/4078 3809/4184/4079 3780/4185/4080
f 3780/4185/4080 3809/4184/4079 3781/4186/4081
f 3780/4185/4080 3781/4186/4081 68/4165/4057
f 68/4165/4057 3781/4186/4081 3782/4187/4082
f 68/4165/4057 3782/4187/4082 3783/4188/4083
f 3783/4188/4083 3782/4187/4082 3811/4189/4084
f 3783/4188/4083 3811/4189/4084 3812/4190/4085
f 3812/4190/4085 3811/4189/4084 3840/4191/4086
f 3812/4190/4085 3840/4191/4086 3841/4192/4087
f 3841/4192/4087 3840/4191/4086 3869/4193/4088
f 3841/4192/4087 3869/4193/4088 3870/4194/4089
f 3870/4194/4089 3869/4193/4088 3898/4195/4090
f 3870/4194/4089 3898/4195/4090 3899/4196/4091
f 3899/4196/4091 3898/4195/4090 3767/4197/4092
f 3899/4196/4091 3767/4197/4092 3900/4198/4093
f 3900/4198/4093 3767/4197/4092 3901/4199/4094
f 3900/4198/4093 3901/4199/4094 3872/4200/4095
f 3872/4200/4095 3901/4199/4094 3873/4201/4096
f 3872/4200/4095 3873/4201/4096 3844/4202/4097
f 3844/4202/4097 3873/4201/4096 3845/4203/4098
f 3844/4202/4097 3845/4203/4098 3816/4204/4099
f 3816/4204/4099 3845/4203/4098 3817/4205/4100
f 3816/4204/4099 3817/4205/4100 3788/4206/4101
f 3788/4206/4101 3817/4205/4100 3789/4207/4102
f 3788/4206/4101 3789/4207/4102 3766/4208/4058
f 3766/4208/4058 3789/4207/4102 3790/4209/4103
f 3766/4208/4058 3790/4209/4103 3791/4210/4104
f 3791/4210/4104 3790/4209/4103 3819/4211/4105
f 3791/4210/4104 3819/4211/4105 3820/4212/4106
f 3820/4212/4106 3819/4211/4105 3848/4213/4107
f 3820/4212/4106 3848/4213/4107 3849/4214/4108
f 3849/4214/4108 3848/4213/4107 3877/4215/4109
f 3849/4214/4108 3877/4215/4109 3878/4216/4110
f 3878/4216/4110 3877/4215/4109 3906/4217/4111
f 3878/4216/4110 3906/4217/4111 3907/4218/4112
f 3907/4218/4112 3906/4217/4111 3767/4197/4092
f 3907/4218/4112 3767/4197/4092 3908/4219/4113
f 3908/4219/4113 3767/4197/4092 3909/4220/4114
f 3908/4219/4113 3909/4220/4114 3880/4221/4115
f 3880/4221/4115 3909/4220/4114 3881/4222/4116
f 3880/4221/4115 3881/4222/4116 3852/4223/4117
f 3852/4223/4117 3881/4222/4116 3853/4224/4118
f 3852/4223/4117 3853/4224/4118 3824/4225/4119
f 3824/4225/4119 3853/4224/4118 3825/4226/4120
f 3824/4225/4119 3825/4226/4120 3796/4227/4121
f 3796/4227/4121 3825/4226/4120 3797/4228/4122
f 3796/4227/4121 3797/4228/4122 3766/4208/4058
f 3766/4208/4058 3797/4228/4122 3798/4229/4123
f 3766/4208/4058 3798/4229/4123 3799/4230/4124
f 3799/4230/4124 3798/4229/4123 3827/4231/4125
f 3799/4230/4124 3827/4231/4125 3828/4232/4126
f 3828/4232/4126 3827/4231/4125 3856/4233/4127
f 3828/4232/4126 3856/4233/4127 3770/4234/4128
f 3770/4234/4128 3856/4233/4127 3769/4235/4129
f 3769/4235/4129 3856/4233/4127 3884/4236/4130
f 3769/4235/4129 3884/4236/4130 3768/4237/4131
f 3768/4237/4131 3884/4236/4130 3912/4238/4132
f 3768/4237/4131 3912/4238/4132 3767/4197/4092
f 3767/4197/4092 3912/4238/4132 3911/4239/4133
f 3767/4197/4092 3911/4239/4133 3910/4240/4134
f 3910/4240/4134 3911/4239/4133 3882/4241/4135
f 3910/4240/4134 3882/4241/4135 3881/4222/4116
f 3881/4222/4116 3882/4241/4135 3853/4224/4118
f 3773/4164/4060 67/4163/4059 3801/4242/4136
f 3801/4242/4136 67/4163/4059 66/4243/4137
f 3801/4242/4136 66/4243/4137 3829/4244/4138
f 3829/4244/4138 66/4243/4137 65/4245/4139
f 3829/4244/4138 65/4245/4139 3857/4246/4140
f 3857/4246/4140 65/4245/4139 64/4247/4141
f 3857/4246/4140 64/4247/4141 3885/4248/4142
f 3885/4248/4142 64/4247/4141 63/4249/4143
f 3885/4248/4142 63/4249/4143 62/4176/4071
f 3767/4197/4092 3898/4195/4090 62/4176/4071
f 62/4176/4071 3898/4195/4090 3897/4250/4144
f 62/4176/4071 3897/4250/4144 3896/4251/4145
f 3896/4251/4145 3897/4250/4144 3868/4252/4146
f 3896/4251/4145 3868/4252/4146 3867/4253/4147
f 3867/4253/4147 3868/4252/4146 3839/4254/4148
f 3867/4253/4147 3839/4254/4148 3838/4255/4149
f 3838/4255/4149 3839/4254/4148 3810/4256/4150
f 3838/4255/4149 3810/4256/4150 3809/4184/4079
f 3809/4184/4079 3810/4256/4150 3781/4186/4081
f 3770/4234/4128 3771/4257/4151 3828/4232/4126
f 3828/4232/4126 3771/4257/4151 3800/4258/4152
f 3828/4232/4126 3800/4258/4152 3799/4230/4124
f 3799/4230/4124 3800/4258/4152 3766/4208/4058
f 3771/4257/4151 3772/4259/4153 3800/4258/4152
f 3800/4258/4152 3772/4259/4153 3766/4208/4058
f 3788/4206/4101 3766/4208/4058 3787/4260/4154
f 3787/4260/4154 3766/4208/4058 68/4165/4057
f 3787/4260/4154 68/4165/4057 3786/4261/4155
f 3786/4261/4155 68/4165/4057 3785/4262/4156
f 3786/4261/4155 3785/4262/4156 3814/4263/4157
f 3814/4263/4157 3785/4262/4156 3813/4264/4158
f 3814/4263/4157 3813/4264/4158 3842/4265/4159
f 3842/4265/4159 3813/4264/4158 3841/4192/4087
f 3842/4265/4159 3841/4192/4087 3870/4194/4089
f 3774/4166/4061 3773/4164/4060 3802/4266/4160
f 3802/4266/4160 3773/4164/4060 3801/4242/4136
f 3802/4266/4160 3801/4242/4136 3830/4267/4161
f 3830/4267/4161 3801/4242/4136 3829/4244/4138
f 3830/4267/4161 3829/4244/4138 3858/4268/4162
f 3858/4268/4162 3829/4244/4138 3857/4246/4140
f 3858/4268/4162 3857/4246/4140 3886/4269/4163
f 3886/4269/4163 3857/4246/4140 3885/4248/4142
f 3886/4269/4163 3885/4248/4142 62/4176/4071
f 3775/4167/4062 3776/4270/4164 68/4165/4057
f 68/4165/4057 3776/4270/4164 3777/4271/4165
f 68/4165/4057 3777/4271/4165 3778/4272/4166
f 3778/4272/4166 3777/4271/4165 3806/4273/4167
f 3778/4272/4166 3806/4273/4167 3807/4274/4168
f 3807/4274/4168 3806/4273/4167 3835/4275/4169
f 3807/4274/4168 3835/4275/4169 3836/4181/4076
f 3836/4181/4076 3835/4275/4169 3864/4179/4074
f 3775/4167/4062 3804/4169/4064 3776/4270/4164
f 3776/4270/4164 3804/4169/4064 3805/4276/4170
f 3776/4270/4164 3805/4276/4170 3777/4271/4165
f 3777/4271/4165 3805/4276/4170 3806/4273/4167
f 3780/4185/4080 68/4165/4057 3779/4277/4171
f 3779/4277/4171 68/4165/4057 3778/4272/4166
f 3779/4277/4171 3778/4272/4166 3807/4274/4168
f 3808/4183/4078 3780/4185/4080 3779/4277/4171
f 3808/4183/4078 3779/4277/4171 3807/4274/4168
f 3811/4189/4084 3782/4187/4082 3810/4256/4150
f 3810/4256/4150 3782/4187/4082 3781/4186/4081
f 3785/4262/4156 68/4165/4057 3784/4278/4172
f 3784/4278/4172 68/4165/4057 3783/4188/4083
f 3784/4278/4172 3783/4188/4083 3812/4190/4085
f 3813/4264/4158 3785/4262/4156 3784/4278/4172
f 3813/4264/4158 3784/4278/4172 3812/4190/4085
f 3816/4204/4099 3788/4206/4101 3787/4260/4154
f 3787/4260/4154 3786/4261/4155 3815/4279/4173
f 3815/4279/4173 3786/4261/4155 3814/4263/4157
f 3815/4279/4173 3814/4263/4157 3843/4280/4174
f 3843/4280/4174 3814/4263/4157 3842/4265/4159
f 3843/4280/4174 3842/4265/4159 3871/4281/4175
f 3871/4281/4175 3842/4265/4159 3870/4194/4089
f 3871/4281/4175 3870/4194/4089 3899/4196/4091
f 3790/4209/4103 3789/4207/4102 3818/4282/4176
f 3818/4282/4176 3789/4207/4102 3817/4205/4100
f 3818/4282/4176 3817/4205/4100 3846/4283/4177
f 3846/4283/4177 3817/4205/4100 3845/4203/4098
f 3846/4283/4177 3845/4203/4098 3874/4284/4178
f 3874/4284/4178 3845/4203/4098 3873/4201/4096
f 3874/4284/4178 3873/4201/4096 3902/4285/4179
f 3902/4285/4179 3873/4201/4096 3901/4199/4094
f 3902/4285/4179 3901/4199/4094 3767/4197/4092
f 3791/4210/4104 3792/4286/4180 3766/4208/4058
f 3766/4208/4058 3792/4286/4180 3793/4287/4181
f 3766/4208/4058 3793/4287/4181 3794/4288/4182
f 3794/4288/4182 3793/4287/4181 3822/4289/4183
f 3794/4288/4182 3822/4289/4183 3823/4290/4184
f 3823/4290/4184 3822/4289/4183 3851/4291/4185
f 3823/4290/4184 3851/4291/4185 3852/4223/4117
f 3852/4223/4117 3851/4291/4185 3880/4221/4115
f 3791/4210/4104 3820/4212/4106 3792/4286/4180
f 3792/4286/4180 3820/4212/4106 3821/4292/4186
f 3792/4286/4180 3821/4292/4186 3793/4287/4181
f 3793/4287/4181 3821/4292/4186 3822/4289/4183
f 3796/4227/4121 3766/4208/4058 3795/4293/4187
f 3795/4293/4187 3766/4208/4058 3794/4288/4182
f 3795/4293/4187 3794/4288/4182 3823/4290/4184
f 3824/4225/4119 3796/4227/4121 3795/4293/4187
f 3824/4225/4119 3795/4293/4187 3823/4290/4184
f 3798/4229/4123 3797/4228/4122 3826/4294/4188
f 3826/4294/4188 3797/4228/4122 3825/4226/4120
f 3826/4294/4188 3825/4226/4120 3854/4295/4189
f 3854/4295/4189 3825/4226/4120 3853/4224/4118
f 3854/4295/4189 3853/4224/4118 3882/4241/4135
f 3774/4166/4061 3802/4266/4160 3803/4168/4063
f 3803/4168/4063 3802/4266/4160 3831/4296/4190
f 3803/4168/4063 3831/4296/4190 3832/4170/4065
f 3832/4170/4065 3831/4296/4190 3860/4297/4191
f 3832/4170/4065 3860/4297/4191 3861/4172/4067
f 3861/4172/4067 3860/4297/4191 3889/4298/4192
f 3861/4172/4067 3889/4298/4192 3890/4174/4069
f 3890/4174/4069 3889/4298/4192 62/4176/4071
f 3831/4296/4190 3802/4266/4160 3830/4267/4161
f 3804/4169/4064 3833/4171/4066 3805/4276/4170
f 3805/4276/4170 3833/4171/4066 3834/4299/4193
f 3805/4276/4170 3834/4299/4193 3806/4273/4167
f 3806/4273/4167 3834/4299/4193 3835/4275/4169
f 3836/4181/4076 3808/4183/4078 3807/4274/4168
f 3838/4255/4149 3809/4184/4079 3837/4182/4077
f 3840/4191/4086 3811/4189/4084 3839/4254/4148
f 3839/4254/4148 3811/4189/4084 3810/4256/4150
f 3841/4192/4087 3813/4264/4158 3812/4190/4085
f 3844/4202/4097 3816/4204/4099 3815/4279/4173
f 3815/4279/4173 3816/4204/4099 3787/4260/4154
f 3844/4202/4097 3815/4279/4173 3843/4280/4174
f 3790/4209/4103 3818/4282/4176 3819/4211/4105
f 3819/4211/4105 3818/4282/4176 3847/4300/4194
f 3819/4211/4105 3847/4300/4194 3848/4213/4107
f 3848/4213/4107 3847/4300/4194 3876/4301/4195
f 3848/4213/4107 3876/4301/4195 3877/4215/4109
f 3877/4215/4109 3876/4301/4195 3905/4302/4196
f 3877/4215/4109 3905/4302/4196 3906/4217/4111
f 3906/4217/4111 3905/4302/4196 3767/4197/4092
f 3847/4300/4194 3818/4282/4176 3846/4283/4177
f 3820/4212/4106 3849/4214/4108 3821/4292/4186
f 3821/4292/4186 3849/4214/4108 3850/4303/4197
f 3821/4292/4186 3850/4303/4197 3822/4289/4183
f 3822/4289/4183 3850/4303/4197 3851/4291/4185
f 3852/4223/4117 3824/4225/4119 3823/4290/4184
f 3798/4229/4123 3826/4294/4188 3827/4231/4125
f 3827/4231/4125 3826/4294/4188 3855/4304/4198
f 3827/4231/4125 3855/4304/4198 3856/4233/4127
f 3856/4233/4127 3855/4304/4198 3884/4236/4130
f 3855/4304/4198 3826/4294/4188 3854/4295/4189
f 3831/4296/4190 3830/4267/4161 3859/4305/4199
f 3859/4305/4199 3830/4267/4161 3858/4268/4162
f 3859/4305/4199 3858/4268/4162 3887/4306/4200
f 3887/4306/4200 3858/4268/4162 3886/4269/4163
f 3887/4306/4200 3886/4269/4163 62/4176/4071
f 3833/4171/4066 3862/4173/4068 3834/4299/4193
f 3834/4299/4193 3862/4173/4068 3863/4307/4201
f 3834/4299/4193 3863/4307/4201 3835/4275/4169
f 3835/4275/4169 3863/4307/4201 3864/4179/4074
f 3838/4255/4149 3837/4182/4077 3866/4308/4202
f 3866/4308/4202 3837/4182/4077 3865/4180/4075
f 3866/4308/4202 3865/4180/4075 3894/4309/4203
f 3894/4309/4203 3865/4180/4075 3893/4178/4073
f 3894/4309/4203 3893/4178/4073 62/4176/4071
f 3869/4193/4088 3840/4191/4086 3868/4252/4146
f 3868/4252/4146 3840/4191/4086 3839/4254/4148
f 3872/4200/4095 3844/4202/4097 3843/4280/4174
f 3872/4200/4095 3843/4280/4174 3871/4281/4175
f 3847/4300/4194 3846/4283/4177 3875/4310/4204
f 3875/4310/4204 3846/4283/4177 3874/4284/4178
f 3875/4310/4204 3874/4284/4178 3903/4311/4205
f 3903/4311/4205 3874/4284/4178 3902/4285/4179
f 3903/4311/4205 3902/4285/4179 3767/4197/4092
f 3849/4214/4108 3878/4216/4110 3850/4303/4197
f 3850/4303/4197 3878/4216/4110 3879/4312/4206
f 3850/4303/4197 3879/4312/4206 3851/4291/4185
f 3851/4291/4185 3879/4312/4206 3880/4221/4115
f 3855/4304/4198 3854/4295/4189 3883/4313/4207
f 3883/4313/4207 3854/4295/4189 3882/4241/4135
f 3883/4313/4207 3882/4241/4135 3911/4239/4133
f 3831/4296/4190 3859/4305/4199 3860/4297/4191
f 3860/4297/4191 3859/4305/4199 3888/4314/4208
f 3860/4297/4191 3888/4314/4208 3889/4298/4192
f 3889/4298/4192 3888/4314/4208 62/4176/4071
f 3888/4314/4208 3859/4305/4199 3887/4306/4200
f 3892/4177/4072 3864/4179/4074 3863/4307/4201
f 3892/4177/4072 3863/4307/4201 3891/4175/4070
f 3891/4175/4070 3863/4307/4201 3862/4173/4068
f 3838/4255/4149 3866/4308/4202 3867/4253/4147
f 3867/4253/4147 3866/4308/4202 3895/4315/4209
f 3867/4253/4147 3895/4315/4209 3896/4251/4145
f 3896/4251/4145 3895/4315/4209 62/4176/4071
f 3895/4315/4209 3866/4308/4202 3894/4309/4203
f 3898/4195/4090 3869/4193/4088 3897/4250/4144
f 3897/4250/4144 3869/4193/4088 3868/4252/4146
f 3900/4198/4093 3872/4200/4095 3871/4281/4175
f 3900/4198/4093 3871/4281/4175 3899/4196/4091
f 3847/4300/4194 3875/4310/4204 3876/4301/4195
f 3876/4301/4195 3875/4310/4204 3904/4316/4210
f 3876/4301/4195 3904/4316/4210 3905/4302/4196
f 3905/4302/4196 3904/4316/4210 3767/4197/4092
f 3904/4316/4210 3875/4310/4204 3903/4311/4205
f 3908/4219/4113 3880/4221/4115 3879/4312/4206
f 3908/4219/4113 3879/4312/4206 3907/4218/4112
f 3907/4218/4112 3879/4312/4206 3878/4216/4110
f 3910/4240/4134 3881/4222/4116 3909/4220/4114
f 3912/4238/4132 3884/4236/4130 3883/4313/4207
f 3883/4313/4207 3884/4236/4130 3855/4304/4198
f 3912/4238/4132 3883/4313/4207 3911/4239/4133
f 62/4176/4071 3888/4314/4208 3887/4306/4200
f 62/4176/4071 3895/4315/4209 3894/4309/4203
f 3767/4197/4092 3904/4316/4210 3903/4311/4205
f 3767/4197/4092 3910/4240/4134 3909/4220/4114
f 62/4317/4071 61/4318/4211 3767/4319/4092
f 3767/4319/4092 61/4318/4211 3913/4320/4212
f 60/4321/4213 3918/4322/4214 61/4323/4211
f 61/4323/4211 3918/4322/4214 3919/4324/4215
f 61/4323/4211 3919/4324/4215 3920/4325/4216
f 3920/4325/4216 3919/4324/4215 4089/4326/4217
f 3920/4325/4216 4089/4326/4217 4090/4327/4218
f 4090/4327/4218 4089/4326/4217 4259/4328/4219
f 4090/4327/4218 4259/4328/4219 4260/4329/4220
f 4260/4329/4220 4259/4328/4219 57/4330/4221
f 4260/4329/4220 57/4330/4221 4261/4331/4222
f 4261/4331/4222 57/4330/4221 4262/4332/4223
f 4261/4331/4222 4262/4332/4223 4092/4333/4224
f 4092/4333/4224 4262/4332/4223 4093/4334/4225
f 4092/4333/4224 4093/4334/4225 3923/4335/4226
f 3923/4335/4226 4093/4334/4225 3924/4336/4227
f 3923/4335/4226 3924/4336/4227 61/4323/4211
f 61/4323/4211 3924/4336/4227 3925/4337/4228
f 61/4323/4211 3925/4337/4228 3926/4338/4229
f 3926/4338/4229 3925/4337/4228 4095/4339/4230
f 3926/4338/4229 4095/4339/4230 4096/4340/4231
f 4096/4340/4231 4095/4339/4230 4265/4341/4232
f 4096/4340/4231 4265/4341/4232 4266/4342/4233
f 4266/4342/4233 4265/4341/4232 57/4330/4221
f 4266/4342/4233 57/4330/4221 4267/4343/4234
f 4267/4343/4234 57/4330/4221 4268/4344/4235
f 4267/4343/4234 4268/4344/4235 4098/4345/4236
f 4098/4345/4236 4268/4344/4235 4099/4346/4237
f 4098/4345/4236 4099/4346/4237 3929/4347/4238
f 3929/4347/4238 4099/4346/4237 3930/4348/4239
f 3929/4347/4238 3930/4348/4239 61/4323/4211
f 61/4323/4211 3930/4348/4239 3931/4349/4240
f 61/4323/4211 3931/4349/4240 3932/4350/4241
f 3932/4350/4241 3931/4349/4240 4101/4351/4242
f 3932/4350/4241 4101/4351/4242 4102/4352/4243
f 4102/4352/4243 4101/4351/4242 4271/4353/4244
f 4102/4352/4243 4271/4353/4244 4272/4354/4245
f 4272/4354/4245 4271/4353/4244 57/4330/4221
f 4272/4354/4245 57/4330/4221 4273/4355/4246
f 4273/4355/4246 57/4330/4221 4274/4356/4247
f 4273/4355/4246 4274/4356/4247 4104/4357/4248
f 4104/4357/4248 4274/4356/4247 4105/4358/4249
f 4104/4357/4248 4105/4358/4249 3935/4359/4250
f 3935/4359/4250 4105/4358/4249 3936/4360/4251
f 3935/4359/4250 3936/4360/4251 61/4323/4211
f 61/4323/4211 3936/4360/4251 3937/4361/4252
f 61/4323/4211 3937/4361/4252 3938/4362/4253
f 3938/4362/4253 3937/4361/4252 4107/4363/4254
f 3938/4362/4253 4107/4363/4254 4108/4364/4255
f 4108/4364/4255 4107/4363/4254 4277/4365/4256
f 4108/4364/4255 4277/4365/4256 4278/4366/4257
f 4278/4366/4257 4277/4365/4256 57/4330/4221
f 4278/4366/4257 57/4330/4221 4279/4367/4258
f 4279/4367/4258 57/4330/4221 4280/4368/4259
f 4279/4367/4258 4280/4368/4259 4110/4369/4260
f 4110/4369/4260 4280/4368/4259 4111/4370/4261
f 4110/4369/4260 4111/4370/4261 3941/4371/4262
f 3941/4371/4262 4111/4370/4261 3942/4372/4263
f 3941/4371/4262 3942/4372/4263 61/4323/4211
f 61/4323/4211 3942/4372/4263 3943/4373/4264
f 61/4323/4211 3943/4373/4264 3944/4374/4265
f 3944/4374/4265 3943/4373/4264 4113/4375/4266
f 3944/4374/4265 4113/4375/4266 4114/4376/4267
f 4114/4376/4267 4113/4375/4266 4283/4377/4268
f 4114/4376/4267 4283/4377/4268 4284/4378/4269
f 4284/4378/4269 4283/4377/4268 57/4330/4221
f 4284/4378/4269 57/4330/4221 4285/4379/4270
f 4285/4379/4270 57/4330/4221 4286/4380/4271
f 4285/4379/4270 4286/4380/4271 4116/4381/4272
f 4116/4381/4272 4286/4380/4271 4117/4382/4273
f 4116/4381/4272 4117/4382/4273 3947/4383/4274
f 3947/4383/4274 4117/4382/4273 3948/4384/4275
f 3947/4383/4274 3948/4384/4275 61/4323/4211
f 61/4323/4211 3948/4384/4275 3949/4385/4276
f 61/4323/4211 3949/4385/4276 3950/4386/4277
f 3950/4386/4277 3949/4385/4276 4119/4387/4278
f 3950/4386/4277 4119/4387/4278 4120/4388/4279
f 4120/4388/4279 4119/4387/4278 4289/4389/4280
f 4120/4388/4279 4289/4389/4280 4290/4390/4281
f 4290/4390/4281 4289/4389/4280 57/4330/4221
f 4290/4390/4281 57/4330/4221 4291/4391/4282
f 4291/4391/4282 57/4330/4221 4292/4392/4283
f 4291/4391/4282 4292/4392/4283 4122/4393/4284
f 4122/4393/4284 4292/4392/4283 4123/4394/4285
f 4122/4393/4284 4123/4394/4285 3953/4395/4286
f 3953/4395/4286 4123/4394/4285 3954/4396/4287
f 3953/4395/4286 3954/4396/4287 61/4323/4211
f 61/4323/4211 3954/4396/4287 3955/4397/4288
f 61/4323/4211 3955/4397/4288 3956/4398/4289
f 3956/4398/4289 3955/4397/4288 4125/4399/4290
f 3956/4398/4289 4125/4399/4290 4126/4400/4291
f 4126/4400/4291 4125/4399/4290 4295/4401/4292
f 4126/4400/4291 4295/4401/4292 4296/4402/4293
f 4296/4402/4293 4295/4401/4292 57/4330/4221
f 4296/4402/4293 57/4330/4221 4297/4403/4294
f 4297/4403/4294 57/4330/4221 4298/4404/4295
f 4297/4403/4294 4298/4404/4295 4128/4405/4296
f 4128/4405/4296 4298/4404/4295 4129/4406/4297
f 4128/4405/4296 4129/4406/4297 3959/4407/4298
f 3959/4407/4298 4129/4406/4297 3960/4408/4299
f 3959/4407/4298 3960/4408/4299 61/4323/4211
f 61/4323/4211 3960/4408/4299 3961/4409/4300
f 61/4323/4211 3961/4409/4300 3962/4410/4301
f 3962/4410/4301 3961/4409/4300 4131/4411/4302
f 3962/4410/4301 4131/4411/4302 4132/4412/4303
f 4132/4412/4303 4131/4411/4302 4301/4413/4304
f 4132/4412/4303 4301/4413/4304 4302/4414/4305
f 4302/4414/4305 4301/4413/4304 57/4330/4221
f 4302/4414/4305 57/4330/4221 4303/4415/4306
f 4303/4415/4306 57/4330/4221 4304/4416/4307
f 4303/4415/4306 4304/4416/4307 4134/4417/4308
f 4134/4417/4308 4304/4416/4307 4135/4418/4309
f 4134/4417/4308 4135/4418/4309 3965/4419/4310
f 3965/4419/4310 4135/4418/4309 3966/4420/4311
f 3965/4419/4310 3966/4420/4311 61/4323/4211
f 61/4323/4211 3966/4420/4311 3967/4421/4312
f 61/4323/4211 3967/4421/4312 3968/4422/4313
f 3968/4422/4313 3967/4421/4312 4137/4423/4314
f 3968/4422/4313 4137/4423/4314 4138/4424/4315
f 4138/4424/4315 4137/4423/4314 4307/4425/4316
f 4138/4424/4315 4307/4425/4316 4308/4426/4317
f 4308/4426/4317 4307/4425/4316 57/4330/4221
f 4308/4426/4317 57/4330/4221 4309/4427/4318
f 4309/4427/4318 57/4330/4221 4310/4428/4319
f 4309/4427/4318 4310/4428/4319 4140/4429/4320
f 4140/4429/4320 4310/4428/4319 4141/4430/4321
f 4140/4429/4320 4141/4430/4321 3971/4431/4322
f 3971/4431/4322 4141/4430/4321 3972/4432/4323
f 3971/4431/4322 3972/4432/4323 61/4323/4211
f 61/4323/4211 3972/4432/4323 3973/4433/4324
f 61/4323/4211 3973/4433/4324 3974/4434/4325
f 3974/4434/4325 3973/4433/4324 4143/4435/4326
f 3974/4434/4325 4143/4435/4326 4144/4436/4327
f 4144/4436/4327 4143/4435/4326 4313/4437/4328
f 4144/4436/4327 4313/4437/4328 4314/4438/4329
f 4314/4438/4329 4313/4437/4328 57/4330/4221
f 4314/4438/4329 57/4330/4221 4315/4439/4330
f 4315/4439/4330 57/4330/4221 4316/4440/4331
f 4315/4439/4330 4316/4440/4331 4146/4441/4332
f 4146/4441/4332 4316/4440/4331 4147/4442/4333
f 4146/4441/4332 4147/4442/4333 3977/4443/4334
f 3977/4443/4334 4147/4442/4333 3978/4444/4335
f 3977/4443/4334 3978/4444/4335 61/4323/4211
f 61/4323/4211 3978/4444/4335 3979/4445/4336
f 61/4323/4211 3979/4445/4336 3980/4446/4337
f 3980/4446/4337 3979/4445/4336 4149/4447/4338
f 3980/4446/4337 4149/4447/4338 4150/4448/4339
f 4150/4448/4339 4149/4447/4338 4319/4449/4340
f 4150/4448/4339 4319/4449/4340 4320/4450/4341
f 4320/4450/4341 4319/4449/4340 57/4330/4221
f 4320/4450/4341 57/4330/4221 4321/4451/4342
f 4321/4451/4342 57/4330/4221 4322/4452/4343
f 4321/4451/4342 4322/4452/4343 4152/4453/4344
f 4152/4453/4344 4322/4452/4343 4153/4454/4345
f 4152/4453/4344 4153/4454/4345 3983/4455/4346
f 3983/4455/4346 4153/4454/4345 3984/4456/4347
f 3983/4455/4346 3984/4456/4347 61/4323/4211
f 61/4323/4211 3984/4456/4347 3985/4457/4348
f 61/4323/4211 3985/4457/4348 3986/4458/4349
f 3986/4458/4349 3985/4457/4348 4155/4459/4350
f 3986/4458/4349 4155/4459/4350 4156/4460/4351
f 4156/4460/4351 4155/4459/4350 4325/4461/4352
f 4156/4460/4351 4325/4461/4352 4326/4462/4353
f 4326/4462/4353 4325/4461/4352 57/4330/4221
f 4326/4462/4353 57/4330/4221 4327/4463/4354
f 4327/4463/4354 57/4330/4221 4328/4464/4355
f 4327/4463/4354 4328/4464/4355 4158/4465/4356
f 4158/4465/4356 4328/4464/4355 4159/4466/4357
f 4158/4465/4356 4159/4466/4357 3989/4467/4358
f 3989/4467/4358 4159/4466/4357 3990/4468/4359
f 3989/4467/4358 3990/4468/4359 61/4323/4211
f 61/4323/4211 3990/4468/4359 3991/4469/4360
f 61/4323/4211 3991/4469/4360 3992/4470/4361
f 3992/4470/4361 3991/4469/4360 4161/4471/4362
f 3992/4470/4361 4161/4471/4362 4162/4472/4363
f 4162/4472/4363 4161/4471/4362 4331/4473/4364
f 4162/4472/4363 4331/4473/4364 4332/4474/4365
f 4332/4474/4365 4331/4473/4364 57/4330/4221
f 4332/4474/4365 57/4330/4221 4333/4475/4366
f 4333/4475/4366 57/4330/4221 4334/4476/4367
f 4333/4475/4366 4334/4476/4367 4164/4477/4368
f 4164/4477/4368 4334/4476/4367 4165/4478/4369
f 4164/4477/4368 4165/4478/4369 3995/4479/4370
f 3995/4479/4370 4165/4478/4369 3996/4480/4371
f 3995/4479/4370 3996/4480/4371 61/4323/4211
f 61/4323/4211 3996/4480/4371 3997/4481/4372
f 61/4323/4211 3997/4481/4372 3998/4482/4373
f 3998/4482/4373 3997/4481/4372 4167/4483/4374
f 3998/4482/4373 4167/4483/4374 4168/4484/4375
f 4168/4484/4375 4167/4483/4374 4337/4485/4376
f 4168/4484/4375 4337/4485/4376 4338/4486/4377
f 4338/4486/4377 4337/4485/4376 57/4330/4221
f 4338/4486/4377 57/4330/4221 4339/4487/4378
f 4339/4487/4378 57/4330/4221 4340/4488/4379
f 4339/4487/4378 4340/4488/4379 4170/4489/4380
f 4170/4489/4380 4340/4488/4379 4171/4490/4381
f 4170/4489/4380 4171/4490/4381 4001/4491/4382
f 4001/4491/4382 4171/4490/4381 4002/4492/4383
f 4001/4491/4382 4002/4492/4383 61/4323/4211
f 61/4323/4211 4002/4492/4383 3913/4493/4212
f 3913/4493/4212 4002/4492/4383 4003/4494/4384
f 3913/4493/4212 4003/4494/4384 4004/4495/4385
f 4004/4495/4385 4003/4494/4384 4173/4496/4386
f 4004/4495/4385 4173/4496/4386 4174/4497/4387
f 4174/4497/4387 4173/4496/4386 4343/4498/4388
f 4174/4497/4387 4343/4498/4388 4344/4499/4389
f 4344/4499/4389 4343/4498/4388 3914/4500/4390
f 4344/4499/4389 3914/4500/4390 4345/4501/4391
f 4345/4501/4391 3914/4500/4390 4346/4502/4392
f 4345/4501/4391 4346/4502/4392 4176/4503/4393
f 4176/4503/4393 4346/4502/4392 4177/4504/4394
f 4176/4503/4393 4177/4504/4394 4007/4505/4395
f 4007/4505/4395 4177/4504/4394 4008/4506/4396
f 4007/4505/4395 4008/4506/4396 3913/4493/4212
f 3913/4493/4212 4008/4506/4396 4009/4507/4397
f 3913/4493/4212 4009/4507/4397 4010/4508/4398
f 4010/4508/4398 4009/4507/4397 4179/4509/4399
f 4010/4508/4398 4179/4509/4399 4180/4510/4400
f 4180/4510/4400 4179/4509/4399 4349/4511/4401
f 4180/4510/4400 4349/4511/4401 4350/4512/4402
f 4350/4512/4402 4349/4511/4401 3914/4500/4390
f 4350/4512/4402 3914/4500/4390 4351/4513/4403
f 4351/4513/4403 3914/4500/4390 4352/4514/4404
f 4351/4513/4403 4352/4514/4404 4182/4515/4405
f 4182/4515/4405 4352/4514/4404 4183/4516/4406
f 4182/4515/4405 4183/4516/4406 4013/4517/4407
f 4013/4517/4407 4183/4516/4406 4014/4518/4408
f 4013/4517/4407 4014/4518/4408 3913/4493/4212
f 3913/4493/4212 4014/4518/4408 4015/4519/4409
f 3913/4493/4212 4015/4519/4409 4016/4520/4410
f 4016/4520/4410 4015/4519/4409 4185/4521/4411
f 4016/4520/4410 4185/4521/4411 4186/4522/4412
f 4186/4522/4412 4185/4521/4411 4355/4523/4413
f 4186/4522/4412 4355/4523/4413 4356/4524/4414
f 4356/4524/4414 4355/4523/4413 3914/4500/4390
f 4356/4524/4414 3914/4500/4390 4357/4525/4415
f 4357/4525/4415 3914/4500/4390 4358/4526/4416
f 4357/4525/4415 4358/4526/4416 4188/4527/4417
f 4188/4527/4417 4358/4526/4416 4189/4528/4418
f 4188/4527/4417 4189/4528/4418 4019/4529/4419
f 4019/4529/4419 4189/4528/4418 4020/4530/4420
f 4019/4529/4419 4020/4530/4420 3913/4493/4212
f 3913/4493/4212 4020/4530/4420 4021/4531/4421
f 3913/4493/4212 4021/4531/4421 4022/4532/4422
f 4022/4532/4422 4021/4531/4421 4191/4533/4423
f 4022/4532/4422 4191/4533/4423 4192/4534/4424
f 4192/4534/4424 4191/4533/4423 4361/4535/4425
f 4192/4534/4424 4361/4535/4425 4362/4536/4426
f 4362/4536/4426 4361/4535/4425 3914/4500/4390
f 4362/4536/4426 3914/4500/4390 4363/4537/4427
f 4363/4537/4427 3914/4500/4390 4364/4538/4428
f 4363/4537/4427 4364/4538/4428 4194/4539/4429
f 4194/4539/4429 4364/4538/4428 4195/4540/4430
f 4194/4539/4429 4195/4540/4430 4025/4541/4431
f 4025/4541/4431 4195/4540/4430 4026/4542/4432
f 4025/4541/4431 4026/4542/4432 3913/4493/4212
f 3913/4493/4212 4026/4542/4432 4027/4543/4433
f 3913/4493/4212 4027/4543/4433 4028/4544/4434
f 4028/4544/4434 4027/4543/4433 4197/4545/4435
f 4028/4544/4434 4197/4545/4435 4198/4546/4436
f 4198/4546/4436 4197/4545/4435 4367/4547/4437
f 4198/4546/4436 4367/4547/4437 4368/4548/4438
f 4368/4548/4438 4367/4547/4437 3914/4500/4390
f 4368/4548/4438 3914/4500/4390 4369/4549/4439
f 4369/4549/4439 3914/4500/4390 4370/4550/4440
f 4369/4549/4439 4370/4550/4440 4200/4551/4441
f 4200/4551/4441 4370/4550/4440 4201/4552/4442
f 4200/4551/4441 4201/4552/4442 4031/4553/4443
f 4031/4553/4443 4201/4552/4442 4032/4554/4444
f 4031/4553/4443 4032/4554/4444 3913/4493/4212
f 3913/4493/4212 4032/4554/4444 4033/4555/4445
f 3913/4493/4212 4033/4555/4445 4034/4556/4446
f 4034/4556/4446 4033/4555/4445 4203/4557/4447
f 4034/4556/4446 4203/4557/4447 4204/4558/4448
f 4204/4558/4448 4203/4557/4447 4373/4559/4449
f 4204/4558/4448 4373/4559/4449 4374/4560/4450
f 4374/4560/4450 4373/4559/4449 3914/4500/4390
f 4374/4560/4450 3914/4500/4390 4375/4561/4451
f 4375/4561/4451 3914/4500/4390 4376/4562/4452
f 4375/4561/4451 4376/4562/4452 4206/4563/4453
f 4206/4563/4453 4376/4562/4452 4207/4564/4454
f 4206/4563/4453 4207/4564/4454 4037/4565/4455
f 4037/4565/4455 4207/4564/4454 4038/4566/4456
f 4037/4565/4455 4038/4566/4456 3913/4493/4212
f 3913/4493/4212 4038/4566/4456 4039/4567/4457
f 3913/4493/4212 4039/4567/4457 4040/4568/4458
f 4040/4568/4458 4039/4567/4457 4209/4569/4459
f 4040/4568/4458 4209/4569/4459 4210/4570/4460
f 4210/4570/4460 4209/4569/4459 4379/4571/4461
f 4210/4570/4460 4379/4571/4461 4380/4572/4462
f 4380/4572/4462 4379/4571/4461 3914/4500/4390
f 4380/4572/4462 3914/4500/4390 4381/4573/4463
f 4381/4573/4463 3914/4500/4390 4382/4574/4464
f 4381/4573/4463 4382/4574/4464 4212/4575/4465
f 4212/4575/4465 4382/4574/4464 4213/4576/4466
f 4212/4575/4465 4213/4576/4466 4043/4577/4467
f 4043/4577/4467 4213/4576/4466 4044/4578/4468
f 4043/4577/4467 4044/4578/4468 3913/4493/4212
f 3913/4493/4212 4044/4578/4468 4045/4579/4469
f 3913/4493/4212 4045/4579/4469 4046/4580/4470
f 4046/4580/4470 4045/4579/4469 4215/4581/4471
f 4046/4580/4470 4215/4581/4471 4216/4582/4472
f 4216/4582/4472 4215/4581/4471 4385/4583/4473
f 4216/4582/4472 4385/4583/4473 4386/4584/4474
f 4386/4584/4474 4385/4583/4473 3914/4500/4390
f 4386/4584/4474 3914/4500/4390 4387/4585/4475
f 4387/4585/4475 3914/4500/4390 4388/4586/4476
f 4387/4585/4475 4388/4586/4476 4218/4587/4477
f 4218/4587/4477 4388/4586/4476 4219/4588/4478
f 4218/4587/4477 4219/4588/4478 4049/4589/4479
f 4049/4589/4479 4219/4588/4478 4050/4590/4480
f 4049/4589/4479 4050/4590/4480 3913/4493/4212
f 3913/4493/4212 4050/4590/4480 4051/4591/4481
f 3913/4493/4212 4051/4591/4481 4052/4592/4482
f 4052/4592/4482 4051/4591/4481 4221/4593/4483
f 4052/4592/4482 4221/4593/4483 4222/4594/4484
f 4222/4594/4484 4221/4593/4483 4391/4595/4485
f 4222/4594/4484 4391/4595/4485 4392/4596/4486
f 4392/4596/4486 4391/4595/4485 3914/4500/4390
f 4392/4596/4486 3914/4500/4390 4393/4597/4487
f 4393/4597/4487 3914/4500/4390 4394/4598/4488
f 4393/4597/4487 4394/4598/4488 4224/4599/4489
f 4224/4599/4489 4394/4598/4488 4225/4600/4490
f 4224/4599/4489 4225/4600/4490 4055/4601/4491
f 4055/4601/4491 4225/4600/4490 4056/4602/4492
f 4055/4601/4491 4056/4602/4492 3913/4493/4212
f 3913/4493/4212 4056/4602/4492 4057/4603/4493
f 3913/4493/4212 4057/4603/4493 4058/4604/4494
f 4058/4604/4494 4057/4603/4493 4227/4605/4495
f 4058/4604/4494 4227/4605/4495 4228/4606/4496
f 4228/4606/4496 4227/4605/4495 4397/4607/4497
f 4228/4606/4496 4397/4607/4497 4398/4608/4498
f 4398/4608/4498 4397/4607/4497 3914/4500/4390
f 4398/4608/4498 3914/4500/4390 4399/4609/4499
f 4399/4609/4499 3914/4500/4390 4400/4610/4500
f 4399/4609/4499 4400/4610/4500 4230/4611/4501
f 4230/4611/4501 4400/4610/4500 4231/4612/4502
f 4230/4611/4501 4231/4612/4502 4061/4613/4503
f 4061/4613/4503 4231/4612/4502 4062/4614/4504
f 4061/4613/4503 4062/4614/4504 3913/4493/4212
f 3913/4493/4212 4062/4614/4504 4063/4615/4505
f 3913/4493/4212 4063/4615/4505 4064/4616/4506
f 4064/4616/4506 4063/4615/4505 4233/4617/4507
f 4064/4616/4506 4233/4617/4507 4234/4618/4508
f 4234/4618/4508 4233/4617/4507 4403/4619/4509
f 4234/4618/4508 4403/4619/4509 4404/4620/4510
f 4404/4620/4510 4403/4619/4509 3914/4500/4390
f 4404/4620/4510 3914/4500/4390 4405/4621/4511
f 4405/4621/4511 3914/4500/4390 4406/4622/4512
f 4405/4621/4511 4406/4622/4512 4236/4623/4513
f 4236/4623/4513 4406/4622/4512 4237/4624/4514
f 4236/4623/4513 4237/4624/4514 4067/4625/4515
f 4067/4625/4515 4237/4624/4514 4068/4626/4516
f 4067/4625/4515 4068/4626/4516 3913/4493/4212
f 3913/4493/4212 4068/4626/4516 4069/4627/4517
f 3913/4493/4212 4069/4627/4517 4070/4628/4518
f 4070/4628/4518 4069/4627/4517 4239/4629/4519
f 4070/4628/4518 4239/4629/4519 4240/4630/4520
f 4240/4630/4520 4239/4629/4519 4409/4631/4521
f 4240/4630/4520 4409/4631/4521 4410/4632/4522
f 4410/4632/4522 4409/4631/4521 3914/4500/4390
f 4410/4632/4522 3914/4500/4390 4411/4633/4523
f 4411/4633/4523 3914/4500/4390 4412/4634/4524
f 4411/4633/4523 4412/4634/4524 4242/4635/4525
f 4242/4635/4525 4412/4634/4524 4243/4636/4526
f 4242/4635/4525 4243/4636/4526 4073/4637/4527
f 4073/4637/4527 4243/4636/4526 4074/4638/4528
f 4073/4637/4527 4074/4638/4528 3913/4493/4212
f 3913/4493/4212 4074/4638/4528 4075/4639/4529
f 3913/4493/4212 4075/4639/4529 4076/4640/4530
f 4076/4640/4530 4075/4639/4529 4245/4641/4531
f 4076/4640/4530 4245/4641/4531 4246/4642/4532
f 4246/4642/4532 4245/4641/4531 4415/4643/4533
f 4246/4642/4532 4415/4643/4533 4416/4644/4534
f 4416/4644/4534 4415/4643/4533 3914/4500/4390
f 4416/4644/4534 3914/4500/4390 4417/4645/4535
f 4417/4645/4535 3914/4500/4390 4418/4646/4536
f 4417/4645/4535 4418/4646/4536 4248/4647/4537
f 4248/4647/4537 4418/4646/4536 4249/4648/4538
f 4248/4647/4537 4249/4648/4538 4079/4649/4539
f 4079/4649/4539 4249/4648/4538 4080/4650/4540
f 4079/4649/4539 4080/4650/4540 3913/4493/4212
f 3913/4493/4212 4080/4650/4540 4081/4651/4541
f 3913/4493/4212 4081/4651/4541 4082/4652/4542
f 4082/4652/4542 4081/4651/4541 4251/4653/4543
f 4082/4652/4542 4251/4653/4543 4252/4654/4544
f 4252/4654/4544 4251/4653/4543 4421/4655/4545
f 4252/4654/4544 4421/4655/4545 4422/4656/4546
f 4422/4656/4546 4421/4655/4545 3914/4500/4390
f 4422/4656/4546 3914/4500/4390 4423/4657/4547
f 4423/4657/4547 3914/4500/4390 4424/4658/4548
f 4423/4657/4547 4424/4658/4548 4254/4659/4549
f 4254/4659/4549 4424/4658/4548 4255/4660/4550
f 4254/4659/4549 4255/4660/4550 4085/4661/4551
f 4085/4661/4551 4255/4660/4550 4086/4662/4552
f 4085/4661/4551 4086/4662/4552 3913/4493/4212
f 3913/4493/4212 4086/4662/4552 3917/4663/4553
f 3917/4663/4553 4086/4662/4552 3916/4664/4554
f 3916/4664/4554 4086/4662/4552 4255/4660/4550
f 3916/4664/4554 4255/4660/4550 3915/4665/4555
f 3915/4665/4555 4255/4660/4550 4424/4658/4548
f 3915/4665/4555 4424/4658/4548 3914/4500/4390
f 3918/4322/4214 60/4321/4213 4087/4666/4556
f 4087/4666/4556 60/4321/4213 59/4667/4557
f 4087/4666/4556 59/4667/4557 4256/4668/4558
f 4256/4668/4558 59/4667/4557 58/4669/4559
f 4256/4668/4558 58/4669/4559 57/4330/4221
f 57/4330/4221 3914/4500/4390 4340/4488/4379
f 4340/4488/4379 3914/4500/4390 4341/4670/4560
f 4340/4488/4379 4341/4670/4560 4171/4490/4381
f 4171/4490/4381 4341/4670/4560 4172/4671/4561
f 4171/4490/4381 4172/4671/4561 4002/4492/4383
f 4002/4492/4383 4172/4671/4561 4003/4494/4384
f 3919/4324/4215 3918/4322/4214 4088/4672/4562
f 4088/4672/4562 3918/4322/4214 4087/4666/4556
f 4088/4672/4562 4087/4666/4556 4257/4673/4563
f 4257/4673/4563 4087/4666/4556 4256/4668/4558
f 4257/4673/4563 4256/4668/4558 57/4330/4221
f 3920/4325/4216 3921/4674/4564 61/4323/4211
f 61/4323/4211 3921/4674/4564 3922/4675/4565
f 61/4323/4211 3922/4675/4565 3923/4335/4226
f 3923/4335/4226 3922/4675/4565 4092/4333/4224
f 3920/4325/4216 4090/4327/4218 3921/4674/4564
f 3921/4674/4564 4090/4327/4218 4091/4676/4566
f 3921/4674/4564 4091/4676/4566 3922/4675/4565
f 3922/4675/4565 4091/4676/4566 4092/4333/4224
f 3925/4337/4228 3924/4336/4227 4094/4677/4567
f 4094/4677/4567 3924/4336/4227 4093/4334/4225
f 4094/4677/4567 4093/4334/4225 4263/4678/4568
f 4263/4678/4568 4093/4334/4225 4262/4332/4223
f 4263/4678/4568 4262/4332/4223 57/4330/4221
f 3926/4338/4229 3927/4679/4569 61/4323/4211
f 61/4323/4211 3927/4679/4569 3928/4680/4570
f 61/4323/4211 3928/4680/4570 3929/4347/4238
f 3929/4347/4238 3928/4680/4570 4098/4345/4236
f 3926/4338/4229 4096/4340/4231 3927/4679/4569
f 3927/4679/4569 4096/4340/4231 4097/4681/4571
f 3927/4679/4569 4097/4681/4571 3928/4680/4570
f 3928/4680/4570 4097/4681/4571 4098/4345/4236
f 3931/4349/4240 3930/4348/4239 4100/4682/4572
f 4100/4682/4572 3930/4348/4239 4099/4346/4237
f 4100/4682/4572 4099/4346/4237 4269/4683/4573
f 4269/4683/4573 4099/4346/4237 4268/4344/4235
f 4269/4683/4573 4268/4344/4235 57/4330/4221
f 3932/4350/4241 3933/4684/4574 61/4323/4211
f 61/4323/4211 3933/4684/4574 3934/4685/4575
f 61/4323/4211 3934/4685/4575 3935/4359/4250
f 3935/4359/4250 3934/4685/4575 4104/4357/4248
f 3932/4350/4241 4102/4352/4243 3933/4684/4574
f 3933/4684/4574 4102/4352/4243 4103/4686/4576
f 3933/4684/4574 4103/4686/4576 3934/4685/4575
f 3934/4685/4575 4103/4686/4576 4104/4357/4248
f 3937/4361/4252 3936/4360/4251 4106/4687/4577
f 4106/4687/4577 3936/4360/4251 4105/4358/4249
f 4106/4687/4577 4105/4358/4249 4275/4688/4578
f 4275/4688/4578 4105/4358/4249 4274/4356/4247
f 4275/4688/4578 4274/4356/4247 57/4330/4221
f 3938/4362/4253 3939/4689/4579 61/4323/4211
f 61/4323/4211 3939/4689/4579 3940/4690/4580
f 61/4323/4211 3940/4690/4580 3941/4371/4262
f 3941/4371/4262 3940/4690/4580 4110/4369/4260
f 3938/4362/4253 4108/4364/4255 3939/4689/4579
f 3939/4689/4579 4108/4364/4255 4109/4691/4581
f 3939/4689/4579 4109/4691/4581 3940/4690/4580
f 3940/4690/4580 4109/4691/4581 4110/4369/4260
f 3943/4373/4264 3942/4372/4263 4112/4692/4582
f 4112/4692/4582 3942/4372/4263 4111/4370/4261
f 4112/4692/4582 4111/4370/4261 4281/4693/4583
f 4281/4693/4583 4111/4370/4261 4280/4368/4259
f 4281/4693/4583 4280/4368/4259 57/4330/4221
f 3944/4374/4265 3945/4694/4584 61/4323/4211
f 61/4323/4211 3945/4694/4584 3946/4695/4585
f 61/4323/4211 3946/4695/4585 3947/4383/4274
f 3947/4383/4274 3946/4695/4585 4116/4381/4272
f 3944/4374/4265 4114/4376/4267 3945/4694/4584
f 3945/4694/4584 4114/4376/4267 4115/4696/4586
f 3945/4694/4584 4115/4696/4586 3946/4695/4585
f 3946/4695/4585 4115/4696/4586 4116/4381/4272
f 3949/4385/4276 3948/4384/4275 4118/4697/4587
f 4118/4697/4587 3948/4384/4275 4117/4382/4273
f 4118/4697/4587 4117/4382/4273 4287/4698/4588
f 4287/4698/4588 4117/4382/4273 4286/4380/4271
f 4287/4698/4588 4286/4380/4271 57/4330/4221
f 3950/4386/4277 3951/4699/4589 61/4323/4211
f 61/4323/4211 3951/4699/4589 3952/4700/4590
f 61/4323/4211 3952/4700/4590 3953/4395/4286
f 3953/4395/4286 3952/4700/4590 4122/4393/4284
f 3950/4386/4277 4120/4388/4279 3951/4699/4589
f 3951/4699/4589 4120/4388/4279 4121/4701/4591
f 3951/4699/4589 4121/4701/4591 3952/4700/4590
f 3952/4700/4590 4121/4701/4591 4122/4393/4284
f 3955/4397/4288 3954/4396/4287 4124/4702/4592
f 4124/4702/4592 3954/4396/4287 4123/4394/4285
f 4124/4702/4592 4123/4394/4285 4293/4703/4593
f 4293/4703/4593 4123/4394/4285 4292/4392/4283
f 4293/4703/4593 4292/4392/4283 57/4330/4221
f 3956/4398/4289 3957/4704/4594 61/4323/4211
f 61/4323/4211 3957/4704/4594 3958/4705/4595
f 61/4323/4211 3958/4705/4595 3959/4407/4298
f 3959/4407/4298 3958/4705/4595 4128/4405/4296
f 3956/4398/4289 4126/4400/4291 3957/4704/4594
f 3957/4704/4594 4126/4400/4291 4127/4706/4596
f 3957/4704/4594 4127/4706/4596 3958/4705/4595
f 3958/4705/4595 4127/4706/4596 4128/4405/4296
f 3961/4409/4300 3960/4408/4299 4130/4707/4597
f 4130/4707/4597 3960/4408/4299 4129/4406/4297
f 4130/4707/4597 4129/4406/4297 4299/4708/4598
f 4299/4708/4598 4129/4406/4297 4298/4404/4295
f 4299/4708/4598 4298/4404/4295 57/4330/4221
f 3962/4410/4301 3963/4709/4599 61/4323/4211
f 61/4323/4211 3963/4709/4599 3964/4710/4600
f 61/4323/4211 3964/4710/4600 3965/4419/4310
f 3965/4419/4310 3964/4710/4600 4134/4417/4308
f 3962/4410/4301 4132/4412/4303 3963/4709/4599
f 3963/4709/4599 4132/4412/4303 4133/4711/4601
f 3963/4709/4599 4133/4711/4601 3964/4710/4600
f 3964/4710/4600 4133/4711/4601 4134/4417/4308
f 3967/4421/4312 3966/4420/4311 4136/4712/4602
f 4136/4712/4602 3966/4420/4311 4135/4418/4309
f 4136/4712/4602 4135/4418/4309 4305/4713/4603
f 4305/4713/4603 4135/4418/4309 4304/4416/4307
f 4305/4713/4603 4304/4416/4307 57/4330/4221
f 3968/4422/4313 3969/4714/4604 61/4323/4211
f 61/4323/4211 3969/4714/4604 3970/4715/4605
f 61/4323/4211 3970/4715/4605 3971/4431/4322
f 3971/4431/4322 3970/4715/4605 4140/4429/4320
f 3968/4422/4313 4138/4424/4315 3969/4714/4604
f 3969/4714/4604 4138/4424/4315 4139/4716/4606
f 3969/4714/4604 4139/4716/4606 3970/4715/4605
f 3970/4715/4605 4139/4716/4606 4140/4429/4320
f 3973/4433/4324 3972/4432/4323 4142/4717/4607
f 4142/4717/4607 3972/4432/4323 4141/4430/4321
f 4142/4717/4607 4141/4430/4321 4311/4718/4608
f 4311/4718/4608 4141/4430/4321 4310/4428/4319
f 4311/4718/4608 4310/4428/4319 57/4330/4221
f 3974/4434/4325 3975/4719/4609 61/4323/4211
f 61/4323/4211 3975/4719/4609 3976/4720/4610
f 61/4323/4211 3976/4720/4610 3977/4443/4334
f 3977/4443/4334 3976/4720/4610 4146/4441/4332
f 3974/4434/4325 4144/4436/4327 3975/4719/4609
f 3975/4719/4609 4144/4436/4327 4145/4721/4611
f 3975/4719/4609 4145/4721/4611 3976/4720/4610
f 3976/4720/4610 4145/4721/4611 4146/4441/4332
f 3979/4445/4336 3978/4444/4335 4148/4722/4612
f 4148/4722/4612 3978/4444/4335 4147/4442/4333
f 4148/4722/4612 4147/4442/4333 4317/4723/4613
f 4317/4723/4613 4147/4442/4333 4316/4440/4331
f 4317/4723/4613 4316/4440/4331 57/4330/4221
f 3980/4446/4337 3981/4724/4614 61/4323/4211
f 61/4323/4211 3981/4724/4614 3982/4725/4615
f 61/4323/4211 3982/4725/4615 3983/4455/4346
f 3983/4455/4346 3982/4725/4615 4152/4453/4344
f 3980/4446/4337 4150/4448/4339 3981/4724/4614
f 3981/4724/4614 4150/4448/4339 4151/4726/4616
f 3981/4724/4614 4151/4726/4616 3982/4725/4615
f 3982/4725/4615 4151/4726/4616 4152/4453/4344
f 3985/4457/4348 3984/4456/4347 4154/4727/4617
f 4154/4727/4617 3984/4456/4347 4153/4454/4345
f 4154/4727/4617 4153/4454/4345 4323/4728/4618
f 4323/4728/4618 4153/4454/4345 4322/4452/4343
f 4323/4728/4618 4322/4452/4343 57/4330/4221
f 3986/4458/4349 3987/4729/4619 61/4323/4211
f 61/4323/4211 3987/4729/4619 3988/4730/4620
f 61/4323/4211 3988/4730/4620 3989/4467/4358
f 3989/4467/4358 3988/4730/4620 4158/4465/4356
f 3986/4458/4349 4156/4460/4351 3987/4729/4619
f 3987/4729/4619 4156/4460/4351 4157/4731/4621
f 3987/4729/4619 4157/4731/4621 3988/4730/4620
f 3988/4730/4620 4157/4731/4621 4158/4465/4356
f 3991/4469/4360 3990/4468/4359 4160/4732/4622
f 4160/4732/4622 3990/4468/4359 4159/4466/4357
f 4160/4732/4622 4159/4466/4357 4329/4733/4623
f 4329/4733/4623 4159/4466/4357 4328/4464/4355
f 4329/4733/4623 4328/4464/4355 57/4330/4221
f 3992/4470/4361 3993/4734/4624 61/4323/4211
f 61/4323/4211 3993/4734/4624 3994/4735/4625
f 61/4323/4211 3994/4735/4625 3995/4479/4370
f 3995/4479/4370 3994/4735/4625 4164/4477/4368
f 3992/4470/4361 4162/4472/4363 3993/4734/4624
f 3993/4734/4624 4162/4472/4363 4163/4736/4626
f 3993/4734/4624 4163/4736/4626 3994/4735/4625
f 3994/4735/4625 4163/4736/4626 4164/4477/4368
f 3997/4481/4372 3996/4480/4371 4166/4737/4627
f 4166/4737/4627 3996/4480/4371 4165/4478/4369
f 4166/4737/4627 4165/4478/4369 4335/4738/4628
f 4335/4738/4628 4165/4478/4369 4334/4476/4367
f 4335/4738/4628 4334/4476/4367 57/4330/4221
f 3998/4482/4373 3999/4739/4629 61/4323/4211
f 61/4323/4211 3999/4739/4629 4000/4740/4630
f 61/4323/4211 4000/4740/4630 4001/4491/4382
f 4001/4491/4382 4000/4740/4630 4170/4489/4380
f 3998/4482/4373 4168/4484/4375 3999/4739/4629
f 3999/4739/4629 4168/4484/4375 4169/4741/4631
f 3999/4739/4629 4169/4741/4631 4000/4740/4630
f 4000/4740/4630 4169/4741/4631 4170/4489/4380
f 4173/4496/4386 4003/4494/4384 4172/4671/4561
f 4004/4495/4385 4005/4742/4632 3913/4493/4212
f 3913/4493/4212 4005/4742/4632 4006/4743/4633
f 3913/4493/4212 4006/4743/4633 4007/4505/4395
f 4007/4505/4395 4006/4743/4633 4176/4503/4393
f 4004/4495/4385 4174/4497/4387 4005/4742/4632
f 4005/4742/4632 4174/4497/4387 4175/4744/4634
f 4005/4742/4632 4175/4744/4634 4006/4743/4633
f 4006/4743/4633 4175/4744/4634 4176/4503/4393
f 4009/4507/4397 4008/4506/4396 4178/4745/4635
f 4178/4745/4635 4008/4506/4396 4177/4504/4394
f 4178/4745/4635 4177/4504/4394 4347/4746/4636
f 4347/4746/4636 4177/4504/4394 4346/4502/4392
f 4347/4746/4636 4346/4502/4392 3914/4500/4390
f 4010/4508/4398 4011/4747/4637 3913/4493/4212
f 3913/4493/4212 4011/4747/4637 4012/4748/4638
f 3913/4493/4212 4012/4748/4638 4013/4517/4407
f 4013/4517/4407 4012/4748/4638 4182/4515/4405
f 4010/4508/4398 4180/4510/4400 4011/4747/4637
f 4011/4747/4637 4180/4510/4400 4181/4749/4639
f 4011/4747/4637 4181/4749/4639 4012/4748/4638
f 4012/4748/4638 4181/4749/4639 4182/4515/4405
f 4015/4519/4409 4014/4518/4408 4184/4750/4640
f 4184/4750/4640 4014/4518/4408 4183/4516/4406
f 4184/4750/4640 4183/4516/4406 4353/4751/4641
f 4353/4751/4641 4183/4516/4406 4352/4514/4404
f 4353/4751/4641 4352/4514/4404 3914/4500/4390
f 4016/4520/4410 4017/4752/4642 3913/4493/4212
f 3913/4493/4212 4017/4752/4642 4018/4753/4643
f 3913/4493/4212 4018/4753/4643 4019/4529/4419
f 4019/4529/4419 4018/4753/4643 4188/4527/4417
f 4016/4520/4410 4186/4522/4412 4017/4752/4642
f 4017/4752/4642 4186/4522/4412 4187/4754/4644
f 4017/4752/4642 4187/4754/4644 4018/4753/4643
f 4018/4753/4643 4187/4754/4644 4188/4527/4417
f 4021/4531/4421 4020/4530/4420 4190/4755/4645
f 4190/4755/4645 4020/4530/4420 4189/4528/4418
f 4190/4755/4645 4189/4528/4418 4359/4756/4646
f 4359/4756/4646 4189/4528/4418 4358/4526/4416
f 4359/4756/4646 4358/4526/4416 3914/4500/4390
f 4022/4532/4422 4023/4757/4647 3913/4493/4212
f 3913/4493/4212 4023/4757/4647 4024/4758/4648
f 3913/4493/4212 4024/4758/4648 4025/4541/4431
f 4025/4541/4431 4024/4758/4648 4194/4539/4429
f 4022/4532/4422 4192/4534/4424 4023/4757/4647
f 4023/4757/4647 4192/4534/4424 4193/4759/4649
f 4023/4757/4647 4193/4759/4649 4024/4758/4648
f 4024/4758/4648 4193/4759/4649 4194/4539/4429
f 4027/4543/4433 4026/4542/4432 4196/4760/4650
f 4196/4760/4650 4026/4542/4432 4195/4540/4430
f 4196/4760/4650 4195/4540/4430 4365/4761/4651
f 4365/4761/4651 4195/4540/4430 4364/4538/4428
f 4365/4761/4651 4364/4538/4428 3914/4500/4390
f 4028/4544/4434 4029/4762/4652 3913/4493/4212
f 3913/4493/4212 4029/4762/4652 4030/4763/4653
f 3913/4493/4212 4030/4763/4653 4031/4553/4443
f 4031/4553/4443 4030/4763/4653 4200/4551/4441
f 4028/4544/4434 4198/4546/4436 4029/4762/4652
f 4029/4762/4652 4198/4546/4436 4199/4764/4654
f 4029/4762/4652 4199/4764/4654 4030/4763/4653
f 4030/4763/4653 4199/4764/4654 4200/4551/4441
f 4033/4555/4445 4032/4554/4444 4202/4765/4655
f 4202/4765/4655 4032/4554/4444 4201/4552/4442
f 4202/4765/4655 4201/4552/4442 4371/4766/4656
f 4371/4766/4656 4201/4552/4442 4370/4550/4440
f 4371/4766/4656 4370/4550/4440 3914/4500/4390
f 4034/4556/4446 4035/4767/4657 3913/4493/4212
f 3913/4493/4212 4035/4767/4657 4036/4768/4658
f 3913/4493/4212 4036/4768/4658 4037/4565/4455
f 4037/4565/4455 4036/4768/4658 4206/4563/4453
f 4034/4556/4446 4204/4558/4448 4035/4767/4657
f 4035/4767/4657 4204/4558/4448 4205/4769/4659
f 4035/4767/4657 4205/4769/4659 4036/4768/4658
f 4036/4768/4658 4205/4769/4659 4206/4563/4453
f 4039/4567/4457 4038/4566/4456 4208/4770/4660
f 4208/4770/4660 4038/4566/4456 4207/4564/4454
f 4208/4770/4660 4207/4564/4454 4377/4771/4661
f 4377/4771/4661 4207/4564/4454 4376/4562/4452
f 4377/4771/4661 4376/4562/4452 3914/4500/4390
f 4040/4568/4458 4041/4772/4662 3913/4493/4212
f 3913/4493/4212 4041/4772/4662 4042/4773/4663
f 3913/4493/4212 4042/4773/4663 4043/4577/4467
f 4043/4577/4467 4042/4773/4663 4212/4575/4465
f 4040/4568/4458 4210/4570/4460 4041/4772/4662
f 4041/4772/4662 4210/4570/4460 4211/4774/4664
f 4041/4772/4662 4211/4774/4664 4042/4773/4663
f 4042/4773/4663 4211/4774/4664 4212/4575/4465
f 4045/4579/4469 4044/4578/4468 4214/4775/4665
f 4214/4775/4665 4044/4578/4468 4213/4576/4466
f 4214/4775/4665 4213/4576/4466 4383/4776/4666
f 4383/4776/4666 4213/4576/4466 4382/4574/4464
f 4383/4776/4666 4382/4574/4464 3914/4500/4390
f 4046/4580/4470 4047/4777/4667 3913/4493/4212
f 3913/4493/4212 4047/4777/4667 4048/4778/4668
f 3913/4493/4212 4048/4778/4668 4049/4589/4479
f 4049/4589/4479 4048/4778/4668 4218/4587/4477
f 4046/4580/4470 4216/4582/4472 4047/4777/4667
f 4047/4777/4667 4216/4582/4472 4217/4779/4669
f 4047/4777/4667 4217/4779/4669 4048/4778/4668
f 4048/4778/4668 4217/4779/4669 4218/4587/4477
f 4051/4591/4481 4050/4590/4480 4220/4780/4670
f 4220/4780/4670 4050/4590/4480 4219/4588/4478
f 4220/4780/4670 4219/4588/4478 4389/4781/4671
f 4389/4781/4671 4219/4588/4478 4388/4586/4476
f 4389/4781/4671 4388/4586/4476 3914/4500/4390
f 4052/4592/4482 4053/4782/4672 3913/4493/4212
f 3913/4493/4212 4053/4782/4672 4054/4783/4673
f 3913/4493/4212 4054/4783/4673 4055/4601/4491
f 4055/4601/4491 4054/4783/4673 4224/4599/4489
f 4052/4592/4482 4222/4594/4484 4053/4782/4672
f 4053/4782/4672 4222/4594/4484 4223/4784/4674
f 4053/4782/4672 4223/4784/4674 4054/4783/4673
f 4054/4783/4673 4223/4784/4674 4224/4599/4489
f 4057/4603/4493 4056/4602/4492 4226/4785/4675
f 4226/4785/4675 4056/4602/4492 4225/4600/4490
f 4226/4785/4675 4225/4600/4490 4395/4786/4676
f 4395/4786/4676 4225/4600/4490 4394/4598/4488
f 4395/4786/4676 4394/4598/4488 3914/4500/4390
f 4058/4604/4494 4059/4787/4677 3913/4493/4212
f 3913/4493/4212 4059/4787/4677 4060/4788/4678
f 3913/4493/4212 4060/4788/4678 4061/4613/4503
f 4061/4613/4503 4060/4788/4678 4230/4611/4501
f 4058/4604/4494 4228/4606/4496 4059/4787/4677
f 4059/4787/4677 4228/4606/4496 4229/4789/4679
f 4059/4787/4677 4229/4789/4679 4060/4788/4678
f 4060/4788/4678 4229/4789/4679 4230/4611/4501
f 4063/4615/4505 4062/4614/4504 4232/4790/4680
f 4232/4790/4680 4062/4614/4504 4231/4612/4502
f 4232/4790/4680 4231/4612/4502 4401/4791/4681
f 4401/4791/4681 4231/4612/4502 4400/4610/4500
f 4401/4791/4681 4400/4610/4500 3914/4500/4390
f 4064/4616/4506 4065/4792/4682 3913/4493/4212
f 3913/4493/4212 4065/4792/4682 4066/4793/4683
f 3913/4493/4212 4066/4793/4683 4067/4625/4515
f 4067/4625/4515 4066/4793/4683 4236/4623/4513
f 4064/4616/4506 4234/4618/4508 4065/4792/4682
f 4065/4792/4682 4234/4618/4508 4235/4794/4684
f 4065/4792/4682 4235/4794/4684 4066/4793/4683
f 4066/4793/4683 4235/4794/4684 4236/4623/4513
f 4069/4627/4517 4068/4626/4516 4238/4795/4685
f 4238/4795/4685 4068/4626/4516 4237/4624/4514
f 4238/4795/4685 4237/4624/4514 4407/4796/4686
f 4407/4796/4686 4237/4624/4514 4406/4622/4512
f 4407/4796/4686 4406/4622/4512 3914/4500/4390
f 4070/4628/4518 4071/4797/4687 3913/4493/4212
f 3913/4493/4212 4071/4797/4687 4072/4798/4688
f 3913/4493/4212 4072/4798/4688 4073/4637/4527
f 4073/4637/4527 4072/4798/4688 4242/4635/4525
f 4070/4628/4518 4240/4630/4520 4071/4797/4687
f 4071/4797/4687 4240/4630/4520 4241/4799/4689
f 4071/4797/4687 4241/4799/4689 4072/4798/4688
f 4072/4798/4688 4241/4799/4689 4242/4635/4525
f 4075/4639/4529 4074/4638/4528 4244/4800/4690
f 4244/4800/4690 4074/4638/4528 4243/4636/4526
f 4244/4800/4690 4243/4636/4526 4413/4801/4691
f 4413/4801/4691 4243/4636/4526 4412/4634/4524
f 4413/4801/4691 4412/4634/4524 3914/4500/4390
f 4076/4640/4530 4077/4802/4692 3913/4493/4212
f 3913/4493/4212 4077/4802/4692 4078/4803/4693
f 3913/4493/4212 4078/4803/4693 4079/4649/4539
f 4079/4649/4539 4078/4803/4693 4248/4647/4537
f 4076/4640/4530 4246/4642/4532 4077/4802/4692
f 4077/4802/4692 4246/4642/4532 4247/4804/4694
f 4077/4802/4692 4247/4804/4694 4078/4803/4693
f 4078/4803/4693 4247/4804/4694 4248/4647/4537
f 4081/4651/4541 4080/4650/4540 4250/4805/4695
f 4250/4805/4695 4080/4650/4540 4249/4648/4538
f 4250/4805/4695 4249/4648/4538 4419/4806/4696
f 4419/4806/4696 4249/4648/4538 4418/4646/4536
f 4419/4806/4696 4418/4646/4536 3914/4500/4390
f 4082/4652/4542 4083/4807/4697 3913/4493/4212
f 3913/4493/4212 4083/4807/4697 4084/4808/4698
f 3913/4493/4212 4084/4808/4698 4085/4661/4551
f 4085/4661/4551 4084/4808/4698 4254/4659/4549
f 4082/4652/4542 4252/4654/4544 4083/4807/4697
f 4083/4807/4697 4252/4654/4544 4253/4809/4699
f 4083/4807/4697 4253/4809/4699 4084/4808/4698
f 4084/4808/4698 4253/4809/4699 4254/4659/4549
f 3919/4324/4215 4088/4672/4562 4089/4326/4217
f 4089/4326/4217 4088/4672/4562 4258/4810/4700
f 4089/4326/4217 4258/4810/4700 4259/4328/4219
f 4259/4328/4219 4258/4810/4700 57/4330/4221
f 4258/4810/4700 4088/4672/4562 4257/4673/4563
f 4261/4331/4222 4092/4333/4224 4091/4676/4566
f 4261/4331/4222 4091/4676/4566 4260/4329/4220
f 4260/4329/4220 4091/4676/4566 4090/4327/4218
f 3925/4337/4228 4094/4677/4567 4095/4339/4230
f 4095/4339/4230 4094/4677/4567 4264/4811/4701
f 4095/4339/4230 4264/4811/4701 4265/4341/4232
f 4265/4341/4232 4264/4811/4701 57/4330/4221
f 4264/4811/4701 4094/4677/4567 4263/4678/4568
f 4267/4343/4234 4098/4345/4236 4097/4681/4571
f 4267/4343/4234 4097/4681/4571 4266/4342/4233
f 4266/4342/4233 4097/4681/4571 4096/4340/4231
f 3931/4349/4240 4100/4682/4572 4101/4351/4242
f 4101/4351/4242 4100/4682/4572 4270/4812/4702
f 4101/4351/4242 4270/4812/4702 4271/4353/4244
f 4271/4353/4244 4270/4812/4702 57/4330/4221
f 4270/4812/4702 4100/4682/4572 4269/4683/4573
f 4273/4355/4246 4104/4357/4248 4103/4686/4576
f 4273/4355/4246 4103/4686/4576 4272/4354/4245
f 4272/4354/4245 4103/4686/4576 4102/4352/4243
f 3937/4361/4252 4106/4687/4577 4107/4363/4254
f 4107/4363/4254 4106/4687/4577 4276/4813/4703
f 4107/4363/4254 4276/4813/4703 4277/4365/4256
f 4277/4365/4256 4276/4813/4703 57/4330/4221
f 4276/4813/4703 4106/4687/4577 4275/4688/4578
f 4279/4367/4258 4110/4369/4260 4109/4691/4581
f 4279/4367/4258 4109/4691/4581 4278/4366/4257
f 4278/4366/4257 4109/4691/4581 4108/4364/4255
f 3943/4373/4264 4112/4692/4582 4113/4375/4266
f 4113/4375/4266 4112/4692/4582 4282/4814/4704
f 4113/4375/4266 4282/4814/4704 4283/4377/4268
f 4283/4377/4268 4282/4814/4704 57/4330/4221
f 4282/4814/4704 4112/4692/4582 4281/4693/4583
f 4285/4379/4270 4116/4381/4272 4115/4696/4586
f 4285/4379/4270 4115/4696/4586 4284/4378/4269
f 4284/4378/4269 4115/4696/4586 4114/4376/4267
f 3949/4385/4276 4118/4697/4587 4119/4387/4278
f 4119/4387/4278 4118/4697/4587 4288/4815/4705
f 4119/4387/4278 4288/4815/4705 4289/4389/4280
f 4289/4389/4280 4288/4815/4705 57/4330/4221
f 4288/4815/4705 4118/4697/4587 4287/4698/4588
f 4291/4391/4282 4122/4393/4284 4121/4701/4591
f 4291/4391/4282 4121/4701/4591 4290/4390/4281
f 4290/4390/4281 4121/4701/4591 4120/4388/4279
f 3955/4397/4288 4124/4702/4592 4125/4399/4290
f 4125/4399/4290 4124/4702/4592 4294/4816/4706
f 4125/4399/4290 4294/4816/4706 4295/4401/4292
f 4295/4401/4292 4294/4816/4706 57/4330/4221
f 4294/4816/4706 4124/4702/4592 4293/4703/4593
f 4297/4403/4294 4128/4405/4296 4127/4706/4596
f 4297/4403/4294 4127/4706/4596 4296/4402/4293
f 4296/4402/4293 4127/4706/4596 4126/4400/4291
f 3961/4409/4300 4130/4707/4597 4131/4411/4302
f 4131/4411/4302 4130/4707/4597 4300/4817/4707
f 4131/4411/4302 4300/4817/4707 4301/4413/4304
f 4301/4413/4304 4300/4817/4707 57/4330/4221
f 4300/4817/4707 4130/4707/4597 4299/4708/4598
f 4303/4415/4306 4134/4417/4308 4133/4711/4601
f 4303/4415/4306 4133/4711/4601 4302/4414/4305
f 4302/4414/4305 4133/4711/4601 4132/4412/4303
f 3967/4421/4312 4136/4712/4602 4137/4423/4314
f 4137/4423/4314 4136/4712/4602 4306/4818/4708
f 4137/4423/4314 4306/4818/4708 4307/4425/4316
f 4307/4425/4316 4306/4818/4708 57/4330/4221
f 4306/4818/4708 4136/4712/4602 4305/4713/4603
f 4309/4427/4318 4140/4429/4320 4139/4716/4606
f 4309/4427/4318 4139/4716/4606 4308/4426/4317
f 4308/4426/4317 4139/4716/4606 4138/4424/4315
f 3973/4433/4324 4142/4717/4607 4143/4435/4326
f 4143/4435/4326 4142/4717/4607 4312/4819/4709
f 4143/4435/4326 4312/4819/4709 4313/4437/4328
f 4313/4437/4328 4312/4819/4709 57/4330/4221
f 4312/4819/4709 4142/4717/4607 4311/4718/4608
f 4315/4439/4330 4146/4441/4332 4145/4721/4611
f 4315/4439/4330 4145/4721/4611 4314/4438/4329
f 4314/4438/4329 4145/4721/4611 4144/4436/4327
f 3979/4445/4336 4148/4722/4612 4149/4447/4338
f 4149/4447/4338 4148/4722/4612 4318/4820/4710
f 4149/4447/4338 4318/4820/4710 4319/4449/4340
f 4319/4449/4340 4318/4820/4710 57/4330/4221
f 4318/4820/4710 4148/4722/4612 4317/4723/4613
f 4321/4451/4342 4152/4453/4344 4151/4726/4616
f 4321/4451/4342 4151/4726/4616 4320/4450/4341
f 4320/4450/4341 4151/4726/4616 4150/4448/4339
f 3985/4457/4348 4154/4727/4617 4155/4459/4350
f 4155/4459/4350 4154/4727/4617 4324/4821/4711
f 4155/4459/4350 4324/4821/4711 4325/4461/4352
f 4325/4461/4352 4324/4821/4711 57/4330/4221
f 4324/4821/4711 4154/4727/4617 4323/4728/4618
f 4327/4463/4354 4158/4465/4356 4157/4731/4621
f 4327/4463/4354 4157/4731/4621 4326/4462/4353
f 4326/4462/4353 4157/4731/4621 4156/4460/4351
f 3991/4469/4360 4160/4732/4622 4161/4471/4362
f 4161/4471/4362 4160/4732/4622 4330/4822/4712
f 4161/4471/4362 4330/4822/4712 4331/4473/4364
f 4331/4473/4364 4330/4822/4712 57/4330/4221
f 4330/4822/4712 4160/4732/4622 4329/4733/4623
f 4333/4475/4366 4164/4477/4368 4163/4736/4626
f 4333/4475/4366 4163/4736/4626 4332/4474/4365
f 4332/4474/4365 4163/4736/4626 4162/4472/4363
f 3997/4481/4372 4166/4737/4627 4167/4483/4374
f 4167/4483/4374 4166/4737/4627 4336/4823/4713
f 4167/4483/4374 4336/4823/4713 4337/4485/4376
f 4337/4485/4376 4336/4823/4713 57/4330/4221
f 4336/4823/4713 4166/4737/4627 4335/4738/4628
f 4339/4487/4378 4170/4489/4380 4169/4741/4631
f 4339/4487/4378 4169/4741/4631 4338/4486/4377
f 4338/4486/4377 4169/4741/4631 4168/4484/4375
f 4173/4496/4386 4172/4671/4561 4342/4824/4714
f 4342/4824/4714 4172/4671/4561 4341/4670/4560
f 4342/4824/4714 4341/4670/4560 3914/4500/4390
f 4345/4501/4391 4176/4503/4393 4175/4744/4634
f 4345/4501/4391 4175/4744/4634 4344/4499/4389
f 4344/4499/4389 4175/4744/4634 4174/4497/4387
f 4009/4507/4397 4178/4745/4635 4179/4509/4399
f 4179/4509/4399 4178/4745/4635 4348/4825/4715
f 4179/4509/4399 4348/4825/4715 4349/4511/4401
f 4349/4511/4401 4348/4825/4715 3914/4500/4390
f 4348/4825/4715 4178/4745/4635 4347/4746/4636
f 4351/4513/4403 4182/4515/4405 4181/4749/4639
f 4351/4513/4403 4181/4749/4639 4350/4512/4402
f 4350/4512/4402 4181/4749/4639 4180/4510/4400
f 4015/4519/4409 4184/4750/4640 4185/4521/4411
f 4185/4521/4411 4184/4750/4640 4354/4826/4716
f 4185/4521/4411 4354/4826/4716 4355/4523/4413
f 4355/4523/4413 4354/4826/4716 3914/4500/4390
f 4354/4826/4716 4184/4750/4640 4353/4751/4641
f 4357/4525/4415 4188/4527/4417 4187/4754/4644
f 4357/4525/4415 4187/4754/4644 4356/4524/4414
f 4356/4524/4414 4187/4754/4644 4186/4522/4412
f 4021/4531/4421 4190/4755/4645 4191/4533/4423
f 4191/4533/4423 4190/4755/4645 4360/4827/4717
f 4191/4533/4423 4360/4827/4717 4361/4535/4425
f 4361/4535/4425 4360/4827/4717 3914/4500/4390
f 4360/4827/4717 4190/4755/4645 4359/4756/4646
f 4363/4537/4427 4194/4539/4429 4193/4759/4649
f 4363/4537/4427 4193/4759/4649 4362/4536/4426
f 4362/4536/4426 4193/4759/4649 4192/4534/4424
f 4027/4543/4433 4196/4760/4650 4197/4545/4435
f 4197/4545/4435 4196/4760/4650 4366/4828/4718
f 4197/4545/4435 4366/4828/4718 4367/4547/4437
f 4367/4547/4437 4366/4828/4718 3914/4500/4390
f 4366/4828/4718 4196/4760/4650 4365/4761/4651
f 4369/4549/4439 4200/4551/4441 4199/4764/4654
f 4369/4549/4439 4199/4764/4654 4368/4548/4438
f 4368/4548/4438 4199/4764/4654 4198/4546/4436
f 4033/4555/4445 4202/4765/4655 4203/4557/4447
f 4203/4557/4447 4202/4765/4655 4372/4829/4719
f 4203/4557/4447 4372/4829/4719 4373/4559/4449
f 4373/4559/4449 4372/4829/4719 3914/4500/4390
f 4372/4829/4719 4202/4765/4655 4371/4766/4656
f 4375/4561/4451 4206/4563/4453 4205/4769/4659
f 4375/4561/4451 4205/4769/4659 4374/4560/4450
f 4374/4560/4450 4205/4769/4659 4204/4558/4448
f 4039/4567/4457 4208/4770/4660 4209/4569/4459
f 4209/4569/4459 4208/4770/4660 4378/4830/4720
f 4209/4569/4459 4378/4830/4720 4379/4571/4461
f 4379/4571/4461 4378/4830/4720 3914/4500/4390
f 4378/4830/4720 4208/4770/4660 4377/4771/4661
f 4381/4573/4463 4212/4575/4465 4211/4774/4664
f 4381/4573/4463 4211/4774/4664 4380/4572/4462
f 4380/4572/4462 4211/4774/4664 4210/4570/4460
f 4045/4579/4469 4214/4775/4665 4215/4581/4471
f 4215/4581/4471 4214/4775/4665 4384/4831/4721
f 4215/4581/4471 4384/4831/4721 4385/4583/4473
f 4385/4583/4473 4384/4831/4721 3914/4500/4390
f 4384/4831/4721 4214/4775/4665 4383/4776/4666
f 4387/4585/4475 4218/4587/4477 4217/4779/4669
f 4387/4585/4475 4217/4779/4669 4386/4584/4474
f 4386/4584/4474 4217/4779/4669 4216/4582/4472
f 4051/4591/4481 4220/4780/4670 4221/4593/4483
f 4221/4593/4483 4220/4780/4670 4390/4832/4722
f 4221/4593/4483 4390/4832/4722 4391/4595/4485
f 4391/4595/4485 4390/4832/4722 3914/4500/4390
f 4390/4832/4722 4220/4780/4670 4389/4781/4671
f 4393/4597/4487 4224/4599/4489 4223/4784/4674
f 4393/4597/4487 4223/4784/4674 4392/4596/4486
f 4392/4596/4486 4223/4784/4674 4222/4594/4484
f 4057/4603/4493 4226/4785/4675 4227/4605/4495
f 4227/4605/4495 4226/4785/4675 4396/4833/4723
f 4227/4605/4495 4396/4833/4723 4397/4607/4497
f 4397/4607/4497 4396/4833/4723 3914/4500/4390
f 4396/4833/4723 4226/4785/4675 4395/4786/4676
f 4399/4609/4499 4230/4611/4501 4229/4789/4679
f 4399/4609/4499 4229/4789/4679 4398/4608/4498
f 4398/4608/4498 4229/4789/4679 4228/4606/4496
f 4063/4615/4505 4232/4790/4680 4233/4617/4507
f 4233/4617/4507 4232/4790/4680 4402/4834/4724
f 4233/4617/4507 4402/4834/4724 4403/4619/4509
f 4403/4619/4509 4402/4834/4724 3914/4500/4390
f 4402/4834/4724 4232/4790/4680 4401/4791/4681
f 4405/4621/4511 4236/4623/4513 4235/4794/4684
f 4405/4621/4511 4235/4794/4684 4404/4620/4510
f 4404/4620/4510 4235/4794/4684 4234/4618/4508
f 4069/4627/4517 4238/4795/4685 4239/4629/4519
f 4239/4629/4519 4238/4795/4685 4408/4835/4725
f 4239/4629/4519 4408/4835/4725 4409/4631/4521
f 4409/4631/4521 4408/4835/4725 3914/4500/4390
f 4408/4835/4725 4238/4795/4685 4407/4796/4686
f 4411/4633/4523 4242/4635/4525 4241/4799/4689
f 4411/4633/4523 4241/4799/4689 4410/4632/4522
f 4410/4632/4522 4241/4799/4689 4240/4630/4520
f 4075/4639/4529 4244/4800/4690 4245/4641/4531
f 4245/4641/4531 4244/4800/4690 4414/4836/4726
f 4245/4641/4531 4414/4836/4726 4415/4643/4533
f 4415/4643/4533 4414/4836/4726 3914/4500/4390
f 4414/4836/4726 4244/4800/4690 4413/4801/4691
f 4417/4645/4535 4248/4647/4537 4247/4804/4694
f 4417/4645/4535 4247/4804/4694 4416/4644/4534
f 4416/4644/4534 4247/4804/4694 4246/4642/4532
f 4081/4651/4541 4250/4805/4695 4251/4653/4543
f 4251/4653/4543 4250/4805/4695 4420/4837/4727
f 4251/4653/4543 4420/4837/4727 4421/4655/4545
f 4421/4655/4545 4420/4837/4727 3914/4500/4390
f 4420/4837/4727 4250/4805/4695 4419/4806/4696
f 4423/4657/4547 4254/4659/4549 4253/4809/4699
f 4423/4657/4547 4253/4809/4699 4422/4656/4546
f 4422/4656/4546 4253/4809/4699 4252/4654/4544
f 57/4330/4221 4258/4810/4700 4257/4673/4563
f 57/4330/4221 4264/4811/4701 4263/4678/4568
f 57/4330/4221 4270/4812/4702 4269/4683/4573
f 57/4330/4221 4276/4813/4703 4275/4688/4578
f 57/4330/4221 4282/4814/4704 4281/4693/4583
f 57/4330/4221 4288/4815/4705 4287/4698/4588
f 57/4330/4221 4294/4816/4706 4293/4703/4593
f 57/4330/4221 4300/4817/4707 4299/4708/4598
f 57/4330/4221 4306/4818/4708 4305/4713/4603
f 57/4330/4221 4312/4819/4709 4311/4718/4608
f 57/4330/4221 4318/4820/4710 4317/4723/4613
f 57/4330/4221 4324/4821/4711 4323/4728/4618
f 57/4330/4221 4330/4822/4712 4329/4733/4623
f 57/4330/4221 4336/4823/4713 4335/4738/4628
f 3914/4500/4390 4343/4498/4388 4342/4824/4714
f 4342/4824/4714 4343/4498/4388 4173/4496/4386
f 3914/4500/4390 4348/4825/4715 4347/4746/4636
f 3914/4500/4390 4354/4826/4716 4353/4751/4641
f 3914/4500/4390 4360/4827/4717 4359/4756/4646
f 3914/4500/4390 4366/4828/4718 4365/4761/4651
f 3914/4500/4390 4372/4829/4719 4371/4766/4656
f 3914/4500/4390 4378/4830/4720 4377/4771/4661
f 3914/4500/4390 4384/4831/4721 4383/4776/4666
f 3914/4500/4390 4390/4832/4722 4389/4781/4671
f 3914/4500/4390 4396/4833/4723 4395/4786/4676
f 3914/4500/4390 4402/4834/4724 4401/4791/4681
f 3914/4500/4390 4408/4835/4725 4407/4796/4686
f 3914/4500/4390 4414/4836/4726 4413/4801/4691
f 3914/4500/4390 4420/4837/4727 4419/4806/4696
f 57/4838/4221 56/4839/4728 3914/4840/4390
f 3914/4840/4390 56/4839/4728 4425/4841/4729
f 55/4842/4730 4431/4843/4731 56/4844/4728
f 56/4844/4728 4431/4843/4731 4432/4845/4732
f 56/4844/4728 4432/4845/4732 4433/4846/4733
f 4433/4846/4733 4432/4845/4732 4489/4847/4734
f 4433/4846/4733 4489/4847/4734 4490/4848/4735
f 4490/4848/4735 4489/4847/4734 4546/4849/4736
f 4490/4848/4735 4546/4849/4736 4547/4850/4737
f 4547/4850/4737 4546/4849/4736 4603/4851/4738
f 4547/4850/4737 4603/4851/4738 4604/4852/4739
f 4604/4852/4739 4603/4851/4738 4660/4853/4740
f 4604/4852/4739 4660/4853/4740 4661/4854/4741
f 4661/4854/4741 4660/4853/4740 50/4855/1538
f 4661/4854/4741 50/4855/1538 4662/4856/4742
f 4662/4856/4742 50/4855/1538 4663/4857/4743
f 4662/4856/4742 4663/4857/4743 4606/4858/4744
f 4606/4858/4744 4663/4857/4743 4607/4859/4745
f 4606/4858/4744 4607/4859/4745 4550/4860/4746
f 4550/4860/4746 4607/4859/4745 4551/4861/4747
f 4550/4860/4746 4551/4861/4747 4494/4862/4748
f 4494/4862/4748 4551/4861/4747 4495/4863/4749
f 4494/4862/4748 4495/4863/4749 4438/4864/4750
f 4438/4864/4750 4495/4863/4749 4439/4865/4751
f 4438/4864/4750 4439/4865/4751 56/4844/4728
f 56/4844/4728 4439/4865/4751 4440/4866/4752
f 56/4844/4728 4440/4866/4752 4441/4867/4753
f 4441/4867/4753 4440/4866/4752 4497/4868/4754
f 4441/4867/4753 4497/4868/4754 4498/4869/4755
f 4498/4869/4755 4497/4868/4754 4554/4870/4756
f 4498/4869/4755 4554/4870/4756 4555/4871/4757
f 4555/4871/4757 4554/4870/4756 4611/4872/4758
f 4555/4871/4757 4611/4872/4758 4612/4873/4759
f 4612/4873/4759 4611/4872/4758 4668/4874/4760
f 4612/4873/4759 4668/4874/4760 4669/4875/4761
f 4669/4875/4761 4668/4874/4760 50/4855/1538
f 4669/4875/4761 50/4855/1538 4670/4876/4762
f 4670/4876/4762 50/4855/1538 4671/4877/4763
f 4670/4876/4762 4671/4877/4763 4614/4878/4764
f 4614/4878/4764 4671/4877/4763 4615/4879/4765
f 4614/4878/4764 4615/4879/4765 4558/4880/4766
f 4558/4880/4766 4615/4879/4765 4559/4881/4767
f 4558/4880/4766 4559/4881/4767 4502/4882/4768
f 4502/4882/4768 4559/4881/4767 4503/4883/4769
f 4502/4882/4768 4503/4883/4769 4446/4884/4770
f 4446/4884/4770 4503/4883/4769 4447/4885/4771
f 4446/4884/4770 4447/4885/4771 56/4844/4728
f 56/4844/4728 4447/4885/4771 4448/4886/4772
f 56/4844/4728 4448/4886/4772 4449/4887/4773
f 4449/4887/4773 4448/4886/4772 4505/4888/4774
f 4449/4887/4773 4505/4888/4774 4506/4889/4775
f 4506/4889/4775 4505/4888/4774 4562/4890/4776
f 4506/4889/4775 4562/4890/4776 4563/4891/4777
f 4563/4891/4777 4562/4890/4776 4619/4892/4778
f 4563/4891/4777 4619/4892/4778 4620/4893/4779
f 4620/4893/4779 4619/4892/4778 4676/4894/4780
f 4620/4893/4779 4676/4894/4780 4677/4895/4781
f 4677/4895/4781 4676/4894/4780 50/4855/1538
f 4677/4895/4781 50/4855/1538 4678/4896/4782
f 4678/4896/4782 50/4855/1538 4679/4897/4783
f 4678/4896/4782 4679/4897/4783 4622/4898/4784
f 4622/4898/4784 4679/4897/4783 4623/4899/4785
f 4622/4898/4784 4623/4899/4785 4566/4900/4786
f 4566/4900/4786 4623/4899/4785 4567/4901/4787
f 4566/4900/4786 4567/4901/4787 4510/4902/4788
f 4510/4902/4788 4567/4901/4787 4511/4903/4789
f 4510/4902/4788 4511/4903/4789 4454/4904/4790
f 4454/4904/4790 4511/4903/4789 4455/4905/4791
f 4454/4904/4790 4455/4905/4791 56/4844/4728
f 56/4844/4728 4455/4905/4791 4456/4906/4792
f 56/4844/4728 4456/4906/4792 4457/4907/4793
f 4457/4907/4793 4456/4906/4792 4513/4908/4794
f 4457/4907/4793 4513/4908/4794 4514/4909/4795
f 4514/4909/4795 4513/4908/4794 4570/4910/4796
f 4514/4909/4795 4570/4910/4796 4571/4911/4797
f 4571/4911/4797 4570/4910/4796 4627/4912/4798
f 4571/4911/4797 4627/4912/4798 4628/4913/4799
f 4628/4913/4799 4627/4912/4798 4684/4914/4800
f 4628/4913/4799 4684/4914/4800 4685/4915/4801
f 4685/4915/4801 4684/4914/4800 1567/4916/1536
f 4685/4915/4801 1567/4916/1536 4686/4917/4802
f 4686/4917/4802 1567/4916/1536 4687/4918/4803
f 4686/4917/4802 4687/4918/4803 4630/4919/4804
f 4630/4919/4804 4687/4918/4803 4631/4920/4805
f 4630/4919/4804 4631/4920/4805 4574/4921/4806
f 4574/4921/4806 4631/4920/4805 4575/4922/4807
f 4574/4921/4806 4575/4922/4807 4518/4923/4808
f 4518/4923/4808 4575/4922/4807 4519/4924/4809
f 4518/4923/4808 4519/4924/4809 4462/4925/4810
f 4462/4925/4810 4519/4924/4809 4463/4926/4811
f 4462/4925/4810 4463/4926/4811 4425/4927/4729
f 4425/4927/4729 4463/4926/4811 4464/4928/4812
f 4425/4927/4729 4464/4928/4812 4465/4929/4813
f 4465/4929/4813 4464/4928/4812 4521/4930/4814
f 4465/4929/4813 4521/4930/4814 4522/4931/4815
f 4522/4931/4815 4521/4930/4814 4578/4932/4816
f 4522/4931/4815 4578/4932/4816 4579/4933/4817
f 4579/4933/4817 4578/4932/4816 4635/4934/4818
f 4579/4933/4817 4635/4934/4818 4636/4935/4819
f 4636/4935/4819 4635/4934/4818 4692/4936/4820
f 4636/4935/4819 4692/4936/4820 4693/4937/4821
f 4693/4937/4821 4692/4936/4820 1567/4916/1536
f 4693/4937/4821 1567/4916/1536 4694/4938/4822
f 4694/4938/4822 1567/4916/1536 4695/4939/4823
f 4694/4938/4822 4695/4939/4823 4638/4940/4824
f 4638/4940/4824 4695/4939/4823 4639/4941/4825
f 4638/4940/4824 4639/4941/4825 4582/4942/4826
f 4582/4942/4826 4639/4941/4825 4583/4943/4827
f 4582/4942/4826 4583/4943/4827 4526/4944/4828
f 4526/4944/4828 4583/4943/4827 4527/4945/4829
f 4526/4944/4828 4527/4945/4829 4470/4946/4830
f 4470/4946/4830 4527/4945/4829 4471/4947/4831
f 4470/4946/4830 4471/4947/4831 4425/4927/4729
f 4425/4927/4729 4471/4947/4831 4472/4948/4832
f 4425/4927/4729 4472/4948/4832 4473/4949/4833
f 4473/4949/4833 4472/4948/4832 4529/4950/4834
f 4473/4949/4833 4529/4950/4834 4530/4951/4835
f 4530/4951/4835 4529/4950/4834 4586/4952/4836
f 4530/4951/4835 4586/4952/4836 4587/4953/4837
f 4587/4953/4837 4586/4952/4836 4643/4954/4838
f 4587/4953/4837 4643/4954/4838 4644/4955/4839
f 4644/4955/4839 4643/4954/4838 4700/4956/4840
f 4644/4955/4839 4700/4956/4840 4701/4957/4841
f 4701/4957/4841 4700/4956/4840 1567/4916/1536
f 4701/4957/4841 1567/4916/1536 4702/4958/4842
f 4702/4958/4842 1567/4916/1536 4703/4959/4843
f 4702/4958/4842 4703/4959/4843 4646/4960/4844
f 4646/4960/4844 4703/4959/4843 4647/4961/4845
f 4646/4960/4844 4647/4961/4845 4590/4962/4846
f 4590/4962/4846 4647/4961/4845 4591/4963/4847
f 4590/4962/4846 4591/4963/4847 4534/4964/4848
f 4534/4964/4848 4591/4963/4847 4535/4965/4849
f 4534/4964/4848 4535/4965/4849 4478/4966/4850
f 4478/4966/4850 4535/4965/4849 4479/4967/4851
f 4478/4966/4850 4479/4967/4851 4425/4927/4729
f 4425/4927/4729 4479/4967/4851 4480/4968/4852
f 4425/4927/4729 4480/4968/4852 4481/4969/4853
f 4481/4969/4853 4480/4968/4852 4537/4970/4854
f 4481/4969/4853 4537/4970/4854 4538/4971/4855
f 4538/4971/4855 4537/4970/4854 4594/4972/4856
f 4538/4971/4855 4594/4972/4856 4595/4973/4857
f 4595/4973/4857 4594/4972/4856 4651/4974/4858
f 4595/4973/4857 4651/4974/4858 4652/4975/4859
f 4652/4975/4859 4651/4974/4858 4708/4976/4860
f 4652/4975/4859 4708/4976/4860 4709/4977/4861
f 4709/4977/4861 4708/4976/4860 1567/4916/1536
f 4709/4977/4861 1567/4916/1536 4710/4978/4862
f 4710/4978/4862 1567/4916/1536 4426/4979/4863
f 4710/4978/4862 4426/4979/4863 4654/4980/4864
f 4654/4980/4864 4426/4979/4863 4427/4981/4865
f 4654/4980/4864 4427/4981/4865 4598/4982/4866
f 4598/4982/4866 4427/4981/4865 4428/4983/4867
f 4598/4982/4866 4428/4983/4867 4542/4984/4868
f 4542/4984/4868 4428/4983/4867 4429/4985/4869
f 4542/4984/4868 4429/4985/4869 4486/4986/4870
f 4486/4986/4870 4429/4985/4869 4430/4987/4871
f 4486/4986/4870 4430/4987/4871 4425/4927/4729
f 4431/4843/4731 55/4842/4730 4487/4988/4872
f 4487/4988/4872 55/4842/4730 54/4989/4873
f 4487/4988/4872 54/4989/4873 4543/4990/4874
f 4543/4990/4874 54/4989/4873 53/4991/4875
f 4543/4990/4874 53/4991/4875 4599/4992/4876
f 4599/4992/4876 53/4991/4875 52/4993/4877
f 4599/4992/4876 52/4993/4877 4655/4994/4878
f 4655/4994/4878 52/4993/4877 51/4995/4879
f 4655/4994/4878 51/4995/4879 50/4855/1538
f 1567/4916/1536 4682/4996/4880 50/4855/1538
f 50/4855/1538 4682/4996/4880 4681/4997/4881
f 50/4855/1538 4681/4997/4881 4680/4998/4882
f 4680/4998/4882 4681/4997/4881 4624/4999/4883
f 4680/4998/4882 4624/4999/4883 4623/4899/4785
f 4623/4899/4785 4624/4999/4883 4567/4901/4787
f 56/4844/4728 4459/5000/4884 4425/4927/4729
f 4425/4927/4729 4459/5000/4884 4460/5001/4885
f 4425/4927/4729 4460/5001/4885 4461/5002/4886
f 4461/5002/4886 4460/5001/4885 4517/5003/4887
f 4461/5002/4886 4517/5003/4887 4518/4923/4808
f 4518/4923/4808 4517/5003/4887 4574/4921/4806
f 4432/4845/4732 4431/4843/4731 4488/5004/4888
f 4488/5004/4888 4431/4843/4731 4487/4988/4872
f 4488/5004/4888 4487/4988/4872 4544/5005/4889
f 4544/5005/4889 4487/4988/4872 4543/4990/4874
f 4544/5005/4889 4543/4990/4874 4600/5006/4890
f 4600/5006/4890 4543/4990/4874 4599/4992/4876
f 4600/5006/4890 4599/4992/4876 4656/5007/4891
f 4656/5007/4891 4599/4992/4876 4655/4994/4878
f 4656/5007/4891 4655/4994/4878 50/4855/1538
f 4433/4846/4733 4434/5008/4892 56/4844/4728
f 56/4844/4728 4434/5008/4892 4435/5009/4893
f 56/4844/4728 4435/5009/4893 4436/5010/4894
f 4436/5010/4894 4435/5009/4893 4492/5011/4895
f 4436/5010/4894 4492/5011/4895 4493/5012/4896
f 4493/5012/4896 4492/5011/4895 4549/5013/4897
f 4493/5012/4896 4549/5013/4897 4550/4860/4746
f 4550/4860/4746 4549/5013/4897 4606/4858/4744
f 4433/4846/4733 4490/4848/4735 4434/5008/4892
f 4434/5008/4892 4490/4848/4735 4491/5014/4898
f 4434/5008/4892 4491/5014/4898 4435/5009/4893
f 4435/5009/4893 4491/5014/4898 4492/5011/4895
f 4438/4864/4750 56/4844/4728 4437/5015/4899
f 4437/5015/4899 56/4844/4728 4436/5010/4894
f 4437/5015/4899 4436/5010/4894 4493/5012/4896
f 4494/4862/4748 4438/4864/4750 4437/5015/4899
f 4494/4862/4748 4437/5015/4899 4493/5012/4896
f 4440/4866/4752 4439/4865/4751 4496/5016/4900
f 4496/5016/4900 4439/4865/4751 4495/4863/4749
f 4496/5016/4900 4495/4863/4749 4552/5017/4901
f 4552/5017/4901 4495/4863/4749 4551/4861/4747
f 4552/5017/4901 4551/4861/4747 4608/5018/4902
f 4608/5018/4902 4551/4861/4747 4607/4859/4745
f 4608/5018/4902 4607/4859/4745 4664/5019/4903
f 4664/5019/4903 4607/4859/4745 4663/4857/4743
f 4664/5019/4903 4663/4857/4743 50/4855/1538
f 4441/4867/4753 4442/5020/4904 56/4844/4728
f 56/4844/4728 4442/5020/4904 4443/5021/4905
f 56/4844/4728 4443/5021/4905 4444/5022/4906
f 4444/5022/4906 4443/5021/4905 4500/5023/4907
f 4444/5022/4906 4500/5023/4907 4501/5024/4908
f 4501/5024/4908 4500/5023/4907 4557/5025/4909
f 4501/5024/4908 4557/5025/4909 4558/4880/4766
f 4558/4880/4766 4557/5025/4909 4614/4878/4764
f 4441/4867/4753 4498/4869/4755 4442/5020/4904
f 4442/5020/4904 4498/4869/4755 4499/5026/4910
f 4442/5020/4904 4499/5026/4910 4443/5021/4905
f 4443/5021/4905 4499/5026/4910 4500/5023/4907
f 4446/4884/4770 56/4844/4728 4445/5027/4911
f 4445/5027/4911 56/4844/4728 4444/5022/4906
f 4445/5027/4911 4444/5022/4906 4501/5024/4908
f 4502/4882/4768 4446/4884/4770 4445/5027/4911
f 4502/4882/4768 4445/5027/4911 4501/5024/4908
f 4448/4886/4772 4447/4885/4771 4504/5028/4912
f 4504/5028/4912 4447/4885/4771 4503/4883/4769
f 4504/5028/4912 4503/4883/4769 4560/5029/4913
f 4560/5029/4913 4503/4883/4769 4559/4881/4767
f 4560/5029/4913 4559/4881/4767 4616/5030/4914
f 4616/5030/4914 4559/4881/4767 4615/4879/4765
f 4616/5030/4914 4615/4879/4765 4672/5031/4915
f 4672/5031/4915 4615/4879/4765 4671/4877/4763
f 4672/5031/4915 4671/4877/4763 50/4855/1538
f 4449/4887/4773 4450/5032/4916 56/4844/4728
f 56/4844/4728 4450/5032/4916 4451/5033/4917
f 56/4844/4728 4451/5033/4917 4452/5034/4918
f 4452/5034/4918 4451/5033/4917 4508/5035/4919
f 4452/5034/4918 4508/5035/4919 4509/5036/4920
f 4509/5036/4920 4508/5035/4919 4565/5037/4921
f 4509/5036/4920 4565/5037/4921 4566/4900/4786
f 4566/4900/4786 4565/5037/4921 4622/4898/4784
f 4449/4887/4773 4506/4889/4775 4450/5032/4916
f 4450/5032/4916 4506/4889/4775 4507/5038/4922
f 4450/5032/4916 4507/5038/4922 4451/5033/4917
f 4451/5033/4917 4507/5038/4922 4508/5035/4919
f 4454/4904/4790 56/4844/4728 4453/5039/4923
f 4453/5039/4923 56/4844/4728 4452/5034/4918
f 4453/5039/4923 4452/5034/4918 4509/5036/4920
f 4510/4902/4788 4454/4904/4790 4453/5039/4923
f 4510/4902/4788 4453/5039/4923 4509/5036/4920
f 4456/4906/4792 4455/4905/4791 4512/5040/4924
f 4512/5040/4924 4455/4905/4791 4511/4903/4789
f 4512/5040/4924 4511/4903/4789 4568/5041/4925
f 4568/5041/4925 4511/4903/4789 4567/4901/4787
f 4568/5041/4925 4567/4901/4787 4624/4999/4883
f 4459/5000/4884 56/4844/4728 4458/5042/4926
f 4458/5042/4926 56/4844/4728 4457/4907/4793
f 4458/5042/4926 4457/4907/4793 4514/4909/4795
f 4459/5000/4884 4458/5042/4926 4515/5043/4927
f 4515/5043/4927 4458/5042/4926 4514/4909/4795
f 4515/5043/4927 4514/4909/4795 4571/4911/4797
f 4462/4925/4810 4425/4927/4729 4461/5002/4886
f 4460/5001/4885 4459/5000/4884 4516/5044/4928
f 4516/5044/4928 4459/5000/4884 4515/5043/4927
f 4516/5044/4928 4515/5043/4927 4572/5045/4929
f 4572/5045/4929 4515/5043/4927 4571/4911/4797
f 4572/5045/4929 4571/4911/4797 4628/4913/4799
f 4518/4923/4808 4462/4925/4810 4461/5002/4886
f 4464/4928/4812 4463/4926/4811 4520/5046/4930
f 4520/5046/4930 4463/4926/4811 4519/4924/4809
f 4520/5046/4930 4519/4924/4809 4576/5047/4931
f 4576/5047/4931 4519/4924/4809 4575/4922/4807
f 4576/5047/4931 4575/4922/4807 4632/5048/4932
f 4632/5048/4932 4575/4922/4807 4631/4920/4805
f 4632/5048/4932 4631/4920/4805 4688/5049/4933
f 4688/5049/4933 4631/4920/4805 4687/4918/4803
f 4688/5049/4933 4687/4918/4803 1567/4916/1536
f 4465/4929/4813 4466/5050/4934 4425/4927/4729
f 4425/4927/4729 4466/5050/4934 4467/5051/4935
f 4425/4927/4729 4467/5051/4935 4468/5052/4936
f 4468/5052/4936 4467/5051/4935 4524/5053/4937
f 4468/5052/4936 4524/5053/4937 4525/5054/4938
f 4525/5054/4938 4524/5053/4937 4581/5055/4939
f 4525/5054/4938 4581/5055/4939 4582/4942/4826
f 4582/4942/4826 4581/5055/4939 4638/4940/4824
f 4465/4929/4813 4522/4931/4815 4466/5050/4934
f 4466/5050/4934 4522/4931/4815 4523/5056/4940
f 4466/5050/4934 4523/5056/4940 4467/5051/4935
f 4467/5051/4935 4523/5056/4940 4524/5053/4937
f 4470/4946/4830 4425/4927/4729 4469/5057/4941
f 4469/5057/4941 4425/4927/4729 4468/5052/4936
f 4469/5057/4941 4468/5052/4936 4525/5054/4938
f 4526/4944/4828 4470/4946/4830 4469/5057/4941
f 4526/4944/4828 4469/5057/4941 4525/5054/4938
f 4472/4948/4832 4471/4947/4831 4528/5058/4942
f 4528/5058/4942 4471/4947/4831 4527/4945/4829
f 4528/5058/4942 4527/4945/4829 4584/5059/4943
f 4584/5059/4943 4527/4945/4829 4583/4943/4827
f 4584/5059/4943 4583/4943/4827 4640/5060/4944
f 4640/5060/4944 4583/4943/4827 4639/4941/4825
f 4640/5060/4944 4639/4941/4825 4696/5061/4945
f 4696/5061/4945 4639/4941/4825 4695/4939/4823
f 4696/5061/4945 4695/4939/4823 1567/4916/1536
f 4473/4949/4833 4474/5062/4946 4425/4927/4729
f 4425/4927/4729 4474/5062/4946 4475/5063/4947
f 4425/4927/4729 4475/5063/4947 4476/5064/4948
f 4476/5064/4948 4475/5063/4947 4532/5065/4949
f 4476/5064/4948 4532/5065/4949 4533/5066/4950
f 4533/5066/4950 4532/5065/4949 4589/5067/4951
f 4533/5066/4950 4589/5067/4951 4590/4962/4846
f 4590/4962/4846 4589/5067/4951 4646/4960/4844
f 4473/4949/4833 4530/4951/4835 4474/5062/4946
f 4474/5062/4946 4530/4951/4835 4531/5068/4952
f 4474/5062/4946 4531/5068/4952 4475/5063/4947
f 4475/5063/4947 4531/5068/4952 4532/5065/4949
f 4478/4966/4850 4425/4927/4729 4477/5069/4953
f 4477/5069/4953 4425/4927/4729 4476/5064/4948
f 4477/5069/4953 4476/5064/4948 4533/5066/4950
f 4534/4964/4848 4478/4966/4850 4477/5069/4953
f 4534/4964/4848 4477/5069/4953 4533/5066/4950
f 4480/4968/4852 4479/4967/4851 4536/5070/4954
f 4536/5070/4954 4479/4967/4851 4535/4965/4849
f 4536/5070/4954 4535/4965/4849 4592/5071/4955
f 4592/5071/4955 4535/4965/4849 4591/4963/4847
f 4592/5071/4955 4591/4963/4847 4648/5072/4956
f 4648/5072/4956 4591/4963/4847 4647/4961/4845
f 4648/5072/4956 4647/4961/4845 4704/5073/4957
f 4704/5073/4957 4647/4961/4845 4703/4959/4843
f 4704/5073/4957 4703/4959/4843 1567/4916/1536
f 4481/4969/4853 4482/5074/4958 4425/4927/4729
f 4425/4927/4729 4482/5074/4958 4483/5075/4959
f 4425/4927/4729 4483/5075/4959 4484/5076/4960
f 4484/5076/4960 4483/5075/4959 4540/5077/4961
f 4484/5076/4960 4540/5077/4961 4541/5078/4962
f 4541/5078/4962 4540/5077/4961 4597/5079/4963
f 4541/5078/4962 4597/5079/4963 4598/4982/4866
f 4598/4982/4866 4597/5079/4963 4654/4980/4864
f 4481/4969/4853 4538/4971/4855 4482/5074/4958
f 4482/5074/4958 4538/4971/4855 4539/5080/4964
f 4482/5074/4958 4539/5080/4964 4483/5075/4959
f 4483/5075/4959 4539/5080/4964 4540/5077/4961
f 4486/4986/4870 4425/4927/4729 4485/5081/4965
f 4485/5081/4965 4425/4927/4729 4484/5076/4960
f 4485/5081/4965 4484/5076/4960 4541/5078/4962
f 4542/4984/4868 4486/4986/4870 4485/5081/4965
f 4542/4984/4868 4485/5081/4965 4541/5078/4962
f 4432/4845/4732 4488/5004/4888 4489/4847/4734
f 4489/4847/4734 4488/5004/4888 4545/5082/4966
f 4489/4847/4734 4545/5082/4966 4546/4849/4736
f 4546/4849/4736 4545/5082/4966 4602/5083/4967
f 4546/4849/4736 4602/5083/4967 4603/4851/4738
f 4603/4851/4738 4602/5083/4967 4659/5084/4968
f 4603/4851/4738 4659/5084/4968 4660/4853/4740
f 4660/4853/4740 4659/5084/4968 50/4855/1538
f 4545/5082/4966 4488/5004/4888 4544/5005/4889
f 4490/4848/4735 4547/4850/4737 4491/5014/4898
f 4491/5014/4898 4547/4850/4737 4548/5085/4969
f 4491/5014/4898 4548/5085/4969 4492/5011/4895
f 4492/5011/4895 4548/5085/4969 4549/5013/4897
f 4550/4860/4746 4494/4862/4748 4493/5012/4896
f 4440/4866/4752 4496/5016/4900 4497/4868/4754
f 4497/4868/4754 4496/5016/4900 4553/5086/4970
f 4497/4868/4754 4553/5086/4970 4554/4870/4756
f 4554/4870/4756 4553/5086/4970 4610/5087/4971
f 4554/4870/4756 4610/5087/4971 4611/4872/4758
f 4611/4872/4758 4610/5087/4971 4667/5088/4972
f 4611/4872/4758 4667/5088/4972 4668/4874/4760
f 4668/4874/4760 4667/5088/4972 50/4855/1538
f 4553/5086/4970 4496/5016/4900 4552/5017/4901
f 4498/4869/4755 4555/4871/4757 4499/5026/4910
f 4499/5026/4910 4555/4871/4757 4556/5089/4973
f 4499/5026/4910 4556/5089/4973 4500/5023/4907
f 4500/5023/4907 4556/5089/4973 4557/5025/4909
f 4558/4880/4766 4502/4882/4768 4501/5024/4908
f 4448/4886/4772 4504/5028/4912 4505/4888/4774
f 4505/4888/4774 4504/5028/4912 4561/5090/4974
f 4505/4888/4774 4561/5090/4974 4562/4890/4776
f 4562/4890/4776 4561/5090/4974 4618/5091/4975
f 4562/4890/4776 4618/5091/4975 4619/4892/4778
f 4619/4892/4778 4618/5091/4975 4675/5092/4976
f 4619/4892/4778 4675/5092/4976 4676/4894/4780
f 4676/4894/4780 4675/5092/4976 50/4855/1538
f 4561/5090/4974 4504/5028/4912 4560/5029/4913
f 4506/4889/4775 4563/4891/4777 4507/5038/4922
f 4507/5038/4922 4563/4891/4777 4564/5093/4977
f 4507/5038/4922 4564/5093/4977 4508/5035/4919
f 4508/5035/4919 4564/5093/4977 4565/5037/4921
f 4566/4900/4786 4510/4902/4788 4509/5036/4920
f 4456/4906/4792 4512/5040/4924 4513/4908/4794
f 4513/4908/4794 4512/5040/4924 4569/5094/4978
f 4513/4908/4794 4569/5094/4978 4570/4910/4796
f 4570/4910/4796 4569/5094/4978 4626/5095/4979
f 4570/4910/4796 4626/5095/4979 4627/4912/4798
f 4627/4912/4798 4626/5095/4979 4683/5096/4980
f 4627/4912/4798 4683/5096/4980 4684/4914/4800
f 4684/4914/4800 4683/5096/4980 1567/4916/1536
f 4569/5094/4978 4512/5040/4924 4568/5041/4925
f 4460/5001/4885 4516/5044/4928 4517/5003/4887
f 4517/5003/4887 4516/5044/4928 4573/5097/4981
f 4517/5003/4887 4573/5097/4981 4574/4921/4806
f 4574/4921/4806 4573/5097/4981 4630/4919/4804
f 4573/5097/4981 4516/5044/4928 4572/5045/4929
f 4464/4928/4812 4520/5046/4930 4521/4930/4814
f 4521/4930/4814 4520/5046/4930 4577/5098/4982
f 4521/4930/4814 4577/5098/4982 4578/4932/4816
f 4578/4932/4816 4577/5098/4982 4634/5099/4983
f 4578/4932/4816 4634/5099/4983 4635/4934/4818
f 4635/4934/4818 4634/5099/4983 4691/5100/4984
f 4635/4934/4818 4691/5100/4984 4692/4936/4820
f 4692/4936/4820 4691/5100/4984 1567/4916/1536
f 4577/5098/4982 4520/5046/4930 4576/5047/4931
f 4522/4931/4815 4579/4933/4817 4523/5056/4940
f 4523/5056/4940 4579/4933/4817 4580/5101/4985
f 4523/5056/4940 4580/5101/4985 4524/5053/4937
f 4524/5053/4937 4580/5101/4985 4581/5055/4939
f 4582/4942/4826 4526/4944/4828 4525/5054/4938
f 4472/4948/4832 4528/5058/4942 4529/4950/4834
f 4529/4950/4834 4528/5058/4942 4585/5102/4986
f 4529/4950/4834 4585/5102/4986 4586/4952/4836
f 4586/4952/4836 4585/5102/4986 4642/5103/4987
f 4586/4952/4836 4642/5103/4987 4643/4954/4838
f 4643/4954/4838 4642/5103/4987 4699/5104/4988
f 4643/4954/4838 4699/5104/4988 4700/4956/4840
f 4700/4956/4840 4699/5104/4988 1567/4916/1536
f 4585/5102/4986 4528/5058/4942 4584/5059/4943
f 4530/4951/4835 4587/4953/4837 4531/5068/4952
f 4531/5068/4952 4587/4953/4837 4588/5105/4989
f 4531/5068/4952 4588/5105/4989 4532/5065/4949
f 4532/5065/4949 4588/5105/4989 4589/5067/4951
f 4590/4962/4846 4534/4964/4848 4533/5066/4950
f 4480/4968/4852 4536/5070/4954 4537/4970/4854
f 4537/4970/4854 4536/5070/4954 4593/5106/4990
f 4537/4970/4854 4593/5106/4990 4594/4972/4856
f 4594/4972/4856 4593/5106/4990 4650/5107/4991
f 4594/4972/4856 4650/5107/4991 4651/4974/4858
f 4651/4974/4858 4650/5107/4991 4707/5108/4992
f 4651/4974/4858 4707/5108/4992 4708/4976/4860
f 4708/4976/4860 4707/5108/4992 1567/4916/1536
f 4593/5106/4990 4536/5070/4954 4592/5071/4955
f 4538/4971/4855 4595/4973/4857 4539/5080/4964
f 4539/5080/4964 4595/4973/4857 4596/5109/4993
f 4539/5080/4964 4596/5109/4993 4540/5077/4961
f 4540/5077/4961 4596/5109/4993 4597/5079/4963
f 4598/4982/4866 4542/4984/4868 4541/5078/4962
f 4545/5082/4966 4544/5005/4889 4601/5110/4994
f 4601/5110/4994 4544/5005/4889 4600/5006/4890
f 4601/5110/4994 4600/5006/4890 4657/5111/4995
f 4657/5111/4995 4600/5006/4890 4656/5007/4891
f 4657/5111/4995 4656/5007/4891 50/4855/1538
f 4547/4850/4737 4604/4852/4739 4548/5085/4969
f 4548/5085/4969 4604/4852/4739 4605/5112/4996
f 4548/5085/4969 4605/5112/4996 4549/5013/4897
f 4549/5013/4897 4605/5112/4996 4606/4858/4744
f 4553/5086/4970 4552/5017/4901 4609/5113/4997
f 4609/5113/4997 4552/5017/4901 4608/5018/4902
f 4609/5113/4997 4608/5018/4902 4665/5114/4998
f 4665/5114/4998 4608/5018/4902 4664/5019/4903
f 4665/5114/4998 4664/5019/4903 50/4855/1538
f 4555/4871/4757 4612/4873/4759 4556/5089/4973
f 4556/5089/4973 4612/4873/4759 4613/5115/4999
f 4556/5089/4973 4613/5115/4999 4557/5025/4909
f 4557/5025/4909 4613/5115/4999 4614/4878/4764
f 4561/5090/4974 4560/5029/4913 4617/5116/5000
f 4617/5116/5000 4560/5029/4913 4616/5030/4914
f 4617/5116/5000 4616/5030/4914 4673/5117/5001
f 4673/5117/5001 4616/5030/4914 4672/5031/4915
f 4673/5117/5001 4672/5031/4915 50/4855/1538
f 4563/4891/4777 4620/4893/4779 4564/5093/4977
f 4564/5093/4977 4620/4893/4779 4621/5118/5002
f 4564/5093/4977 4621/5118/5002 4565/5037/4921
f 4565/5037/4921 4621/5118/5002 4622/4898/4784
f 4569/5094/4978 4568/5041/4925 4625/5119/5003
f 4625/5119/5003 4568/5041/4925 4624/4999/4883
f 4625/5119/5003 4624/4999/4883 4681/4997/4881
f 4573/5097/4981 4572/5045/4929 4629/5120/5004
f 4629/5120/5004 4572/5045/4929 4628/4913/4799
f 4629/5120/5004 4628/4913/4799 4685/4915/4801
f 4577/5098/4982 4576/5047/4931 4633/5121/5005
f 4633/5121/5005 4576/5047/4931 4632/5048/4932
f 4633/5121/5005 4632/5048/4932 4689/5122/5006
f 4689/5122/5006 4632/5048/4932 4688/5049/4933
f 4689/5122/5006 4688/5049/4933 1567/4916/1536
f 4579/4933/4817 4636/4935/4819 4580/5101/4985
f 4580/5101/4985 4636/4935/4819 4637/5123/5007
f 4580/5101/4985 4637/5123/5007 4581/5055/4939
f 4581/5055/4939 4637/5123/5007 4638/4940/4824
f 4585/5102/4986 4584/5059/4943 4641/5124/5008
f 4641/5124/5008 4584/5059/4943 4640/5060/4944
f 4641/5124/5008 4640/5060/4944 4697/5125/5009
f 4697/5125/5009 4640/5060/4944 4696/5061/4945
f 4697/5125/5009 4696/5061/4945 1567/4916/1536
f 4587/4953/4837 4644/4955/4839 4588/5105/4989
f 4588/5105/4989 4644/4955/4839 4645/5126/5010
f 4588/5105/4989 4645/5126/5010 4589/5067/4951
f 4589/5067/4951 4645/5126/5010 4646/4960/4844
f 4593/5106/4990 4592/5071/4955 4649/5127/5011
f 4649/5127/5011 4592/5071/4955 4648/5072/4956
f 4649/5127/5011 4648/5072/4956 4705/5128/5012
f 4705/5128/5012 4648/5072/4956 4704/5073/4957
f 4705/5128/5012 4704/5073/4957 1567/4916/1536
f 4595/4973/4857 4652/4975/4859 4596/5109/4993
f 4596/5109/4993 4652/4975/4859 4653/5129/5013
f 4596/5109/4993 4653/5129/5013 4597/5079/4963
f 4597/5079/4963 4653/5129/5013 4654/4980/4864
f 4545/5082/4966 4601/5110/4994 4602/5083/4967
f 4602/5083/4967 4601/5110/4994 4658/5130/5014
f 4602/5083/4967 4658/5130/5014 4659/5084/4968
f 4659/5084/4968 4658/5130/5014 50/4855/1538
f 4658/5130/5014 4601/5110/4994 4657/5111/4995
f 4662/4856/4742 4606/4858/4744 4605/5112/4996
f 4662/4856/4742 4605/5112/4996 4661/4854/4741
f 4661/4854/4741 4605/5112/4996 4604/4852/4739
f 4553/5086/4970 4609/5113/4997 4610/5087/4971
f 4610/5087/4971 4609/5113/4997 4666/5131/5015
f 4610/5087/4971 4666/5131/5015 4667/5088/4972
f 4667/5088/4972 4666/5131/5015 50/4855/1538
f 4666/5131/5015 4609/5113/4997 4665/5114/4998
f 4670/4876/4762 4614/4878/4764 4613/5115/4999
f 4670/4876/4762 4613/5115/4999 4669/4875/4761
f 4669/4875/4761 4613/5115/4999 4612/4873/4759
f 4561/5090/4974 4617/5116/5000 4618/5091/4975
f 4618/5091/4975 4617/5116/5000 4674/5132/5016
f 4618/5091/4975 4674/5132/5016 4675/5092/4976
f 4675/5092/4976 4674/5132/5016 50/4855/1538
f 4674/5132/5016 4617/5116/5000 4673/5117/5001
f 4678/4896/4782 4622/4898/4784 4621/5118/5002
f 4678/4896/4782 4621/5118/5002 4677/4895/4781
f 4677/4895/4781 4621/5118/5002 4620/4893/4779
f 4680/4998/4882 4623/4899/4785 4679/4897/4783
f 4569/5094/4978 4625/5119/5003 4626/5095/4979
f 4626/5095/4979 4625/5119/5003 4682/4996/4880
f 4626/5095/4979 4682/4996/4880 4683/5096/4980
f 4683/5096/4980 4682/4996/4880 1567/4916/1536
f 4682/4996/4880 4625/5119/5003 4681/4997/4881
f 4686/4917/4802 4630/4919/4804 4629/5120/5004
f 4629/5120/5004 4630/4919/4804 4573/5097/4981
f 4686/4917/4802 4629/5120/5004 4685/4915/4801
f 4577/5098/4982 4633/5121/5005 4634/5099/4983
f 4634/5099/4983 4633/5121/5005 4690/5133/5017
f 4634/5099/4983 4690/5133/5017 4691/5100/4984
f 4691/5100/4984 4690/5133/5017 1567/4916/1536
f 4690/5133/5017 4633/5121/5005 4689/5122/5006
f 4694/4938/4822 4638/4940/4824 4637/5123/5007
f 4694/4938/4822 4637/5123/5007 4693/4937/4821
f 4693/4937/4821 4637/5123/5007 4636/4935/4819
f 4585/5102/4986 4641/5124/5008 4642/5103/4987
f 4642/5103/4987 4641/5124/5008 4698/5134/5018
f 4642/5103/4987 4698/5134/5018 4699/5104/4988
f 4699/5104/4988 4698/5134/5018 1567/4916/1536
f 4698/5134/5018 4641/5124/5008 4697/5125/5009
f 4702/4958/4842 4646/4960/4844 4645/5126/5010
f 4702/4958/4842 4645/5126/5010 4701/4957/4841
f 4701/4957/4841 4645/5126/5010 4644/4955/4839
f 4593/5106/4990 4649/5127/5011 4650/5107/4991
f 4650/5107/4991 4649/5127/5011 4706/5135/5019
f 4650/5107/4991 4706/5135/5019 4707/5108/4992
f 4707/5108/4992 4706/5135/5019 1567/4916/1536
f 4706/5135/5019 4649/5127/5011 4705/5128/5012
f 4710/4978/4862 4654/4980/4864 4653/5129/5013
f 4710/4978/4862 4653/5129/5013 4709/4977/4861
f 4709/4977/4861 4653/5129/5013 4652/4975/4859
f 50/4855/1538 4658/5130/5014 4657/5111/4995
f 50/4855/1538 4666/5131/5015 4665/5114/4998
f 50/4855/1538 4674/5132/5016 4673/5117/5001
f 50/4855/1538 4680/4998/4882 4679/4897/4783
f 1567/4916/1536 4690/5133/5017 4689/5122/5006
f 1567/4916/1536 4698/5134/5018 4697/5125/5009
f 1567/4916/1536 4706/5135/5019 4705/5128/5012
f 46/5136/5020 4716/5137/5021 47/5138/2747
f 47/5138/2747 4716/5137/5021 4717/5139/5022
f 47/5138/2747 4717/5139/5022 4718/5140/5023
f 4718/5140/5023 4717/5139/5022 4746/5141/5024
f 4718/5140/5023 4746/5141/5024 4747/5142/5025
f 4747/5142/5025 4746/5141/5024 4775/5143/5026
f 4747/5142/5025 4775/5143/5026 4776/5144/5027
f 4776/5144/5027 4775/5143/5026 4804/5145/5028
f 4776/5144/5027 4804/5145/5028 4805/5146/5029
f 4805/5146/5029 4804/5145/5028 4833/5147/5030
f 4805/5146/5029 4833/5147/5030 4834/5148/5031
f 4834/5148/5031 4833/5147/5030 41/5149/143
f 4834/5148/5031 41/5149/143 4835/5150/5032
f 4835/5150/5032 41/5149/143 4836/5151/5033
f 4835/5150/5032 4836/5151/5033 4807/5152/5034
f 4807/5152/5034 4836/5151/5033 4808/5153/5035
f 4807/5152/5034 4808/5153/5035 4779/5154/5036
f 4779/5154/5036 4808/5153/5035 4780/5155/5037
f 4779/5154/5036 4780/5155/5037 4751/5156/5038
f 4751/5156/5038 4780/5155/5037 4752/5157/5039
f 4751/5156/5038 4752/5157/5039 4723/5158/5040
f 4723/5158/5040 4752/5157/5039 4724/5159/5041
f 4723/5158/5040 4724/5159/5041 47/5138/2747
f 47/5138/2747 4724/5159/5041 4725/5160/5042
f 47/5138/2747 4725/5160/5042 4726/5161/5043
f 4726/5161/5043 4725/5160/5042 4754/5162/5044
f 4726/5161/5043 4754/5162/5044 4755/5163/5045
f 4755/5163/5045 4754/5162/5044 4783/5164/5046
f 4755/5163/5045 4783/5164/5046 4784/5165/5047
f 4784/5165/5047 4783/5164/5046 4812/5166/5048
f 4784/5165/5047 4812/5166/5048 4813/5167/5049
f 4813/5167/5049 4812/5166/5048 4841/5168/5050
f 4813/5167/5049 4841/5168/5050 4842/5169/5051
f 4842/5169/5051 4841/5168/5050 140/5170/144
f 4842/5169/5051 140/5170/144 4843/5171/5052
f 4843/5171/5052 140/5170/144 4844/5172/5053
f 4843/5171/5052 4844/5172/5053 4815/5173/5054
f 4815/5173/5054 4844/5172/5053 4816/5174/5055
f 4815/5173/5054 4816/5174/5055 4787/5175/5056
f 4787/5175/5056 4816/5174/5055 4788/5176/5057
f 4787/5175/5056 4788/5176/5057 4759/5177/5058
f 4759/5177/5058 4788/5176/5057 4760/5178/5059
f 4759/5177/5058 4760/5178/5059 4731/5179/5060
f 4731/5179/5060 4760/5178/5059 4732/5180/5061
f 4731/5179/5060 4732/5180/5061 2642/5181/2748
f 2642/5181/2748 4732/5180/5061 4733/5182/5062
f 2642/5181/2748 4733/5182/5062 4734/5183/5063
f 4734/5183/5063 4733/5182/5062 4762/5184/5064
f 4734/5183/5063 4762/5184/5064 4763/5185/5065
f 4763/5185/5065 4762/5184/5064 4791/5186/5066
f 4763/5185/5065 4791/5186/5066 4792/5187/5067
f 4792/5187/5067 4791/5186/5066 4820/5188/5068
f 4792/5187/5067 4820/5188/5068 4821/5189/5069
f 4821/5189/5069 4820/5188/5068 4849/5190/5070
f 4821/5189/5069 4849/5190/5070 4850/5191/5071
f 4850/5191/5071 4849/5190/5070 140/5170/144
f 4850/5191/5071 140/5170/144 4851/5192/5072
f 4851/5192/5072 140/5170/144 4852/5193/5073
f 4851/5192/5072 4852/5193/5073 4823/5194/5074
f 4823/5194/5074 4852/5193/5073 4824/5195/5075
f 4823/5194/5074 4824/5195/5075 4795/5196/5076
f 4795/5196/5076 4824/5195/5075 4796/5197/5077
f 4795/5196/5076 4796/5197/5077 4767/5198/5078
f 4767/5198/5078 4796/5197/5077 4768/5199/5079
f 4767/5198/5078 4768/5199/5079 4739/5200/5080
f 4739/5200/5080 4768/5199/5079 4740/5201/5081
f 4739/5200/5080 4740/5201/5081 2642/5181/2748
f 2642/5181/2748 4740/5201/5081 4741/5202/5082
f 2642/5181/2748 4741/5202/5082 4742/5203/5083
f 4742/5203/5083 4741/5202/5082 4770/5204/5084
f 4742/5203/5083 4770/5204/5084 4771/5205/5085
f 4771/5205/5085 4770/5204/5084 4799/5206/5086
f 4771/5205/5085 4799/5206/5086 4713/5207/5087
f 4713/5207/5087 4799/5206/5086 4712/5208/5088
f 4712/5208/5088 4799/5206/5086 4827/5209/5089
f 4712/5208/5088 4827/5209/5089 4711/5210/5090
f 4711/5210/5090 4827/5209/5089 4855/5211/5091
f 4711/5210/5090 4855/5211/5091 140/5170/144
f 140/5170/144 4855/5211/5091 4854/5212/5092
f 140/5170/144 4854/5212/5092 4853/5213/5093
f 4853/5213/5093 4854/5212/5092 4825/5214/5094
f 4853/5213/5093 4825/5214/5094 4824/5195/5075
f 4824/5195/5075 4825/5214/5094 4796/5197/5077
f 4716/5137/5021 46/5136/5020 4744/5215/5095
f 4744/5215/5095 46/5136/5020 45/5216/5096
f 4744/5215/5095 45/5216/5096 4772/5217/5097
f 4772/5217/5097 45/5216/5096 44/5218/5098
f 4772/5217/5097 44/5218/5098 4800/5219/5099
f 4800/5219/5099 44/5218/5098 43/5220/5100
f 4800/5219/5099 43/5220/5100 4828/5221/5101
f 4828/5221/5101 43/5220/5100 42/5222/5102
f 4828/5221/5101 42/5222/5102 41/5149/143
f 140/5170/144 4841/5168/5050 41/5149/143
f 41/5149/143 4841/5168/5050 4840/5223/5103
f 41/5149/143 4840/5223/5103 4839/5224/5104
f 4839/5224/5104 4840/5223/5103 4811/5225/5105
f 4839/5224/5104 4811/5225/5105 4810/5226/5106
f 4810/5226/5106 4811/5225/5105 4782/5227/5107
f 4810/5226/5106 4782/5227/5107 4781/5228/5108
f 4781/5228/5108 4782/5227/5107 4753/5229/5109
f 4781/5228/5108 4753/5229/5109 4752/5157/5039
f 4752/5157/5039 4753/5229/5109 4724/5159/5041
f 4713/5207/5087 4714/5230/5110 4771/5205/5085
f 4771/5205/5085 4714/5230/5110 4743/5231/5111
f 4771/5205/5085 4743/5231/5111 4742/5203/5083
f 4742/5203/5083 4743/5231/5111 2642/5181/2748
f 4714/5230/5110 4715/5232/5112 4743/5231/5111
f 4743/5231/5111 4715/5232/5112 2642/5181/2748
f 4731/5179/5060 2642/5181/2748 4730/5233/5113
f 4730/5233/5113 2642/5181/2748 47/5138/2747
f 4730/5233/5113 47/5138/2747 4729/5234/5114
f 4729/5234/5114 47/5138/2747 4728/5235/5115
f 4729/5234/5114 4728/5235/5115 4757/5236/5116
f 4757/5236/5116 4728/5235/5115 4756/5237/5117
f 4757/5236/5116 4756/5237/5117 4785/5238/5118
f 4785/5238/5118 4756/5237/5117 4784/5165/5047
f 4785/5238/5118 4784/5165/5047 4813/5167/5049
f 4717/5139/5022 4716/5137/5021 4745/5239/5119
f 4745/5239/5119 4716/5137/5021 4744/5215/5095
f 4745/5239/5119 4744/5215/5095 4773/5240/5120
f 4773/5240/5120 4744/5215/5095 4772/5217/5097
f 4773/5240/5120 4772/5217/5097 4801/5241/5121
f 4801/5241/5121 4772/5217/5097 4800/5219/5099
f 4801/5241/5121 4800/5219/5099 4829/5242/5122
f 4829/5242/5122 4800/5219/5099 4828/5221/5101
f 4829/5242/5122 4828/5221/5101 41/5149/143
f 4718/5140/5023 4719/5243/5123 47/5138/2747
f 47/5138/2747 4719/5243/5123 4720/5244/5124
f 47/5138/2747 4720/5244/5124 4721/5245/5125
f 4721/5245/5125 4720/5244/5124 4749/5246/5126
f 4721/5245/5125 4749/5246/5126 4750/5247/5127
f 4750/5247/5127 4749/5246/5126 4778/5248/5128
f 4750/5247/5127 4778/5248/5128 4779/5154/5036
f 4779/5154/5036 4778/5248/5128 4807/5152/5034
f 4718/5140/5023 4747/5142/5025 4719/5243/5123
f 4719/5243/5123 4747/5142/5025 4748/5249/5129
f 4719/5243/5123 4748/5249/5129 4720/5244/5124
f 4720/5244/5124 4748/5249/5129 4749/5246/5126
f 4723/5158/5040 47/5138/2747 4722/5250/5130
f 4722/5250/5130 47/5138/2747 4721/5245/5125
f 4722/5250/5130 4721/5245/5125 4750/5247/5127
f 4751/5156/5038 4723/5158/5040 4722/5250/5130
f 4751/5156/5038 4722/5250/5130 4750/5247/5127
f 4754/5162/5044 4725/5160/5042 4753/5229/5109
f 4753/5229/5109 4725/5160/5042 4724/5159/5041
f 4728/5235/5115 47/5138/2747 4727/5251/5131
f 4727/5251/5131 47/5138/2747 4726/5161/5043
f 4727/5251/5131 4726/5161/5043 4755/5163/5045
f 4756/5237/5117 4728/5235/5115 4727/5251/5131
f 4756/5237/5117 4727/5251/5131 4755/5163/5045
f 4759/5177/5058 4731/5179/5060 4730/5233/5113
f 4730/5233/5113 4729/5234/5114 4758/5252/5132
f 4758/5252/5132 4729/5234/5114 4757/5236/5116
f 4758/5252/5132 4757/5236/5116 4786/5253/5133
f 4786/5253/5133 4757/5236/5116 4785/5238/5118
f 4786/5253/5133 4785/5238/5118 4814/5254/5134
f 4814/5254/5134 4785/5238/5118 4813/5167/5049
f 4814/5254/5134 4813/5167/5049 4842/5169/5051
f 4733/5182/5062 4732/5180/5061 4761/5255/5135
f 4761/5255/5135 4732/5180/5061 4760/5178/5059
f 4761/5255/5135 4760/5178/5059 4789/5256/5136
f 4789/5256/5136 4760/5178/5059 4788/5176/5057
f 4789/5256/5136 4788/5176/5057 4817/5257/5137
f 4817/5257/5137 4788/5176/5057 4816/5174/5055
f 4817/5257/5137 4816/5174/5055 4845/5258/5138
f 4845/5258/5138 4816/5174/5055 4844/5172/5053
f 4845/5258/5138 4844/5172/5053 140/5170/144
f 4734/5183/5063 4735/5259/5139 2642/5181/2748
f 2642/5181/2748 4735/5259/5139 4736/5260/5140
f 2642/5181/2748 4736/5260/5140 4737/5261/5141
f 4737/5261/5141 4736/5260/5140 4765/5262/5142
f 4737/5261/5141 4765/5262/5142 4766/5263/5143
f 4766/5263/5143 4765/5262/5142 4794/5264/5144
f 4766/5263/5143 4794/5264/5144 4795/5196/5076
f 4795/5196/5076 4794/5264/5144 4823/5194/5074
f 4734/5183/5063 4763/5185/5065 4735/5259/5139
f 4735/5259/5139 4763/5185/5065 4764/5265/5145
f 4735/5259/5139 4764/5265/5145 4736/5260/5140
f 4736/5260/5140 4764/5265/5145 4765/5262/5142
f 4739/5200/5080 2642/5181/2748 4738/5266/5146
f 4738/5266/5146 2642/5181/2748 4737/5261/5141
f 4738/5266/5146 4737/5261/5141 4766/5263/5143
f 4767/5198/5078 4739/5200/5080 4738/5266/5146
f 4767/5198/5078 4738/5266/5146 4766/5263/5143
f 4741/5202/5082 4740/5201/5081 4769/5267/5147
f 4769/5267/5147 4740/5201/5081 4768/5199/5079
f 4769/5267/5147 4768/5199/5079 4797/5268/5148
f 4797/5268/5148 4768/5199/5079 4796/5197/5077
f 4797/5268/5148 4796/5197/5077 4825/5214/5094
f 4717/5139/5022 4745/5239/5119 4746/5141/5024
f 4746/5141/5024 4745/5239/5119 4774/5269/5149
f 4746/5141/5024 4774/5269/5149 4775/5143/5026
f 4775/5143/5026 4774/5269/5149 4803/5270/5150
f 4775/5143/5026 4803/5270/5150 4804/5145/5028
f 4804/5145/5028 4803/5270/5150 4832/5271/5151
f 4804/5145/5028 4832/5271/5151 4833/5147/5030
f 4833/5147/5030 4832/5271/5151 41/5149/143
f 4774/5269/5149 4745/5239/5119 4773/5240/5120
f 4747/5142/5025 4776/5144/5027 4748/5249/5129
f 4748/5249/5129 4776/5144/5027 4777/5272/5152
f 4748/5249/5129 4777/5272/5152 4749/5246/5126
f 4749/5246/5126 4777/5272/5152 4778/5248/5128
f 4779/5154/5036 4751/5156/5038 4750/5247/5127
f 4781/5228/5108 4752/5157/5039 4780/5155/5037
f 4783/5164/5046 4754/5162/5044 4782/5227/5107
f 4782/5227/5107 4754/5162/5044 4753/5229/5109
f 4784/5165/5047 4756/5237/5117 4755/5163/5045
f 4787/5175/5056 4759/5177/5058 4758/5252/5132
f 4758/5252/5132 4759/5177/5058 4730/5233/5113
f 4787/5175/5056 4758/5252/5132 4786/5253/5133
f 4733/5182/5062 4761/5255/5135 4762/5184/5064
f 4762/5184/5064 4761/5255/5135 4790/5273/5153
f 4762/5184/5064 4790/5273/5153 4791/5186/5066
f 4791/5186/5066 4790/5273/5153 4819/5274/5154
f 4791/5186/5066 4819/5274/5154 4820/5188/5068
f 4820/5188/5068 4819/5274/5154 4848/5275/5155
f 4820/5188/5068 4848/5275/5155 4849/5190/5070
f 4849/5190/5070 4848/5275/5155 140/5170/144
f 4790/5273/5153 4761/5255/5135 4789/5256/5136
f 4763/5185/5065 4792/5187/5067 4764/5265/5145
f 4764/5265/5145 4792/5187/5067 4793/5276/5156
f 4764/5265/5145 4793/5276/5156 4765/5262/5142
f 4765/5262/5142 4793/5276/5156 4794/5264/5144
f 4795/5196/5076 4767/5198/5078 4766/5263/5143
f 4741/5202/5082 4769/5267/5147 4770/5204/5084
f 4770/5204/5084 4769/5267/5147 4798/5277/5157
f 4770/5204/5084 4798/5277/5157 4799/5206/5086
f 4799/5206/5086 4798/5277/5157 4827/5209/5089
f 4798/5277/5157 4769/5267/5147 4797/5268/5148
f 4774/5269/5149 4773/5240/5120 4802/5278/5158
f 4802/5278/5158 4773/5240/5120 4801/5241/5121
f 4802/5278/5158 4801/5241/5121 4830/5279/5159
f 4830/5279/5159 4801/5241/5121 4829/5242/5122
f 4830/5279/5159 4829/5242/5122 41/5149/143
f 4776/5144/5027 4805/5146/5029 4777/5272/5152
f 4777/5272/5152 4805/5146/5029 4806/5280/5160
f 4777/5272/5152 4806/5280/5160 4778/5248/5128
f 4778/5248/5128 4806/5280/5160 4807/5152/5034
f 4781/5228/5108 4780/5155/5037 4809/5281/5161
f 4809/5281/5161 4780/5155/5037 4808/5153/5035
f 4809/5281/5161 4808/5153/5035 4837/5282/5162
f 4837/5282/5162 4808/5153/5035 4836/5151/5033
f 4837/5282/5162 4836/5151/5033 41/5149/143
f 4812/5166/5048 4783/5164/5046 4811/5225/5105
f 4811/5225/5105 4783/5164/5046 4782/5227/5107
f 4815/5173/5054 4787/5175/5056 4786/5253/5133
f 4815/5173/5054 4786/5253/5133 4814/5254/5134
f 4790/5273/5153 4789/5256/5136 4818/5283/5163
f 4818/5283/5163 4789/5256/5136 4817/5257/5137
f 4818/5283/5163 4817/5257/5137 4846/5284/5164
f 4846/5284/5164 4817/5257/5137 4845/5258/5138
f 4846/5284/5164 4845/5258/5138 140/5170/144
f 4792/5187/5067 4821/5189/5069 4793/5276/5156
f 4793/5276/5156 4821/5189/5069 4822/5285/5165
f 4793/5276/5156 4822/5285/5165 4794/5264/5144
f 4794/5264/5144 4822/5285/5165 4823/5194/5074
f 4798/5277/5157 4797/5268/5148 4826/5286/5166
f 4826/5286/5166 4797/5268/5148 4825/5214/5094
f 4826/5286/5166 4825/5214/5094 4854/5212/5092
f 4774/5269/5149 4802/5278/5158 4803/5270/5150
f 4803/5270/5150 4802/5278/5158 4831/5287/5167
f 4803/5270/5150 4831/5287/5167 4832/5271/5151
f 4832/5271/5151 4831/5287/5167 41/5149/143
f 4831/5287/5167 4802/5278/5158 4830/5279/5159
f 4835/5150/5032 4807/5152/5034 4806/5280/5160
f 4835/5150/5032 4806/5280/5160 4834/5148/5031
f 4834/5148/5031 4806/5280/5160 4805/5146/5029
f 4781/5228/5108 4809/5281/5161 4810/5226/5106
f 4810/5226/5106 4809/5281/5161 4838/5288/5168
f 4810/5226/5106 4838/5288/5168 4839/5224/5104
f 4839/5224/5104 4838/5288/5168 41/5149/143
f 4838/5288/5168 4809/5281/5161 4837/5282/5162
f 4841/5168/5050 4812/5166/5048 4840/5223/5103
f 4840/5223/5103 4812/5166/5048 4811/5225/5105
f 4843/5171/5052 4815/5173/5054 4814/5254/5134
f 4843/5171/5052 4814/5254/5134 4842/5169/5051
f 4790/5273/5153 4818/5283/5163 4819/5274/5154
f 4819/5274/5154 4818/5283/5163 4847/5289/5169
f 4819/5274/5154 4847/5289/5169 4848/5275/5155
f 4848/5275/5155 4847/5289/5169 140/5170/144
f 4847/5289/5169 4818/5283/5163 4846/5284/5164
f 4851/5192/5072 4823/5194/5074 4822/5285/5165
f 4851/5192/5072 4822/5285/5165 4850/5191/5071
f 4850/5191/5071 4822/5285/5165 4821/5189/5069
f 4853/5213/5093 4824/5195/5075 4852/5193/5073
f 4855/5211/5091 4827/5209/5089 4826/5286/5166
f 4826/5286/5166 4827/5209/5089 4798/5277/5157
f 4855/5211/5091 4826/5286/5166 4854/5212/5092
f 41/5149/143 4831/5287/5167 4830/5279/5159
f 41/5149/143 4838/5288/5168 4837/5282/5162
f 140/5170/144 4847/5289/5169 4846/5284/5164
f 140/5170/144 4853/5213/5093 4852/5193/5073
f 2658/5290/5170 1551/5291/5171 2659/5292/5172
f 2659/5292/5172 1551/5291/5171 1550/5293/5173
f 2659/5292/5172 1550/5293/5173 2660/5294/5174
f 2660/5294/5174 1550/5293/5173 1549/5295/5175
f 2660/5294/5174 1549/5295/5175 2661/5296/2905
f 2661/5296/2905 1549/5295/5175 1548/5297/2906
f 132/5298/5176 4860/5299/5177 69/5300/5178
f 69/5300/5178 4860/5299/5177 4861/5301/5179
f 69/5300/5178 4861/5301/5179 4862/5302/5180
f 4862/5302/5180 4861/5301/5179 4895/5303/5181
f 4862/5302/5180 4895/5303/5181 4896/5304/5182
f 4896/5304/5182 4895/5303/5181 4929/5305/5183
f 4896/5304/5182 4929/5305/5183 4930/5306/5184
f 4930/5306/5184 4929/5305/5183 129/5307/5185
f 4930/5306/5184 129/5307/5185 4931/5308/5186
f 4931/5308/5186 129/5307/5185 4932/5309/5187
f 4931/5308/5186 4932/5309/5187 4898/5310/5188
f 4898/5310/5188 4932/5309/5187 4899/5311/5189
f 4898/5310/5188 4899/5311/5189 4865/5312/5190
f 4865/5312/5190 4899/5311/5189 4866/5313/5191
f 4865/5312/5190 4866/5313/5191 69/5300/5178
f 69/5300/5178 4866/5313/5191 4867/5314/5192
f 69/5300/5178 4867/5314/5192 4868/5315/5193
f 4868/5315/5193 4867/5314/5192 4901/5316/5194
f 4868/5315/5193 4901/5316/5194 4902/5317/5195
f 4902/5317/5195 4901/5316/5194 4935/5318/5196
f 4902/5317/5195 4935/5318/5196 4936/5319/5197
f 4936/5319/5197 4935/5318/5196 129/5307/5185
f 4936/5319/5197 129/5307/5185 4937/5320/5198
f 4937/5320/5198 129/5307/5185 4938/5321/5199
f 4937/5320/5198 4938/5321/5199 4904/5322/5200
f 4904/5322/5200 4938/5321/5199 4905/5323/5201
f 4904/5322/5200 4905/5323/5201 4871/5324/5202
f 4871/5324/5202 4905/5323/5201 4872/5325/5203
f 4871/5324/5202 4872/5325/5203 69/5300/5178
f 69/5300/5178 4872/5325/5203 4873/5326/5204
f 69/5300/5178 4873/5326/5204 4874/5327/5205
f 4874/5327/5205 4873/5326/5204 4907/5328/5206
f 4874/5327/5205 4907/5328/5206 4908/5329/5207
f 4908/5329/5207 4907/5328/5206 4941/5330/5208
f 4908/5329/5207 4941/5330/5208 4942/5331/5209
f 4942/5331/5209 4941/5330/5208 129/5307/5185
f 4942/5331/5209 129/5307/5185 4856/5332/5210
f 4860/5299/5177 132/5298/5176 4893/5333/5211
f 4893/5333/5211 132/5298/5176 131/5334/5212
f 4893/5333/5211 131/5334/5212 4926/5335/5213
f 4926/5335/5213 131/5334/5212 130/5336/5214
f 4926/5335/5213 130/5336/5214 129/5307/5185
f 4857/5337/5215 4958/5338/5216 4856/5332/5210
f 4856/5332/5210 4958/5338/5216 4957/5339/5217
f 4856/5332/5210 4957/5339/5217 4956/5340/5218
f 4956/5340/5218 4957/5339/5217 4923/5341/5219
f 4956/5340/5218 4923/5341/5219 4922/5342/5220
f 4922/5342/5220 4923/5341/5219 4889/5343/5221
f 4922/5342/5220 4889/5343/5221 4888/5344/5222
f 4888/5344/5222 4889/5343/5221 2627/5345/5223
f 4888/5344/5222 2627/5345/5223 4887/5346/5224
f 4887/5346/5224 2627/5345/5223 4886/5347/5225
f 4887/5346/5224 4886/5347/5225 4920/5348/5226
f 4920/5348/5226 4886/5347/5225 4919/5349/5227
f 4920/5348/5226 4919/5349/5227 4953/5350/5228
f 4953/5350/5228 4919/5349/5227 4952/5351/5229
f 4953/5350/5228 4952/5351/5229 4856/5332/5210
f 4856/5332/5210 4952/5351/5229 4951/5352/5230
f 4856/5332/5210 4951/5352/5230 4950/5353/5231
f 4950/5353/5231 4951/5352/5230 4917/5354/5232
f 4950/5353/5231 4917/5354/5232 4916/5355/5233
f 4916/5355/5233 4917/5354/5232 4883/5356/5234
f 4916/5355/5233 4883/5356/5234 4882/5357/5235
f 4882/5357/5235 4883/5356/5234 2627/5345/5223
f 4882/5357/5235 2627/5345/5223 4881/5358/5236
f 4881/5358/5236 2627/5345/5223 4880/5359/5237
f 4881/5358/5236 4880/5359/5237 4914/5360/5238
f 4914/5360/5238 4880/5359/5237 4913/5361/5239
f 4914/5360/5238 4913/5361/5239 4947/5362/5240
f 4947/5362/5240 4913/5361/5239 4946/5363/5241
f 4947/5362/5240 4946/5363/5241 4856/5332/5210
f 4856/5332/5210 4946/5363/5241 4945/5364/5242
f 4856/5332/5210 4945/5364/5242 4944/5365/5243
f 4944/5365/5243 4945/5364/5242 4911/5366/5244
f 4944/5365/5243 4911/5366/5244 4910/5367/5245
f 4910/5367/5245 4911/5366/5244 4877/5368/5246
f 4910/5367/5245 4877/5368/5246 4876/5369/5247
f 4876/5369/5247 4877/5368/5246 2627/5345/5223
f 4876/5369/5247 2627/5345/5223 69/5300/5178
f 4958/5338/5216 4857/5337/5215 4925/5370/5248
f 4925/5370/5248 4857/5337/5215 4858/5371/5249
f 4925/5370/5248 4858/5371/5249 4892/5372/5250
f 4892/5372/5250 4858/5371/5249 4859/5373/5251
f 4892/5372/5250 4859/5373/5251 2627/5345/5223
f 4861/5301/5179 4860/5299/5177 4894/5374/5252
f 4894/5374/5252 4860/5299/5177 4893/5333/5211
f 4894/5374/5252 4893/5333/5211 4927/5375/5253
f 4927/5375/5253 4893/5333/5211 4926/5335/5213
f 4927/5375/5253 4926/5335/5213 129/5307/5185
f 4862/5302/5180 4863/5376/5254 69/5300/5178
f 69/5300/5178 4863/5376/5254 4864/5377/5255
f 69/5300/5178 4864/5377/5255 4865/5312/5190
f 4865/5312/5190 4864/5377/5255 4898/5310/5188
f 4862/5302/5180 4896/5304/5182 4863/5376/5254
f 4863/5376/5254 4896/5304/5182 4897/5378/5256
f 4863/5376/5254 4897/5378/5256 4864/5377/5255
f 4864/5377/5255 4897/5378/5256 4898/5310/5188
f 4867/5314/5192 4866/5313/5191 4900/5379/5257
f 4900/5379/5257 4866/5313/5191 4899/5311/5189
f 4900/5379/5257 4899/5311/5189 4933/5380/5258
f 4933/5380/5258 4899/5311/5189 4932/5309/5187
f 4933/5380/5258 4932/5309/5187 129/5307/5185
f 4868/5315/5193 4869/5381/5259 69/5300/5178
f 69/5300/5178 4869/5381/5259 4870/5382/5260
f 69/5300/5178 4870/5382/5260 4871/5324/5202
f 4871/5324/5202 4870/5382/5260 4904/5322/5200
f 4868/5315/5193 4902/5317/5195 4869/5381/5259
f 4869/5381/5259 4902/5317/5195 4903/5383/5261
f 4869/5381/5259 4903/5383/5261 4870/5382/5260
f 4870/5382/5260 4903/5383/5261 4904/5322/5200
f 4873/5326/5204 4872/5325/5203 4906/5384/5262
f 4906/5384/5262 4872/5325/5203 4905/5323/5201
f 4906/5384/5262 4905/5323/5201 4939/5385/5263
f 4939/5385/5263 4905/5323/5201 4938/5321/5199
f 4939/5385/5263 4938/5321/5199 129/5307/5185
f 4876/5369/5247 69/5300/5178 4875/5386/5264
f 4875/5386/5264 69/5300/5178 4874/5327/5205
f 4875/5386/5264 4874/5327/5205 4908/5329/5207
f 4876/5369/5247 4875/5386/5264 4909/5387/5265
f 4909/5387/5265 4875/5386/5264 4908/5329/5207
f 4909/5387/5265 4908/5329/5207 4942/5331/5209
f 4877/5368/5246 4878/5388/5266 2627/5345/5223
f 2627/5345/5223 4878/5388/5266 4879/5389/5267
f 2627/5345/5223 4879/5389/5267 4880/5359/5237
f 4880/5359/5237 4879/5389/5267 4913/5361/5239
f 4877/5368/5246 4911/5366/5244 4878/5388/5266
f 4878/5388/5266 4911/5366/5244 4912/5390/5268
f 4878/5388/5266 4912/5390/5268 4879/5389/5267
f 4879/5389/5267 4912/5390/5268 4913/5361/5239
f 4882/5357/5235 4881/5358/5236 4915/5391/5269
f 4915/5391/5269 4881/5358/5236 4914/5360/5238
f 4915/5391/5269 4914/5360/5238 4948/5392/5270
f 4948/5392/5270 4914/5360/5238 4947/5362/5240
f 4948/5392/5270 4947/5362/5240 4856/5332/5210
f 4883/5356/5234 4884/5393/5271 2627/5345/5223
f 2627/5345/5223 4884/5393/5271 4885/5394/5272
f 2627/5345/5223 4885/5394/5272 4886/5347/5225
f 4886/5347/5225 4885/5394/5272 4919/5349/5227
f 4883/5356/5234 4917/5354/5232 4884/5393/5271
f 4884/5393/5271 4917/5354/5232 4918/5395/5273
f 4884/5393/5271 4918/5395/5273 4885/5394/5272
f 4885/5394/5272 4918/5395/5273 4919/5349/5227
f 4888/5344/5222 4887/5346/5224 4921/5396/5274
f 4921/5396/5274 4887/5346/5224 4920/5348/5226
f 4921/5396/5274 4920/5348/5226 4954/5397/5275
f 4954/5397/5275 4920/5348/5226 4953/5350/5228
f 4954/5397/5275 4953/5350/5228 4856/5332/5210
f 4889/5343/5221 4890/5398/5276 2627/5345/5223
f 2627/5345/5223 4890/5398/5276 4891/5399/5277
f 2627/5345/5223 4891/5399/5277 4892/5372/5250
f 4892/5372/5250 4891/5399/5277 4925/5370/5248
f 4889/5343/5221 4923/5341/5219 4890/5398/5276
f 4890/5398/5276 4923/5341/5219 4924/5400/5278
f 4890/5398/5276 4924/5400/5278 4891/5399/5277
f 4891/5399/5277 4924/5400/5278 4925/5370/5248
f 4861/5301/5179 4894/5374/5252 4895/5303/5181
f 4895/5303/5181 4894/5374/5252 4928/5401/5279
f 4895/5303/5181 4928/5401/5279 4929/5305/5183
f 4929/5305/5183 4928/5401/5279 129/5307/5185
f 4928/5401/5279 4894/5374/5252 4927/5375/5253
f 4931/5308/5186 4898/5310/5188 4897/5378/5256
f 4931/5308/5186 4897/5378/5256 4930/5306/5184
f 4930/5306/5184 4897/5378/5256 4896/5304/5182
f 4867/5314/5192 4900/5379/5257 4901/5316/5194
f 4901/5316/5194 4900/5379/5257 4934/5402/5280
f 4901/5316/5194 4934/5402/5280 4935/5318/5196
f 4935/5318/5196 4934/5402/5280 129/5307/5185
f 4934/5402/5280 4900/5379/5257 4933/5380/5258
f 4937/5320/5198 4904/5322/5200 4903/5383/5261
f 4937/5320/5198 4903/5383/5261 4936/5319/5197
f 4936/5319/5197 4903/5383/5261 4902/5317/5195
f 4873/5326/5204 4906/5384/5262 4907/5328/5206
f 4907/5328/5206 4906/5384/5262 4940/5403/5281
f 4907/5328/5206 4940/5403/5281 4941/5330/5208
f 4941/5330/5208 4940/5403/5281 129/5307/5185
f 4940/5403/5281 4906/5384/5262 4939/5385/5263
f 4876/5369/5247 4909/5387/5265 4910/5367/5245
f 4910/5367/5245 4909/5387/5265 4943/5404/5282
f 4910/5367/5245 4943/5404/5282 4944/5365/5243
f 4944/5365/5243 4943/5404/5282 4856/5332/5210
f 4943/5404/5282 4909/5387/5265 4942/5331/5209
f 4946/5363/5241 4913/5361/5239 4912/5390/5268
f 4946/5363/5241 4912/5390/5268 4945/5364/5242
f 4945/5364/5242 4912/5390/5268 4911/5366/5244
f 4882/5357/5235 4915/5391/5269 4916/5355/5233
f 4916/5355/5233 4915/5391/5269 4949/5405/5283
f 4916/5355/5233 4949/5405/5283 4950/5353/5231
f 4950/5353/5231 4949/5405/5283 4856/5332/5210
f 4949/5405/5283 4915/5391/5269 4948/5392/5270
f 4952/5351/5229 4919/5349/5227 4918/5395/5273
f 4952/5351/5229 4918/5395/5273 4951/5352/5230
f 4951/5352/5230 4918/5395/5273 4917/5354/5232
f 4888/5344/5222 4921/5396/5274 4922/5342/5220
f 4922/5342/5220 4921/5396/5274 4955/5406/5284
f 4922/5342/5220 4955/5406/5284 4956/5340/5218
f 4956/5340/5218 4955/5406/5284 4856/5332/5210
f 4955/5406/5284 4921/5396/5274 4954/5397/5275
f 4958/5338/5216 4925/5370/5248 4924/5400/5278
f 4958/5338/5216 4924/5400/5278 4957/5339/5217
f 4957/5339/5217 4924/5400/5278 4923/5341/5219
f 129/5307/5185 4928/5401/5279 4927/5375/5253
f 129/5307/5185 4934/5402/5280 4933/5380/5258
f 129/5307/5185 4940/5403/5281 4939/5385/5263
f 4856/5332/5210 4943/5404/5282 4942/5331/5209
f 4856/5332/5210 4949/5405/5283 4948/5392/5270
f 4856/5332/5210 4955/5406/5284 4954/5397/5275
f 129/5407/5185 128/5408/5285 4856/5409/5210
f 4856/5409/5210 128/5408/5285 4959/5410/5286
f 127/5411/5287 4965/5412/5288 128/5413/5285
f 128/5413/5285 4965/5412/5288 4966/5414/5289
f 128/5413/5285 4966/5414/5289 4967/5415/5290
f 4967/5415/5290 4966/5414/5289 4995/5416/5291
f 4967/5415/5290 4995/5416/5291 4996/5417/5292
f 4996/5417/5292 4995/5416/5291 5024/5418/5293
f 4996/5417/5292 5024/5418/5293 5025/5419/5294
f 5025/5419/5294 5024/5418/5293 5053/5420/5295
f 5025/5419/5294 5053/5420/5295 5054/5421/5296
f 5054/5421/5296 5053/5420/5295 5082/5422/5297
f 5054/5421/5296 5082/5422/5297 5083/5423/5298
f 5083/5423/5298 5082/5422/5297 122/5424/3796
f 5083/5423/5298 122/5424/3796 5084/5425/5299
f 5084/5425/5299 122/5424/3796 5085/5426/5300
f 5084/5425/5299 5085/5426/5300 5056/5427/5301
f 5056/5427/5301 5085/5426/5300 5057/5428/5302
f 5056/5427/5301 5057/5428/5302 5028/5429/5303
f 5028/5429/5303 5057/5428/5302 5029/5430/5304
f 5028/5429/5303 5029/5430/5304 5000/5431/5305
f 5000/5431/5305 5029/5430/5304 5001/5432/5306
f 5000/5431/5305 5001/5432/5306 4972/5433/5307
f 4972/5433/5307 5001/5432/5306 4973/5434/5308
f 4972/5433/5307 4973/5434/5308 128/5413/5285
f 128/5413/5285 4973/5434/5308 4974/5435/5309
f 128/5413/5285 4974/5435/5309 4975/5436/5310
f 4975/5436/5310 4974/5435/5309 5003/5437/5311
f 4975/5436/5310 5003/5437/5311 5004/5438/5312
f 5004/5438/5312 5003/5437/5311 5032/5439/5313
f 5004/5438/5312 5032/5439/5313 5033/5440/5314
f 5033/5440/5314 5032/5439/5313 5061/5441/5315
f 5033/5440/5314 5061/5441/5315 5062/5442/5316
f 5062/5442/5316 5061/5441/5315 5090/5443/5317
f 5062/5442/5316 5090/5443/5317 5091/5444/5318
f 5091/5444/5318 5090/5443/5317 3517/5445/3797
f 5091/5444/5318 3517/5445/3797 5092/5446/5319
f 5092/5446/5319 3517/5445/3797 5093/5447/5320
f 5092/5446/5319 5093/5447/5320 5064/5448/5321
f 5064/5448/5321 5093/5447/5320 5065/5449/5322
f 5064/5448/5321 5065/5449/5322 5036/5450/5323
f 5036/5450/5323 5065/5449/5322 5037/5451/5324
f 5036/5450/5323 5037/5451/5324 5008/5452/5325
f 5008/5452/5325 5037/5451/5324 5009/5453/5326
f 5008/5452/5325 5009/5453/5326 4980/5454/5327
f 4980/5454/5327 5009/5453/5326 4981/5455/5328
f 4980/5454/5327 4981/5455/5328 4959/5456/5286
f 4959/5456/5286 4981/5455/5328 4982/5457/5329
f 4959/5456/5286 4982/5457/5329 4983/5458/5330
f 4983/5458/5330 4982/5457/5329 5011/5459/5331
f 4983/5458/5330 5011/5459/5331 5012/5460/5332
f 5012/5460/5332 5011/5459/5331 5040/5461/5333
f 5012/5460/5332 5040/5461/5333 5041/5462/5334
f 5041/5462/5334 5040/5461/5333 5069/5463/5335
f 5041/5462/5334 5069/5463/5335 5070/5464/5336
f 5070/5464/5336 5069/5463/5335 5098/5465/5337
f 5070/5464/5336 5098/5465/5337 5099/5466/5338
f 5099/5466/5338 5098/5465/5337 3517/5445/3797
f 5099/5466/5338 3517/5445/3797 5100/5467/5339
f 5100/5467/5339 3517/5445/3797 5101/5468/5340
f 5100/5467/5339 5101/5468/5340 5072/5469/5341
f 5072/5469/5341 5101/5468/5340 5073/5470/5342
f 5072/5469/5341 5073/5470/5342 5044/5471/5343
f 5044/5471/5343 5073/5470/5342 5045/5472/5344
f 5044/5471/5343 5045/5472/5344 5016/5473/5345
f 5016/5473/5345 5045/5472/5344 5017/5474/5346
f 5016/5473/5345 5017/5474/5346 4988/5475/5347
f 4988/5475/5347 5017/5474/5346 4989/5476/5348
f 4988/5475/5347 4989/5476/5348 4959/5456/5286
f 4959/5456/5286 4989/5476/5348 4990/5477/5349
f 4959/5456/5286 4990/5477/5349 4991/5478/5350
f 4991/5478/5350 4990/5477/5349 5019/5479/5351
f 4991/5478/5350 5019/5479/5351 5020/5480/5352
f 5020/5480/5352 5019/5479/5351 5048/5481/5353
f 5020/5480/5352 5048/5481/5353 4962/5482/5354
f 4962/5482/5354 5048/5481/5353 4961/5483/5355
f 4961/5483/5355 5048/5481/5353 5076/5484/5356
f 4961/5483/5355 5076/5484/5356 4960/5485/5357
f 4960/5485/5357 5076/5484/5356 5104/5486/5358
f 4960/5485/5357 5104/5486/5358 3517/5445/3797
f 3517/5445/3797 5104/5486/5358 5103/5487/5359
f 3517/5445/3797 5103/5487/5359 5102/5488/5360
f 5102/5488/5360 5103/5487/5359 5074/5489/5361
f 5102/5488/5360 5074/5489/5361 5073/5470/5342
f 5073/5470/5342 5074/5489/5361 5045/5472/5344
f 4965/5412/5288 127/5411/5287 4993/5490/5362
f 4993/5490/5362 127/5411/5287 126/5491/5363
f 4993/5490/5362 126/5491/5363 5021/5492/5364
f 5021/5492/5364 126/5491/5363 125/5493/5365
f 5021/5492/5364 125/5493/5365 5049/5494/5366
f 5049/5494/5366 125/5493/5365 124/5495/5367
f 5049/5494/5366 124/5495/5367 5077/5496/5368
f 5077/5496/5368 124/5495/5367 123/5497/5369
f 5077/5496/5368 123/5497/5369 122/5424/3796
f 3517/5445/3797 5090/5443/5317 122/5424/3796
f 122/5424/3796 5090/5443/5317 5089/5498/5370
f 122/5424/3796 5089/5498/5370 5088/5499/5371
f 5088/5499/5371 5089/5498/5370 5060/5500/5372
f 5088/5499/5371 5060/5500/5372 5059/5501/5373
f 5059/5501/5373 5060/5500/5372 5031/5502/5374
f 5059/5501/5373 5031/5502/5374 5030/5503/5375
f 5030/5503/5375 5031/5502/5374 5002/5504/5376
f 5030/5503/5375 5002/5504/5376 5001/5432/5306
f 5001/5432/5306 5002/5504/5376 4973/5434/5308
f 4962/5482/5354 4963/5505/5377 5020/5480/5352
f 5020/5480/5352 4963/5505/5377 4992/5506/5378
f 5020/5480/5352 4992/5506/5378 4991/5478/5350
f 4991/5478/5350 4992/5506/5378 4959/5456/5286
f 4963/5505/5377 4964/5507/5379 4992/5506/5378
f 4992/5506/5378 4964/5507/5379 4959/5456/5286
f 4980/5454/5327 4959/5456/5286 4979/5508/5380
f 4979/5508/5380 4959/5456/5286 128/5413/5285
f 4979/5508/5380 128/5413/5285 4978/5509/5381
f 4978/5509/5381 128/5413/5285 4977/5510/5382
f 4978/5509/5381 4977/5510/5382 5006/5511/5383
f 5006/5511/5383 4977/5510/5382 5005/5512/5384
f 5006/5511/5383 5005/5512/5384 5034/5513/5385
f 5034/5513/5385 5005/5512/5384 5033/5440/5314
f 5034/5513/5385 5033/5440/5314 5062/5442/5316
f 4966/5414/5289 4965/5412/5288 4994/5514/5386
f 4994/5514/5386 4965/5412/5288 4993/5490/5362
f 4994/5514/5386 4993/5490/5362 5022/5515/5387
f 5022/5515/5387 4993/5490/5362 5021/5492/5364
f 5022/5515/5387 5021/5492/5364 5050/5516/5388
f 5050/5516/5388 5021/5492/5364 5049/5494/5366
f 5050/5516/5388 5049/5494/5366 5078/5517/5389
f 5078/5517/5389 5049/5494/5366 5077/5496/5368
f 5078/5517/5389 5077/5496/5368 122/5424/3796
f 4967/5415/5290 4968/5518/5390 128/5413/5285
f 128/5413/5285 4968/5518/5390 4969/5519/5391
f 128/5413/5285 4969/5519/5391 4970/5520/5392
f 4970/5520/5392 4969/5519/5391 4998/5521/5393
f 4970/5520/5392 4998/5521/5393 4999/5522/5394
f 4999/5522/5394 4998/5521/5393 5027/5523/5395
f 4999/5522/5394 5027/5523/5395 5028/5429/5303
f 5028/5429/5303 5027/5523/5395 5056/5427/5301
f 4967/5415/5290 4996/5417/5292 4968/5518/5390
f 4968/5518/5390 4996/5417/5292 4997/5524/5396
f 4968/5518/5390 4997/5524/5396 4969/5519/5391
f 4969/5519/5391 4997/5524/5396 4998/5521/5393
f 4972/5433/5307 128/5413/5285 4971/5525/5397
f 4971/5525/5397 128/5413/5285 4970/5520/5392
f 4971/5525/5397 4970/5520/5392 4999/5522/5394
f 5000/5431/5305 4972/5433/5307 4971/5525/5397
f 5000/5431/5305 4971/5525/5397 4999/5522/5394
f 5003/5437/5311 4974/5435/5309 5002/5504/5376
f 5002/5504/5376 4974/5435/5309 4973/5434/5308
f 4977/5510/5382 128/5413/5285 4976/5526/5398
f 4976/5526/5398 128/5413/5285 4975/5436/5310
f 4976/5526/5398 4975/5436/5310 5004/5438/5312
f 5005/5512/5384 4977/5510/5382 4976/5526/5398
f 5005/5512/5384 4976/5526/5398 5004/5438/5312
f 5008/5452/5325 4980/5454/5327 4979/5508/5380
f 4979/5508/5380 4978/5509/5381 5007/5527/5399
f 5007/5527/5399 4978/5509/5381 5006/5511/5383
f 5007/5527/5399 5006/5511/5383 5035/5528/5400
f 5035/5528/5400 5006/5511/5383 5034/5513/5385
f 5035/5528/5400 5034/5513/5385 5063/5529/5401
f 5063/5529/5401 5034/5513/5385 5062/5442/5316
f 5063/5529/5401 5062/5442/5316 5091/5444/5318
f 4982/5457/5329 4981/5455/5328 5010/5530/5402
f 5010/5530/5402 4981/5455/5328 5009/5453/5326
f 5010/5530/5402 5009/5453/5326 5038/5531/5403
f 5038/5531/5403 5009/5453/5326 5037/5451/5324
f 5038/5531/5403 5037/5451/5324 5066/5532/5404
f 5066/5532/5404 5037/5451/5324 5065/5449/5322
f 5066/5532/5404 5065/5449/5322 5094/5533/5405
f 5094/5533/5405 5065/5449/5322 5093/5447/5320
f 5094/5533/5405 5093/5447/5320 3517/5445/3797
f 4983/5458/5330 4984/5534/5406 4959/5456/5286
f 4959/5456/5286 4984/5534/5406 4985/5535/5407
f 4959/5456/5286 4985/5535/5407 4986/5536/5408
f 4986/5536/5408 4985/5535/5407 5014/5537/5409
f 4986/5536/5408 5014/5537/5409 5015/5538/5410
f 5015/5538/5410 5014/5537/5409 5043/5539/5411
f 5015/5538/5410 5043/5539/5411 5044/5471/5343
f 5044/5471/5343 5043/5539/5411 5072/5469/5341
f 4983/5458/5330 5012/5460/5332 4984/5534/5406
f 4984/5534/5406 5012/5460/5332 5013/5540/5412
f 4984/5534/5406 5013/5540/5412 4985/5535/5407
f 4985/5535/5407 5013/5540/5412 5014/5537/5409
f 4988/5475/5347 4959/5456/5286 4987/5541/5413
f 4987/5541/5413 4959/5456/5286 4986/5536/5408
f 4987/5541/5413 4986/5536/5408 5015/5538/5410
f 5016/5473/5345 4988/5475/5347 4987/5541/5413
f 5016/5473/5345 4987/5541/5413 5015/5538/5410
f 4990/5477/5349 4989/5476/5348 5018/5542/5414
f 5018/5542/5414 4989/5476/5348 5017/5474/5346
f 5018/5542/5414 5017/5474/5346 5046/5543/5415
f 5046/5543/5415 5017/5474/5346 5045/5472/5344
f 5046/5543/5415 5045/5472/5344 5074/5489/5361
f 4966/5414/5289 4994/5514/5386 4995/5416/5291
f 4995/5416/5291 4994/5514/5386 5023/5544/5416
f 4995/5416/5291 5023/5544/5416 5024/5418/5293
f 5024/5418/5293 5023/5544/5416 5052/5545/5417
f 5024/5418/5293 5052/5545/5417 5053/5420/5295
f 5053/5420/5295 5052/5545/5417 5081/5546/5418
f 5053/5420/5295 5081/5546/5418 5082/5422/5297
f 5082/5422/5297 5081/5546/5418 122/5424/3796
f 5023/5544/5416 4994/5514/5386 5022/5515/5387
f 4996/5417/5292 5025/5419/5294 4997/5524/5396
f 4997/5524/5396 5025/5419/5294 5026/5547/5419
f 4997/5524/5396 5026/5547/5419 4998/5521/5393
f 4998/5521/5393 5026/5547/5419 5027/5523/5395
f 5028/5429/5303 5000/5431/5305 4999/5522/5394
f 5030/5503/5375 5001/5432/5306 5029/5430/5304
f 5032/5439/5313 5003/5437/5311 5031/5502/5374
f 5031/5502/5374 5003/5437/5311 5002/5504/5376
f 5033/5440/5314 5005/5512/5384 5004/5438/5312
f 5036/5450/5323 5008/5452/5325 5007/5527/5399
f 5007/5527/5399 5008/5452/5325 4979/5508/5380
f 5036/5450/5323 5007/5527/5399 5035/5528/5400
f 4982/5457/5329 5010/5530/5402 5011/5459/5331
f 5011/5459/5331 5010/5530/5402 5039/5548/5420
f 5011/5459/5331 5039/5548/5420 5040/5461/5333
f 5040/5461/5333 5039/5548/5420 5068/5549/5421
f 5040/5461/5333 5068/5549/5421 5069/5463/5335
f 5069/5463/5335 5068/5549/5421 5097/5550/5422
f 5069/5463/5335 5097/5550/5422 5098/5465/5337
f 5098/5465/5337 5097/5550/5422 3517/5445/3797
f 5039/5548/5420 5010/5530/5402 5038/5531/5403
f 5012/5460/5332 5041/5462/5334 5013/5540/5412
f 5013/5540/5412 5041/5462/5334 5042/5551/5423
f 5013/5540/5412 5042/5551/5423 5014/5537/5409
f 5014/5537/5409 5042/5551/5423 5043/5539/5411
f 5044/5471/5343 5016/5473/5345 5015/5538/5410
f 4990/5477/5349 5018/5542/5414 5019/5479/5351
f 5019/5479/5351 5018/5542/5414 5047/5552/5424
f 5019/5479/5351 5047/5552/5424 5048/5481/5353
f 5048/5481/5353 5047/5552/5424 5076/5484/5356
f 5047/5552/5424 5018/5542/5414 5046/5543/5415
f 5023/5544/5416 5022/5515/5387 5051/5553/5425
f 5051/5553/5425 5022/5515/5387 5050/5516/5388
f 5051/5553/5425 5050/5516/5388 5079/5554/5426
f 5079/5554/5426 5050/5516/5388 5078/5517/5389
f 5079/5554/5426 5078/5517/5389 122/5424/3796
f 5025/5419/5294 5054/5421/5296 5026/5547/5419
f 5026/5547/5419 5054/5421/5296 5055/5555/5427
f 5026/5547/5419 5055/5555/5427 5027/5523/5395
f 5027/5523/5395 5055/5555/5427 5056/5427/5301
f 5030/5503/5375 5029/5430/5304 5058/5556/5428
f 5058/5556/5428 5029/5430/5304 5057/5428/5302
f 5058/5556/5428 5057/5428/5302 5086/5557/5429
f 5086/5557/5429 5057/5428/5302 5085/5426/5300
f 5086/5557/5429 5085/5426/5300 122/5424/3796
f 5061/5441/5315 5032/5439/5313 5060/5500/5372
f 5060/5500/5372 5032/5439/5313 5031/5502/5374
f 5064/5448/5321 5036/5450/5323 5035/5528/5400
f 5064/5448/5321 5035/5528/5400 5063/5529/5401
f 5039/5548/5420 5038/5531/5403 5067/5558/5430
f 5067/5558/5430 5038/5531/5403 5066/5532/5404
f 5067/5558/5430 5066/5532/5404 5095/5559/5431
f 5095/5559/5431 5066/5532/5404 5094/5533/5405
f 5095/5559/5431 5094/5533/5405 3517/5445/3797
f 5041/5462/5334 5070/5464/5336 5042/5551/5423
f 5042/5551/5423 5070/5464/5336 5071/5560/5432
f 5042/5551/5423 5071/5560/5432 5043/5539/5411
f 5043/5539/5411 5071/5560/5432 5072/5469/5341
f 5047/5552/5424 5046/5543/5415 5075/5561/5433
f 5075/5561/5433 5046/5543/5415 5074/5489/5361
f 5075/5561/5433 5074/5489/5361 5103/5487/5359
f 5023/5544/5416 5051/5553/5425 5052/5545/5417
f 5052/5545/5417 5051/5553/5425 5080/5562/5434
f 5052/5545/5417 5080/5562/5434 5081/5546/5418
f 5081/5546/5418 5080/5562/5434 122/5424/3796
f 5080/5562/5434 5051/5553/5425 5079/5554/5426
f 5084/5425/5299 5056/5427/5301 5055/5555/5427
f 5084/5425/5299 5055/5555/5427 5083/5423/5298
f 5083/5423/5298 5055/5555/5427 5054/5421/5296
f 5030/5503/5375 5058/5556/5428 5059/5501/5373
f 5059/5501/5373 5058/5556/5428 5087/5563/5435
f 5059/5501/5373 5087/5563/5435 5088/5499/5371
f 5088/5499/5371 5087/5563/5435 122/5424/3796
f 5087/5563/5435 5058/5556/5428 5086/5557/5429
f 5090/5443/5317 5061/5441/5315 5089/5498/5370
f 5089/5498/5370 5061/5441/5315 5060/5500/5372
f 5092/5446/5319 5064/5448/5321 5063/5529/5401
f 5092/5446/5319 5063/5529/5401 5091/5444/5318
f 5039/5548/5420 5067/5558/5430 5068/5549/5421
f 5068/5549/5421 5067/5558/5430 5096/5564/5436
f 5068/5549/5421 5096/5564/5436 5097/5550/5422
f 5097/5550/5422 5096/5564/5436 3517/5445/3797
f 5096/5564/5436 5067/5558/5430 5095/5559/5431
f 5100/5467/5339 5072/5469/5341 5071/5560/5432
f 5100/5467/5339 5071/5560/5432 5099/5466/5338
f 5099/5466/5338 5071/5560/5432 5070/5464/5336
f 5102/5488/5360 5073/5470/5342 5101/5468/5340
f 5104/5486/5358 5076/5484/5356 5075/5561/5433
f 5075/5561/5433 5076/5484/5356 5047/5552/5424
f 5104/5486/5358 5075/5561/5433 5103/5487/5359
f 122/5424/3796 5080/5562/5434 5079/5554/5426
f 122/5424/3796 5087/5563/5435 5086/5557/5429
f 3517/5445/3797 5096/5564/5436 5095/5559/5431
f 3517/5445/3797 5102/5488/5360 5101/5468/5340
f 1583/5565/5437 1578/5566/5438 1536/5567/5439
f 1536/5567/5439 1578/5566/5438 2376/5568/5440
f 1536/5567/5439 2376/5568/5440 1537/5569/5441
f 1537/5569/5441 2376/5568/5440 2382/5570/5442
f 1537/5569/5441 2382/5570/5442 2381/5571/5443
f 1583/5565/5437 1582/5572/5444 1578/5566/5438
f 1578/5566/5438 1582/5572/5444 1581/5573/5445
f 1578/5566/5438 1581/5573/5445 1580/5574/5446
f 1580/5574/5446 1579/5575/5447 1578/5566/5438
f 1578/5566/5438 1864/5576/5448 2376/5568/5440
f 2376/5568/5440 1864/5576/5448 1865/5577/5449
f 1865/5577/5449 1864/5576/5448 1866/5578/5450
f 1866/5578/5450 1864/5576/5448 1867/5579/5451
f 1867/5579/5451 1864/5576/5448 1868/5580/5452
f 2381/5571/5443 2380/5581/5453 1537/5569/5441
f 1537/5569/5441 2380/5581/5453 2379/5582/5454
f 1537/5569/5441 2379/5582/5454 2672/5583/5455
f 2672/5583/5455 2379/5582/5454 2378/5584/5456
f 2672/5583/5455 2378/5584/5456 2377/5585/5457
f 2377/5585/5457 2523/5586/5458 2672/5583/5455
f 2672/5583/5455 2523/5586/5458 2527/5587/5459
f 2672/5583/5455 2527/5587/5459 2526/5588/5460
f 2526/5588/5460 2525/5589/5461 2672/5583/5455
f 2672/5583/5455 2525/5589/5461 2524/5590/5462
f 2672/5583/5455 2524/5590/5462 1337/5591/5463
f 1337/5591/5463 2524/5590/5462 2627/5592/5464
f 1337/5591/5463 2627/5592/5464 4859/5593/5465
f 4859/5593/5465 4858/5594/5466 1337/5591/5463
f 1337/5591/5463 4858/5594/5466 4857/5595/5467
f 1337/5591/5463 4857/5595/5467 4856/5596/5468
f 1337/5591/5463 4856/5596/5468 1343/5597/5469
f 1343/5597/5469 4856/5596/5468 4959/5598/5470
f 1343/5597/5469 4959/5598/5470 4964/5599/5471
f 4964/5599/5471 4963/5600/5472 1343/5597/5469
f 1343/5597/5469 4963/5600/5472 2718/5601/5473
f 2718/5601/5473 4963/5600/5472 4962/5602/5474
f 2718/5601/5473 4962/5602/5474 4961/5603/5475
f 4961/5603/5475 4960/5604/5476 2718/5601/5473
f 2718/5601/5473 4960/5604/5476 3517/5605/5477
f 2718/5601/5473 3517/5605/5477 3005/5606/5478
f 3005/5606/5478 3517/5605/5477 3009/5607/5479
f 3005/5606/5478 3009/5607/5479 3006/5608/5480
f 3006/5608/5480 3009/5607/5479 3007/5609/5481
f 3007/5609/5481 3009/5607/5479 3008/5610/5482
f 2718/5601/5473 3005/5606/5478 1486/5611/5483
f 1486/5611/5483 3005/5606/5478 2724/5612/5484
f 1486/5611/5483 2724/5612/5484 1487/5613/5485
f 1487/5613/5485 2724/5612/5484 2723/5614/5486
f 1487/5613/5485 2723/5614/5486 2722/5615/5487
f 2722/5615/5487 2721/5616/5488 1487/5613/5485
f 1487/5613/5485 2721/5616/5488 2720/5617/5489
f 1487/5613/5485 2720/5617/5489 2719/5618/5490
f 1486/5611/5483 3522/5619/5491 2718/5601/5473
f 2718/5601/5473 3522/5619/5491 3521/5620/5492
f 2718/5601/5473 3521/5620/5492 3520/5621/5493
f 3520/5621/5493 3519/5622/5494 2718/5601/5473
f 2718/5601/5473 3519/5622/5494 3518/5623/5495
f 1342/5624/5496 1341/5625/5497 1343/5597/5469
f 1343/5597/5469 1341/5625/5497 1340/5626/5498
f 1343/5597/5469 1340/5626/5498 1339/5627/5499
f 1339/5627/5499 1338/5628/5500 1343/5597/5469
f 1343/5597/5469 1338/5628/5500 1337/5591/5463
f 1551/5629/5501 2658/5630/5502 1552/5631/5503
f 1552/5631/5503 2658/5630/5502 2657/5632/5504
f 4715/5633/5505 4714/5634/5506 2642/5635/5507
f 2642/5635/5507 4714/5634/5506 4713/5636/5508
f 2642/5635/5507 4713/5636/5508 4712/5637/5509
f 4712/5637/5509 4711/5638/5510 2642/5635/5507
f 2642/5635/5507 4711/5638/5510 140/5639/5511
f 2642/5635/5507 140/5639/5511 1233/5640/5512
f 1233/5640/5512 140/5639/5511 1087/5641/5513
f 1087/5641/5513 140/5639/5511 1088/5642/5514
f 1088/5642/5514 140/5639/5511 1089/5643/5515
f 1089/5643/5515 140/5639/5511 139/5644/5516
f 1089/5643/5515 139/5644/5516 1090/5645/5517
f 1090/5645/5517 139/5644/5516 1091/5646/5518
f 1091/5646/5518 139/5644/5516 1092/5647/5519
f 1092/5647/5519 139/5644/5516 1086/5648/5520
f 1086/5648/5520 139/5644/5516 574/5649/5521
f 1086/5648/5520 574/5649/5521 575/5650/5522
f 575/5650/5522 574/5649/5521 576/5651/5523
f 576/5651/5523 574/5649/5521 577/5652/5524
f 577/5652/5524 574/5649/5521 578/5653/5525
f 574/5649/5521 139/5644/5516 141/5654/5526
f 141/5654/5526 139/5644/5516 146/5655/5527
f 141/5654/5526 146/5655/5527 145/5656/5528
f 145/5656/5528 144/5657/5529 141/5654/5526
f 141/5654/5526 144/5657/5529 143/5658/5530
f 141/5654/5526 143/5658/5530 142/5659/5531
f 574/5649/5521 141/5654/5526 287/5660/5532
f 287/5660/5532 141/5654/5526 293/5661/5533
f 287/5660/5532 293/5661/5533 292/5662/5534
f 292/5662/5534 291/5663/5535 287/5660/5532
f 287/5660/5532 291/5663/5535 290/5664/5536
f 287/5660/5532 290/5664/5536 289/5665/5537
f 289/5665/5537 288/5666/5538 287/5660/5532
f 1233/5640/5512 1237/5667/5539 2642/5635/5507
f 2642/5635/5507 1237/5667/5539 1236/5668/5540
f 2642/5635/5507 1236/5668/5540 1235/5669/5541
f 1235/5669/5541 1234/5670/5542 2642/5635/5507
f 2642/5635/5507 1234/5670/5542 2628/5671/5543
f 2642/5635/5507 2628/5671/5543 2643/5672/5544
f 2643/5672/5544 2628/5671/5543 3666/5673/5545
f 2643/5672/5544 3666/5673/5545 3665/5674/5546
f 3665/5674/5546 3664/5675/5547 2643/5672/5544
f 2643/5672/5544 3664/5675/5547 3663/5676/5548
f 2643/5672/5544 3663/5676/5548 3766/5677/5549
f 3766/5677/5549 3772/5678/5550 2643/5672/5544
f 2643/5672/5544 3772/5678/5550 3771/5679/5551
f 2643/5672/5544 3771/5679/5551 1566/5680/5552
f 1566/5680/5552 3771/5679/5551 3770/5681/5553
f 1566/5680/5552 3770/5681/5553 3769/5682/5554
f 3769/5682/5554 3768/5683/5555 1566/5680/5552
f 1566/5680/5552 3768/5683/5555 3767/5684/5556
f 1566/5680/5552 3767/5684/5556 3914/5685/5557
f 3914/5685/5557 3767/5684/5556 3913/5686/5558
f 3914/5685/5557 3913/5686/5558 3915/5687/5559
f 3915/5687/5559 3913/5686/5558 3916/5688/5560
f 3916/5688/5560 3913/5686/5558 3917/5689/5561
f 1566/5680/5552 3914/5685/5557 1567/5690/5562
f 1567/5690/5562 3914/5685/5557 4425/5691/5563
f 1567/5690/5562 4425/5691/5563 4430/5692/5564
f 4430/5692/5564 4429/5693/5565 1567/5690/5562
f 1567/5690/5562 4429/5693/5565 4428/5694/5566
f 1567/5690/5562 4428/5694/5566 4427/5695/5567
f 4427/5695/5567 4426/5696/5568 1567/5690/5562
# 5104 vertices
# 5696 texture params
# 5568 normals
# 10208 facets

# 1 groups
