# WaveFront *.obj file (generated by Autodesk ATF)

mtllib Bracket - Mid (x2).mtl

g Bracket - Mid 1

v -32.400000 -110.000000 11.500000
v -32.400000 -110.000000 10.500000
v -34.900000 -110.000000 10.500000
v -35.029410 -110.000000 10.482963
v -35.150000 -110.000000 10.433013
v -35.253553 -110.000000 10.353553
v -35.333013 -110.000000 10.250000
v -35.382963 -110.000000 10.129410
v -35.400000 -110.000000 10.000000
v -35.400000 -110.000000 7.090754
v -35.395481 -110.000000 7.048477
v -35.382127 -110.000000 7.008110
v -35.360542 -110.000000 6.971479
v -35.331701 -110.000000 6.940238
v -34.735298 -110.000000 6.418386
v -34.654540 -110.000000 6.328264
v -34.597798 -110.000000 6.221379
v -34.568396 -110.000000 6.103993
v -34.568058 -110.000000 5.982981
v -34.596801 -110.000000 5.865432
v -34.652944 -110.000000 5.758231
v -36.488394 -110.000000 3.096829
v -36.568326 -110.000000 3.006541
v -36.667549 -110.000000 2.938015
v -36.780293 -110.000000 2.895237
v -36.900000 -110.000000 2.880696
v -37.019707 -110.000000 2.895237
v -37.132451 -110.000000 2.938015
v -37.231674 -110.000000 3.006541
v -37.311606 -110.000000 3.096829
v -39.147056 -110.000000 5.758231
v -39.203199 -110.000000 5.865432
v -39.231942 -110.000000 5.982981
v -39.231604 -110.000000 6.103993
v -39.202202 -110.000000 6.221379
v -39.145460 -110.000000 6.328264
v -39.064702 -110.000000 6.418386
v -38.468299 -110.000000 6.940238
v -38.439458 -110.000000 6.971479
v -38.417873 -110.000000 7.008110
v -38.404519 -110.000000 7.048477
v -38.400000 -110.000000 7.090754
v -38.400000 -110.000000 10.000000
v -38.417037 -110.000000 10.129410
v -38.466987 -110.000000 10.250000
v -38.546447 -110.000000 10.353553
v -38.650000 -110.000000 10.433013
v -38.770590 -110.000000 10.482963
v -38.900000 -110.000000 10.500000
v -41.400000 -110.000000 10.500000
v -41.400000 -110.000000 11.500000
v -36.488394 -270.000000 3.096829
v -36.568326 -270.000000 3.006541
v -36.667549 -270.000000 2.938015
v -36.780293 -270.000000 2.895237
v -36.900000 -270.000000 2.880696
v -37.019707 -270.000000 2.895237
v -37.132451 -270.000000 2.938015
v -37.231674 -270.000000 3.006541
v -37.311606 -270.000000 3.096829
v -36.568326 -267.419355 3.006541
v -36.568326 -264.838710 3.006541
v -36.568326 -262.258065 3.006541
v -36.568326 -259.677419 3.006541
v -36.568326 -257.096774 3.006541
v -36.568326 -254.516129 3.006541
v -36.568326 -251.935484 3.006541
v -36.568326 -249.354839 3.006541
v -36.568326 -246.774194 3.006541
v -36.568326 -244.193548 3.006541
v -36.568326 -241.612903 3.006541
v -36.568326 -239.032258 3.006541
v -36.568326 -236.451613 3.006541
v -36.568326 -233.870968 3.006541
v -36.568326 -231.290323 3.006541
v -36.568326 -228.709677 3.006541
v -36.568326 -226.129032 3.006541
v -36.568326 -223.548387 3.006541
v -36.568326 -220.967742 3.006541
v -36.568326 -218.387097 3.006541
v -36.568326 -215.806452 3.006541
v -36.568326 -213.225806 3.006541
v -36.568326 -210.645161 3.006541
v -36.568326 -208.064516 3.006541
v -36.568326 -205.483871 3.006541
v -36.568326 -202.903226 3.006541
v -36.568326 -200.322581 3.006541
v -36.568326 -197.741935 3.006541
v -36.568326 -195.161290 3.006541
v -36.568326 -192.580645 3.006541
v -36.568326 -190.000000 3.006541
v -36.568326 -187.419355 3.006541
v -36.568326 -184.838710 3.006541
v -36.568326 -182.258065 3.006541
v -36.568326 -179.677419 3.006541
v -36.568326 -177.096774 3.006541
v -36.568326 -174.516129 3.006541
v -36.568326 -171.935484 3.006541
v -36.568326 -169.354839 3.006541
v -36.568326 -166.774194 3.006541
v -36.568326 -164.193548 3.006541
v -36.568326 -161.612903 3.006541
v -36.568326 -159.032258 3.006541
v -36.568326 -156.451613 3.006541
v -36.568326 -153.870968 3.006541
v -36.568326 -151.290323 3.006541
v -36.568326 -148.709677 3.006541
v -36.568326 -146.129032 3.006541
v -36.568326 -143.548387 3.006541
v -36.568326 -140.967742 3.006541
v -36.568326 -138.387097 3.006541
v -36.568326 -135.806452 3.006541
v -36.568326 -133.225806 3.006541
v -36.568326 -130.645161 3.006541
v -36.568326 -128.064516 3.006541
v -36.568326 -125.483871 3.006541
v -36.568326 -122.903226 3.006541
v -36.568326 -120.322581 3.006541
v -36.568326 -117.741935 3.006541
v -36.568326 -115.161290 3.006541
v -36.568326 -112.580645 3.006541
v -36.667549 -267.419355 2.938015
v -36.667549 -264.838710 2.938015
v -36.667549 -262.258065 2.938015
v -36.667549 -259.677419 2.938015
v -36.667549 -257.096774 2.938015
v -36.667549 -254.516129 2.938015
v -36.667549 -251.935484 2.938015
v -36.667549 -249.354839 2.938015
v -36.667549 -246.774194 2.938015
v -36.667549 -244.193548 2.938015
v -36.667549 -241.612903 2.938015
v -36.667549 -239.032258 2.938015
v -36.667549 -236.451613 2.938015
v -36.667549 -233.870968 2.938015
v -36.667549 -231.290323 2.938015
v -36.667549 -228.709677 2.938015
v -36.667549 -226.129032 2.938015
v -36.667549 -223.548387 2.938015
v -36.667549 -220.967742 2.938015
v -36.667549 -218.387097 2.938015
v -36.667549 -215.806452 2.938015
v -36.667549 -213.225806 2.938015
v -36.667549 -210.645161 2.938015
v -36.667549 -208.064516 2.938015
v -36.667549 -205.483871 2.938015
v -36.667549 -202.903226 2.938015
v -36.667549 -200.322581 2.938015
v -36.667549 -197.741935 2.938015
v -36.667549 -195.161290 2.938015
v -36.667549 -192.580645 2.938015
v -36.667549 -190.000000 2.938015
v -36.667549 -187.419355 2.938015
v -36.667549 -184.838710 2.938015
v -36.667549 -182.258065 2.938015
v -36.667549 -179.677419 2.938015
v -36.667549 -177.096774 2.938015
v -36.667549 -174.516129 2.938015
v -36.667549 -171.935484 2.938015
v -36.667549 -169.354839 2.938015
v -36.667549 -166.774194 2.938015
v -36.667549 -164.193548 2.938015
v -36.667549 -161.612903 2.938015
v -36.667549 -159.032258 2.938015
v -36.667549 -156.451613 2.938015
v -36.667549 -153.870968 2.938015
v -36.667549 -151.290323 2.938015
v -36.667549 -148.709677 2.938015
v -36.667549 -146.129032 2.938015
v -36.667549 -143.548387 2.938015
v -36.667549 -140.967742 2.938015
v -36.667549 -138.387097 2.938015
v -36.667549 -135.806452 2.938015
v -36.667549 -133.225806 2.938015
v -36.667549 -130.645161 2.938015
v -36.667549 -128.064516 2.938015
v -36.667549 -125.483871 2.938015
v -36.667549 -122.903226 2.938015
v -36.667549 -120.322581 2.938015
v -36.667549 -117.741935 2.938015
v -36.667549 -115.161290 2.938015
v -36.667549 -112.580645 2.938015
v -36.780293 -267.419355 2.895237
v -36.780293 -264.838710 2.895237
v -36.780293 -262.258065 2.895237
v -36.780293 -259.677419 2.895237
v -36.780293 -257.096774 2.895237
v -36.780293 -254.516129 2.895237
v -36.780293 -251.935484 2.895237
v -36.780293 -249.354839 2.895237
v -36.780293 -246.774194 2.895237
v -36.780293 -244.193548 2.895237
v -36.780293 -241.612903 2.895237
v -36.780293 -239.032258 2.895237
v -36.780293 -236.451613 2.895237
v -36.780293 -233.870968 2.895237
v -36.780293 -231.290323 2.895237
v -36.780293 -228.709677 2.895237
v -36.780293 -226.129032 2.895237
v -36.780293 -223.548387 2.895237
v -36.780293 -220.967742 2.895237
v -36.780293 -218.387097 2.895237
v -36.780293 -215.806452 2.895237
v -36.780293 -213.225806 2.895237
v -36.780293 -210.645161 2.895237
v -36.780293 -208.064516 2.895237
v -36.780293 -205.483871 2.895237
v -36.780293 -202.903226 2.895237
v -36.780293 -200.322581 2.895237
v -36.780293 -197.741935 2.895237
v -36.780293 -195.161290 2.895237
v -36.780293 -192.580645 2.895237
v -36.780293 -190.000000 2.895237
v -36.780293 -187.419355 2.895237
v -36.780293 -184.838710 2.895237
v -36.780293 -182.258065 2.895237
v -36.780293 -179.677419 2.895237
v -36.780293 -177.096774 2.895237
v -36.780293 -174.516129 2.895237
v -36.780293 -171.935484 2.895237
v -36.780293 -169.354839 2.895237
v -36.780293 -166.774194 2.895237
v -36.780293 -164.193548 2.895237
v -36.780293 -161.612903 2.895237
v -36.780293 -159.032258 2.895237
v -36.780293 -156.451613 2.895237
v -36.780293 -153.870968 2.895237
v -36.780293 -151.290323 2.895237
v -36.780293 -148.709677 2.895237
v -36.780293 -146.129032 2.895237
v -36.780293 -143.548387 2.895237
v -36.780293 -140.967742 2.895237
v -36.780293 -138.387097 2.895237
v -36.780293 -135.806452 2.895237
v -36.780293 -133.225806 2.895237
v -36.780293 -130.645161 2.895237
v -36.780293 -128.064516 2.895237
v -36.780293 -125.483871 2.895237
v -36.780293 -122.903226 2.895237
v -36.780293 -120.322581 2.895237
v -36.780293 -117.741935 2.895237
v -36.780293 -115.161290 2.895237
v -36.780293 -112.580645 2.895237
v -36.900000 -267.419355 2.880696
v -36.900000 -264.838710 2.880696
v -36.900000 -262.258065 2.880696
v -36.900000 -259.677419 2.880696
v -36.900000 -257.096774 2.880696
v -36.900000 -254.516129 2.880696
v -36.900000 -251.935484 2.880696
v -36.900000 -249.354839 2.880696
v -36.900000 -246.774194 2.880696
v -36.900000 -244.193548 2.880696
v -36.900000 -241.612903 2.880696
v -36.900000 -239.032258 2.880696
v -36.900000 -236.451613 2.880696
v -36.900000 -233.870968 2.880696
v -36.900000 -231.290323 2.880696
v -36.900000 -228.709677 2.880696
v -36.900000 -226.129032 2.880696
v -36.900000 -223.548387 2.880696
v -36.900000 -220.967742 2.880696
v -36.900000 -218.387097 2.880696
v -36.900000 -215.806452 2.880696
v -36.900000 -213.225806 2.880696
v -36.900000 -210.645161 2.880696
v -36.900000 -208.064516 2.880696
v -36.900000 -205.483871 2.880696
v -36.900000 -202.903226 2.880696
v -36.900000 -200.322581 2.880696
v -36.900000 -197.741935 2.880696
v -36.900000 -195.161290 2.880696
v -36.900000 -192.580645 2.880696
v -36.900000 -190.000000 2.880696
v -36.900000 -187.419355 2.880696
v -36.900000 -184.838710 2.880696
v -36.900000 -182.258065 2.880696
v -36.900000 -179.677419 2.880696
v -36.900000 -177.096774 2.880696
v -36.900000 -174.516129 2.880696
v -36.900000 -171.935484 2.880696
v -36.900000 -169.354839 2.880696
v -36.900000 -166.774194 2.880696
v -36.900000 -164.193548 2.880696
v -36.900000 -161.612903 2.880696
v -36.900000 -159.032258 2.880696
v -36.900000 -156.451613 2.880696
v -36.900000 -153.870968 2.880696
v -36.900000 -151.290323 2.880696
v -36.900000 -148.709677 2.880696
v -36.900000 -146.129032 2.880696
v -36.900000 -143.548387 2.880696
v -36.900000 -140.967742 2.880696
v -36.900000 -138.387097 2.880696
v -36.900000 -135.806452 2.880696
v -36.900000 -133.225806 2.880696
v -36.900000 -130.645161 2.880696
v -36.900000 -128.064516 2.880696
v -36.900000 -125.483871 2.880696
v -36.900000 -122.903226 2.880696
v -36.900000 -120.322581 2.880696
v -36.900000 -117.741935 2.880696
v -36.900000 -115.161290 2.880696
v -36.900000 -112.580645 2.880696
v -37.019707 -267.419355 2.895237
v -37.019707 -264.838710 2.895237
v -37.019707 -262.258065 2.895237
v -37.019707 -259.677419 2.895237
v -37.019707 -257.096774 2.895237
v -37.019707 -254.516129 2.895237
v -37.019707 -251.935484 2.895237
v -37.019707 -249.354839 2.895237
v -37.019707 -246.774194 2.895237
v -37.019707 -244.193548 2.895237
v -37.019707 -241.612903 2.895237
v -37.019707 -239.032258 2.895237
v -37.019707 -236.451613 2.895237
v -37.019707 -233.870968 2.895237
v -37.019707 -231.290323 2.895237
v -37.019707 -228.709677 2.895237
v -37.019707 -226.129032 2.895237
v -37.019707 -223.548387 2.895237
v -37.019707 -220.967742 2.895237
v -37.019707 -218.387097 2.895237
v -37.019707 -215.806452 2.895237
v -37.019707 -213.225806 2.895237
v -37.019707 -210.645161 2.895237
v -37.019707 -208.064516 2.895237
v -37.019707 -205.483871 2.895237
v -37.019707 -202.903226 2.895237
v -37.019707 -200.322581 2.895237
v -37.019707 -197.741935 2.895237
v -37.019707 -195.161290 2.895237
v -37.019707 -192.580645 2.895237
v -37.019707 -190.000000 2.895237
v -37.019707 -187.419355 2.895237
v -37.019707 -184.838710 2.895237
v -37.019707 -182.258065 2.895237
v -37.019707 -179.677419 2.895237
v -37.019707 -177.096774 2.895237
v -37.019707 -174.516129 2.895237
v -37.019707 -171.935484 2.895237
v -37.019707 -169.354839 2.895237
v -37.019707 -166.774194 2.895237
v -37.019707 -164.193548 2.895237
v -37.019707 -161.612903 2.895237
v -37.019707 -159.032258 2.895237
v -37.019707 -156.451613 2.895237
v -37.019707 -153.870968 2.895237
v -37.019707 -151.290323 2.895237
v -37.019707 -148.709677 2.895237
v -37.019707 -146.129032 2.895237
v -37.019707 -143.548387 2.895237
v -37.019707 -140.967742 2.895237
v -37.019707 -138.387097 2.895237
v -37.019707 -135.806452 2.895237
v -37.019707 -133.225806 2.895237
v -37.019707 -130.645161 2.895237
v -37.019707 -128.064516 2.895237
v -37.019707 -125.483871 2.895237
v -37.019707 -122.903226 2.895237
v -37.019707 -120.322581 2.895237
v -37.019707 -117.741935 2.895237
v -37.019707 -115.161290 2.895237
v -37.019707 -112.580645 2.895237
v -37.132451 -267.419355 2.938015
v -37.132451 -264.838710 2.938015
v -37.132451 -262.258065 2.938015
v -37.132451 -259.677419 2.938015
v -37.132451 -257.096774 2.938015
v -37.132451 -254.516129 2.938015
v -37.132451 -251.935484 2.938015
v -37.132451 -249.354839 2.938015
v -37.132451 -246.774194 2.938015
v -37.132451 -244.193548 2.938015
v -37.132451 -241.612903 2.938015
v -37.132451 -239.032258 2.938015
v -37.132451 -236.451613 2.938015
v -37.132451 -233.870968 2.938015
v -37.132451 -231.290323 2.938015
v -37.132451 -228.709677 2.938015
v -37.132451 -226.129032 2.938015
v -37.132451 -223.548387 2.938015
v -37.132451 -220.967742 2.938015
v -37.132451 -218.387097 2.938015
v -37.132451 -215.806452 2.938015
v -37.132451 -213.225806 2.938015
v -37.132451 -210.645161 2.938015
v -37.132451 -208.064516 2.938015
v -37.132451 -205.483871 2.938015
v -37.132451 -202.903226 2.938015
v -37.132451 -200.322581 2.938015
v -37.132451 -197.741935 2.938015
v -37.132451 -195.161290 2.938015
v -37.132451 -192.580645 2.938015
v -37.132451 -190.000000 2.938015
v -37.132451 -187.419355 2.938015
v -37.132451 -184.838710 2.938015
v -37.132451 -182.258065 2.938015
v -37.132451 -179.677419 2.938015
v -37.132451 -177.096774 2.938015
v -37.132451 -174.516129 2.938015
v -37.132451 -171.935484 2.938015
v -37.132451 -169.354839 2.938015
v -37.132451 -166.774194 2.938015
v -37.132451 -164.193548 2.938015
v -37.132451 -161.612903 2.938015
v -37.132451 -159.032258 2.938015
v -37.132451 -156.451613 2.938015
v -37.132451 -153.870968 2.938015
v -37.132451 -151.290323 2.938015
v -37.132451 -148.709677 2.938015
v -37.132451 -146.129032 2.938015
v -37.132451 -143.548387 2.938015
v -37.132451 -140.967742 2.938015
v -37.132451 -138.387097 2.938015
v -37.132451 -135.806452 2.938015
v -37.132451 -133.225806 2.938015
v -37.132451 -130.645161 2.938015
v -37.132451 -128.064516 2.938015
v -37.132451 -125.483871 2.938015
v -37.132451 -122.903226 2.938015
v -37.132451 -120.322581 2.938015
v -37.132451 -117.741935 2.938015
v -37.132451 -115.161290 2.938015
v -37.132451 -112.580645 2.938015
v -37.231674 -267.419355 3.006541
v -37.231674 -264.838710 3.006541
v -37.231674 -262.258065 3.006541
v -37.231674 -259.677419 3.006541
v -37.231674 -257.096774 3.006541
v -37.231674 -254.516129 3.006541
v -37.231674 -251.935484 3.006541
v -37.231674 -249.354839 3.006541
v -37.231674 -246.774194 3.006541
v -37.231674 -244.193548 3.006541
v -37.231674 -241.612903 3.006541
v -37.231674 -239.032258 3.006541
v -37.231674 -236.451613 3.006541
v -37.231674 -233.870968 3.006541
v -37.231674 -231.290323 3.006541
v -37.231674 -228.709677 3.006541
v -37.231674 -226.129032 3.006541
v -37.231674 -223.548387 3.006541
v -37.231674 -220.967742 3.006541
v -37.231674 -218.387097 3.006541
v -37.231674 -215.806452 3.006541
v -37.231674 -213.225806 3.006541
v -37.231674 -210.645161 3.006541
v -37.231674 -208.064516 3.006541
v -37.231674 -205.483871 3.006541
v -37.231674 -202.903226 3.006541
v -37.231674 -200.322581 3.006541
v -37.231674 -197.741935 3.006541
v -37.231674 -195.161290 3.006541
v -37.231674 -192.580645 3.006541
v -37.231674 -190.000000 3.006541
v -37.231674 -187.419355 3.006541
v -37.231674 -184.838710 3.006541
v -37.231674 -182.258065 3.006541
v -37.231674 -179.677419 3.006541
v -37.231674 -177.096774 3.006541
v -37.231674 -174.516129 3.006541
v -37.231674 -171.935484 3.006541
v -37.231674 -169.354839 3.006541
v -37.231674 -166.774194 3.006541
v -37.231674 -164.193548 3.006541
v -37.231674 -161.612903 3.006541
v -37.231674 -159.032258 3.006541
v -37.231674 -156.451613 3.006541
v -37.231674 -153.870968 3.006541
v -37.231674 -151.290323 3.006541
v -37.231674 -148.709677 3.006541
v -37.231674 -146.129032 3.006541
v -37.231674 -143.548387 3.006541
v -37.231674 -140.967742 3.006541
v -37.231674 -138.387097 3.006541
v -37.231674 -135.806452 3.006541
v -37.231674 -133.225806 3.006541
v -37.231674 -130.645161 3.006541
v -37.231674 -128.064516 3.006541
v -37.231674 -125.483871 3.006541
v -37.231674 -122.903226 3.006541
v -37.231674 -120.322581 3.006541
v -37.231674 -117.741935 3.006541
v -37.231674 -115.161290 3.006541
v -37.231674 -112.580645 3.006541
v -34.652944 -270.000000 5.758231
v -34.735298 -270.000000 6.418386
v -34.654540 -270.000000 6.328264
v -34.597798 -270.000000 6.221379
v -34.568396 -270.000000 6.103993
v -34.568058 -270.000000 5.982981
v -34.596801 -270.000000 5.865432
v -34.654540 -267.419355 6.328264
v -34.654540 -264.838710 6.328264
v -34.654540 -262.258065 6.328264
v -34.654540 -259.677419 6.328264
v -34.654540 -257.096774 6.328264
v -34.654540 -254.516129 6.328264
v -34.654540 -251.935484 6.328264
v -34.654540 -249.354839 6.328264
v -34.654540 -246.774194 6.328264
v -34.654540 -244.193548 6.328264
v -34.654540 -241.612903 6.328264
v -34.654540 -239.032258 6.328264
v -34.654540 -236.451613 6.328264
v -34.654540 -233.870968 6.328264
v -34.654540 -231.290323 6.328264
v -34.654540 -228.709677 6.328264
v -34.654540 -226.129032 6.328264
v -34.654540 -223.548387 6.328264
v -34.654540 -220.967742 6.328264
v -34.654540 -218.387097 6.328264
v -34.654540 -215.806452 6.328264
v -34.654540 -213.225806 6.328264
v -34.654540 -210.645161 6.328264
v -34.654540 -208.064516 6.328264
v -34.654540 -205.483871 6.328264
v -34.654540 -202.903226 6.328264
v -34.654540 -200.322581 6.328264
v -34.654540 -197.741935 6.328264
v -34.654540 -195.161290 6.328264
v -34.654540 -192.580645 6.328264
v -34.654540 -190.000000 6.328264
v -34.654540 -187.419355 6.328264
v -34.654540 -184.838710 6.328264
v -34.654540 -182.258065 6.328264
v -34.654540 -179.677419 6.328264
v -34.654540 -177.096774 6.328264
v -34.654540 -174.516129 6.328264
v -34.654540 -171.935484 6.328264
v -34.654540 -169.354839 6.328264
v -34.654540 -166.774194 6.328264
v -34.654540 -164.193548 6.328264
v -34.654540 -161.612903 6.328264
v -34.654540 -159.032258 6.328264
v -34.654540 -156.451613 6.328264
v -34.654540 -153.870968 6.328264
v -34.654540 -151.290323 6.328264
v -34.654540 -148.709677 6.328264
v -34.654540 -146.129032 6.328264
v -34.654540 -143.548387 6.328264
v -34.654540 -140.967742 6.328264
v -34.654540 -138.387097 6.328264
v -34.654540 -135.806452 6.328264
v -34.654540 -133.225806 6.328264
v -34.654540 -130.645161 6.328264
v -34.654540 -128.064516 6.328264
v -34.654540 -125.483871 6.328264
v -34.654540 -122.903226 6.328264
v -34.654540 -120.322581 6.328264
v -34.654540 -117.741935 6.328264
v -34.654540 -115.161290 6.328264
v -34.654540 -112.580645 6.328264
v -34.597798 -267.419355 6.221379
v -34.597798 -264.838710 6.221379
v -34.597798 -262.258065 6.221379
v -34.597798 -259.677419 6.221379
v -34.597798 -257.096774 6.221379
v -34.597798 -254.516129 6.221379
v -34.597798 -251.935484 6.221379
v -34.597798 -249.354839 6.221379
v -34.597798 -246.774194 6.221379
v -34.597798 -244.193548 6.221379
v -34.597798 -241.612903 6.221379
v -34.597798 -239.032258 6.221379
v -34.597798 -236.451613 6.221379
v -34.597798 -233.870968 6.221379
v -34.597798 -231.290323 6.221379
v -34.597798 -228.709677 6.221379
v -34.597798 -226.129032 6.221379
v -34.597798 -223.548387 6.221379
v -34.597798 -220.967742 6.221379
v -34.597798 -218.387097 6.221379
v -34.597798 -215.806452 6.221379
v -34.597798 -213.225806 6.221379
v -34.597798 -210.645161 6.221379
v -34.597798 -208.064516 6.221379
v -34.597798 -205.483871 6.221379
v -34.597798 -202.903226 6.221379
v -34.597798 -200.322581 6.221379
v -34.597798 -197.741935 6.221379
v -34.597798 -195.161290 6.221379
v -34.597798 -192.580645 6.221379
v -34.597798 -190.000000 6.221379
v -34.597798 -187.419355 6.221379
v -34.597798 -184.838710 6.221379
v -34.597798 -182.258065 6.221379
v -34.597798 -179.677419 6.221379
v -34.597798 -177.096774 6.221379
v -34.597798 -174.516129 6.221379
v -34.597798 -171.935484 6.221379
v -34.597798 -169.354839 6.221379
v -34.597798 -166.774194 6.221379
v -34.597798 -164.193548 6.221379
v -34.597798 -161.612903 6.221379
v -34.597798 -159.032258 6.221379
v -34.597798 -156.451613 6.221379
v -34.597798 -153.870968 6.221379
v -34.597798 -151.290323 6.221379
v -34.597798 -148.709677 6.221379
v -34.597798 -146.129032 6.221379
v -34.597798 -143.548387 6.221379
v -34.597798 -140.967742 6.221379
v -34.597798 -138.387097 6.221379
v -34.597798 -135.806452 6.221379
v -34.597798 -133.225806 6.221379
v -34.597798 -130.645161 6.221379
v -34.597798 -128.064516 6.221379
v -34.597798 -125.483871 6.221379
v -34.597798 -122.903226 6.221379
v -34.597798 -120.322581 6.221379
v -34.597798 -117.741935 6.221379
v -34.597798 -115.161290 6.221379
v -34.597798 -112.580645 6.221379
v -34.568396 -267.419355 6.103993
v -34.568396 -264.838710 6.103993
v -34.568396 -262.258065 6.103993
v -34.568396 -259.677419 6.103993
v -34.568396 -257.096774 6.103993
v -34.568396 -254.516129 6.103993
v -34.568396 -251.935484 6.103993
v -34.568396 -249.354839 6.103993
v -34.568396 -246.774194 6.103993
v -34.568396 -244.193548 6.103993
v -34.568396 -241.612903 6.103993
v -34.568396 -239.032258 6.103993
v -34.568396 -236.451613 6.103993
v -34.568396 -233.870968 6.103993
v -34.568396 -231.290323 6.103993
v -34.568396 -228.709677 6.103993
v -34.568396 -226.129032 6.103993
v -34.568396 -223.548387 6.103993
v -34.568396 -220.967742 6.103993
v -34.568396 -218.387097 6.103993
v -34.568396 -215.806452 6.103993
v -34.568396 -213.225806 6.103993
v -34.568396 -210.645161 6.103993
v -34.568396 -208.064516 6.103993
v -34.568396 -205.483871 6.103993
v -34.568396 -202.903226 6.103993
v -34.568396 -200.322581 6.103993
v -34.568396 -197.741935 6.103993
v -34.568396 -195.161290 6.103993
v -34.568396 -192.580645 6.103993
v -34.568396 -190.000000 6.103993
v -34.568396 -187.419355 6.103993
v -34.568396 -184.838710 6.103993
v -34.568396 -182.258065 6.103993
v -34.568396 -179.677419 6.103993
v -34.568396 -177.096774 6.103993
v -34.568396 -174.516129 6.103993
v -34.568396 -171.935484 6.103993
v -34.568396 -169.354839 6.103993
v -34.568396 -166.774194 6.103993
v -34.568396 -164.193548 6.103993
v -34.568396 -161.612903 6.103993
v -34.568396 -159.032258 6.103993
v -34.568396 -156.451613 6.103993
v -34.568396 -153.870968 6.103993
v -34.568396 -151.290323 6.103993
v -34.568396 -148.709677 6.103993
v -34.568396 -146.129032 6.103993
v -34.568396 -143.548387 6.103993
v -34.568396 -140.967742 6.103993
v -34.568396 -138.387097 6.103993
v -34.568396 -135.806452 6.103993
v -34.568396 -133.225806 6.103993
v -34.568396 -130.645161 6.103993
v -34.568396 -128.064516 6.103993
v -34.568396 -125.483871 6.103993
v -34.568396 -122.903226 6.103993
v -34.568396 -120.322581 6.103993
v -34.568396 -117.741935 6.103993
v -34.568396 -115.161290 6.103993
v -34.568396 -112.580645 6.103993
v -34.568058 -267.419355 5.982981
v -34.568058 -264.838710 5.982981
v -34.568058 -262.258065 5.982981
v -34.568058 -259.677419 5.982981
v -34.568058 -257.096774 5.982981
v -34.568058 -254.516129 5.982981
v -34.568058 -251.935484 5.982981
v -34.568058 -249.354839 5.982981
v -34.568058 -246.774194 5.982981
v -34.568058 -244.193548 5.982981
v -34.568058 -241.612903 5.982981
v -34.568058 -239.032258 5.982981
v -34.568058 -236.451613 5.982981
v -34.568058 -233.870968 5.982981
v -34.568058 -231.290323 5.982981
v -34.568058 -228.709677 5.982981
v -34.568058 -226.129032 5.982981
v -34.568058 -223.548387 5.982981
v -34.568058 -220.967742 5.982981
v -34.568058 -218.387097 5.982981
v -34.568058 -215.806452 5.982981
v -34.568058 -213.225806 5.982981
v -34.568058 -210.645161 5.982981
v -34.568058 -208.064516 5.982981
v -34.568058 -205.483871 5.982981
v -34.568058 -202.903226 5.982981
v -34.568058 -200.322581 5.982981
v -34.568058 -197.741935 5.982981
v -34.568058 -195.161290 5.982981
v -34.568058 -192.580645 5.982981
v -34.568058 -190.000000 5.982981
v -34.568058 -187.419355 5.982981
v -34.568058 -184.838710 5.982981
v -34.568058 -182.258065 5.982981
v -34.568058 -179.677419 5.982981
v -34.568058 -177.096774 5.982981
v -34.568058 -174.516129 5.982981
v -34.568058 -171.935484 5.982981
v -34.568058 -169.354839 5.982981
v -34.568058 -166.774194 5.982981
v -34.568058 -164.193548 5.982981
v -34.568058 -161.612903 5.982981
v -34.568058 -159.032258 5.982981
v -34.568058 -156.451613 5.982981
v -34.568058 -153.870968 5.982981
v -34.568058 -151.290323 5.982981
v -34.568058 -148.709677 5.982981
v -34.568058 -146.129032 5.982981
v -34.568058 -143.548387 5.982981
v -34.568058 -140.967742 5.982981
v -34.568058 -138.387097 5.982981
v -34.568058 -135.806452 5.982981
v -34.568058 -133.225806 5.982981
v -34.568058 -130.645161 5.982981
v -34.568058 -128.064516 5.982981
v -34.568058 -125.483871 5.982981
v -34.568058 -122.903226 5.982981
v -34.568058 -120.322581 5.982981
v -34.568058 -117.741935 5.982981
v -34.568058 -115.161290 5.982981
v -34.568058 -112.580645 5.982981
v -34.596801 -267.419355 5.865432
v -34.596801 -264.838710 5.865432
v -34.596801 -262.258065 5.865432
v -34.596801 -259.677419 5.865432
v -34.596801 -257.096774 5.865432
v -34.596801 -254.516129 5.865432
v -34.596801 -251.935484 5.865432
v -34.596801 -249.354839 5.865432
v -34.596801 -246.774194 5.865432
v -34.596801 -244.193548 5.865432
v -34.596801 -241.612903 5.865432
v -34.596801 -239.032258 5.865432
v -34.596801 -236.451613 5.865432
v -34.596801 -233.870968 5.865432
v -34.596801 -231.290323 5.865432
v -34.596801 -228.709677 5.865432
v -34.596801 -226.129032 5.865432
v -34.596801 -223.548387 5.865432
v -34.596801 -220.967742 5.865432
v -34.596801 -218.387097 5.865432
v -34.596801 -215.806452 5.865432
v -34.596801 -213.225806 5.865432
v -34.596801 -210.645161 5.865432
v -34.596801 -208.064516 5.865432
v -34.596801 -205.483871 5.865432
v -34.596801 -202.903226 5.865432
v -34.596801 -200.322581 5.865432
v -34.596801 -197.741935 5.865432
v -34.596801 -195.161290 5.865432
v -34.596801 -192.580645 5.865432
v -34.596801 -190.000000 5.865432
v -34.596801 -187.419355 5.865432
v -34.596801 -184.838710 5.865432
v -34.596801 -182.258065 5.865432
v -34.596801 -179.677419 5.865432
v -34.596801 -177.096774 5.865432
v -34.596801 -174.516129 5.865432
v -34.596801 -171.935484 5.865432
v -34.596801 -169.354839 5.865432
v -34.596801 -166.774194 5.865432
v -34.596801 -164.193548 5.865432
v -34.596801 -161.612903 5.865432
v -34.596801 -159.032258 5.865432
v -34.596801 -156.451613 5.865432
v -34.596801 -153.870968 5.865432
v -34.596801 -151.290323 5.865432
v -34.596801 -148.709677 5.865432
v -34.596801 -146.129032 5.865432
v -34.596801 -143.548387 5.865432
v -34.596801 -140.967742 5.865432
v -34.596801 -138.387097 5.865432
v -34.596801 -135.806452 5.865432
v -34.596801 -133.225806 5.865432
v -34.596801 -130.645161 5.865432
v -34.596801 -128.064516 5.865432
v -34.596801 -125.483871 5.865432
v -34.596801 -122.903226 5.865432
v -34.596801 -120.322581 5.865432
v -34.596801 -117.741935 5.865432
v -34.596801 -115.161290 5.865432
v -34.596801 -112.580645 5.865432
v -35.331701 -270.000000 6.940238
v -35.400000 -270.000000 7.090754
v -35.395481 -270.000000 7.048477
v -35.382127 -270.000000 7.008110
v -35.360542 -270.000000 6.971479
v -35.395481 -269.085714 7.048477
v -35.395481 -268.171429 7.048477
v -35.395481 -267.257143 7.048477
v -35.395481 -266.342857 7.048477
v -35.395481 -265.428571 7.048477
v -35.395481 -264.514286 7.048477
v -35.395481 -263.600000 7.048477
v -35.395481 -262.685714 7.048477
v -35.395481 -261.771429 7.048477
v -35.395481 -260.857143 7.048477
v -35.395481 -259.942857 7.048477
v -35.395481 -259.028571 7.048477
v -35.395481 -258.114286 7.048477
v -35.395481 -257.200000 7.048477
v -35.395481 -256.285714 7.048477
v -35.395481 -255.371429 7.048477
v -35.395481 -254.457143 7.048477
v -35.395481 -253.542857 7.048477
v -35.395481 -252.628571 7.048477
v -35.395481 -251.714286 7.048477
v -35.395481 -250.800000 7.048477
v -35.395481 -249.885714 7.048477
v -35.395481 -248.971429 7.048477
v -35.395481 -248.057143 7.048477
v -35.395481 -247.142857 7.048477
v -35.395481 -246.228571 7.048477
v -35.395481 -245.314286 7.048477
v -35.395481 -244.400000 7.048477
v -35.395481 -243.485714 7.048477
v -35.395481 -242.571429 7.048477
v -35.395481 -241.657143 7.048477
v -35.395481 -240.742857 7.048477
v -35.395481 -239.828571 7.048477
v -35.395481 -238.914286 7.048477
v -35.395481 -238.000000 7.048477
v -35.395481 -237.085714 7.048477
v -35.395481 -236.171429 7.048477
v -35.395481 -235.257143 7.048477
v -35.395481 -234.342857 7.048477
v -35.395481 -233.428571 7.048477
v -35.395481 -232.514286 7.048477
v -35.395481 -231.600000 7.048477
v -35.395481 -230.685714 7.048477
v -35.395481 -229.771429 7.048477
v -35.395481 -228.857143 7.048477
v -35.395481 -227.942857 7.048477
v -35.395481 -227.028571 7.048477
v -35.395481 -226.114286 7.048477
v -35.395481 -225.200000 7.048477
v -35.395481 -224.285714 7.048477
v -35.395481 -223.371429 7.048477
v -35.395481 -222.457143 7.048477
v -35.395481 -221.542857 7.048477
v -35.395481 -220.628571 7.048477
v -35.395481 -219.714286 7.048477
v -35.395481 -218.800000 7.048477
v -35.395481 -217.885714 7.048477
v -35.395481 -216.971429 7.048477
v -35.395481 -216.057143 7.048477
v -35.395481 -215.142857 7.048477
v -35.395481 -214.228571 7.048477
v -35.395481 -213.314286 7.048477
v -35.395481 -212.400000 7.048477
v -35.395481 -211.485714 7.048477
v -35.395481 -210.571429 7.048477
v -35.395481 -209.657143 7.048477
v -35.395481 -208.742857 7.048477
v -35.395481 -207.828571 7.048477
v -35.395481 -206.914286 7.048477
v -35.395481 -206.000000 7.048477
v -35.395481 -205.085714 7.048477
v -35.395481 -204.171429 7.048477
v -35.395481 -203.257143 7.048477
v -35.395481 -202.342857 7.048477
v -35.395481 -201.428571 7.048477
v -35.395481 -200.514286 7.048477
v -35.395481 -199.600000 7.048477
v -35.395481 -198.685714 7.048477
v -35.395481 -197.771429 7.048477
v -35.395481 -196.857143 7.048477
v -35.395481 -195.942857 7.048477
v -35.395481 -195.028571 7.048477
v -35.395481 -194.114286 7.048477
v -35.395481 -193.200000 7.048477
v -35.395481 -192.285714 7.048477
v -35.395481 -191.371429 7.048477
v -35.395481 -190.457143 7.048477
v -35.395481 -189.542857 7.048477
v -35.395481 -188.628571 7.048477
v -35.395481 -187.714286 7.048477
v -35.395481 -186.800000 7.048477
v -35.395481 -185.885714 7.048477
v -35.395481 -184.971429 7.048477
v -35.395481 -184.057143 7.048477
v -35.395481 -183.142857 7.048477
v -35.395481 -182.228571 7.048477
v -35.395481 -181.314286 7.048477
v -35.395481 -180.400000 7.048477
v -35.395481 -179.485714 7.048477
v -35.395481 -178.571429 7.048477
v -35.395481 -177.657143 7.048477
v -35.395481 -176.742857 7.048477
v -35.395481 -175.828571 7.048477
v -35.395481 -174.914286 7.048477
v -35.395481 -174.000000 7.048477
v -35.395481 -173.085714 7.048477
v -35.395481 -172.171429 7.048477
v -35.395481 -171.257143 7.048477
v -35.395481 -170.342857 7.048477
v -35.395481 -169.428571 7.048477
v -35.395481 -168.514286 7.048477
v -35.395481 -167.600000 7.048477
v -35.395481 -166.685714 7.048477
v -35.395481 -165.771429 7.048477
v -35.395481 -164.857143 7.048477
v -35.395481 -163.942857 7.048477
v -35.395481 -163.028571 7.048477
v -35.395481 -162.114286 7.048477
v -35.395481 -161.200000 7.048477
v -35.395481 -160.285714 7.048477
v -35.395481 -159.371429 7.048477
v -35.395481 -158.457143 7.048477
v -35.395481 -157.542857 7.048477
v -35.395481 -156.628571 7.048477
v -35.395481 -155.714286 7.048477
v -35.395481 -154.800000 7.048477
v -35.395481 -153.885714 7.048477
v -35.395481 -152.971429 7.048477
v -35.395481 -152.057143 7.048477
v -35.395481 -151.142857 7.048477
v -35.395481 -150.228571 7.048477
v -35.395481 -149.314286 7.048477
v -35.395481 -148.400000 7.048477
v -35.395481 -147.485714 7.048477
v -35.395481 -146.571429 7.048477
v -35.395481 -145.657143 7.048477
v -35.395481 -144.742857 7.048477
v -35.395481 -143.828571 7.048477
v -35.395481 -142.914286 7.048477
v -35.395481 -142.000000 7.048477
v -35.395481 -141.085714 7.048477
v -35.395481 -140.171429 7.048477
v -35.395481 -139.257143 7.048477
v -35.395481 -138.342857 7.048477
v -35.395481 -137.428571 7.048477
v -35.395481 -136.514286 7.048477
v -35.395481 -135.600000 7.048477
v -35.395481 -134.685714 7.048477
v -35.395481 -133.771429 7.048477
v -35.395481 -132.857143 7.048477
v -35.395481 -131.942857 7.048477
v -35.395481 -131.028571 7.048477
v -35.395481 -130.114286 7.048477
v -35.395481 -129.200000 7.048477
v -35.395481 -128.285714 7.048477
v -35.395481 -127.371429 7.048477
v -35.395481 -126.457143 7.048477
v -35.395481 -125.542857 7.048477
v -35.395481 -124.628571 7.048477
v -35.395481 -123.714286 7.048477
v -35.395481 -122.800000 7.048477
v -35.395481 -121.885714 7.048477
v -35.395481 -120.971429 7.048477
v -35.395481 -120.057143 7.048477
v -35.395481 -119.142857 7.048477
v -35.395481 -118.228571 7.048477
v -35.395481 -117.314286 7.048477
v -35.395481 -116.400000 7.048477
v -35.395481 -115.485714 7.048477
v -35.395481 -114.571429 7.048477
v -35.395481 -113.657143 7.048477
v -35.395481 -112.742857 7.048477
v -35.395481 -111.828571 7.048477
v -35.395481 -110.914286 7.048477
v -35.382127 -269.085714 7.008110
v -35.382127 -268.171429 7.008110
v -35.382127 -267.257143 7.008110
v -35.382127 -266.342857 7.008110
v -35.382127 -265.428571 7.008110
v -35.382127 -264.514286 7.008110
v -35.382127 -263.600000 7.008110
v -35.382127 -262.685714 7.008110
v -35.382127 -261.771429 7.008110
v -35.382127 -260.857143 7.008110
v -35.382127 -259.942857 7.008110
v -35.382127 -259.028571 7.008110
v -35.382127 -258.114286 7.008110
v -35.382127 -257.200000 7.008110
v -35.382127 -256.285714 7.008110
v -35.382127 -255.371429 7.008110
v -35.382127 -254.457143 7.008110
v -35.382127 -253.542857 7.008110
v -35.382127 -252.628571 7.008110
v -35.382127 -251.714286 7.008110
v -35.382127 -250.800000 7.008110
v -35.382127 -249.885714 7.008110
v -35.382127 -248.971429 7.008110
v -35.382127 -248.057143 7.008110
v -35.382127 -247.142857 7.008110
v -35.382127 -246.228571 7.008110
v -35.382127 -245.314286 7.008110
v -35.382127 -244.400000 7.008110
v -35.382127 -243.485714 7.008110
v -35.382127 -242.571429 7.008110
v -35.382127 -241.657143 7.008110
v -35.382127 -240.742857 7.008110
v -35.382127 -239.828571 7.008110
v -35.382127 -238.914286 7.008110
v -35.382127 -238.000000 7.008110
v -35.382127 -237.085714 7.008110
v -35.382127 -236.171429 7.008110
v -35.382127 -235.257143 7.008110
v -35.382127 -234.342857 7.008110
v -35.382127 -233.428571 7.008110
v -35.382127 -232.514286 7.008110
v -35.382127 -231.600000 7.008110
v -35.382127 -230.685714 7.008110
v -35.382127 -229.771429 7.008110
v -35.382127 -228.857143 7.008110
v -35.382127 -227.942857 7.008110
v -35.382127 -227.028571 7.008110
v -35.382127 -226.114286 7.008110
v -35.382127 -225.200000 7.008110
v -35.382127 -224.285714 7.008110
v -35.382127 -223.371429 7.008110
v -35.382127 -222.457143 7.008110
v -35.382127 -221.542857 7.008110
v -35.382127 -220.628571 7.008110
v -35.382127 -219.714286 7.008110
v -35.382127 -218.800000 7.008110
v -35.382127 -217.885714 7.008110
v -35.382127 -216.971429 7.008110
v -35.382127 -216.057143 7.008110
v -35.382127 -215.142857 7.008110
v -35.382127 -214.228571 7.008110
v -35.382127 -213.314286 7.008110
v -35.382127 -212.400000 7.008110
v -35.382127 -211.485714 7.008110
v -35.382127 -210.571429 7.008110
v -35.382127 -209.657143 7.008110
v -35.382127 -208.742857 7.008110
v -35.382127 -207.828571 7.008110
v -35.382127 -206.914286 7.008110
v -35.382127 -206.000000 7.008110
v -35.382127 -205.085714 7.008110
v -35.382127 -204.171429 7.008110
v -35.382127 -203.257143 7.008110
v -35.382127 -202.342857 7.008110
v -35.382127 -201.428571 7.008110
v -35.382127 -200.514286 7.008110
v -35.382127 -199.600000 7.008110
v -35.382127 -198.685714 7.008110
v -35.382127 -197.771429 7.008110
v -35.382127 -196.857143 7.008110
v -35.382127 -195.942857 7.008110
v -35.382127 -195.028571 7.008110
v -35.382127 -194.114286 7.008110
v -35.382127 -193.200000 7.008110
v -35.382127 -192.285714 7.008110
v -35.382127 -191.371429 7.008110
v -35.382127 -190.457143 7.008110
v -35.382127 -189.542857 7.008110
v -35.382127 -188.628571 7.008110
v -35.382127 -187.714286 7.008110
v -35.382127 -186.800000 7.008110
v -35.382127 -185.885714 7.008110
v -35.382127 -184.971429 7.008110
v -35.382127 -184.057143 7.008110
v -35.382127 -183.142857 7.008110
v -35.382127 -182.228571 7.008110
v -35.382127 -181.314286 7.008110
v -35.382127 -180.400000 7.008110
v -35.382127 -179.485714 7.008110
v -35.382127 -178.571429 7.008110
v -35.382127 -177.657143 7.008110
v -35.382127 -176.742857 7.008110
v -35.382127 -175.828571 7.008110
v -35.382127 -174.914286 7.008110
v -35.382127 -174.000000 7.008110
v -35.382127 -173.085714 7.008110
v -35.382127 -172.171429 7.008110
v -35.382127 -171.257143 7.008110
v -35.382127 -170.342857 7.008110
v -35.382127 -169.428571 7.008110
v -35.382127 -168.514286 7.008110
v -35.382127 -167.600000 7.008110
v -35.382127 -166.685714 7.008110
v -35.382127 -165.771429 7.008110
v -35.382127 -164.857143 7.008110
v -35.382127 -163.942857 7.008110
v -35.382127 -163.028571 7.008110
v -35.382127 -162.114286 7.008110
v -35.382127 -161.200000 7.008110
v -35.382127 -160.285714 7.008110
v -35.382127 -159.371429 7.008110
v -35.382127 -158.457143 7.008110
v -35.382127 -157.542857 7.008110
v -35.382127 -156.628571 7.008110
v -35.382127 -155.714286 7.008110
v -35.382127 -154.800000 7.008110
v -35.382127 -153.885714 7.008110
v -35.382127 -152.971429 7.008110
v -35.382127 -152.057143 7.008110
v -35.382127 -151.142857 7.008110
v -35.382127 -150.228571 7.008110
v -35.382127 -149.314286 7.008110
v -35.382127 -148.400000 7.008110
v -35.382127 -147.485714 7.008110
v -35.382127 -146.571429 7.008110
v -35.382127 -145.657143 7.008110
v -35.382127 -144.742857 7.008110
v -35.382127 -143.828571 7.008110
v -35.382127 -142.914286 7.008110
v -35.382127 -142.000000 7.008110
v -35.382127 -141.085714 7.008110
v -35.382127 -140.171429 7.008110
v -35.382127 -139.257143 7.008110
v -35.382127 -138.342857 7.008110
v -35.382127 -137.428571 7.008110
v -35.382127 -136.514286 7.008110
v -35.382127 -135.600000 7.008110
v -35.382127 -134.685714 7.008110
v -35.382127 -133.771429 7.008110
v -35.382127 -132.857143 7.008110
v -35.382127 -131.942857 7.008110
v -35.382127 -131.028571 7.008110
v -35.382127 -130.114286 7.008110
v -35.382127 -129.200000 7.008110
v -35.382127 -128.285714 7.008110
v -35.382127 -127.371429 7.008110
v -35.382127 -126.457143 7.008110
v -35.382127 -125.542857 7.008110
v -35.382127 -124.628571 7.008110
v -35.382127 -123.714286 7.008110
v -35.382127 -122.800000 7.008110
v -35.382127 -121.885714 7.008110
v -35.382127 -120.971429 7.008110
v -35.382127 -120.057143 7.008110
v -35.382127 -119.142857 7.008110
v -35.382127 -118.228571 7.008110
v -35.382127 -117.314286 7.008110
v -35.382127 -116.400000 7.008110
v -35.382127 -115.485714 7.008110
v -35.382127 -114.571429 7.008110
v -35.382127 -113.657143 7.008110
v -35.382127 -112.742857 7.008110
v -35.382127 -111.828571 7.008110
v -35.382127 -110.914286 7.008110
v -35.360542 -269.085714 6.971479
v -35.360542 -268.171429 6.971479
v -35.360542 -267.257143 6.971479
v -35.360542 -266.342857 6.971479
v -35.360542 -265.428571 6.971479
v -35.360542 -264.514286 6.971479
v -35.360542 -263.600000 6.971479
v -35.360542 -262.685714 6.971479
v -35.360542 -261.771429 6.971479
v -35.360542 -260.857143 6.971479
v -35.360542 -259.942857 6.971479
v -35.360542 -259.028571 6.971479
v -35.360542 -258.114286 6.971479
v -35.360542 -257.200000 6.971479
v -35.360542 -256.285714 6.971479
v -35.360542 -255.371429 6.971479
v -35.360542 -254.457143 6.971479
v -35.360542 -253.542857 6.971479
v -35.360542 -252.628571 6.971479
v -35.360542 -251.714286 6.971479
v -35.360542 -250.800000 6.971479
v -35.360542 -249.885714 6.971479
v -35.360542 -248.971429 6.971479
v -35.360542 -248.057143 6.971479
v -35.360542 -247.142857 6.971479
v -35.360542 -246.228571 6.971479
v -35.360542 -245.314286 6.971479
v -35.360542 -244.400000 6.971479
v -35.360542 -243.485714 6.971479
v -35.360542 -242.571429 6.971479
v -35.360542 -241.657143 6.971479
v -35.360542 -240.742857 6.971479
v -35.360542 -239.828571 6.971479
v -35.360542 -238.914286 6.971479
v -35.360542 -238.000000 6.971479
v -35.360542 -237.085714 6.971479
v -35.360542 -236.171429 6.971479
v -35.360542 -235.257143 6.971479
v -35.360542 -234.342857 6.971479
v -35.360542 -233.428571 6.971479
v -35.360542 -232.514286 6.971479
v -35.360542 -231.600000 6.971479
v -35.360542 -230.685714 6.971479
v -35.360542 -229.771429 6.971479
v -35.360542 -228.857143 6.971479
v -35.360542 -227.942857 6.971479
v -35.360542 -227.028571 6.971479
v -35.360542 -226.114286 6.971479
v -35.360542 -225.200000 6.971479
v -35.360542 -224.285714 6.971479
v -35.360542 -223.371429 6.971479
v -35.360542 -222.457143 6.971479
v -35.360542 -221.542857 6.971479
v -35.360542 -220.628571 6.971479
v -35.360542 -219.714286 6.971479
v -35.360542 -218.800000 6.971479
v -35.360542 -217.885714 6.971479
v -35.360542 -216.971429 6.971479
v -35.360542 -216.057143 6.971479
v -35.360542 -215.142857 6.971479
v -35.360542 -214.228571 6.971479
v -35.360542 -213.314286 6.971479
v -35.360542 -212.400000 6.971479
v -35.360542 -211.485714 6.971479
v -35.360542 -210.571429 6.971479
v -35.360542 -209.657143 6.971479
v -35.360542 -208.742857 6.971479
v -35.360542 -207.828571 6.971479
v -35.360542 -206.914286 6.971479
v -35.360542 -206.000000 6.971479
v -35.360542 -205.085714 6.971479
v -35.360542 -204.171429 6.971479
v -35.360542 -203.257143 6.971479
v -35.360542 -202.342857 6.971479
v -35.360542 -201.428571 6.971479
v -35.360542 -200.514286 6.971479
v -35.360542 -199.600000 6.971479
v -35.360542 -198.685714 6.971479
v -35.360542 -197.771429 6.971479
v -35.360542 -196.857143 6.971479
v -35.360542 -195.942857 6.971479
v -35.360542 -195.028571 6.971479
v -35.360542 -194.114286 6.971479
v -35.360542 -193.200000 6.971479
v -35.360542 -192.285714 6.971479
v -35.360542 -191.371429 6.971479
v -35.360542 -190.457143 6.971479
v -35.360542 -189.542857 6.971479
v -35.360542 -188.628571 6.971479
v -35.360542 -187.714286 6.971479
v -35.360542 -186.800000 6.971479
v -35.360542 -185.885714 6.971479
v -35.360542 -184.971429 6.971479
v -35.360542 -184.057143 6.971479
v -35.360542 -183.142857 6.971479
v -35.360542 -182.228571 6.971479
v -35.360542 -181.314286 6.971479
v -35.360542 -180.400000 6.971479
v -35.360542 -179.485714 6.971479
v -35.360542 -178.571429 6.971479
v -35.360542 -177.657143 6.971479
v -35.360542 -176.742857 6.971479
v -35.360542 -175.828571 6.971479
v -35.360542 -174.914286 6.971479
v -35.360542 -174.000000 6.971479
v -35.360542 -173.085714 6.971479
v -35.360542 -172.171429 6.971479
v -35.360542 -171.257143 6.971479
v -35.360542 -170.342857 6.971479
v -35.360542 -169.428571 6.971479
v -35.360542 -168.514286 6.971479
v -35.360542 -167.600000 6.971479
v -35.360542 -166.685714 6.971479
v -35.360542 -165.771429 6.971479
v -35.360542 -164.857143 6.971479
v -35.360542 -163.942857 6.971479
v -35.360542 -163.028571 6.971479
v -35.360542 -162.114286 6.971479
v -35.360542 -161.200000 6.971479
v -35.360542 -160.285714 6.971479
v -35.360542 -159.371429 6.971479
v -35.360542 -158.457143 6.971479
v -35.360542 -157.542857 6.971479
v -35.360542 -156.628571 6.971479
v -35.360542 -155.714286 6.971479
v -35.360542 -154.800000 6.971479
v -35.360542 -153.885714 6.971479
v -35.360542 -152.971429 6.971479
v -35.360542 -152.057143 6.971479
v -35.360542 -151.142857 6.971479
v -35.360542 -150.228571 6.971479
v -35.360542 -149.314286 6.971479
v -35.360542 -148.400000 6.971479
v -35.360542 -147.485714 6.971479
v -35.360542 -146.571429 6.971479
v -35.360542 -145.657143 6.971479
v -35.360542 -144.742857 6.971479
v -35.360542 -143.828571 6.971479
v -35.360542 -142.914286 6.971479
v -35.360542 -142.000000 6.971479
v -35.360542 -141.085714 6.971479
v -35.360542 -140.171429 6.971479
v -35.360542 -139.257143 6.971479
v -35.360542 -138.342857 6.971479
v -35.360542 -137.428571 6.971479
v -35.360542 -136.514286 6.971479
v -35.360542 -135.600000 6.971479
v -35.360542 -134.685714 6.971479
v -35.360542 -133.771429 6.971479
v -35.360542 -132.857143 6.971479
v -35.360542 -131.942857 6.971479
v -35.360542 -131.028571 6.971479
v -35.360542 -130.114286 6.971479
v -35.360542 -129.200000 6.971479
v -35.360542 -128.285714 6.971479
v -35.360542 -127.371429 6.971479
v -35.360542 -126.457143 6.971479
v -35.360542 -125.542857 6.971479
v -35.360542 -124.628571 6.971479
v -35.360542 -123.714286 6.971479
v -35.360542 -122.800000 6.971479
v -35.360542 -121.885714 6.971479
v -35.360542 -120.971429 6.971479
v -35.360542 -120.057143 6.971479
v -35.360542 -119.142857 6.971479
v -35.360542 -118.228571 6.971479
v -35.360542 -117.314286 6.971479
v -35.360542 -116.400000 6.971479
v -35.360542 -115.485714 6.971479
v -35.360542 -114.571429 6.971479
v -35.360542 -113.657143 6.971479
v -35.360542 -112.742857 6.971479
v -35.360542 -111.828571 6.971479
v -35.360542 -110.914286 6.971479
v -35.400000 -270.000000 10.000000
v -34.900000 -270.000000 10.500000
v -35.029410 -270.000000 10.482963
v -35.150000 -270.000000 10.433013
v -35.253553 -270.000000 10.353553
v -35.333013 -270.000000 10.250000
v -35.382963 -270.000000 10.129410
v -35.029410 -267.192982 10.482963
v -35.029410 -264.385965 10.482963
v -35.029410 -261.578947 10.482963
v -35.029410 -258.771930 10.482963
v -35.029410 -255.964912 10.482963
v -35.029410 -253.157895 10.482963
v -35.029410 -250.350877 10.482963
v -35.029410 -247.543860 10.482963
v -35.029410 -244.736842 10.482963
v -35.029410 -241.929825 10.482963
v -35.029410 -239.122807 10.482963
v -35.029410 -236.315789 10.482963
v -35.029410 -233.508772 10.482963
v -35.029410 -230.701754 10.482963
v -35.029410 -227.894737 10.482963
v -35.029410 -225.087719 10.482963
v -35.029410 -222.280702 10.482963
v -35.029410 -219.473684 10.482963
v -35.029410 -216.666667 10.482963
v -35.029410 -213.859649 10.482963
v -35.029410 -211.052632 10.482963
v -35.029410 -208.245614 10.482963
v -35.029410 -205.438596 10.482963
v -35.029410 -202.631579 10.482963
v -35.029410 -199.824561 10.482963
v -35.029410 -197.017544 10.482963
v -35.029410 -194.210526 10.482963
v -35.029410 -191.403509 10.482963
v -35.029410 -188.596491 10.482963
v -35.029410 -185.789474 10.482963
v -35.029410 -182.982456 10.482963
v -35.029410 -180.175439 10.482963
v -35.029410 -177.368421 10.482963
v -35.029410 -174.561404 10.482963
v -35.029410 -171.754386 10.482963
v -35.029410 -168.947368 10.482963
v -35.029410 -166.140351 10.482963
v -35.029410 -163.333333 10.482963
v -35.029410 -160.526316 10.482963
v -35.029410 -157.719298 10.482963
v -35.029410 -154.912281 10.482963
v -35.029410 -152.105263 10.482963
v -35.029410 -149.298246 10.482963
v -35.029410 -146.491228 10.482963
v -35.029410 -143.684211 10.482963
v -35.029410 -140.877193 10.482963
v -35.029410 -138.070175 10.482963
v -35.029410 -135.263158 10.482963
v -35.029410 -132.456140 10.482963
v -35.029410 -129.649123 10.482963
v -35.029410 -126.842105 10.482963
v -35.029410 -124.035088 10.482963
v -35.029410 -121.228070 10.482963
v -35.029410 -118.421053 10.482963
v -35.029410 -115.614035 10.482963
v -35.029410 -112.807018 10.482963
v -35.150000 -267.192982 10.433013
v -35.150000 -264.385965 10.433013
v -35.150000 -261.578947 10.433013
v -35.150000 -258.771930 10.433013
v -35.150000 -255.964912 10.433013
v -35.150000 -253.157895 10.433013
v -35.150000 -250.350877 10.433013
v -35.150000 -247.543860 10.433013
v -35.150000 -244.736842 10.433013
v -35.150000 -241.929825 10.433013
v -35.150000 -239.122807 10.433013
v -35.150000 -236.315789 10.433013
v -35.150000 -233.508772 10.433013
v -35.150000 -230.701754 10.433013
v -35.150000 -227.894737 10.433013
v -35.150000 -225.087719 10.433013
v -35.150000 -222.280702 10.433013
v -35.150000 -219.473684 10.433013
v -35.150000 -216.666667 10.433013
v -35.150000 -213.859649 10.433013
v -35.150000 -211.052632 10.433013
v -35.150000 -208.245614 10.433013
v -35.150000 -205.438596 10.433013
v -35.150000 -202.631579 10.433013
v -35.150000 -199.824561 10.433013
v -35.150000 -197.017544 10.433013
v -35.150000 -194.210526 10.433013
v -35.150000 -191.403509 10.433013
v -35.150000 -188.596491 10.433013
v -35.150000 -185.789474 10.433013
v -35.150000 -182.982456 10.433013
v -35.150000 -180.175439 10.433013
v -35.150000 -177.368421 10.433013
v -35.150000 -174.561404 10.433013
v -35.150000 -171.754386 10.433013
v -35.150000 -168.947368 10.433013
v -35.150000 -166.140351 10.433013
v -35.150000 -163.333333 10.433013
v -35.150000 -160.526316 10.433013
v -35.150000 -157.719298 10.433013
v -35.150000 -154.912281 10.433013
v -35.150000 -152.105263 10.433013
v -35.150000 -149.298246 10.433013
v -35.150000 -146.491228 10.433013
v -35.150000 -143.684211 10.433013
v -35.150000 -140.877193 10.433013
v -35.150000 -138.070175 10.433013
v -35.150000 -135.263158 10.433013
v -35.150000 -132.456140 10.433013
v -35.150000 -129.649123 10.433013
v -35.150000 -126.842105 10.433013
v -35.150000 -124.035088 10.433013
v -35.150000 -121.228070 10.433013
v -35.150000 -118.421053 10.433013
v -35.150000 -115.614035 10.433013
v -35.150000 -112.807018 10.433013
v -35.253553 -267.192982 10.353553
v -35.253553 -264.385965 10.353553
v -35.253553 -261.578947 10.353553
v -35.253553 -258.771930 10.353553
v -35.253553 -255.964912 10.353553
v -35.253553 -253.157895 10.353553
v -35.253553 -250.350877 10.353553
v -35.253553 -247.543860 10.353553
v -35.253553 -244.736842 10.353553
v -35.253553 -241.929825 10.353553
v -35.253553 -239.122807 10.353553
v -35.253553 -236.315789 10.353553
v -35.253553 -233.508772 10.353553
v -35.253553 -230.701754 10.353553
v -35.253553 -227.894737 10.353553
v -35.253553 -225.087719 10.353553
v -35.253553 -222.280702 10.353553
v -35.253553 -219.473684 10.353553
v -35.253553 -216.666667 10.353553
v -35.253553 -213.859649 10.353553
v -35.253553 -211.052632 10.353553
v -35.253553 -208.245614 10.353553
v -35.253553 -205.438596 10.353553
v -35.253553 -202.631579 10.353553
v -35.253553 -199.824561 10.353553
v -35.253553 -197.017544 10.353553
v -35.253553 -194.210526 10.353553
v -35.253553 -191.403509 10.353553
v -35.253553 -188.596491 10.353553
v -35.253553 -185.789474 10.353553
v -35.253553 -182.982456 10.353553
v -35.253553 -180.175439 10.353553
v -35.253553 -177.368421 10.353553
v -35.253553 -174.561404 10.353553
v -35.253553 -171.754386 10.353553
v -35.253553 -168.947368 10.353553
v -35.253553 -166.140351 10.353553
v -35.253553 -163.333333 10.353553
v -35.253553 -160.526316 10.353553
v -35.253553 -157.719298 10.353553
v -35.253553 -154.912281 10.353553
v -35.253553 -152.105263 10.353553
v -35.253553 -149.298246 10.353553
v -35.253553 -146.491228 10.353553
v -35.253553 -143.684211 10.353553
v -35.253553 -140.877193 10.353553
v -35.253553 -138.070175 10.353553
v -35.253553 -135.263158 10.353553
v -35.253553 -132.456140 10.353553
v -35.253553 -129.649123 10.353553
v -35.253553 -126.842105 10.353553
v -35.253553 -124.035088 10.353553
v -35.253553 -121.228070 10.353553
v -35.253553 -118.421053 10.353553
v -35.253553 -115.614035 10.353553
v -35.253553 -112.807018 10.353553
v -35.333013 -267.192982 10.250000
v -35.333013 -264.385965 10.250000
v -35.333013 -261.578947 10.250000
v -35.333013 -258.771930 10.250000
v -35.333013 -255.964912 10.250000
v -35.333013 -253.157895 10.250000
v -35.333013 -250.350877 10.250000
v -35.333013 -247.543860 10.250000
v -35.333013 -244.736842 10.250000
v -35.333013 -241.929825 10.250000
v -35.333013 -239.122807 10.250000
v -35.333013 -236.315789 10.250000
v -35.333013 -233.508772 10.250000
v -35.333013 -230.701754 10.250000
v -35.333013 -227.894737 10.250000
v -35.333013 -225.087719 10.250000
v -35.333013 -222.280702 10.250000
v -35.333013 -219.473684 10.250000
v -35.333013 -216.666667 10.250000
v -35.333013 -213.859649 10.250000
v -35.333013 -211.052632 10.250000
v -35.333013 -208.245614 10.250000
v -35.333013 -205.438596 10.250000
v -35.333013 -202.631579 10.250000
v -35.333013 -199.824561 10.250000
v -35.333013 -197.017544 10.250000
v -35.333013 -194.210526 10.250000
v -35.333013 -191.403509 10.250000
v -35.333013 -188.596491 10.250000
v -35.333013 -185.789474 10.250000
v -35.333013 -182.982456 10.250000
v -35.333013 -180.175439 10.250000
v -35.333013 -177.368421 10.250000
v -35.333013 -174.561404 10.250000
v -35.333013 -171.754386 10.250000
v -35.333013 -168.947368 10.250000
v -35.333013 -166.140351 10.250000
v -35.333013 -163.333333 10.250000
v -35.333013 -160.526316 10.250000
v -35.333013 -157.719298 10.250000
v -35.333013 -154.912281 10.250000
v -35.333013 -152.105263 10.250000
v -35.333013 -149.298246 10.250000
v -35.333013 -146.491228 10.250000
v -35.333013 -143.684211 10.250000
v -35.333013 -140.877193 10.250000
v -35.333013 -138.070175 10.250000
v -35.333013 -135.263158 10.250000
v -35.333013 -132.456140 10.250000
v -35.333013 -129.649123 10.250000
v -35.333013 -126.842105 10.250000
v -35.333013 -124.035088 10.250000
v -35.333013 -121.228070 10.250000
v -35.333013 -118.421053 10.250000
v -35.333013 -115.614035 10.250000
v -35.333013 -112.807018 10.250000
v -35.382963 -267.192982 10.129410
v -35.382963 -264.385965 10.129410
v -35.382963 -261.578947 10.129410
v -35.382963 -258.771930 10.129410
v -35.382963 -255.964912 10.129410
v -35.382963 -253.157895 10.129410
v -35.382963 -250.350877 10.129410
v -35.382963 -247.543860 10.129410
v -35.382963 -244.736842 10.129410
v -35.382963 -241.929825 10.129410
v -35.382963 -239.122807 10.129410
v -35.382963 -236.315789 10.129410
v -35.382963 -233.508772 10.129410
v -35.382963 -230.701754 10.129410
v -35.382963 -227.894737 10.129410
v -35.382963 -225.087719 10.129410
v -35.382963 -222.280702 10.129410
v -35.382963 -219.473684 10.129410
v -35.382963 -216.666667 10.129410
v -35.382963 -213.859649 10.129410
v -35.382963 -211.052632 10.129410
v -35.382963 -208.245614 10.129410
v -35.382963 -205.438596 10.129410
v -35.382963 -202.631579 10.129410
v -35.382963 -199.824561 10.129410
v -35.382963 -197.017544 10.129410
v -35.382963 -194.210526 10.129410
v -35.382963 -191.403509 10.129410
v -35.382963 -188.596491 10.129410
v -35.382963 -185.789474 10.129410
v -35.382963 -182.982456 10.129410
v -35.382963 -180.175439 10.129410
v -35.382963 -177.368421 10.129410
v -35.382963 -174.561404 10.129410
v -35.382963 -171.754386 10.129410
v -35.382963 -168.947368 10.129410
v -35.382963 -166.140351 10.129410
v -35.382963 -163.333333 10.129410
v -35.382963 -160.526316 10.129410
v -35.382963 -157.719298 10.129410
v -35.382963 -154.912281 10.129410
v -35.382963 -152.105263 10.129410
v -35.382963 -149.298246 10.129410
v -35.382963 -146.491228 10.129410
v -35.382963 -143.684211 10.129410
v -35.382963 -140.877193 10.129410
v -35.382963 -138.070175 10.129410
v -35.382963 -135.263158 10.129410
v -35.382963 -132.456140 10.129410
v -35.382963 -129.649123 10.129410
v -35.382963 -126.842105 10.129410
v -35.382963 -124.035088 10.129410
v -35.382963 -121.228070 10.129410
v -35.382963 -118.421053 10.129410
v -35.382963 -115.614035 10.129410
v -35.382963 -112.807018 10.129410
v -39.147056 -270.000000 5.758231
v -32.400000 -270.000000 10.500000
v -32.400000 -270.000000 11.500000
v -41.400000 -270.000000 11.500000
v -41.400000 -270.000000 10.500000
v -38.900000 -270.000000 10.500000
v -38.400000 -270.000000 10.000000
v -38.417037 -270.000000 10.129410
v -38.466987 -270.000000 10.250000
v -38.546447 -270.000000 10.353553
v -38.650000 -270.000000 10.433013
v -38.770590 -270.000000 10.482963
v -38.417037 -267.192982 10.129410
v -38.417037 -264.385965 10.129410
v -38.417037 -261.578947 10.129410
v -38.417037 -258.771930 10.129410
v -38.417037 -255.964912 10.129410
v -38.417037 -253.157895 10.129410
v -38.417037 -250.350877 10.129410
v -38.417037 -247.543860 10.129410
v -38.417037 -244.736842 10.129410
v -38.417037 -241.929825 10.129410
v -38.417037 -239.122807 10.129410
v -38.417037 -236.315789 10.129410
v -38.417037 -233.508772 10.129410
v -38.417037 -230.701754 10.129410
v -38.417037 -227.894737 10.129410
v -38.417037 -225.087719 10.129410
v -38.417037 -222.280702 10.129410
v -38.417037 -219.473684 10.129410
v -38.417037 -216.666667 10.129410
v -38.417037 -213.859649 10.129410
v -38.417037 -211.052632 10.129410
v -38.417037 -208.245614 10.129410
v -38.417037 -205.438596 10.129410
v -38.417037 -202.631579 10.129410
v -38.417037 -199.824561 10.129410
v -38.417037 -197.017544 10.129410
v -38.417037 -194.210526 10.129410
v -38.417037 -191.403509 10.129410
v -38.417037 -188.596491 10.129410
v -38.417037 -185.789474 10.129410
v -38.417037 -182.982456 10.129410
v -38.417037 -180.175439 10.129410
v -38.417037 -177.368421 10.129410
v -38.417037 -174.561404 10.129410
v -38.417037 -171.754386 10.129410
v -38.417037 -168.947368 10.129410
v -38.417037 -166.140351 10.129410
v -38.417037 -163.333333 10.129410
v -38.417037 -160.526316 10.129410
v -38.417037 -157.719298 10.129410
v -38.417037 -154.912281 10.129410
v -38.417037 -152.105263 10.129410
v -38.417037 -149.298246 10.129410
v -38.417037 -146.491228 10.129410
v -38.417037 -143.684211 10.129410
v -38.417037 -140.877193 10.129410
v -38.417037 -138.070175 10.129410
v -38.417037 -135.263158 10.129410
v -38.417037 -132.456140 10.129410
v -38.417037 -129.649123 10.129410
v -38.417037 -126.842105 10.129410
v -38.417037 -124.035088 10.129410
v -38.417037 -121.228070 10.129410
v -38.417037 -118.421053 10.129410
v -38.417037 -115.614035 10.129410
v -38.417037 -112.807018 10.129410
v -38.466987 -267.192982 10.250000
v -38.466987 -264.385965 10.250000
v -38.466987 -261.578947 10.250000
v -38.466987 -258.771930 10.250000
v -38.466987 -255.964912 10.250000
v -38.466987 -253.157895 10.250000
v -38.466987 -250.350877 10.250000
v -38.466987 -247.543860 10.250000
v -38.466987 -244.736842 10.250000
v -38.466987 -241.929825 10.250000
v -38.466987 -239.122807 10.250000
v -38.466987 -236.315789 10.250000
v -38.466987 -233.508772 10.250000
v -38.466987 -230.701754 10.250000
v -38.466987 -227.894737 10.250000
v -38.466987 -225.087719 10.250000
v -38.466987 -222.280702 10.250000
v -38.466987 -219.473684 10.250000
v -38.466987 -216.666667 10.250000
v -38.466987 -213.859649 10.250000
v -38.466987 -211.052632 10.250000
v -38.466987 -208.245614 10.250000
v -38.466987 -205.438596 10.250000
v -38.466987 -202.631579 10.250000
v -38.466987 -199.824561 10.250000
v -38.466987 -197.017544 10.250000
v -38.466987 -194.210526 10.250000
v -38.466987 -191.403509 10.250000
v -38.466987 -188.596491 10.250000
v -38.466987 -185.789474 10.250000
v -38.466987 -182.982456 10.250000
v -38.466987 -180.175439 10.250000
v -38.466987 -177.368421 10.250000
v -38.466987 -174.561404 10.250000
v -38.466987 -171.754386 10.250000
v -38.466987 -168.947368 10.250000
v -38.466987 -166.140351 10.250000
v -38.466987 -163.333333 10.250000
v -38.466987 -160.526316 10.250000
v -38.466987 -157.719298 10.250000
v -38.466987 -154.912281 10.250000
v -38.466987 -152.105263 10.250000
v -38.466987 -149.298246 10.250000
v -38.466987 -146.491228 10.250000
v -38.466987 -143.684211 10.250000
v -38.466987 -140.877193 10.250000
v -38.466987 -138.070175 10.250000
v -38.466987 -135.263158 10.250000
v -38.466987 -132.456140 10.250000
v -38.466987 -129.649123 10.250000
v -38.466987 -126.842105 10.250000
v -38.466987 -124.035088 10.250000
v -38.466987 -121.228070 10.250000
v -38.466987 -118.421053 10.250000
v -38.466987 -115.614035 10.250000
v -38.466987 -112.807018 10.250000
v -38.546447 -267.192982 10.353553
v -38.546447 -264.385965 10.353553
v -38.546447 -261.578947 10.353553
v -38.546447 -258.771930 10.353553
v -38.546447 -255.964912 10.353553
v -38.546447 -253.157895 10.353553
v -38.546447 -250.350877 10.353553
v -38.546447 -247.543860 10.353553
v -38.546447 -244.736842 10.353553
v -38.546447 -241.929825 10.353553
v -38.546447 -239.122807 10.353553
v -38.546447 -236.315789 10.353553
v -38.546447 -233.508772 10.353553
v -38.546447 -230.701754 10.353553
v -38.546447 -227.894737 10.353553
v -38.546447 -225.087719 10.353553
v -38.546447 -222.280702 10.353553
v -38.546447 -219.473684 10.353553
v -38.546447 -216.666667 10.353553
v -38.546447 -213.859649 10.353553
v -38.546447 -211.052632 10.353553
v -38.546447 -208.245614 10.353553
v -38.546447 -205.438596 10.353553
v -38.546447 -202.631579 10.353553
v -38.546447 -199.824561 10.353553
v -38.546447 -197.017544 10.353553
v -38.546447 -194.210526 10.353553
v -38.546447 -191.403509 10.353553
v -38.546447 -188.596491 10.353553
v -38.546447 -185.789474 10.353553
v -38.546447 -182.982456 10.353553
v -38.546447 -180.175439 10.353553
v -38.546447 -177.368421 10.353553
v -38.546447 -174.561404 10.353553
v -38.546447 -171.754386 10.353553
v -38.546447 -168.947368 10.353553
v -38.546447 -166.140351 10.353553
v -38.546447 -163.333333 10.353553
v -38.546447 -160.526316 10.353553
v -38.546447 -157.719298 10.353553
v -38.546447 -154.912281 10.353553
v -38.546447 -152.105263 10.353553
v -38.546447 -149.298246 10.353553
v -38.546447 -146.491228 10.353553
v -38.546447 -143.684211 10.353553
v -38.546447 -140.877193 10.353553
v -38.546447 -138.070175 10.353553
v -38.546447 -135.263158 10.353553
v -38.546447 -132.456140 10.353553
v -38.546447 -129.649123 10.353553
v -38.546447 -126.842105 10.353553
v -38.546447 -124.035088 10.353553
v -38.546447 -121.228070 10.353553
v -38.546447 -118.421053 10.353553
v -38.546447 -115.614035 10.353553
v -38.546447 -112.807018 10.353553
v -38.650000 -267.192982 10.433013
v -38.650000 -264.385965 10.433013
v -38.650000 -261.578947 10.433013
v -38.650000 -258.771930 10.433013
v -38.650000 -255.964912 10.433013
v -38.650000 -253.157895 10.433013
v -38.650000 -250.350877 10.433013
v -38.650000 -247.543860 10.433013
v -38.650000 -244.736842 10.433013
v -38.650000 -241.929825 10.433013
v -38.650000 -239.122807 10.433013
v -38.650000 -236.315789 10.433013
v -38.650000 -233.508772 10.433013
v -38.650000 -230.701754 10.433013
v -38.650000 -227.894737 10.433013
v -38.650000 -225.087719 10.433013
v -38.650000 -222.280702 10.433013
v -38.650000 -219.473684 10.433013
v -38.650000 -216.666667 10.433013
v -38.650000 -213.859649 10.433013
v -38.650000 -211.052632 10.433013
v -38.650000 -208.245614 10.433013
v -38.650000 -205.438596 10.433013
v -38.650000 -202.631579 10.433013
v -38.650000 -199.824561 10.433013
v -38.650000 -197.017544 10.433013
v -38.650000 -194.210526 10.433013
v -38.650000 -191.403509 10.433013
v -38.650000 -188.596491 10.433013
v -38.650000 -185.789474 10.433013
v -38.650000 -182.982456 10.433013
v -38.650000 -180.175439 10.433013
v -38.650000 -177.368421 10.433013
v -38.650000 -174.561404 10.433013
v -38.650000 -171.754386 10.433013
v -38.650000 -168.947368 10.433013
v -38.650000 -166.140351 10.433013
v -38.650000 -163.333333 10.433013
v -38.650000 -160.526316 10.433013
v -38.650000 -157.719298 10.433013
v -38.650000 -154.912281 10.433013
v -38.650000 -152.105263 10.433013
v -38.650000 -149.298246 10.433013
v -38.650000 -146.491228 10.433013
v -38.650000 -143.684211 10.433013
v -38.650000 -140.877193 10.433013
v -38.650000 -138.070175 10.433013
v -38.650000 -135.263158 10.433013
v -38.650000 -132.456140 10.433013
v -38.650000 -129.649123 10.433013
v -38.650000 -126.842105 10.433013
v -38.650000 -124.035088 10.433013
v -38.650000 -121.228070 10.433013
v -38.650000 -118.421053 10.433013
v -38.650000 -115.614035 10.433013
v -38.650000 -112.807018 10.433013
v -38.770590 -267.192982 10.482963
v -38.770590 -264.385965 10.482963
v -38.770590 -261.578947 10.482963
v -38.770590 -258.771930 10.482963
v -38.770590 -255.964912 10.482963
v -38.770590 -253.157895 10.482963
v -38.770590 -250.350877 10.482963
v -38.770590 -247.543860 10.482963
v -38.770590 -244.736842 10.482963
v -38.770590 -241.929825 10.482963
v -38.770590 -239.122807 10.482963
v -38.770590 -236.315789 10.482963
v -38.770590 -233.508772 10.482963
v -38.770590 -230.701754 10.482963
v -38.770590 -227.894737 10.482963
v -38.770590 -225.087719 10.482963
v -38.770590 -222.280702 10.482963
v -38.770590 -219.473684 10.482963
v -38.770590 -216.666667 10.482963
v -38.770590 -213.859649 10.482963
v -38.770590 -211.052632 10.482963
v -38.770590 -208.245614 10.482963
v -38.770590 -205.438596 10.482963
v -38.770590 -202.631579 10.482963
v -38.770590 -199.824561 10.482963
v -38.770590 -197.017544 10.482963
v -38.770590 -194.210526 10.482963
v -38.770590 -191.403509 10.482963
v -38.770590 -188.596491 10.482963
v -38.770590 -185.789474 10.482963
v -38.770590 -182.982456 10.482963
v -38.770590 -180.175439 10.482963
v -38.770590 -177.368421 10.482963
v -38.770590 -174.561404 10.482963
v -38.770590 -171.754386 10.482963
v -38.770590 -168.947368 10.482963
v -38.770590 -166.140351 10.482963
v -38.770590 -163.333333 10.482963
v -38.770590 -160.526316 10.482963
v -38.770590 -157.719298 10.482963
v -38.770590 -154.912281 10.482963
v -38.770590 -152.105263 10.482963
v -38.770590 -149.298246 10.482963
v -38.770590 -146.491228 10.482963
v -38.770590 -143.684211 10.482963
v -38.770590 -140.877193 10.482963
v -38.770590 -138.070175 10.482963
v -38.770590 -135.263158 10.482963
v -38.770590 -132.456140 10.482963
v -38.770590 -129.649123 10.482963
v -38.770590 -126.842105 10.482963
v -38.770590 -124.035088 10.482963
v -38.770590 -121.228070 10.482963
v -38.770590 -118.421053 10.482963
v -38.770590 -115.614035 10.482963
v -38.770590 -112.807018 10.482963
v -38.400000 -270.000000 7.090754
v -38.468299 -270.000000 6.940238
v -38.439458 -270.000000 6.971479
v -38.417873 -270.000000 7.008110
v -38.404519 -270.000000 7.048477
v -38.439458 -269.085714 6.971479
v -38.439458 -268.171429 6.971479
v -38.439458 -267.257143 6.971479
v -38.439458 -266.342857 6.971479
v -38.439458 -265.428571 6.971479
v -38.439458 -264.514286 6.971479
v -38.439458 -263.600000 6.971479
v -38.439458 -262.685714 6.971479
v -38.439458 -261.771429 6.971479
v -38.439458 -260.857143 6.971479
v -38.439458 -259.942857 6.971479
v -38.439458 -259.028571 6.971479
v -38.439458 -258.114286 6.971479
v -38.439458 -257.200000 6.971479
v -38.439458 -256.285714 6.971479
v -38.439458 -255.371429 6.971479
v -38.439458 -254.457143 6.971479
v -38.439458 -253.542857 6.971479
v -38.439458 -252.628571 6.971479
v -38.439458 -251.714286 6.971479
v -38.439458 -250.800000 6.971479
v -38.439458 -249.885714 6.971479
v -38.439458 -248.971429 6.971479
v -38.439458 -248.057143 6.971479
v -38.439458 -247.142857 6.971479
v -38.439458 -246.228571 6.971479
v -38.439458 -245.314286 6.971479
v -38.439458 -244.400000 6.971479
v -38.439458 -243.485714 6.971479
v -38.439458 -242.571429 6.971479
v -38.439458 -241.657143 6.971479
v -38.439458 -240.742857 6.971479
v -38.439458 -239.828571 6.971479
v -38.439458 -238.914286 6.971479
v -38.439458 -238.000000 6.971479
v -38.439458 -237.085714 6.971479
v -38.439458 -236.171429 6.971479
v -38.439458 -235.257143 6.971479
v -38.439458 -234.342857 6.971479
v -38.439458 -233.428571 6.971479
v -38.439458 -232.514286 6.971479
v -38.439458 -231.600000 6.971479
v -38.439458 -230.685714 6.971479
v -38.439458 -229.771429 6.971479
v -38.439458 -228.857143 6.971479
v -38.439458 -227.942857 6.971479
v -38.439458 -227.028571 6.971479
v -38.439458 -226.114286 6.971479
v -38.439458 -225.200000 6.971479
v -38.439458 -224.285714 6.971479
v -38.439458 -223.371429 6.971479
v -38.439458 -222.457143 6.971479
v -38.439458 -221.542857 6.971479
v -38.439458 -220.628571 6.971479
v -38.439458 -219.714286 6.971479
v -38.439458 -218.800000 6.971479
v -38.439458 -217.885714 6.971479
v -38.439458 -216.971429 6.971479
v -38.439458 -216.057143 6.971479
v -38.439458 -215.142857 6.971479
v -38.439458 -214.228571 6.971479
v -38.439458 -213.314286 6.971479
v -38.439458 -212.400000 6.971479
v -38.439458 -211.485714 6.971479
v -38.439458 -210.571429 6.971479
v -38.439458 -209.657143 6.971479
v -38.439458 -208.742857 6.971479
v -38.439458 -207.828571 6.971479
v -38.439458 -206.914286 6.971479
v -38.439458 -206.000000 6.971479
v -38.439458 -205.085714 6.971479
v -38.439458 -204.171429 6.971479
v -38.439458 -203.257143 6.971479
v -38.439458 -202.342857 6.971479
v -38.439458 -201.428571 6.971479
v -38.439458 -200.514286 6.971479
v -38.439458 -199.600000 6.971479
v -38.439458 -198.685714 6.971479
v -38.439458 -197.771429 6.971479
v -38.439458 -196.857143 6.971479
v -38.439458 -195.942857 6.971479
v -38.439458 -195.028571 6.971479
v -38.439458 -194.114286 6.971479
v -38.439458 -193.200000 6.971479
v -38.439458 -192.285714 6.971479
v -38.439458 -191.371429 6.971479
v -38.439458 -190.457143 6.971479
v -38.439458 -189.542857 6.971479
v -38.439458 -188.628571 6.971479
v -38.439458 -187.714286 6.971479
v -38.439458 -186.800000 6.971479
v -38.439458 -185.885714 6.971479
v -38.439458 -184.971429 6.971479
v -38.439458 -184.057143 6.971479
v -38.439458 -183.142857 6.971479
v -38.439458 -182.228571 6.971479
v -38.439458 -181.314286 6.971479
v -38.439458 -180.400000 6.971479
v -38.439458 -179.485714 6.971479
v -38.439458 -178.571429 6.971479
v -38.439458 -177.657143 6.971479
v -38.439458 -176.742857 6.971479
v -38.439458 -175.828571 6.971479
v -38.439458 -174.914286 6.971479
v -38.439458 -174.000000 6.971479
v -38.439458 -173.085714 6.971479
v -38.439458 -172.171429 6.971479
v -38.439458 -171.257143 6.971479
v -38.439458 -170.342857 6.971479
v -38.439458 -169.428571 6.971479
v -38.439458 -168.514286 6.971479
v -38.439458 -167.600000 6.971479
v -38.439458 -166.685714 6.971479
v -38.439458 -165.771429 6.971479
v -38.439458 -164.857143 6.971479
v -38.439458 -163.942857 6.971479
v -38.439458 -163.028571 6.971479
v -38.439458 -162.114286 6.971479
v -38.439458 -161.200000 6.971479
v -38.439458 -160.285714 6.971479
v -38.439458 -159.371429 6.971479
v -38.439458 -158.457143 6.971479
v -38.439458 -157.542857 6.971479
v -38.439458 -156.628571 6.971479
v -38.439458 -155.714286 6.971479
v -38.439458 -154.800000 6.971479
v -38.439458 -153.885714 6.971479
v -38.439458 -152.971429 6.971479
v -38.439458 -152.057143 6.971479
v -38.439458 -151.142857 6.971479
v -38.439458 -150.228571 6.971479
v -38.439458 -149.314286 6.971479
v -38.439458 -148.400000 6.971479
v -38.439458 -147.485714 6.971479
v -38.439458 -146.571429 6.971479
v -38.439458 -145.657143 6.971479
v -38.439458 -144.742857 6.971479
v -38.439458 -143.828571 6.971479
v -38.439458 -142.914286 6.971479
v -38.439458 -142.000000 6.971479
v -38.439458 -141.085714 6.971479
v -38.439458 -140.171429 6.971479
v -38.439458 -139.257143 6.971479
v -38.439458 -138.342857 6.971479
v -38.439458 -137.428571 6.971479
v -38.439458 -136.514286 6.971479
v -38.439458 -135.600000 6.971479
v -38.439458 -134.685714 6.971479
v -38.439458 -133.771429 6.971479
v -38.439458 -132.857143 6.971479
v -38.439458 -131.942857 6.971479
v -38.439458 -131.028571 6.971479
v -38.439458 -130.114286 6.971479
v -38.439458 -129.200000 6.971479
v -38.439458 -128.285714 6.971479
v -38.439458 -127.371429 6.971479
v -38.439458 -126.457143 6.971479
v -38.439458 -125.542857 6.971479
v -38.439458 -124.628571 6.971479
v -38.439458 -123.714286 6.971479
v -38.439458 -122.800000 6.971479
v -38.439458 -121.885714 6.971479
v -38.439458 -120.971429 6.971479
v -38.439458 -120.057143 6.971479
v -38.439458 -119.142857 6.971479
v -38.439458 -118.228571 6.971479
v -38.439458 -117.314286 6.971479
v -38.439458 -116.400000 6.971479
v -38.439458 -115.485714 6.971479
v -38.439458 -114.571429 6.971479
v -38.439458 -113.657143 6.971479
v -38.439458 -112.742857 6.971479
v -38.439458 -111.828571 6.971479
v -38.439458 -110.914286 6.971479
v -38.417873 -269.085714 7.008110
v -38.417873 -268.171429 7.008110
v -38.417873 -267.257143 7.008110
v -38.417873 -266.342857 7.008110
v -38.417873 -265.428571 7.008110
v -38.417873 -264.514286 7.008110
v -38.417873 -263.600000 7.008110
v -38.417873 -262.685714 7.008110
v -38.417873 -261.771429 7.008110
v -38.417873 -260.857143 7.008110
v -38.417873 -259.942857 7.008110
v -38.417873 -259.028571 7.008110
v -38.417873 -258.114286 7.008110
v -38.417873 -257.200000 7.008110
v -38.417873 -256.285714 7.008110
v -38.417873 -255.371429 7.008110
v -38.417873 -254.457143 7.008110
v -38.417873 -253.542857 7.008110
v -38.417873 -252.628571 7.008110
v -38.417873 -251.714286 7.008110
v -38.417873 -250.800000 7.008110
v -38.417873 -249.885714 7.008110
v -38.417873 -248.971429 7.008110
v -38.417873 -248.057143 7.008110
v -38.417873 -247.142857 7.008110
v -38.417873 -246.228571 7.008110
v -38.417873 -245.314286 7.008110
v -38.417873 -244.400000 7.008110
v -38.417873 -243.485714 7.008110
v -38.417873 -242.571429 7.008110
v -38.417873 -241.657143 7.008110
v -38.417873 -240.742857 7.008110
v -38.417873 -239.828571 7.008110
v -38.417873 -238.914286 7.008110
v -38.417873 -238.000000 7.008110
v -38.417873 -237.085714 7.008110
v -38.417873 -236.171429 7.008110
v -38.417873 -235.257143 7.008110
v -38.417873 -234.342857 7.008110
v -38.417873 -233.428571 7.008110
v -38.417873 -232.514286 7.008110
v -38.417873 -231.600000 7.008110
v -38.417873 -230.685714 7.008110
v -38.417873 -229.771429 7.008110
v -38.417873 -228.857143 7.008110
v -38.417873 -227.942857 7.008110
v -38.417873 -227.028571 7.008110
v -38.417873 -226.114286 7.008110
v -38.417873 -225.200000 7.008110
v -38.417873 -224.285714 7.008110
v -38.417873 -223.371429 7.008110
v -38.417873 -222.457143 7.008110
v -38.417873 -221.542857 7.008110
v -38.417873 -220.628571 7.008110
v -38.417873 -219.714286 7.008110
v -38.417873 -218.800000 7.008110
v -38.417873 -217.885714 7.008110
v -38.417873 -216.971429 7.008110
v -38.417873 -216.057143 7.008110
v -38.417873 -215.142857 7.008110
v -38.417873 -214.228571 7.008110
v -38.417873 -213.314286 7.008110
v -38.417873 -212.400000 7.008110
v -38.417873 -211.485714 7.008110
v -38.417873 -210.571429 7.008110
v -38.417873 -209.657143 7.008110
v -38.417873 -208.742857 7.008110
v -38.417873 -207.828571 7.008110
v -38.417873 -206.914286 7.008110
v -38.417873 -206.000000 7.008110
v -38.417873 -205.085714 7.008110
v -38.417873 -204.171429 7.008110
v -38.417873 -203.257143 7.008110
v -38.417873 -202.342857 7.008110
v -38.417873 -201.428571 7.008110
v -38.417873 -200.514286 7.008110
v -38.417873 -199.600000 7.008110
v -38.417873 -198.685714 7.008110
v -38.417873 -197.771429 7.008110
v -38.417873 -196.857143 7.008110
v -38.417873 -195.942857 7.008110
v -38.417873 -195.028571 7.008110
v -38.417873 -194.114286 7.008110
v -38.417873 -193.200000 7.008110
v -38.417873 -192.285714 7.008110
v -38.417873 -191.371429 7.008110
v -38.417873 -190.457143 7.008110
v -38.417873 -189.542857 7.008110
v -38.417873 -188.628571 7.008110
v -38.417873 -187.714286 7.008110
v -38.417873 -186.800000 7.008110
v -38.417873 -185.885714 7.008110
v -38.417873 -184.971429 7.008110
v -38.417873 -184.057143 7.008110
v -38.417873 -183.142857 7.008110
v -38.417873 -182.228571 7.008110
v -38.417873 -181.314286 7.008110
v -38.417873 -180.400000 7.008110
v -38.417873 -179.485714 7.008110
v -38.417873 -178.571429 7.008110
v -38.417873 -177.657143 7.008110
v -38.417873 -176.742857 7.008110
v -38.417873 -175.828571 7.008110
v -38.417873 -174.914286 7.008110
v -38.417873 -174.000000 7.008110
v -38.417873 -173.085714 7.008110
v -38.417873 -172.171429 7.008110
v -38.417873 -171.257143 7.008110
v -38.417873 -170.342857 7.008110
v -38.417873 -169.428571 7.008110
v -38.417873 -168.514286 7.008110
v -38.417873 -167.600000 7.008110
v -38.417873 -166.685714 7.008110
v -38.417873 -165.771429 7.008110
v -38.417873 -164.857143 7.008110
v -38.417873 -163.942857 7.008110
v -38.417873 -163.028571 7.008110
v -38.417873 -162.114286 7.008110
v -38.417873 -161.200000 7.008110
v -38.417873 -160.285714 7.008110
v -38.417873 -159.371429 7.008110
v -38.417873 -158.457143 7.008110
v -38.417873 -157.542857 7.008110
v -38.417873 -156.628571 7.008110
v -38.417873 -155.714286 7.008110
v -38.417873 -154.800000 7.008110
v -38.417873 -153.885714 7.008110
v -38.417873 -152.971429 7.008110
v -38.417873 -152.057143 7.008110
v -38.417873 -151.142857 7.008110
v -38.417873 -150.228571 7.008110
v -38.417873 -149.314286 7.008110
v -38.417873 -148.400000 7.008110
v -38.417873 -147.485714 7.008110
v -38.417873 -146.571429 7.008110
v -38.417873 -145.657143 7.008110
v -38.417873 -144.742857 7.008110
v -38.417873 -143.828571 7.008110
v -38.417873 -142.914286 7.008110
v -38.417873 -142.000000 7.008110
v -38.417873 -141.085714 7.008110
v -38.417873 -140.171429 7.008110
v -38.417873 -139.257143 7.008110
v -38.417873 -138.342857 7.008110
v -38.417873 -137.428571 7.008110
v -38.417873 -136.514286 7.008110
v -38.417873 -135.600000 7.008110
v -38.417873 -134.685714 7.008110
v -38.417873 -133.771429 7.008110
v -38.417873 -132.857143 7.008110
v -38.417873 -131.942857 7.008110
v -38.417873 -131.028571 7.008110
v -38.417873 -130.114286 7.008110
v -38.417873 -129.200000 7.008110
v -38.417873 -128.285714 7.008110
v -38.417873 -127.371429 7.008110
v -38.417873 -126.457143 7.008110
v -38.417873 -125.542857 7.008110
v -38.417873 -124.628571 7.008110
v -38.417873 -123.714286 7.008110
v -38.417873 -122.800000 7.008110
v -38.417873 -121.885714 7.008110
v -38.417873 -120.971429 7.008110
v -38.417873 -120.057143 7.008110
v -38.417873 -119.142857 7.008110
v -38.417873 -118.228571 7.008110
v -38.417873 -117.314286 7.008110
v -38.417873 -116.400000 7.008110
v -38.417873 -115.485714 7.008110
v -38.417873 -114.571429 7.008110
v -38.417873 -113.657143 7.008110
v -38.417873 -112.742857 7.008110
v -38.417873 -111.828571 7.008110
v -38.417873 -110.914286 7.008110
v -38.404519 -269.085714 7.048477
v -38.404519 -268.171429 7.048477
v -38.404519 -267.257143 7.048477
v -38.404519 -266.342857 7.048477
v -38.404519 -265.428571 7.048477
v -38.404519 -264.514286 7.048477
v -38.404519 -263.600000 7.048477
v -38.404519 -262.685714 7.048477
v -38.404519 -261.771429 7.048477
v -38.404519 -260.857143 7.048477
v -38.404519 -259.942857 7.048477
v -38.404519 -259.028571 7.048477
v -38.404519 -258.114286 7.048477
v -38.404519 -257.200000 7.048477
v -38.404519 -256.285714 7.048477
v -38.404519 -255.371429 7.048477
v -38.404519 -254.457143 7.048477
v -38.404519 -253.542857 7.048477
v -38.404519 -252.628571 7.048477
v -38.404519 -251.714286 7.048477
v -38.404519 -250.800000 7.048477
v -38.404519 -249.885714 7.048477
v -38.404519 -248.971429 7.048477
v -38.404519 -248.057143 7.048477
v -38.404519 -247.142857 7.048477
v -38.404519 -246.228571 7.048477
v -38.404519 -245.314286 7.048477
v -38.404519 -244.400000 7.048477
v -38.404519 -243.485714 7.048477
v -38.404519 -242.571429 7.048477
v -38.404519 -241.657143 7.048477
v -38.404519 -240.742857 7.048477
v -38.404519 -239.828571 7.048477
v -38.404519 -238.914286 7.048477
v -38.404519 -238.000000 7.048477
v -38.404519 -237.085714 7.048477
v -38.404519 -236.171429 7.048477
v -38.404519 -235.257143 7.048477
v -38.404519 -234.342857 7.048477
v -38.404519 -233.428571 7.048477
v -38.404519 -232.514286 7.048477
v -38.404519 -231.600000 7.048477
v -38.404519 -230.685714 7.048477
v -38.404519 -229.771429 7.048477
v -38.404519 -228.857143 7.048477
v -38.404519 -227.942857 7.048477
v -38.404519 -227.028571 7.048477
v -38.404519 -226.114286 7.048477
v -38.404519 -225.200000 7.048477
v -38.404519 -224.285714 7.048477
v -38.404519 -223.371429 7.048477
v -38.404519 -222.457143 7.048477
v -38.404519 -221.542857 7.048477
v -38.404519 -220.628571 7.048477
v -38.404519 -219.714286 7.048477
v -38.404519 -218.800000 7.048477
v -38.404519 -217.885714 7.048477
v -38.404519 -216.971429 7.048477
v -38.404519 -216.057143 7.048477
v -38.404519 -215.142857 7.048477
v -38.404519 -214.228571 7.048477
v -38.404519 -213.314286 7.048477
v -38.404519 -212.400000 7.048477
v -38.404519 -211.485714 7.048477
v -38.404519 -210.571429 7.048477
v -38.404519 -209.657143 7.048477
v -38.404519 -208.742857 7.048477
v -38.404519 -207.828571 7.048477
v -38.404519 -206.914286 7.048477
v -38.404519 -206.000000 7.048477
v -38.404519 -205.085714 7.048477
v -38.404519 -204.171429 7.048477
v -38.404519 -203.257143 7.048477
v -38.404519 -202.342857 7.048477
v -38.404519 -201.428571 7.048477
v -38.404519 -200.514286 7.048477
v -38.404519 -199.600000 7.048477
v -38.404519 -198.685714 7.048477
v -38.404519 -197.771429 7.048477
v -38.404519 -196.857143 7.048477
v -38.404519 -195.942857 7.048477
v -38.404519 -195.028571 7.048477
v -38.404519 -194.114286 7.048477
v -38.404519 -193.200000 7.048477
v -38.404519 -192.285714 7.048477
v -38.404519 -191.371429 7.048477
v -38.404519 -190.457143 7.048477
v -38.404519 -189.542857 7.048477
v -38.404519 -188.628571 7.048477
v -38.404519 -187.714286 7.048477
v -38.404519 -186.800000 7.048477
v -38.404519 -185.885714 7.048477
v -38.404519 -184.971429 7.048477
v -38.404519 -184.057143 7.048477
v -38.404519 -183.142857 7.048477
v -38.404519 -182.228571 7.048477
v -38.404519 -181.314286 7.048477
v -38.404519 -180.400000 7.048477
v -38.404519 -179.485714 7.048477
v -38.404519 -178.571429 7.048477
v -38.404519 -177.657143 7.048477
v -38.404519 -176.742857 7.048477
v -38.404519 -175.828571 7.048477
v -38.404519 -174.914286 7.048477
v -38.404519 -174.000000 7.048477
v -38.404519 -173.085714 7.048477
v -38.404519 -172.171429 7.048477
v -38.404519 -171.257143 7.048477
v -38.404519 -170.342857 7.048477
v -38.404519 -169.428571 7.048477
v -38.404519 -168.514286 7.048477
v -38.404519 -167.600000 7.048477
v -38.404519 -166.685714 7.048477
v -38.404519 -165.771429 7.048477
v -38.404519 -164.857143 7.048477
v -38.404519 -163.942857 7.048477
v -38.404519 -163.028571 7.048477
v -38.404519 -162.114286 7.048477
v -38.404519 -161.200000 7.048477
v -38.404519 -160.285714 7.048477
v -38.404519 -159.371429 7.048477
v -38.404519 -158.457143 7.048477
v -38.404519 -157.542857 7.048477
v -38.404519 -156.628571 7.048477
v -38.404519 -155.714286 7.048477
v -38.404519 -154.800000 7.048477
v -38.404519 -153.885714 7.048477
v -38.404519 -152.971429 7.048477
v -38.404519 -152.057143 7.048477
v -38.404519 -151.142857 7.048477
v -38.404519 -150.228571 7.048477
v -38.404519 -149.314286 7.048477
v -38.404519 -148.400000 7.048477
v -38.404519 -147.485714 7.048477
v -38.404519 -146.571429 7.048477
v -38.404519 -145.657143 7.048477
v -38.404519 -144.742857 7.048477
v -38.404519 -143.828571 7.048477
v -38.404519 -142.914286 7.048477
v -38.404519 -142.000000 7.048477
v -38.404519 -141.085714 7.048477
v -38.404519 -140.171429 7.048477
v -38.404519 -139.257143 7.048477
v -38.404519 -138.342857 7.048477
v -38.404519 -137.428571 7.048477
v -38.404519 -136.514286 7.048477
v -38.404519 -135.600000 7.048477
v -38.404519 -134.685714 7.048477
v -38.404519 -133.771429 7.048477
v -38.404519 -132.857143 7.048477
v -38.404519 -131.942857 7.048477
v -38.404519 -131.028571 7.048477
v -38.404519 -130.114286 7.048477
v -38.404519 -129.200000 7.048477
v -38.404519 -128.285714 7.048477
v -38.404519 -127.371429 7.048477
v -38.404519 -126.457143 7.048477
v -38.404519 -125.542857 7.048477
v -38.404519 -124.628571 7.048477
v -38.404519 -123.714286 7.048477
v -38.404519 -122.800000 7.048477
v -38.404519 -121.885714 7.048477
v -38.404519 -120.971429 7.048477
v -38.404519 -120.057143 7.048477
v -38.404519 -119.142857 7.048477
v -38.404519 -118.228571 7.048477
v -38.404519 -117.314286 7.048477
v -38.404519 -116.400000 7.048477
v -38.404519 -115.485714 7.048477
v -38.404519 -114.571429 7.048477
v -38.404519 -113.657143 7.048477
v -38.404519 -112.742857 7.048477
v -38.404519 -111.828571 7.048477
v -38.404519 -110.914286 7.048477
v -39.064702 -270.000000 6.418386
v -39.203199 -270.000000 5.865432
v -39.231942 -270.000000 5.982981
v -39.231604 -270.000000 6.103993
v -39.202202 -270.000000 6.221379
v -39.145460 -270.000000 6.328264
v -39.203199 -267.419355 5.865432
v -39.203199 -264.838710 5.865432
v -39.203199 -262.258065 5.865432
v -39.203199 -259.677419 5.865432
v -39.203199 -257.096774 5.865432
v -39.203199 -254.516129 5.865432
v -39.203199 -251.935484 5.865432
v -39.203199 -249.354839 5.865432
v -39.203199 -246.774194 5.865432
v -39.203199 -244.193548 5.865432
v -39.203199 -241.612903 5.865432
v -39.203199 -239.032258 5.865432
v -39.203199 -236.451613 5.865432
v -39.203199 -233.870968 5.865432
v -39.203199 -231.290323 5.865432
v -39.203199 -228.709677 5.865432
v -39.203199 -226.129032 5.865432
v -39.203199 -223.548387 5.865432
v -39.203199 -220.967742 5.865432
v -39.203199 -218.387097 5.865432
v -39.203199 -215.806452 5.865432
v -39.203199 -213.225806 5.865432
v -39.203199 -210.645161 5.865432
v -39.203199 -208.064516 5.865432
v -39.203199 -205.483871 5.865432
v -39.203199 -202.903226 5.865432
v -39.203199 -200.322581 5.865432
v -39.203199 -197.741935 5.865432
v -39.203199 -195.161290 5.865432
v -39.203199 -192.580645 5.865432
v -39.203199 -190.000000 5.865432
v -39.203199 -187.419355 5.865432
v -39.203199 -184.838710 5.865432
v -39.203199 -182.258065 5.865432
v -39.203199 -179.677419 5.865432
v -39.203199 -177.096774 5.865432
v -39.203199 -174.516129 5.865432
v -39.203199 -171.935484 5.865432
v -39.203199 -169.354839 5.865432
v -39.203199 -166.774194 5.865432
v -39.203199 -164.193548 5.865432
v -39.203199 -161.612903 5.865432
v -39.203199 -159.032258 5.865432
v -39.203199 -156.451613 5.865432
v -39.203199 -153.870968 5.865432
v -39.203199 -151.290323 5.865432
v -39.203199 -148.709677 5.865432
v -39.203199 -146.129032 5.865432
v -39.203199 -143.548387 5.865432
v -39.203199 -140.967742 5.865432
v -39.203199 -138.387097 5.865432
v -39.203199 -135.806452 5.865432
v -39.203199 -133.225806 5.865432
v -39.203199 -130.645161 5.865432
v -39.203199 -128.064516 5.865432
v -39.203199 -125.483871 5.865432
v -39.203199 -122.903226 5.865432
v -39.203199 -120.322581 5.865432
v -39.203199 -117.741935 5.865432
v -39.203199 -115.161290 5.865432
v -39.203199 -112.580645 5.865432
v -39.231942 -267.419355 5.982981
v -39.231942 -264.838710 5.982981
v -39.231942 -262.258065 5.982981
v -39.231942 -259.677419 5.982981
v -39.231942 -257.096774 5.982981
v -39.231942 -254.516129 5.982981
v -39.231942 -251.935484 5.982981
v -39.231942 -249.354839 5.982981
v -39.231942 -246.774194 5.982981
v -39.231942 -244.193548 5.982981
v -39.231942 -241.612903 5.982981
v -39.231942 -239.032258 5.982981
v -39.231942 -236.451613 5.982981
v -39.231942 -233.870968 5.982981
v -39.231942 -231.290323 5.982981
v -39.231942 -228.709677 5.982981
v -39.231942 -226.129032 5.982981
v -39.231942 -223.548387 5.982981
v -39.231942 -220.967742 5.982981
v -39.231942 -218.387097 5.982981
v -39.231942 -215.806452 5.982981
v -39.231942 -213.225806 5.982981
v -39.231942 -210.645161 5.982981
v -39.231942 -208.064516 5.982981
v -39.231942 -205.483871 5.982981
v -39.231942 -202.903226 5.982981
v -39.231942 -200.322581 5.982981
v -39.231942 -197.741935 5.982981
v -39.231942 -195.161290 5.982981
v -39.231942 -192.580645 5.982981
v -39.231942 -190.000000 5.982981
v -39.231942 -187.419355 5.982981
v -39.231942 -184.838710 5.982981
v -39.231942 -182.258065 5.982981
v -39.231942 -179.677419 5.982981
v -39.231942 -177.096774 5.982981
v -39.231942 -174.516129 5.982981
v -39.231942 -171.935484 5.982981
v -39.231942 -169.354839 5.982981
v -39.231942 -166.774194 5.982981
v -39.231942 -164.193548 5.982981
v -39.231942 -161.612903 5.982981
v -39.231942 -159.032258 5.982981
v -39.231942 -156.451613 5.982981
v -39.231942 -153.870968 5.982981
v -39.231942 -151.290323 5.982981
v -39.231942 -148.709677 5.982981
v -39.231942 -146.129032 5.982981
v -39.231942 -143.548387 5.982981
v -39.231942 -140.967742 5.982981
v -39.231942 -138.387097 5.982981
v -39.231942 -135.806452 5.982981
v -39.231942 -133.225806 5.982981
v -39.231942 -130.645161 5.982981
v -39.231942 -128.064516 5.982981
v -39.231942 -125.483871 5.982981
v -39.231942 -122.903226 5.982981
v -39.231942 -120.322581 5.982981
v -39.231942 -117.741935 5.982981
v -39.231942 -115.161290 5.982981
v -39.231942 -112.580645 5.982981
v -39.231604 -267.419355 6.103993
v -39.231604 -264.838710 6.103993
v -39.231604 -262.258065 6.103993
v -39.231604 -259.677419 6.103993
v -39.231604 -257.096774 6.103993
v -39.231604 -254.516129 6.103993
v -39.231604 -251.935484 6.103993
v -39.231604 -249.354839 6.103993
v -39.231604 -246.774194 6.103993
v -39.231604 -244.193548 6.103993
v -39.231604 -241.612903 6.103993
v -39.231604 -239.032258 6.103993
v -39.231604 -236.451613 6.103993
v -39.231604 -233.870968 6.103993
v -39.231604 -231.290323 6.103993
v -39.231604 -228.709677 6.103993
v -39.231604 -226.129032 6.103993
v -39.231604 -223.548387 6.103993
v -39.231604 -220.967742 6.103993
v -39.231604 -218.387097 6.103993
v -39.231604 -215.806452 6.103993
v -39.231604 -213.225806 6.103993
v -39.231604 -210.645161 6.103993
v -39.231604 -208.064516 6.103993
v -39.231604 -205.483871 6.103993
v -39.231604 -202.903226 6.103993
v -39.231604 -200.322581 6.103993
v -39.231604 -197.741935 6.103993
v -39.231604 -195.161290 6.103993
v -39.231604 -192.580645 6.103993
v -39.231604 -190.000000 6.103993
v -39.231604 -187.419355 6.103993
v -39.231604 -184.838710 6.103993
v -39.231604 -182.258065 6.103993
v -39.231604 -179.677419 6.103993
v -39.231604 -177.096774 6.103993
v -39.231604 -174.516129 6.103993
v -39.231604 -171.935484 6.103993
v -39.231604 -169.354839 6.103993
v -39.231604 -166.774194 6.103993
v -39.231604 -164.193548 6.103993
v -39.231604 -161.612903 6.103993
v -39.231604 -159.032258 6.103993
v -39.231604 -156.451613 6.103993
v -39.231604 -153.870968 6.103993
v -39.231604 -151.290323 6.103993
v -39.231604 -148.709677 6.103993
v -39.231604 -146.129032 6.103993
v -39.231604 -143.548387 6.103993
v -39.231604 -140.967742 6.103993
v -39.231604 -138.387097 6.103993
v -39.231604 -135.806452 6.103993
v -39.231604 -133.225806 6.103993
v -39.231604 -130.645161 6.103993
v -39.231604 -128.064516 6.103993
v -39.231604 -125.483871 6.103993
v -39.231604 -122.903226 6.103993
v -39.231604 -120.322581 6.103993
v -39.231604 -117.741935 6.103993
v -39.231604 -115.161290 6.103993
v -39.231604 -112.580645 6.103993
v -39.202202 -267.419355 6.221379
v -39.202202 -264.838710 6.221379
v -39.202202 -262.258065 6.221379
v -39.202202 -259.677419 6.221379
v -39.202202 -257.096774 6.221379
v -39.202202 -254.516129 6.221379
v -39.202202 -251.935484 6.221379
v -39.202202 -249.354839 6.221379
v -39.202202 -246.774194 6.221379
v -39.202202 -244.193548 6.221379
v -39.202202 -241.612903 6.221379
v -39.202202 -239.032258 6.221379
v -39.202202 -236.451613 6.221379
v -39.202202 -233.870968 6.221379
v -39.202202 -231.290323 6.221379
v -39.202202 -228.709677 6.221379
v -39.202202 -226.129032 6.221379
v -39.202202 -223.548387 6.221379
v -39.202202 -220.967742 6.221379
v -39.202202 -218.387097 6.221379
v -39.202202 -215.806452 6.221379
v -39.202202 -213.225806 6.221379
v -39.202202 -210.645161 6.221379
v -39.202202 -208.064516 6.221379
v -39.202202 -205.483871 6.221379
v -39.202202 -202.903226 6.221379
v -39.202202 -200.322581 6.221379
v -39.202202 -197.741935 6.221379
v -39.202202 -195.161290 6.221379
v -39.202202 -192.580645 6.221379
v -39.202202 -190.000000 6.221379
v -39.202202 -187.419355 6.221379
v -39.202202 -184.838710 6.221379
v -39.202202 -182.258065 6.221379
v -39.202202 -179.677419 6.221379
v -39.202202 -177.096774 6.221379
v -39.202202 -174.516129 6.221379
v -39.202202 -171.935484 6.221379
v -39.202202 -169.354839 6.221379
v -39.202202 -166.774194 6.221379
v -39.202202 -164.193548 6.221379
v -39.202202 -161.612903 6.221379
v -39.202202 -159.032258 6.221379
v -39.202202 -156.451613 6.221379
v -39.202202 -153.870968 6.221379
v -39.202202 -151.290323 6.221379
v -39.202202 -148.709677 6.221379
v -39.202202 -146.129032 6.221379
v -39.202202 -143.548387 6.221379
v -39.202202 -140.967742 6.221379
v -39.202202 -138.387097 6.221379
v -39.202202 -135.806452 6.221379
v -39.202202 -133.225806 6.221379
v -39.202202 -130.645161 6.221379
v -39.202202 -128.064516 6.221379
v -39.202202 -125.483871 6.221379
v -39.202202 -122.903226 6.221379
v -39.202202 -120.322581 6.221379
v -39.202202 -117.741935 6.221379
v -39.202202 -115.161290 6.221379
v -39.202202 -112.580645 6.221379
v -39.145460 -267.419355 6.328264
v -39.145460 -264.838710 6.328264
v -39.145460 -262.258065 6.328264
v -39.145460 -259.677419 6.328264
v -39.145460 -257.096774 6.328264
v -39.145460 -254.516129 6.328264
v -39.145460 -251.935484 6.328264
v -39.145460 -249.354839 6.328264
v -39.145460 -246.774194 6.328264
v -39.145460 -244.193548 6.328264
v -39.145460 -241.612903 6.328264
v -39.145460 -239.032258 6.328264
v -39.145460 -236.451613 6.328264
v -39.145460 -233.870968 6.328264
v -39.145460 -231.290323 6.328264
v -39.145460 -228.709677 6.328264
v -39.145460 -226.129032 6.328264
v -39.145460 -223.548387 6.328264
v -39.145460 -220.967742 6.328264
v -39.145460 -218.387097 6.328264
v -39.145460 -215.806452 6.328264
v -39.145460 -213.225806 6.328264
v -39.145460 -210.645161 6.328264
v -39.145460 -208.064516 6.328264
v -39.145460 -205.483871 6.328264
v -39.145460 -202.903226 6.328264
v -39.145460 -200.322581 6.328264
v -39.145460 -197.741935 6.328264
v -39.145460 -195.161290 6.328264
v -39.145460 -192.580645 6.328264
v -39.145460 -190.000000 6.328264
v -39.145460 -187.419355 6.328264
v -39.145460 -184.838710 6.328264
v -39.145460 -182.258065 6.328264
v -39.145460 -179.677419 6.328264
v -39.145460 -177.096774 6.328264
v -39.145460 -174.516129 6.328264
v -39.145460 -171.935484 6.328264
v -39.145460 -169.354839 6.328264
v -39.145460 -166.774194 6.328264
v -39.145460 -164.193548 6.328264
v -39.145460 -161.612903 6.328264
v -39.145460 -159.032258 6.328264
v -39.145460 -156.451613 6.328264
v -39.145460 -153.870968 6.328264
v -39.145460 -151.290323 6.328264
v -39.145460 -148.709677 6.328264
v -39.145460 -146.129032 6.328264
v -39.145460 -143.548387 6.328264
v -39.145460 -140.967742 6.328264
v -39.145460 -138.387097 6.328264
v -39.145460 -135.806452 6.328264
v -39.145460 -133.225806 6.328264
v -39.145460 -130.645161 6.328264
v -39.145460 -128.064516 6.328264
v -39.145460 -125.483871 6.328264
v -39.145460 -122.903226 6.328264
v -39.145460 -120.322581 6.328264
v -39.145460 -117.741935 6.328264
v -39.145460 -115.161290 6.328264
v -39.145460 -112.580645 6.328264
vt 0.529704 -7.440000 0.000000
vt 0.529704 -7.690000 0.000000
vt 0.629704 -7.440000 0.000000
vt 0.528000 -7.702941 0.000000
vt 0.629704 -8.340000 0.000000
vt 0.528000 -8.077059 0.000000
vt 0.529704 -8.090000 0.000000
vt 0.523005 -7.715000 0.000000
vt 0.523005 -8.065000 0.000000
vt 0.515059 -7.725355 0.000000
vt 0.515059 -8.054645 0.000000
vt 0.504704 -7.733301 0.000000
vt 0.504704 -8.046699 0.000000
vt 0.492645 -7.738296 0.000000
vt 0.492645 -8.041704 0.000000
vt 0.479704 -7.740000 0.000000
vt 0.479704 -8.040000 0.000000
vt 0.188779 -7.740000 0.000000
vt 0.188779 -8.040000 0.000000
vt 0.184552 -8.040452 0.000000
vt 0.184552 -7.739548 0.000000
vt 0.180515 -8.041787 0.000000
vt 0.180515 -7.738213 0.000000
vt 0.176852 -8.043946 0.000000
vt 0.176852 -7.736054 0.000000
vt 0.173728 -8.046830 0.000000
vt 0.173728 -7.733170 0.000000
vt 0.055527 -7.665294 0.000000
vt 0.121543 -7.673530 0.000000
vt 0.066247 -7.659680 0.000000
vt 0.078002 -7.656806 0.000000
vt 0.090103 -7.656840 0.000000
vt 0.101842 -7.659780 0.000000
vt 0.112530 -7.665454 0.000000
vt -0.210613 -7.848839 0.000000
vt -0.210613 -7.931161 0.000000
vt 0.055527 -8.114706 0.000000
vt -0.219642 -7.923167 0.000000
vt -0.219642 -7.856833 0.000000
vt -0.226495 -7.913245 0.000000
vt -0.226495 -7.866755 0.000000
vt -0.230772 -7.901971 0.000000
vt -0.230772 -7.878029 0.000000
vt -0.232226 -7.890000 0.000000
vt 0.121543 -8.106470 0.000000
vt 0.066247 -8.120320 0.000000
vt 0.078002 -8.123194 0.000000
vt 0.090103 -8.123160 0.000000
vt 0.101842 -8.120220 0.000000
vt 0.112530 -8.114546 0.000000
vt 0.529704 -8.340000 0.000000
vt -27.000000 0.084617 0.000000
vt -26.741935 0.084617 0.000000
vt -27.000000 0.096705 0.000000
vt -26.483871 0.084617 0.000000
vt -26.225806 0.084617 0.000000
vt -26.225806 0.072529 0.000000
vt -25.967742 0.072529 0.000000
vt -25.967742 0.060440 0.000000
vt -25.709677 0.060440 0.000000
vt -25.709677 0.048352 0.000000
vt -25.451613 0.048352 0.000000
vt -25.451613 0.036264 0.000000
vt -25.193548 0.036264 0.000000
vt -25.193548 0.024176 0.000000
vt -24.935484 0.024176 0.000000
vt -24.935484 0.012088 0.000000
vt -24.677419 0.012088 0.000000
vt -27.000000 0.000000 0.000000
vt -24.419355 0.012088 0.000000
vt -24.161290 0.012088 0.000000
vt -24.419355 0.024176 0.000000
vt -24.161290 0.024176 0.000000
vt -24.419355 0.036264 0.000000
vt -24.161290 0.036264 0.000000
vt -24.419355 0.048352 0.000000
vt -24.161290 0.048352 0.000000
vt -24.419355 0.060440 0.000000
vt -24.161290 0.060440 0.000000
vt -24.419355 0.072529 0.000000
vt -24.161290 0.072529 0.000000
vt -24.419355 0.084617 0.000000
vt -24.161290 0.084617 0.000000
vt -23.903226 0.084617 0.000000
vt -23.645161 0.084617 0.000000
vt -23.645161 0.072529 0.000000
vt -23.387097 0.072529 0.000000
vt -23.387097 0.060440 0.000000
vt -23.129032 0.060440 0.000000
vt -23.129032 0.048352 0.000000
vt -22.870968 0.048352 0.000000
vt -22.870968 0.036264 0.000000
vt -22.612903 0.036264 0.000000
vt -22.612903 0.024176 0.000000
vt -22.354839 0.024176 0.000000
vt -22.354839 0.012088 0.000000
vt -22.096774 0.012088 0.000000
vt -21.838710 0.012088 0.000000
vt -21.580645 0.012088 0.000000
vt -21.838710 0.024176 0.000000
vt -21.580645 0.024176 0.000000
vt -21.838710 0.036264 0.000000
vt -21.580645 0.036264 0.000000
vt -21.838710 0.048352 0.000000
vt -21.580645 0.048352 0.000000
vt -21.838710 0.060440 0.000000
vt -21.580645 0.060440 0.000000
vt -21.838710 0.072529 0.000000
vt -21.580645 0.072529 0.000000
vt -21.838710 0.084617 0.000000
vt -21.580645 0.084617 0.000000
vt -21.322581 0.084617 0.000000
vt -21.064516 0.084617 0.000000
vt -21.064516 0.072529 0.000000
vt -20.806452 0.072529 0.000000
vt -20.806452 0.060440 0.000000
vt -20.548387 0.060440 0.000000
vt -20.548387 0.048352 0.000000
vt -20.290323 0.048352 0.000000
vt -20.290323 0.036264 0.000000
vt -20.032258 0.036264 0.000000
vt -20.032258 0.024176 0.000000
vt -19.774194 0.024176 0.000000
vt -19.774194 0.012088 0.000000
vt -19.516129 0.012088 0.000000
vt -19.258065 0.012088 0.000000
vt -19.000000 0.012088 0.000000
vt -19.258065 0.024176 0.000000
vt -19.000000 0.024176 0.000000
vt -19.258065 0.036264 0.000000
vt -19.000000 0.036264 0.000000
vt -19.258065 0.048352 0.000000
vt -19.000000 0.048352 0.000000
vt -19.258065 0.060440 0.000000
vt -19.000000 0.060440 0.000000
vt -19.258065 0.072529 0.000000
vt -19.000000 0.072529 0.000000
vt -19.258065 0.084617 0.000000
vt -19.000000 0.084617 0.000000
vt -11.000000 0.096705 0.000000
vt -18.741935 0.084617 0.000000
vt -18.483871 0.084617 0.000000
vt -18.483871 0.072529 0.000000
vt -18.225806 0.072529 0.000000
vt -18.225806 0.060440 0.000000
vt -17.967742 0.060440 0.000000
vt -17.967742 0.048352 0.000000
vt -17.709677 0.048352 0.000000
vt -17.709677 0.036264 0.000000
vt -17.451613 0.036264 0.000000
vt -17.451613 0.024176 0.000000
vt -17.193548 0.024176 0.000000
vt -17.193548 0.012088 0.000000
vt -16.935484 0.012088 0.000000
vt -11.000000 -0.000000 0.000000
vt -16.677419 0.012088 0.000000
vt -16.419355 0.012088 0.000000
vt -16.677419 0.024176 0.000000
vt -16.419355 0.024176 0.000000
vt -16.677419 0.036264 0.000000
vt -16.419355 0.036264 0.000000
vt -16.677419 0.048352 0.000000
vt -16.419355 0.048352 0.000000
vt -16.677419 0.060440 0.000000
vt -16.419355 0.060440 0.000000
vt -16.677419 0.072529 0.000000
vt -16.419355 0.072529 0.000000
vt -16.677419 0.084617 0.000000
vt -16.419355 0.084617 0.000000
vt -16.161290 0.084617 0.000000
vt -15.903226 0.084617 0.000000
vt -15.903226 0.072529 0.000000
vt -15.645161 0.072529 0.000000
vt -15.645161 0.060440 0.000000
vt -15.387097 0.060440 0.000000
vt -15.387097 0.048352 0.000000
vt -15.129032 0.048352 0.000000
vt -15.129032 0.036264 0.000000
vt -14.870968 0.036264 0.000000
vt -14.870968 0.024176 0.000000
vt -14.612903 0.024176 0.000000
vt -14.612903 0.012088 0.000000
vt -14.354839 0.012088 0.000000
vt -14.096774 0.012088 0.000000
vt -13.838710 0.012088 0.000000
vt -14.096774 0.024176 0.000000
vt -13.838710 0.024176 0.000000
vt -14.096774 0.036264 0.000000
vt -13.838710 0.036264 0.000000
vt -14.096774 0.048352 0.000000
vt -13.838710 0.048352 0.000000
vt -14.096774 0.060440 0.000000
vt -13.838710 0.060440 0.000000
vt -14.096774 0.072529 0.000000
vt -13.838710 0.072529 0.000000
vt -14.096774 0.084617 0.000000
vt -13.838710 0.084617 0.000000
vt -13.580645 0.084617 0.000000
vt -13.322581 0.084617 0.000000
vt -13.322581 0.072529 0.000000
vt -13.064516 0.072529 0.000000
vt -13.064516 0.060440 0.000000
vt -12.806452 0.060440 0.000000
vt -12.806452 0.048352 0.000000
vt -12.548387 0.048352 0.000000
vt -12.548387 0.036264 0.000000
vt -12.290323 0.036264 0.000000
vt -12.290323 0.024176 0.000000
vt -12.032258 0.024176 0.000000
vt -12.032258 0.012088 0.000000
vt -11.774194 0.012088 0.000000
vt -11.516129 0.012088 0.000000
vt -11.258065 0.012088 0.000000
vt -11.516129 0.024176 0.000000
vt -11.258065 0.024176 0.000000
vt -11.516129 0.036264 0.000000
vt -11.258065 0.036264 0.000000
vt -11.516129 0.048352 0.000000
vt -11.258065 0.048352 0.000000
vt -11.516129 0.060440 0.000000
vt -11.258065 0.060440 0.000000
vt -11.516129 0.072529 0.000000
vt -11.258065 0.072529 0.000000
vt -11.516129 0.084617 0.000000
vt -11.258065 0.084617 0.000000
vt -11.000000 0.084617 0.000000
vt -11.000000 0.072529 0.000000
vt -11.000000 0.060440 0.000000
vt -11.000000 0.048352 0.000000
vt -11.000000 0.036264 0.000000
vt -11.000000 0.024176 0.000000
vt -11.000000 0.012088 0.000000
vt -26.741935 0.072529 0.000000
vt -27.000000 0.072529 0.000000
vt -26.741935 0.060440 0.000000
vt -27.000000 0.060440 0.000000
vt -26.741935 0.048352 0.000000
vt -27.000000 0.048352 0.000000
vt -26.741935 0.036264 0.000000
vt -27.000000 0.036264 0.000000
vt -26.741935 0.024176 0.000000
vt -27.000000 0.024176 0.000000
vt -26.741935 0.012088 0.000000
vt -27.000000 0.012088 0.000000
vt -18.741935 0.012088 0.000000
vt -18.741935 0.024176 0.000000
vt -18.741935 0.036264 0.000000
vt -18.741935 0.048352 0.000000
vt -18.741935 0.060440 0.000000
vt -18.741935 0.072529 0.000000
vt -26.483871 0.072529 0.000000
vt -26.483871 0.060440 0.000000
vt -26.483871 0.048352 0.000000
vt -26.483871 0.036264 0.000000
vt -26.483871 0.024176 0.000000
vt -26.483871 0.012088 0.000000
vt -25.967742 0.084617 0.000000
vt -25.709677 0.084617 0.000000
vt -25.451613 0.084617 0.000000
vt -25.451613 0.072529 0.000000
vt -25.193548 0.072529 0.000000
vt -25.193548 0.060440 0.000000
vt -24.935484 0.060440 0.000000
vt -24.935484 0.048352 0.000000
vt -24.677419 0.048352 0.000000
vt -24.677419 0.036264 0.000000
vt -25.709677 0.072529 0.000000
vt -25.193548 0.084617 0.000000
vt -24.935484 0.084617 0.000000
vt -24.677419 0.084617 0.000000
vt -24.677419 0.072529 0.000000
vt -24.935484 0.072529 0.000000
vt -23.903226 0.072529 0.000000
vt -23.903226 0.060440 0.000000
vt -23.903226 0.048352 0.000000
vt -23.903226 0.036264 0.000000
vt -23.903226 0.024176 0.000000
vt -23.903226 0.012088 0.000000
vt -23.387097 0.084617 0.000000
vt -23.129032 0.084617 0.000000
vt -22.870968 0.084617 0.000000
vt -22.870968 0.072529 0.000000
vt -22.612903 0.072529 0.000000
vt -22.612903 0.060440 0.000000
vt -22.354839 0.060440 0.000000
vt -22.354839 0.048352 0.000000
vt -22.096774 0.048352 0.000000
vt -22.096774 0.036264 0.000000
vt -23.129032 0.072529 0.000000
vt -22.612903 0.084617 0.000000
vt -22.354839 0.084617 0.000000
vt -22.096774 0.084617 0.000000
vt -22.096774 0.072529 0.000000
vt -22.354839 0.072529 0.000000
vt -21.322581 0.072529 0.000000
vt -21.322581 0.060440 0.000000
vt -21.322581 0.048352 0.000000
vt -21.322581 0.036264 0.000000
vt -21.322581 0.024176 0.000000
vt -21.322581 0.012088 0.000000
vt -20.806452 0.084617 0.000000
vt -20.548387 0.084617 0.000000
vt -20.290323 0.084617 0.000000
vt -20.290323 0.072529 0.000000
vt -20.032258 0.072529 0.000000
vt -20.032258 0.060440 0.000000
vt -19.774194 0.060440 0.000000
vt -19.774194 0.048352 0.000000
vt -19.516129 0.048352 0.000000
vt -19.516129 0.036264 0.000000
vt -20.548387 0.072529 0.000000
vt -20.032258 0.084617 0.000000
vt -19.774194 0.084617 0.000000
vt -19.516129 0.084617 0.000000
vt -19.516129 0.072529 0.000000
vt -19.774194 0.072529 0.000000
vt -18.225806 0.084617 0.000000
vt -17.967742 0.084617 0.000000
vt -17.709677 0.084617 0.000000
vt -17.709677 0.072529 0.000000
vt -17.451613 0.072529 0.000000
vt -17.451613 0.060440 0.000000
vt -17.193548 0.060440 0.000000
vt -17.193548 0.048352 0.000000
vt -16.935484 0.048352 0.000000
vt -16.935484 0.036264 0.000000
vt -17.967742 0.072529 0.000000
vt -17.451613 0.084617 0.000000
vt -17.193548 0.084617 0.000000
vt -16.935484 0.084617 0.000000
vt -16.935484 0.072529 0.000000
vt -17.193548 0.072529 0.000000
vt -16.161290 0.072529 0.000000
vt -16.161290 0.060440 0.000000
vt -16.161290 0.048352 0.000000
vt -16.161290 0.036264 0.000000
vt -16.161290 0.024176 0.000000
vt -16.161290 0.012088 0.000000
vt -15.645161 0.084617 0.000000
vt -15.387097 0.084617 0.000000
vt -15.129032 0.084617 0.000000
vt -15.129032 0.072529 0.000000
vt -14.870968 0.072529 0.000000
vt -14.870968 0.060440 0.000000
vt -14.612903 0.060440 0.000000
vt -14.612903 0.048352 0.000000
vt -14.354839 0.048352 0.000000
vt -14.354839 0.036264 0.000000
vt -15.387097 0.072529 0.000000
vt -14.870968 0.084617 0.000000
vt -14.612903 0.084617 0.000000
vt -14.354839 0.084617 0.000000
vt -14.354839 0.072529 0.000000
vt -14.612903 0.072529 0.000000
vt -13.580645 0.072529 0.000000
vt -13.580645 0.060440 0.000000
vt -13.580645 0.048352 0.000000
vt -13.580645 0.036264 0.000000
vt -13.580645 0.024176 0.000000
vt -13.580645 0.012088 0.000000
vt -13.064516 0.084617 0.000000
vt -12.806452 0.084617 0.000000
vt -12.548387 0.084617 0.000000
vt -12.548387 0.072529 0.000000
vt -12.290323 0.072529 0.000000
vt -12.290323 0.060440 0.000000
vt -12.032258 0.060440 0.000000
vt -12.032258 0.048352 0.000000
vt -11.774194 0.048352 0.000000
vt -11.774194 0.036264 0.000000
vt -12.806452 0.072529 0.000000
vt -12.290323 0.084617 0.000000
vt -12.032258 0.084617 0.000000
vt -11.774194 0.084617 0.000000
vt -11.774194 0.072529 0.000000
vt -12.032258 0.072529 0.000000
vt -26.225806 0.060440 0.000000
vt -25.967742 0.048352 0.000000
vt -25.709677 0.036264 0.000000
vt -25.451613 0.024176 0.000000
vt -25.193548 0.012088 0.000000
vt -25.451613 0.060440 0.000000
vt -24.677419 0.060440 0.000000
vt -23.645161 0.060440 0.000000
vt -23.387097 0.048352 0.000000
vt -23.129032 0.036264 0.000000
vt -22.870968 0.024176 0.000000
vt -22.612903 0.012088 0.000000
vt -22.870968 0.060440 0.000000
vt -22.096774 0.060440 0.000000
vt -21.064516 0.060440 0.000000
vt -20.806452 0.048352 0.000000
vt -20.548387 0.036264 0.000000
vt -20.290323 0.024176 0.000000
vt -20.032258 0.012088 0.000000
vt -20.290323 0.060440 0.000000
vt -19.516129 0.060440 0.000000
vt -18.483871 0.060440 0.000000
vt -18.483871 0.048352 0.000000
vt -18.483871 0.036264 0.000000
vt -18.483871 0.024176 0.000000
vt -18.483871 0.012088 0.000000
vt -17.709677 0.060440 0.000000
vt -16.935484 0.060440 0.000000
vt -15.903226 0.060440 0.000000
vt -15.645161 0.048352 0.000000
vt -15.387097 0.036264 0.000000
vt -15.129032 0.024176 0.000000
vt -14.870968 0.012088 0.000000
vt -15.129032 0.060440 0.000000
vt -14.354839 0.060440 0.000000
vt -13.322581 0.060440 0.000000
vt -13.064516 0.048352 0.000000
vt -12.806452 0.036264 0.000000
vt -12.548387 0.024176 0.000000
vt -12.290323 0.012088 0.000000
vt -12.548387 0.060440 0.000000
vt -11.774194 0.060440 0.000000
vt -26.225806 0.048352 0.000000
vt -26.225806 0.036264 0.000000
vt -26.225806 0.024176 0.000000
vt -26.225806 0.012088 0.000000
vt -25.193548 0.048352 0.000000
vt -23.645161 0.048352 0.000000
vt -23.645161 0.036264 0.000000
vt -23.645161 0.024176 0.000000
vt -23.645161 0.012088 0.000000
vt -22.612903 0.048352 0.000000
vt -21.064516 0.048352 0.000000
vt -21.064516 0.036264 0.000000
vt -21.064516 0.024176 0.000000
vt -21.064516 0.012088 0.000000
vt -20.032258 0.048352 0.000000
vt -18.225806 0.048352 0.000000
vt -17.967742 0.036264 0.000000
vt -17.709677 0.024176 0.000000
vt -17.451613 0.012088 0.000000
vt -17.451613 0.048352 0.000000
vt -15.903226 0.048352 0.000000
vt -15.903226 0.036264 0.000000
vt -15.903226 0.024176 0.000000
vt -15.903226 0.012088 0.000000
vt -14.870968 0.048352 0.000000
vt -13.322581 0.048352 0.000000
vt -13.322581 0.036264 0.000000
vt -13.322581 0.024176 0.000000
vt -13.322581 0.012088 0.000000
vt -12.290323 0.048352 0.000000
vt -25.967742 0.036264 0.000000
vt -25.709677 0.024176 0.000000
vt -25.451613 0.012088 0.000000
vt -24.935484 0.036264 0.000000
vt -23.387097 0.036264 0.000000
vt -23.129032 0.024176 0.000000
vt -22.870968 0.012088 0.000000
vt -22.354839 0.036264 0.000000
vt -20.806452 0.036264 0.000000
vt -20.548387 0.024176 0.000000
vt -20.290323 0.012088 0.000000
vt -19.774194 0.036264 0.000000
vt -18.225806 0.036264 0.000000
vt -18.225806 0.024176 0.000000
vt -18.225806 0.012088 0.000000
vt -17.193548 0.036264 0.000000
vt -15.645161 0.036264 0.000000
vt -15.387097 0.024176 0.000000
vt -15.129032 0.012088 0.000000
vt -14.612903 0.036264 0.000000
vt -13.064516 0.036264 0.000000
vt -12.806452 0.024176 0.000000
vt -12.548387 0.012088 0.000000
vt -12.032258 0.036264 0.000000
vt -25.967742 0.024176 0.000000
vt -25.967742 0.012088 0.000000
vt -24.677419 0.024176 0.000000
vt -23.387097 0.024176 0.000000
vt -23.387097 0.012088 0.000000
vt -22.096774 0.024176 0.000000
vt -20.806452 0.024176 0.000000
vt -20.806452 0.012088 0.000000
vt -19.516129 0.024176 0.000000
vt -17.967742 0.024176 0.000000
vt -17.709677 0.012088 0.000000
vt -16.935484 0.024176 0.000000
vt -15.645161 0.024176 0.000000
vt -15.645161 0.012088 0.000000
vt -14.354839 0.024176 0.000000
vt -13.064516 0.024176 0.000000
vt -13.064516 0.012088 0.000000
vt -11.774194 0.024176 0.000000
vt -25.709677 0.012088 0.000000
vt -23.129032 0.012088 0.000000
vt -20.548387 0.012088 0.000000
vt -17.967742 0.012088 0.000000
vt -15.387097 0.012088 0.000000
vt -12.806452 0.012088 0.000000
vt 0.323295 27.000000 0.000000
vt -0.000000 27.000000 0.000000
vt 0.323295 11.000000 0.000000
vt -0.000000 11.000000 0.000000
vt -27.000000 0.060655 0.000000
vt -26.741935 0.060655 0.000000
vt -27.000000 0.072786 0.000000
vt -26.483871 0.060655 0.000000
vt -26.225806 0.060655 0.000000
vt -26.225806 0.048524 0.000000
vt -25.967742 0.048524 0.000000
vt -25.967742 0.036393 0.000000
vt -25.709677 0.036393 0.000000
vt -25.709677 0.024262 0.000000
vt -25.451613 0.024262 0.000000
vt -25.451613 0.012131 0.000000
vt -25.193548 0.012131 0.000000
vt -27.000000 0.000000 0.000000
vt -24.935484 0.012131 0.000000
vt -24.677419 0.012131 0.000000
vt -24.935484 0.024262 0.000000
vt -24.677419 0.024262 0.000000
vt -24.935484 0.036393 0.000000
vt -24.677419 0.036393 0.000000
vt -24.935484 0.048524 0.000000
vt -24.677419 0.048524 0.000000
vt -24.935484 0.060655 0.000000
vt -24.677419 0.060655 0.000000
vt -24.419355 0.060655 0.000000
vt -24.161290 0.060655 0.000000
vt -24.161290 0.048524 0.000000
vt -23.903226 0.048524 0.000000
vt -23.903226 0.036393 0.000000
vt -23.645161 0.036393 0.000000
vt -23.645161 0.024262 0.000000
vt -23.387097 0.024262 0.000000
vt -23.387097 0.012131 0.000000
vt -23.129032 0.012131 0.000000
vt -22.870968 0.012131 0.000000
vt -22.612903 0.012131 0.000000
vt -22.870968 0.024262 0.000000
vt -22.612903 0.024262 0.000000
vt -22.870968 0.036393 0.000000
vt -22.612903 0.036393 0.000000
vt -22.870968 0.048524 0.000000
vt -22.612903 0.048524 0.000000
vt -22.870968 0.060655 0.000000
vt -22.612903 0.060655 0.000000
vt -22.354839 0.060655 0.000000
vt -22.096774 0.060655 0.000000
vt -22.096774 0.048524 0.000000
vt -21.838710 0.048524 0.000000
vt -21.838710 0.036393 0.000000
vt -21.580645 0.036393 0.000000
vt -21.580645 0.024262 0.000000
vt -21.322581 0.024262 0.000000
vt -21.322581 0.012131 0.000000
vt -21.064516 0.012131 0.000000
vt -20.806452 0.012131 0.000000
vt -20.548387 0.012131 0.000000
vt -20.806452 0.024262 0.000000
vt -20.548387 0.024262 0.000000
vt -20.806452 0.036393 0.000000
vt -20.548387 0.036393 0.000000
vt -20.806452 0.048524 0.000000
vt -20.548387 0.048524 0.000000
vt -20.806452 0.060655 0.000000
vt -20.548387 0.060655 0.000000
vt -20.290323 0.060655 0.000000
vt -20.032258 0.060655 0.000000
vt -20.032258 0.048524 0.000000
vt -19.774194 0.048524 0.000000
vt -19.774194 0.036393 0.000000
vt -19.516129 0.036393 0.000000
vt -19.516129 0.024262 0.000000
vt -19.258065 0.024262 0.000000
vt -19.258065 0.012131 0.000000
vt -19.000000 0.012131 0.000000
vt -11.000000 -0.000000 0.000000
vt -26.741935 0.048524 0.000000
vt -27.000000 0.048524 0.000000
vt -26.741935 0.036393 0.000000
vt -27.000000 0.036393 0.000000
vt -26.741935 0.024262 0.000000
vt -27.000000 0.024262 0.000000
vt -26.741935 0.012131 0.000000
vt -27.000000 0.012131 0.000000
vt -11.000000 0.012131 0.000000
vt -11.258065 0.012131 0.000000
vt -11.516129 0.012131 0.000000
vt -11.774194 0.012131 0.000000
vt -11.774194 0.024262 0.000000
vt -12.032258 0.024262 0.000000
vt -12.032258 0.036393 0.000000
vt -12.290323 0.036393 0.000000
vt -12.290323 0.048524 0.000000
vt -12.548387 0.048524 0.000000
vt -12.548387 0.060655 0.000000
vt -12.806452 0.060655 0.000000
vt -11.000000 0.072786 0.000000
vt -13.064516 0.060655 0.000000
vt -13.322581 0.060655 0.000000
vt -13.064516 0.048524 0.000000
vt -13.322581 0.048524 0.000000
vt -13.064516 0.036393 0.000000
vt -13.322581 0.036393 0.000000
vt -13.064516 0.024262 0.000000
vt -13.322581 0.024262 0.000000
vt -13.064516 0.012131 0.000000
vt -13.322581 0.012131 0.000000
vt -13.580645 0.012131 0.000000
vt -13.838710 0.012131 0.000000
vt -13.838710 0.024262 0.000000
vt -14.096774 0.024262 0.000000
vt -14.096774 0.036393 0.000000
vt -14.354839 0.036393 0.000000
vt -14.354839 0.048524 0.000000
vt -14.612903 0.048524 0.000000
vt -14.612903 0.060655 0.000000
vt -14.870968 0.060655 0.000000
vt -15.129032 0.060655 0.000000
vt -15.387097 0.060655 0.000000
vt -15.129032 0.048524 0.000000
vt -15.387097 0.048524 0.000000
vt -15.129032 0.036393 0.000000
vt -15.387097 0.036393 0.000000
vt -15.129032 0.024262 0.000000
vt -15.387097 0.024262 0.000000
vt -15.129032 0.012131 0.000000
vt -15.387097 0.012131 0.000000
vt -15.645161 0.012131 0.000000
vt -15.903226 0.012131 0.000000
vt -15.903226 0.024262 0.000000
vt -16.161290 0.024262 0.000000
vt -16.161290 0.036393 0.000000
vt -16.419355 0.036393 0.000000
vt -16.419355 0.048524 0.000000
vt -16.677419 0.048524 0.000000
vt -16.677419 0.060655 0.000000
vt -16.935484 0.060655 0.000000
vt -17.193548 0.060655 0.000000
vt -17.451613 0.060655 0.000000
vt -17.193548 0.048524 0.000000
vt -17.451613 0.048524 0.000000
vt -17.193548 0.036393 0.000000
vt -17.451613 0.036393 0.000000
vt -17.193548 0.024262 0.000000
vt -17.451613 0.024262 0.000000
vt -17.193548 0.012131 0.000000
vt -17.451613 0.012131 0.000000
vt -17.709677 0.012131 0.000000
vt -17.967742 0.012131 0.000000
vt -17.967742 0.024262 0.000000
vt -18.225806 0.024262 0.000000
vt -18.225806 0.036393 0.000000
vt -18.483871 0.036393 0.000000
vt -18.483871 0.048524 0.000000
vt -18.741935 0.048524 0.000000
vt -18.741935 0.060655 0.000000
vt -19.000000 0.060655 0.000000
vt -11.258065 0.024262 0.000000
vt -11.000000 0.024262 0.000000
vt -11.258065 0.036393 0.000000
vt -11.000000 0.036393 0.000000
vt -11.258065 0.048524 0.000000
vt -11.000000 0.048524 0.000000
vt -11.258065 0.060655 0.000000
vt -11.000000 0.060655 0.000000
vt -26.483871 0.048524 0.000000
vt -26.483871 0.036393 0.000000
vt -26.483871 0.024262 0.000000
vt -26.483871 0.012131 0.000000
vt -25.967742 0.060655 0.000000
vt -25.709677 0.060655 0.000000
vt -25.451613 0.060655 0.000000
vt -25.451613 0.048524 0.000000
vt -25.193548 0.048524 0.000000
vt -25.193548 0.036393 0.000000
vt -25.709677 0.048524 0.000000
vt -25.193548 0.060655 0.000000
vt -24.419355 0.048524 0.000000
vt -24.419355 0.036393 0.000000
vt -24.419355 0.024262 0.000000
vt -24.419355 0.012131 0.000000
vt -23.903226 0.060655 0.000000
vt -23.645161 0.060655 0.000000
vt -23.387097 0.060655 0.000000
vt -23.387097 0.048524 0.000000
vt -23.129032 0.048524 0.000000
vt -23.129032 0.036393 0.000000
vt -23.645161 0.048524 0.000000
vt -23.129032 0.060655 0.000000
vt -22.354839 0.048524 0.000000
vt -22.354839 0.036393 0.000000
vt -22.354839 0.024262 0.000000
vt -22.354839 0.012131 0.000000
vt -21.838710 0.060655 0.000000
vt -21.580645 0.060655 0.000000
vt -21.322581 0.060655 0.000000
vt -21.322581 0.048524 0.000000
vt -21.064516 0.048524 0.000000
vt -21.064516 0.036393 0.000000
vt -21.580645 0.048524 0.000000
vt -21.064516 0.060655 0.000000
vt -20.290323 0.048524 0.000000
vt -20.290323 0.036393 0.000000
vt -20.290323 0.024262 0.000000
vt -20.290323 0.012131 0.000000
vt -19.774194 0.060655 0.000000
vt -19.516129 0.060655 0.000000
vt -19.258065 0.060655 0.000000
vt -19.258065 0.048524 0.000000
vt -19.000000 0.048524 0.000000
vt -19.000000 0.036393 0.000000
vt -18.741935 0.036393 0.000000
vt -18.741935 0.024262 0.000000
vt -18.483871 0.024262 0.000000
vt -18.483871 0.012131 0.000000
vt -18.225806 0.012131 0.000000
vt -19.516129 0.048524 0.000000
vt -18.483871 0.060655 0.000000
vt -18.225806 0.060655 0.000000
vt -17.967742 0.060655 0.000000
vt -17.967742 0.048524 0.000000
vt -17.709677 0.048524 0.000000
vt -17.709677 0.036393 0.000000
vt -18.225806 0.048524 0.000000
vt -17.709677 0.060655 0.000000
vt -16.935484 0.048524 0.000000
vt -16.935484 0.036393 0.000000
vt -16.935484 0.024262 0.000000
vt -16.935484 0.012131 0.000000
vt -16.419355 0.060655 0.000000
vt -16.161290 0.060655 0.000000
vt -15.903226 0.060655 0.000000
vt -15.903226 0.048524 0.000000
vt -15.645161 0.048524 0.000000
vt -15.645161 0.036393 0.000000
vt -16.161290 0.048524 0.000000
vt -15.645161 0.060655 0.000000
vt -14.870968 0.048524 0.000000
vt -14.870968 0.036393 0.000000
vt -14.870968 0.024262 0.000000
vt -14.870968 0.012131 0.000000
vt -14.354839 0.060655 0.000000
vt -14.096774 0.060655 0.000000
vt -13.838710 0.060655 0.000000
vt -13.838710 0.048524 0.000000
vt -13.580645 0.048524 0.000000
vt -13.580645 0.036393 0.000000
vt -14.096774 0.048524 0.000000
vt -13.580645 0.060655 0.000000
vt -12.806452 0.048524 0.000000
vt -12.806452 0.036393 0.000000
vt -12.806452 0.024262 0.000000
vt -12.806452 0.012131 0.000000
vt -12.290323 0.060655 0.000000
vt -12.032258 0.060655 0.000000
vt -11.774194 0.060655 0.000000
vt -11.774194 0.048524 0.000000
vt -11.516129 0.048524 0.000000
vt -11.516129 0.036393 0.000000
vt -12.032258 0.048524 0.000000
vt -11.516129 0.060655 0.000000
vt -26.225806 0.036393 0.000000
vt -25.967742 0.024262 0.000000
vt -25.709677 0.012131 0.000000
vt -25.451613 0.036393 0.000000
vt -24.161290 0.036393 0.000000
vt -23.903226 0.024262 0.000000
vt -23.645161 0.012131 0.000000
vt -23.387097 0.036393 0.000000
vt -22.096774 0.036393 0.000000
vt -21.838710 0.024262 0.000000
vt -21.580645 0.012131 0.000000
vt -21.322581 0.036393 0.000000
vt -20.032258 0.036393 0.000000
vt -19.774194 0.024262 0.000000
vt -19.516129 0.012131 0.000000
vt -19.258065 0.036393 0.000000
vt -17.967742 0.036393 0.000000
vt -16.677419 0.036393 0.000000
vt -16.419355 0.024262 0.000000
vt -16.161290 0.012131 0.000000
vt -15.903226 0.036393 0.000000
vt -14.612903 0.036393 0.000000
vt -14.354839 0.024262 0.000000
vt -14.096774 0.012131 0.000000
vt -13.838710 0.036393 0.000000
vt -12.548387 0.036393 0.000000
vt -12.290323 0.024262 0.000000
vt -12.032258 0.012131 0.000000
vt -11.774194 0.036393 0.000000
vt -26.225806 0.024262 0.000000
vt -26.225806 0.012131 0.000000
vt -25.193548 0.024262 0.000000
vt -24.161290 0.024262 0.000000
vt -24.161290 0.012131 0.000000
vt -23.129032 0.024262 0.000000
vt -22.096774 0.024262 0.000000
vt -22.096774 0.012131 0.000000
vt -21.064516 0.024262 0.000000
vt -20.032258 0.024262 0.000000
vt -20.032258 0.012131 0.000000
vt -19.000000 0.024262 0.000000
vt -17.709677 0.024262 0.000000
vt -16.677419 0.024262 0.000000
vt -16.677419 0.012131 0.000000
vt -15.645161 0.024262 0.000000
vt -14.612903 0.024262 0.000000
vt -14.612903 0.012131 0.000000
vt -13.580645 0.024262 0.000000
vt -12.548387 0.024262 0.000000
vt -12.548387 0.012131 0.000000
vt -11.516129 0.024262 0.000000
vt -25.967742 0.012131 0.000000
vt -23.903226 0.012131 0.000000
vt -21.838710 0.012131 0.000000
vt -19.774194 0.012131 0.000000
vt -18.741935 0.012131 0.000000
vt -16.419355 0.012131 0.000000
vt -14.354839 0.012131 0.000000
vt -12.290323 0.012131 0.000000
vt 0.079248 27.000000 0.000000
vt 0.000000 27.000000 0.000000
vt 0.079248 11.000000 0.000000
vt 0.000000 11.000000 0.000000
vt 27.000000 0.004260 0.000000
vt 26.908571 0.004260 0.000000
vt 27.000000 0.000000 0.000000
vt 26.817143 0.004260 0.000000
vt 26.725714 0.004260 0.000000
vt 26.725714 0.008520 0.000000
vt 26.634286 0.008520 0.000000
vt 26.634286 0.012779 0.000000
vt 26.542857 0.012779 0.000000
vt 27.000000 0.017039 0.000000
vt 26.451429 0.012779 0.000000
vt 26.360000 0.012779 0.000000
vt 26.451429 0.008520 0.000000
vt 26.360000 0.008520 0.000000
vt 26.451429 0.004260 0.000000
vt 26.360000 0.004260 0.000000
vt 26.268571 0.004260 0.000000
vt 26.177143 0.004260 0.000000
vt 26.177143 0.008520 0.000000
vt 26.085714 0.008520 0.000000
vt 26.085714 0.012779 0.000000
vt 25.994286 0.012779 0.000000
vt 25.902857 0.012779 0.000000
vt 25.811429 0.012779 0.000000
vt 25.902857 0.008520 0.000000
vt 25.811429 0.008520 0.000000
vt 25.902857 0.004260 0.000000
vt 25.811429 0.004260 0.000000
vt 25.720000 0.004260 0.000000
vt 25.628571 0.004260 0.000000
vt 25.628571 0.008520 0.000000
vt 25.537143 0.008520 0.000000
vt 25.537143 0.012779 0.000000
vt 25.445714 0.012779 0.000000
vt 25.354286 0.012779 0.000000
vt 25.262857 0.012779 0.000000
vt 25.354286 0.008520 0.000000
vt 25.262857 0.008520 0.000000
vt 25.354286 0.004260 0.000000
vt 25.262857 0.004260 0.000000
vt 25.171429 0.004260 0.000000
vt 25.080000 0.004260 0.000000
vt 25.080000 0.008520 0.000000
vt 24.988571 0.008520 0.000000
vt 24.988571 0.012779 0.000000
vt 24.897143 0.012779 0.000000
vt 24.805714 0.012779 0.000000
vt 24.714286 0.012779 0.000000
vt 24.805714 0.008520 0.000000
vt 24.714286 0.008520 0.000000
vt 24.805714 0.004260 0.000000
vt 24.714286 0.004260 0.000000
vt 24.622857 0.004260 0.000000
vt 24.531429 0.004260 0.000000
vt 24.531429 0.008520 0.000000
vt 24.440000 0.008520 0.000000
vt 24.440000 0.012779 0.000000
vt 24.348571 0.012779 0.000000
vt 24.257143 0.012779 0.000000
vt 24.165714 0.012779 0.000000
vt 24.257143 0.008520 0.000000
vt 24.165714 0.008520 0.000000
vt 24.257143 0.004260 0.000000
vt 24.165714 0.004260 0.000000
vt 24.074286 0.004260 0.000000
vt 23.982857 0.004260 0.000000
vt 23.982857 0.008520 0.000000
vt 23.891429 0.008520 0.000000
vt 23.891429 0.012779 0.000000
vt 23.800000 0.012779 0.000000
vt 23.708571 0.012779 0.000000
vt 23.617143 0.012779 0.000000
vt 23.708571 0.008520 0.000000
vt 23.617143 0.008520 0.000000
vt 23.708571 0.004260 0.000000
vt 23.617143 0.004260 0.000000
vt 23.525714 0.004260 0.000000
vt 23.434286 0.004260 0.000000
vt 23.434286 0.008520 0.000000
vt 23.342857 0.008520 0.000000
vt 23.342857 0.012779 0.000000
vt 23.251429 0.012779 0.000000
vt 23.160000 0.012779 0.000000
vt 23.068571 0.012779 0.000000
vt 23.160000 0.008520 0.000000
vt 23.068571 0.008520 0.000000
vt 23.160000 0.004260 0.000000
vt 23.068571 0.004260 0.000000
vt 22.977143 0.004260 0.000000
vt 22.885714 0.004260 0.000000
vt 22.885714 0.008520 0.000000
vt 22.794286 0.008520 0.000000
vt 22.794286 0.012779 0.000000
vt 22.702857 0.012779 0.000000
vt 22.611429 0.012779 0.000000
vt 22.520000 0.012779 0.000000
vt 22.611429 0.008520 0.000000
vt 22.520000 0.008520 0.000000
vt 22.611429 0.004260 0.000000
vt 22.520000 0.004260 0.000000
vt 22.428571 0.004260 0.000000
vt 22.337143 0.004260 0.000000
vt 22.337143 0.008520 0.000000
vt 22.245714 0.008520 0.000000
vt 22.245714 0.012779 0.000000
vt 22.154286 0.012779 0.000000
vt 22.062857 0.012779 0.000000
vt 21.971429 0.012779 0.000000
vt 22.062857 0.008520 0.000000
vt 21.971429 0.008520 0.000000
vt 22.062857 0.004260 0.000000
vt 21.971429 0.004260 0.000000
vt 21.880000 0.004260 0.000000
vt 21.788571 0.004260 0.000000
vt 21.788571 0.008520 0.000000
vt 21.697143 0.008520 0.000000
vt 21.697143 0.012779 0.000000
vt 21.605714 0.012779 0.000000
vt 21.514286 0.012779 0.000000
vt 21.422857 0.012779 0.000000
vt 21.514286 0.008520 0.000000
vt 21.422857 0.008520 0.000000
vt 21.514286 0.004260 0.000000
vt 21.422857 0.004260 0.000000
vt 21.331429 0.004260 0.000000
vt 21.240000 0.004260 0.000000
vt 21.240000 0.008520 0.000000
vt 21.148571 0.008520 0.000000
vt 21.148571 0.012779 0.000000
vt 21.057143 0.012779 0.000000
vt 20.965714 0.012779 0.000000
vt 20.874286 0.012779 0.000000
vt 20.965714 0.008520 0.000000
vt 20.874286 0.008520 0.000000
vt 20.965714 0.004260 0.000000
vt 20.874286 0.004260 0.000000
vt 20.782857 0.004260 0.000000
vt 20.691429 0.004260 0.000000
vt 20.691429 0.008520 0.000000
vt 20.600000 0.008520 0.000000
vt 20.600000 0.012779 0.000000
vt 20.508571 0.012779 0.000000
vt 20.417143 0.012779 0.000000
vt 20.325714 0.012779 0.000000
vt 20.417143 0.008520 0.000000
vt 20.325714 0.008520 0.000000
vt 20.417143 0.004260 0.000000
vt 20.325714 0.004260 0.000000
vt 20.234286 0.004260 0.000000
vt 20.142857 0.004260 0.000000
vt 20.142857 0.008520 0.000000
vt 20.051429 0.008520 0.000000
vt 20.051429 0.012779 0.000000
vt 19.960000 0.012779 0.000000
vt 19.868571 0.012779 0.000000
vt 19.777143 0.012779 0.000000
vt 19.868571 0.008520 0.000000
vt 19.777143 0.008520 0.000000
vt 19.868571 0.004260 0.000000
vt 19.777143 0.004260 0.000000
vt 19.685714 0.004260 0.000000
vt 19.594286 0.004260 0.000000
vt 19.594286 0.008520 0.000000
vt 19.502857 0.008520 0.000000
vt 19.502857 0.012779 0.000000
vt 19.411429 0.012779 0.000000
vt 19.320000 0.012779 0.000000
vt 19.228571 0.012779 0.000000
vt 19.320000 0.008520 0.000000
vt 19.228571 0.008520 0.000000
vt 19.320000 0.004260 0.000000
vt 19.228571 0.004260 0.000000
vt 19.137143 0.004260 0.000000
vt 19.045714 0.004260 0.000000
vt 19.045714 0.008520 0.000000
vt 18.954286 0.008520 0.000000
vt 18.954286 0.012779 0.000000
vt 18.862857 0.012779 0.000000
vt 11.000000 0.017039 0.000000
vt 18.771429 0.012779 0.000000
vt 18.680000 0.012779 0.000000
vt 18.771429 0.008520 0.000000
vt 18.680000 0.008520 0.000000
vt 18.771429 0.004260 0.000000
vt 18.680000 0.004260 0.000000
vt 11.000000 0.000000 0.000000
vt 18.588571 0.004260 0.000000
vt 18.497143 0.004260 0.000000
vt 18.497143 0.008520 0.000000
vt 18.405714 0.008520 0.000000
vt 18.405714 0.012779 0.000000
vt 18.314286 0.012779 0.000000
vt 18.222857 0.012779 0.000000
vt 18.131429 0.012779 0.000000
vt 18.222857 0.008520 0.000000
vt 18.131429 0.008520 0.000000
vt 18.222857 0.004260 0.000000
vt 18.131429 0.004260 0.000000
vt 18.040000 0.004260 0.000000
vt 17.948571 0.004260 0.000000
vt 17.948571 0.008520 0.000000
vt 17.857143 0.008520 0.000000
vt 17.857143 0.012779 0.000000
vt 17.765714 0.012779 0.000000
vt 17.674286 0.012779 0.000000
vt 17.582857 0.012779 0.000000
vt 17.674286 0.008520 0.000000
vt 17.582857 0.008520 0.000000
vt 17.674286 0.004260 0.000000
vt 17.582857 0.004260 0.000000
vt 17.491429 0.004260 0.000000
vt 17.400000 0.004260 0.000000
vt 17.400000 0.008520 0.000000
vt 17.308571 0.008520 0.000000
vt 17.308571 0.012779 0.000000
vt 17.217143 0.012779 0.000000
vt 17.125714 0.012779 0.000000
vt 17.034286 0.012779 0.000000
vt 17.125714 0.008520 0.000000
vt 17.034286 0.008520 0.000000
vt 17.125714 0.004260 0.000000
vt 17.034286 0.004260 0.000000
vt 16.942857 0.004260 0.000000
vt 16.851429 0.004260 0.000000
vt 16.851429 0.008520 0.000000
vt 16.760000 0.008520 0.000000
vt 16.760000 0.012779 0.000000
vt 16.668571 0.012779 0.000000
vt 16.577143 0.012779 0.000000
vt 16.485714 0.012779 0.000000
vt 16.577143 0.008520 0.000000
vt 16.485714 0.008520 0.000000
vt 16.577143 0.004260 0.000000
vt 16.485714 0.004260 0.000000
vt 16.394286 0.004260 0.000000
vt 16.302857 0.004260 0.000000
vt 16.302857 0.008520 0.000000
vt 16.211429 0.008520 0.000000
vt 16.211429 0.012779 0.000000
vt 16.120000 0.012779 0.000000
vt 16.028571 0.012779 0.000000
vt 15.937143 0.012779 0.000000
vt 16.028571 0.008520 0.000000
vt 15.937143 0.008520 0.000000
vt 16.028571 0.004260 0.000000
vt 15.937143 0.004260 0.000000
vt 15.845714 0.004260 0.000000
vt 15.754286 0.004260 0.000000
vt 15.754286 0.008520 0.000000
vt 15.662857 0.008520 0.000000
vt 15.662857 0.012779 0.000000
vt 15.571429 0.012779 0.000000
vt 15.480000 0.012779 0.000000
vt 15.388571 0.012779 0.000000
vt 15.480000 0.008520 0.000000
vt 15.388571 0.008520 0.000000
vt 15.480000 0.004260 0.000000
vt 15.388571 0.004260 0.000000
vt 15.297143 0.004260 0.000000
vt 15.205714 0.004260 0.000000
vt 15.205714 0.008520 0.000000
vt 15.114286 0.008520 0.000000
vt 15.114286 0.012779 0.000000
vt 15.022857 0.012779 0.000000
vt 14.931429 0.012779 0.000000
vt 14.840000 0.012779 0.000000
vt 14.931429 0.008520 0.000000
vt 14.840000 0.008520 0.000000
vt 14.931429 0.004260 0.000000
vt 14.840000 0.004260 0.000000
vt 14.748571 0.004260 0.000000
vt 14.657143 0.004260 0.000000
vt 14.657143 0.008520 0.000000
vt 14.565714 0.008520 0.000000
vt 14.565714 0.012779 0.000000
vt 14.474286 0.012779 0.000000
vt 14.382857 0.012779 0.000000
vt 14.291429 0.012779 0.000000
vt 14.382857 0.008520 0.000000
vt 14.291429 0.008520 0.000000
vt 14.382857 0.004260 0.000000
vt 14.291429 0.004260 0.000000
vt 14.200000 0.004260 0.000000
vt 14.108571 0.004260 0.000000
vt 14.108571 0.008520 0.000000
vt 14.017143 0.008520 0.000000
vt 14.017143 0.012779 0.000000
vt 13.925714 0.012779 0.000000
vt 13.834286 0.012779 0.000000
vt 13.742857 0.012779 0.000000
vt 13.834286 0.008520 0.000000
vt 13.742857 0.008520 0.000000
vt 13.834286 0.004260 0.000000
vt 13.742857 0.004260 0.000000
vt 13.651429 0.004260 0.000000
vt 13.560000 0.004260 0.000000
vt 13.560000 0.008520 0.000000
vt 13.468571 0.008520 0.000000
vt 13.468571 0.012779 0.000000
vt 13.377143 0.012779 0.000000
vt 13.285714 0.012779 0.000000
vt 13.194286 0.012779 0.000000
vt 13.285714 0.008520 0.000000
vt 13.194286 0.008520 0.000000
vt 13.285714 0.004260 0.000000
vt 13.194286 0.004260 0.000000
vt 13.102857 0.004260 0.000000
vt 13.011429 0.004260 0.000000
vt 13.011429 0.008520 0.000000
vt 12.920000 0.008520 0.000000
vt 12.920000 0.012779 0.000000
vt 12.828571 0.012779 0.000000
vt 12.737143 0.012779 0.000000
vt 12.645714 0.012779 0.000000
vt 12.737143 0.008520 0.000000
vt 12.645714 0.008520 0.000000
vt 12.737143 0.004260 0.000000
vt 12.645714 0.004260 0.000000
vt 12.554286 0.004260 0.000000
vt 12.462857 0.004260 0.000000
vt 12.462857 0.008520 0.000000
vt 12.371429 0.008520 0.000000
vt 12.371429 0.012779 0.000000
vt 12.280000 0.012779 0.000000
vt 12.188571 0.012779 0.000000
vt 12.097143 0.012779 0.000000
vt 12.188571 0.008520 0.000000
vt 12.097143 0.008520 0.000000
vt 12.188571 0.004260 0.000000
vt 12.097143 0.004260 0.000000
vt 12.005714 0.004260 0.000000
vt 11.914286 0.004260 0.000000
vt 11.914286 0.008520 0.000000
vt 11.822857 0.008520 0.000000
vt 11.822857 0.012779 0.000000
vt 11.731429 0.012779 0.000000
vt 11.640000 0.012779 0.000000
vt 11.548571 0.012779 0.000000
vt 11.640000 0.008520 0.000000
vt 11.548571 0.008520 0.000000
vt 11.640000 0.004260 0.000000
vt 11.548571 0.004260 0.000000
vt 11.457143 0.004260 0.000000
vt 11.365714 0.004260 0.000000
vt 11.365714 0.008520 0.000000
vt 11.274286 0.008520 0.000000
vt 11.274286 0.012779 0.000000
vt 11.182857 0.012779 0.000000
vt 11.091429 0.012779 0.000000
vt 11.000000 0.012779 0.000000
vt 11.091429 0.008520 0.000000
vt 11.000000 0.008520 0.000000
vt 11.091429 0.004260 0.000000
vt 11.000000 0.004260 0.000000
vt 26.908571 0.008520 0.000000
vt 27.000000 0.008520 0.000000
vt 26.908571 0.012779 0.000000
vt 27.000000 0.012779 0.000000
vt 19.045714 0.012779 0.000000
vt 19.137143 0.012779 0.000000
vt 18.954286 0.004260 0.000000
vt 18.862857 0.004260 0.000000
vt 26.817143 0.008520 0.000000
vt 26.817143 0.012779 0.000000
vt 26.634286 0.004260 0.000000
vt 26.542857 0.004260 0.000000
vt 26.542857 0.008520 0.000000
vt 26.268571 0.008520 0.000000
vt 26.268571 0.012779 0.000000
vt 26.085714 0.004260 0.000000
vt 25.994286 0.004260 0.000000
vt 25.994286 0.008520 0.000000
vt 25.720000 0.008520 0.000000
vt 25.720000 0.012779 0.000000
vt 25.537143 0.004260 0.000000
vt 25.445714 0.004260 0.000000
vt 25.445714 0.008520 0.000000
vt 25.171429 0.008520 0.000000
vt 25.171429 0.012779 0.000000
vt 24.988571 0.004260 0.000000
vt 24.897143 0.004260 0.000000
vt 24.897143 0.008520 0.000000
vt 24.622857 0.008520 0.000000
vt 24.622857 0.012779 0.000000
vt 24.440000 0.004260 0.000000
vt 24.348571 0.004260 0.000000
vt 24.348571 0.008520 0.000000
vt 24.074286 0.008520 0.000000
vt 24.074286 0.012779 0.000000
vt 23.891429 0.004260 0.000000
vt 23.800000 0.004260 0.000000
vt 23.800000 0.008520 0.000000
vt 23.525714 0.008520 0.000000
vt 23.525714 0.012779 0.000000
vt 23.342857 0.004260 0.000000
vt 23.251429 0.004260 0.000000
vt 23.251429 0.008520 0.000000
vt 22.977143 0.008520 0.000000
vt 22.977143 0.012779 0.000000
vt 22.794286 0.004260 0.000000
vt 22.702857 0.004260 0.000000
vt 22.702857 0.008520 0.000000
vt 22.428571 0.008520 0.000000
vt 22.428571 0.012779 0.000000
vt 22.245714 0.004260 0.000000
vt 22.154286 0.004260 0.000000
vt 22.154286 0.008520 0.000000
vt 21.880000 0.008520 0.000000
vt 21.880000 0.012779 0.000000
vt 21.697143 0.004260 0.000000
vt 21.605714 0.004260 0.000000
vt 21.605714 0.008520 0.000000
vt 21.331429 0.008520 0.000000
vt 21.331429 0.012779 0.000000
vt 21.148571 0.004260 0.000000
vt 21.057143 0.004260 0.000000
vt 21.057143 0.008520 0.000000
vt 20.782857 0.008520 0.000000
vt 20.782857 0.012779 0.000000
vt 20.600000 0.004260 0.000000
vt 20.508571 0.004260 0.000000
vt 20.508571 0.008520 0.000000
vt 20.234286 0.008520 0.000000
vt 20.234286 0.012779 0.000000
vt 20.051429 0.004260 0.000000
vt 19.960000 0.004260 0.000000
vt 19.960000 0.008520 0.000000
vt 19.685714 0.008520 0.000000
vt 19.685714 0.012779 0.000000
vt 19.502857 0.004260 0.000000
vt 19.411429 0.004260 0.000000
vt 19.411429 0.008520 0.000000
vt 19.137143 0.008520 0.000000
vt 18.862857 0.008520 0.000000
vt 18.588571 0.008520 0.000000
vt 18.588571 0.012779 0.000000
vt 18.405714 0.004260 0.000000
vt 18.314286 0.004260 0.000000
vt 18.314286 0.008520 0.000000
vt 18.040000 0.008520 0.000000
vt 18.040000 0.012779 0.000000
vt 17.857143 0.004260 0.000000
vt 17.765714 0.004260 0.000000
vt 17.765714 0.008520 0.000000
vt 17.491429 0.008520 0.000000
vt 17.491429 0.012779 0.000000
vt 17.308571 0.004260 0.000000
vt 17.217143 0.004260 0.000000
vt 17.217143 0.008520 0.000000
vt 16.942857 0.008520 0.000000
vt 16.942857 0.012779 0.000000
vt 16.760000 0.004260 0.000000
vt 16.668571 0.004260 0.000000
vt 16.668571 0.008520 0.000000
vt 16.394286 0.008520 0.000000
vt 16.394286 0.012779 0.000000
vt 16.211429 0.004260 0.000000
vt 16.120000 0.004260 0.000000
vt 16.120000 0.008520 0.000000
vt 15.845714 0.008520 0.000000
vt 15.845714 0.012779 0.000000
vt 15.662857 0.004260 0.000000
vt 15.571429 0.004260 0.000000
vt 15.571429 0.008520 0.000000
vt 15.297143 0.008520 0.000000
vt 15.297143 0.012779 0.000000
vt 15.114286 0.004260 0.000000
vt 15.022857 0.004260 0.000000
vt 15.022857 0.008520 0.000000
vt 14.748571 0.008520 0.000000
vt 14.748571 0.012779 0.000000
vt 14.565714 0.004260 0.000000
vt 14.474286 0.004260 0.000000
vt 14.474286 0.008520 0.000000
vt 14.200000 0.008520 0.000000
vt 14.200000 0.012779 0.000000
vt 14.017143 0.004260 0.000000
vt 13.925714 0.004260 0.000000
vt 13.925714 0.008520 0.000000
vt 13.651429 0.008520 0.000000
vt 13.651429 0.012779 0.000000
vt 13.468571 0.004260 0.000000
vt 13.377143 0.004260 0.000000
vt 13.377143 0.008520 0.000000
vt 13.102857 0.008520 0.000000
vt 13.102857 0.012779 0.000000
vt 12.920000 0.004260 0.000000
vt 12.828571 0.004260 0.000000
vt 12.828571 0.008520 0.000000
vt 12.554286 0.008520 0.000000
vt 12.554286 0.012779 0.000000
vt 12.371429 0.004260 0.000000
vt 12.280000 0.004260 0.000000
vt 12.280000 0.008520 0.000000
vt 12.005714 0.008520 0.000000
vt 12.005714 0.012779 0.000000
vt 11.822857 0.004260 0.000000
vt 11.731429 0.004260 0.000000
vt 11.731429 0.008520 0.000000
vt 11.457143 0.008520 0.000000
vt 11.457143 0.012779 0.000000
vt 11.274286 0.004260 0.000000
vt 11.182857 0.004260 0.000000
vt 11.182857 0.008520 0.000000
vt 26.725714 0.012779 0.000000
vt 26.177143 0.012779 0.000000
vt 25.628571 0.012779 0.000000
vt 25.080000 0.012779 0.000000
vt 24.531429 0.012779 0.000000
vt 23.982857 0.012779 0.000000
vt 23.434286 0.012779 0.000000
vt 22.885714 0.012779 0.000000
vt 22.337143 0.012779 0.000000
vt 21.788571 0.012779 0.000000
vt 21.240000 0.012779 0.000000
vt 20.691429 0.012779 0.000000
vt 20.142857 0.012779 0.000000
vt 19.594286 0.012779 0.000000
vt 18.497143 0.012779 0.000000
vt 17.948571 0.012779 0.000000
vt 17.400000 0.012779 0.000000
vt 16.851429 0.012779 0.000000
vt 16.302857 0.012779 0.000000
vt 15.754286 0.012779 0.000000
vt 15.205714 0.012779 0.000000
vt 14.657143 0.012779 0.000000
vt 14.108571 0.012779 0.000000
vt 13.560000 0.012779 0.000000
vt 13.011429 0.012779 0.000000
vt 12.462857 0.012779 0.000000
vt 11.914286 0.012779 0.000000
vt 11.365714 0.012779 0.000000
vt 0.290925 27.000000 0.000000
vt 0.000000 27.000000 0.000000
vt 0.290925 11.000000 0.000000
vt 0.000000 11.000000 0.000000
vt 27.000000 0.013090 0.000000
vt 26.719298 0.013090 0.000000
vt 27.000000 -0.000000 0.000000
vt 26.438596 0.013090 0.000000
vt 26.157895 0.013090 0.000000
vt 26.157895 0.026180 0.000000
vt 25.877193 0.026180 0.000000
vt 25.877193 0.039270 0.000000
vt 25.596491 0.039270 0.000000
vt 25.596491 0.052360 0.000000
vt 25.315789 0.052360 0.000000
vt 25.315789 0.065450 0.000000
vt 25.035088 0.065450 0.000000
vt 27.000000 0.078540 0.000000
vt 24.754386 0.065450 0.000000
vt 24.473684 0.065450 0.000000
vt 24.754386 0.052360 0.000000
vt 24.473684 0.052360 0.000000
vt 24.754386 0.039270 0.000000
vt 24.473684 0.039270 0.000000
vt 24.754386 0.026180 0.000000
vt 24.473684 0.026180 0.000000
vt 24.754386 0.013090 0.000000
vt 24.473684 0.013090 0.000000
vt 24.192982 0.013090 0.000000
vt 23.912281 0.013090 0.000000
vt 23.912281 0.026180 0.000000
vt 23.631579 0.026180 0.000000
vt 23.631579 0.039270 0.000000
vt 23.350877 0.039270 0.000000
vt 23.350877 0.052360 0.000000
vt 23.070175 0.052360 0.000000
vt 23.070175 0.065450 0.000000
vt 22.789474 0.065450 0.000000
vt 22.508772 0.065450 0.000000
vt 22.228070 0.065450 0.000000
vt 22.508772 0.052360 0.000000
vt 22.228070 0.052360 0.000000
vt 22.508772 0.039270 0.000000
vt 22.228070 0.039270 0.000000
vt 22.508772 0.026180 0.000000
vt 22.228070 0.026180 0.000000
vt 22.508772 0.013090 0.000000
vt 22.228070 0.013090 0.000000
vt 21.947368 0.013090 0.000000
vt 21.666667 0.013090 0.000000
vt 21.666667 0.026180 0.000000
vt 21.385965 0.026180 0.000000
vt 21.385965 0.039270 0.000000
vt 21.105263 0.039270 0.000000
vt 21.105263 0.052360 0.000000
vt 20.824561 0.052360 0.000000
vt 20.824561 0.065450 0.000000
vt 20.543860 0.065450 0.000000
vt 20.263158 0.065450 0.000000
vt 19.982456 0.065450 0.000000
vt 20.263158 0.052360 0.000000
vt 19.982456 0.052360 0.000000
vt 20.263158 0.039270 0.000000
vt 19.982456 0.039270 0.000000
vt 20.263158 0.026180 0.000000
vt 19.982456 0.026180 0.000000
vt 20.263158 0.013090 0.000000
vt 19.982456 0.013090 0.000000
vt 19.701754 0.013090 0.000000
vt 19.421053 0.013090 0.000000
vt 19.421053 0.026180 0.000000
vt 19.140351 0.026180 0.000000
vt 19.140351 0.039270 0.000000
vt 18.859649 0.039270 0.000000
vt 18.859649 0.052360 0.000000
vt 18.578947 0.052360 0.000000
vt 18.578947 0.065450 0.000000
vt 18.298246 0.065450 0.000000
vt 11.000000 0.078540 0.000000
vt 18.017544 0.065450 0.000000
vt 17.736842 0.065450 0.000000
vt 18.017544 0.052360 0.000000
vt 17.736842 0.052360 0.000000
vt 18.017544 0.039270 0.000000
vt 17.736842 0.039270 0.000000
vt 18.017544 0.026180 0.000000
vt 17.736842 0.026180 0.000000
vt 18.017544 0.013090 0.000000
vt 17.736842 0.013090 0.000000
vt 11.000000 0.000000 0.000000
vt 17.456140 0.013090 0.000000
vt 17.175439 0.013090 0.000000
vt 17.175439 0.026180 0.000000
vt 16.894737 0.026180 0.000000
vt 16.894737 0.039270 0.000000
vt 16.614035 0.039270 0.000000
vt 16.614035 0.052360 0.000000
vt 16.333333 0.052360 0.000000
vt 16.333333 0.065450 0.000000
vt 16.052632 0.065450 0.000000
vt 15.771930 0.065450 0.000000
vt 15.491228 0.065450 0.000000
vt 15.771930 0.052360 0.000000
vt 15.491228 0.052360 0.000000
vt 15.771930 0.039270 0.000000
vt 15.491228 0.039270 0.000000
vt 15.771930 0.026180 0.000000
vt 15.491228 0.026180 0.000000
vt 15.771930 0.013090 0.000000
vt 15.491228 0.013090 0.000000
vt 15.210526 0.013090 0.000000
vt 14.929825 0.013090 0.000000
vt 14.929825 0.026180 0.000000
vt 14.649123 0.026180 0.000000
vt 14.649123 0.039270 0.000000
vt 14.368421 0.039270 0.000000
vt 14.368421 0.052360 0.000000
vt 14.087719 0.052360 0.000000
vt 14.087719 0.065450 0.000000
vt 13.807018 0.065450 0.000000
vt 13.526316 0.065450 0.000000
vt 13.245614 0.065450 0.000000
vt 13.526316 0.052360 0.000000
vt 13.245614 0.052360 0.000000
vt 13.526316 0.039270 0.000000
vt 13.245614 0.039270 0.000000
vt 13.526316 0.026180 0.000000
vt 13.245614 0.026180 0.000000
vt 13.526316 0.013090 0.000000
vt 13.245614 0.013090 0.000000
vt 12.964912 0.013090 0.000000
vt 12.684211 0.013090 0.000000
vt 12.684211 0.026180 0.000000
vt 12.403509 0.026180 0.000000
vt 12.403509 0.039270 0.000000
vt 12.122807 0.039270 0.000000
vt 12.122807 0.052360 0.000000
vt 11.842105 0.052360 0.000000
vt 11.842105 0.065450 0.000000
vt 11.561404 0.065450 0.000000
vt 11.280702 0.065450 0.000000
vt 11.000000 0.065450 0.000000
vt 11.280702 0.052360 0.000000
vt 11.000000 0.052360 0.000000
vt 11.280702 0.039270 0.000000
vt 11.000000 0.039270 0.000000
vt 11.280702 0.026180 0.000000
vt 11.000000 0.026180 0.000000
vt 11.280702 0.013090 0.000000
vt 11.000000 0.013090 0.000000
vt 26.719298 0.026180 0.000000
vt 27.000000 0.026180 0.000000
vt 26.719298 0.039270 0.000000
vt 27.000000 0.039270 0.000000
vt 26.719298 0.052360 0.000000
vt 27.000000 0.052360 0.000000
vt 26.719298 0.065450 0.000000
vt 27.000000 0.065450 0.000000
vt 19.140351 0.065450 0.000000
vt 19.421053 0.065450 0.000000
vt 19.701754 0.065450 0.000000
vt 19.701754 0.052360 0.000000
vt 18.859649 0.013090 0.000000
vt 18.578947 0.013090 0.000000
vt 18.298246 0.013090 0.000000
vt 18.298246 0.026180 0.000000
vt 26.438596 0.026180 0.000000
vt 26.438596 0.039270 0.000000
vt 26.438596 0.052360 0.000000
vt 26.438596 0.065450 0.000000
vt 25.877193 0.013090 0.000000
vt 25.596491 0.013090 0.000000
vt 25.315789 0.013090 0.000000
vt 25.315789 0.026180 0.000000
vt 25.035088 0.026180 0.000000
vt 25.035088 0.039270 0.000000
vt 25.596491 0.026180 0.000000
vt 25.035088 0.013090 0.000000
vt 24.192982 0.026180 0.000000
vt 24.192982 0.039270 0.000000
vt 24.192982 0.052360 0.000000
vt 24.192982 0.065450 0.000000
vt 23.631579 0.013090 0.000000
vt 23.350877 0.013090 0.000000
vt 23.070175 0.013090 0.000000
vt 23.070175 0.026180 0.000000
vt 22.789474 0.026180 0.000000
vt 22.789474 0.039270 0.000000
vt 23.350877 0.026180 0.000000
vt 22.789474 0.013090 0.000000
vt 21.947368 0.026180 0.000000
vt 21.947368 0.039270 0.000000
vt 21.947368 0.052360 0.000000
vt 21.947368 0.065450 0.000000
vt 21.385965 0.013090 0.000000
vt 21.105263 0.013090 0.000000
vt 20.824561 0.013090 0.000000
vt 20.824561 0.026180 0.000000
vt 20.543860 0.026180 0.000000
vt 20.543860 0.039270 0.000000
vt 21.105263 0.026180 0.000000
vt 20.543860 0.013090 0.000000
vt 19.701754 0.026180 0.000000
vt 19.701754 0.039270 0.000000
vt 19.140351 0.013090 0.000000
vt 18.859649 0.026180 0.000000
vt 18.578947 0.026180 0.000000
vt 18.578947 0.039270 0.000000
vt 17.456140 0.026180 0.000000
vt 17.456140 0.039270 0.000000
vt 17.456140 0.052360 0.000000
vt 17.456140 0.065450 0.000000
vt 16.894737 0.013090 0.000000
vt 16.614035 0.013090 0.000000
vt 16.333333 0.013090 0.000000
vt 16.333333 0.026180 0.000000
vt 16.052632 0.026180 0.000000
vt 16.052632 0.039270 0.000000
vt 16.614035 0.026180 0.000000
vt 16.052632 0.013090 0.000000
vt 15.210526 0.026180 0.000000
vt 15.210526 0.039270 0.000000
vt 15.210526 0.052360 0.000000
vt 15.210526 0.065450 0.000000
vt 14.649123 0.013090 0.000000
vt 14.368421 0.013090 0.000000
vt 14.087719 0.013090 0.000000
vt 14.087719 0.026180 0.000000
vt 13.807018 0.026180 0.000000
vt 13.807018 0.039270 0.000000
vt 14.368421 0.026180 0.000000
vt 13.807018 0.013090 0.000000
vt 12.964912 0.026180 0.000000
vt 12.964912 0.039270 0.000000
vt 12.964912 0.052360 0.000000
vt 12.964912 0.065450 0.000000
vt 12.403509 0.013090 0.000000
vt 12.122807 0.013090 0.000000
vt 11.842105 0.013090 0.000000
vt 11.842105 0.026180 0.000000
vt 11.561404 0.026180 0.000000
vt 11.561404 0.039270 0.000000
vt 12.122807 0.026180 0.000000
vt 11.561404 0.013090 0.000000
vt 26.157895 0.039270 0.000000
vt 25.877193 0.052360 0.000000
vt 25.596491 0.065450 0.000000
vt 25.315789 0.039270 0.000000
vt 23.912281 0.039270 0.000000
vt 23.631579 0.052360 0.000000
vt 23.350877 0.065450 0.000000
vt 23.070175 0.039270 0.000000
vt 21.666667 0.039270 0.000000
vt 21.385965 0.052360 0.000000
vt 21.105263 0.065450 0.000000
vt 20.824561 0.039270 0.000000
vt 19.421053 0.039270 0.000000
vt 19.140351 0.052360 0.000000
vt 18.859649 0.065450 0.000000
vt 18.298246 0.039270 0.000000
vt 17.175439 0.039270 0.000000
vt 16.894737 0.052360 0.000000
vt 16.614035 0.065450 0.000000
vt 16.333333 0.039270 0.000000
vt 14.929825 0.039270 0.000000
vt 14.649123 0.052360 0.000000
vt 14.368421 0.065450 0.000000
vt 14.087719 0.039270 0.000000
vt 12.684211 0.039270 0.000000
vt 12.403509 0.052360 0.000000
vt 12.122807 0.065450 0.000000
vt 11.842105 0.039270 0.000000
vt 26.157895 0.052360 0.000000
vt 26.157895 0.065450 0.000000
vt 25.035088 0.052360 0.000000
vt 23.912281 0.052360 0.000000
vt 23.912281 0.065450 0.000000
vt 22.789474 0.052360 0.000000
vt 21.666667 0.052360 0.000000
vt 21.666667 0.065450 0.000000
vt 20.543860 0.052360 0.000000
vt 19.421053 0.052360 0.000000
vt 18.298246 0.052360 0.000000
vt 17.175439 0.052360 0.000000
vt 17.175439 0.065450 0.000000
vt 16.052632 0.052360 0.000000
vt 14.929825 0.052360 0.000000
vt 14.929825 0.065450 0.000000
vt 13.807018 0.052360 0.000000
vt 12.684211 0.052360 0.000000
vt 12.684211 0.065450 0.000000
vt 11.561404 0.052360 0.000000
vt 25.877193 0.065450 0.000000
vt 23.631579 0.065450 0.000000
vt 21.385965 0.065450 0.000000
vt 16.894737 0.065450 0.000000
vt 14.649123 0.065450 0.000000
vt 12.403509 0.065450 0.000000
vt 0.323295 27.000000 0.000000
vt -0.000000 27.000000 0.000000
vt 0.323295 11.000000 0.000000
vt -0.000000 11.000000 0.000000
vt 28.840000 13.540000 0.000000
vt 12.840000 13.540000 0.000000
vt 28.840000 13.290000 0.000000
vt 12.840000 13.290000 0.000000
vt 0.100000 27.000000 0.000000
vt 0.000000 27.000000 0.000000
vt 0.100000 11.000000 0.000000
vt 0.000000 11.000000 0.000000
vt -28.590000 13.290000 0.000000
vt -12.590000 13.290000 0.000000
vt -28.590000 14.190000 0.000000
vt -12.590000 14.190000 0.000000
vt 0.100000 27.000000 0.000000
vt -0.000000 27.000000 0.000000
vt 0.100000 11.000000 0.000000
vt -0.000000 11.000000 0.000000
vt 29.490000 14.190000 0.000000
vt 13.490000 14.190000 0.000000
vt 29.490000 13.940000 0.000000
vt 13.490000 13.940000 0.000000
vt 27.000000 0.013090 0.000000
vt 26.719298 0.013090 0.000000
vt 27.000000 0.000000 0.000000
vt 26.438596 0.013090 0.000000
vt 26.157895 0.013090 0.000000
vt 26.157895 0.026180 0.000000
vt 25.877193 0.026180 0.000000
vt 25.877193 0.039270 0.000000
vt 25.596491 0.039270 0.000000
vt 25.596491 0.052360 0.000000
vt 25.315789 0.052360 0.000000
vt 25.315789 0.065450 0.000000
vt 25.035088 0.065450 0.000000
vt 27.000000 0.078540 0.000000
vt 24.754386 0.065450 0.000000
vt 24.473684 0.065450 0.000000
vt 24.754386 0.052360 0.000000
vt 24.473684 0.052360 0.000000
vt 24.754386 0.039270 0.000000
vt 24.473684 0.039270 0.000000
vt 24.754386 0.026180 0.000000
vt 24.473684 0.026180 0.000000
vt 24.754386 0.013090 0.000000
vt 24.473684 0.013090 0.000000
vt 24.192982 0.013090 0.000000
vt 23.912281 0.013090 0.000000
vt 23.912281 0.026180 0.000000
vt 23.631579 0.026180 0.000000
vt 23.631579 0.039270 0.000000
vt 23.350877 0.039270 0.000000
vt 23.350877 0.052360 0.000000
vt 23.070175 0.052360 0.000000
vt 23.070175 0.065450 0.000000
vt 22.789474 0.065450 0.000000
vt 22.508772 0.065450 0.000000
vt 22.228070 0.065450 0.000000
vt 22.508772 0.052360 0.000000
vt 22.228070 0.052360 0.000000
vt 22.508772 0.039270 0.000000
vt 22.228070 0.039270 0.000000
vt 22.508772 0.026180 0.000000
vt 22.228070 0.026180 0.000000
vt 22.508772 0.013090 0.000000
vt 22.228070 0.013090 0.000000
vt 21.947368 0.013090 0.000000
vt 21.666667 0.013090 0.000000
vt 21.666667 0.026180 0.000000
vt 21.385965 0.026180 0.000000
vt 21.385965 0.039270 0.000000
vt 21.105263 0.039270 0.000000
vt 21.105263 0.052360 0.000000
vt 20.824561 0.052360 0.000000
vt 20.824561 0.065450 0.000000
vt 20.543860 0.065450 0.000000
vt 20.263158 0.065450 0.000000
vt 19.982456 0.065450 0.000000
vt 20.263158 0.052360 0.000000
vt 19.982456 0.052360 0.000000
vt 20.263158 0.039270 0.000000
vt 19.982456 0.039270 0.000000
vt 20.263158 0.026180 0.000000
vt 19.982456 0.026180 0.000000
vt 20.263158 0.013090 0.000000
vt 19.982456 0.013090 0.000000
vt 19.701754 0.013090 0.000000
vt 19.421053 0.013090 0.000000
vt 19.421053 0.026180 0.000000
vt 19.140351 0.026180 0.000000
vt 19.140351 0.039270 0.000000
vt 18.859649 0.039270 0.000000
vt 18.859649 0.052360 0.000000
vt 18.578947 0.052360 0.000000
vt 18.578947 0.065450 0.000000
vt 18.298246 0.065450 0.000000
vt 11.000000 0.078540 0.000000
vt 18.017544 0.065450 0.000000
vt 17.736842 0.065450 0.000000
vt 18.017544 0.052360 0.000000
vt 17.736842 0.052360 0.000000
vt 18.017544 0.039270 0.000000
vt 17.736842 0.039270 0.000000
vt 18.017544 0.026180 0.000000
vt 17.736842 0.026180 0.000000
vt 18.017544 0.013090 0.000000
vt 17.736842 0.013090 0.000000
vt 11.000000 0.000000 0.000000
vt 17.456140 0.013090 0.000000
vt 17.175439 0.013090 0.000000
vt 17.175439 0.026180 0.000000
vt 16.894737 0.026180 0.000000
vt 16.894737 0.039270 0.000000
vt 16.614035 0.039270 0.000000
vt 16.614035 0.052360 0.000000
vt 16.333333 0.052360 0.000000
vt 16.333333 0.065450 0.000000
vt 16.052632 0.065450 0.000000
vt 15.771930 0.065450 0.000000
vt 15.491228 0.065450 0.000000
vt 15.771930 0.052360 0.000000
vt 15.491228 0.052360 0.000000
vt 15.771930 0.039270 0.000000
vt 15.491228 0.039270 0.000000
vt 15.771930 0.026180 0.000000
vt 15.491228 0.026180 0.000000
vt 15.771930 0.013090 0.000000
vt 15.491228 0.013090 0.000000
vt 15.210526 0.013090 0.000000
vt 14.929825 0.013090 0.000000
vt 14.929825 0.026180 0.000000
vt 14.649123 0.026180 0.000000
vt 14.649123 0.039270 0.000000
vt 14.368421 0.039270 0.000000
vt 14.368421 0.052360 0.000000
vt 14.087719 0.052360 0.000000
vt 14.087719 0.065450 0.000000
vt 13.807018 0.065450 0.000000
vt 13.526316 0.065450 0.000000
vt 13.245614 0.065450 0.000000
vt 13.526316 0.052360 0.000000
vt 13.245614 0.052360 0.000000
vt 13.526316 0.039270 0.000000
vt 13.245614 0.039270 0.000000
vt 13.526316 0.026180 0.000000
vt 13.245614 0.026180 0.000000
vt 13.526316 0.013090 0.000000
vt 13.245614 0.013090 0.000000
vt 12.964912 0.013090 0.000000
vt 12.684211 0.013090 0.000000
vt 12.684211 0.026180 0.000000
vt 12.403509 0.026180 0.000000
vt 12.403509 0.039270 0.000000
vt 12.122807 0.039270 0.000000
vt 12.122807 0.052360 0.000000
vt 11.842105 0.052360 0.000000
vt 11.842105 0.065450 0.000000
vt 11.561404 0.065450 0.000000
vt 11.280702 0.065450 0.000000
vt 11.000000 0.065450 0.000000
vt 11.280702 0.052360 0.000000
vt 11.000000 0.052360 0.000000
vt 11.280702 0.039270 0.000000
vt 11.000000 0.039270 0.000000
vt 11.280702 0.026180 0.000000
vt 11.000000 0.026180 0.000000
vt 11.280702 0.013090 0.000000
vt 11.000000 0.013090 0.000000
vt 26.719298 0.026180 0.000000
vt 27.000000 0.026180 0.000000
vt 26.719298 0.039270 0.000000
vt 27.000000 0.039270 0.000000
vt 26.719298 0.052360 0.000000
vt 27.000000 0.052360 0.000000
vt 26.719298 0.065450 0.000000
vt 27.000000 0.065450 0.000000
vt 19.140351 0.065450 0.000000
vt 19.421053 0.065450 0.000000
vt 19.701754 0.065450 0.000000
vt 19.701754 0.052360 0.000000
vt 18.859649 0.013090 0.000000
vt 18.578947 0.013090 0.000000
vt 18.298246 0.013090 0.000000
vt 18.298246 0.026180 0.000000
vt 26.438596 0.026180 0.000000
vt 26.438596 0.039270 0.000000
vt 26.438596 0.052360 0.000000
vt 26.438596 0.065450 0.000000
vt 25.877193 0.013090 0.000000
vt 25.596491 0.013090 0.000000
vt 25.315789 0.013090 0.000000
vt 25.315789 0.026180 0.000000
vt 25.035088 0.026180 0.000000
vt 25.035088 0.039270 0.000000
vt 25.596491 0.026180 0.000000
vt 25.035088 0.013090 0.000000
vt 24.192982 0.026180 0.000000
vt 24.192982 0.039270 0.000000
vt 24.192982 0.052360 0.000000
vt 24.192982 0.065450 0.000000
vt 23.631579 0.013090 0.000000
vt 23.350877 0.013090 0.000000
vt 23.070175 0.013090 0.000000
vt 23.070175 0.026180 0.000000
vt 22.789474 0.026180 0.000000
vt 22.789474 0.039270 0.000000
vt 23.350877 0.026180 0.000000
vt 22.789474 0.013090 0.000000
vt 21.947368 0.026180 0.000000
vt 21.947368 0.039270 0.000000
vt 21.947368 0.052360 0.000000
vt 21.947368 0.065450 0.000000
vt 21.385965 0.013090 0.000000
vt 21.105263 0.013090 0.000000
vt 20.824561 0.013090 0.000000
vt 20.824561 0.026180 0.000000
vt 20.543860 0.026180 0.000000
vt 20.543860 0.039270 0.000000
vt 21.105263 0.026180 0.000000
vt 20.543860 0.013090 0.000000
vt 19.701754 0.026180 0.000000
vt 19.701754 0.039270 0.000000
vt 19.140351 0.013090 0.000000
vt 18.859649 0.026180 0.000000
vt 18.578947 0.026180 0.000000
vt 18.578947 0.039270 0.000000
vt 17.456140 0.026180 0.000000
vt 17.456140 0.039270 0.000000
vt 17.456140 0.052360 0.000000
vt 17.456140 0.065450 0.000000
vt 16.894737 0.013090 0.000000
vt 16.614035 0.013090 0.000000
vt 16.333333 0.013090 0.000000
vt 16.333333 0.026180 0.000000
vt 16.052632 0.026180 0.000000
vt 16.052632 0.039270 0.000000
vt 16.614035 0.026180 0.000000
vt 16.052632 0.013090 0.000000
vt 15.210526 0.026180 0.000000
vt 15.210526 0.039270 0.000000
vt 15.210526 0.052360 0.000000
vt 15.210526 0.065450 0.000000
vt 14.649123 0.013090 0.000000
vt 14.368421 0.013090 0.000000
vt 14.087719 0.013090 0.000000
vt 14.087719 0.026180 0.000000
vt 13.807018 0.026180 0.000000
vt 13.807018 0.039270 0.000000
vt 14.368421 0.026180 0.000000
vt 13.807018 0.013090 0.000000
vt 12.964912 0.026180 0.000000
vt 12.964912 0.039270 0.000000
vt 12.964912 0.052360 0.000000
vt 12.964912 0.065450 0.000000
vt 12.403509 0.013090 0.000000
vt 12.122807 0.013090 0.000000
vt 11.842105 0.013090 0.000000
vt 11.842105 0.026180 0.000000
vt 11.561404 0.026180 0.000000
vt 11.561404 0.039270 0.000000
vt 12.122807 0.026180 0.000000
vt 11.561404 0.013090 0.000000
vt 26.157895 0.039270 0.000000
vt 25.877193 0.052360 0.000000
vt 25.596491 0.065450 0.000000
vt 25.315789 0.039270 0.000000
vt 23.912281 0.039270 0.000000
vt 23.631579 0.052360 0.000000
vt 23.350877 0.065450 0.000000
vt 23.070175 0.039270 0.000000
vt 21.666667 0.039270 0.000000
vt 21.385965 0.052360 0.000000
vt 21.105263 0.065450 0.000000
vt 20.824561 0.039270 0.000000
vt 19.421053 0.039270 0.000000
vt 19.140351 0.052360 0.000000
vt 18.859649 0.065450 0.000000
vt 18.298246 0.039270 0.000000
vt 17.175439 0.039270 0.000000
vt 16.894737 0.052360 0.000000
vt 16.614035 0.065450 0.000000
vt 16.333333 0.039270 0.000000
vt 14.929825 0.039270 0.000000
vt 14.649123 0.052360 0.000000
vt 14.368421 0.065450 0.000000
vt 14.087719 0.039270 0.000000
vt 12.684211 0.039270 0.000000
vt 12.403509 0.052360 0.000000
vt 12.122807 0.065450 0.000000
vt 11.842105 0.039270 0.000000
vt 26.157895 0.052360 0.000000
vt 26.157895 0.065450 0.000000
vt 25.035088 0.052360 0.000000
vt 23.912281 0.052360 0.000000
vt 23.912281 0.065450 0.000000
vt 22.789474 0.052360 0.000000
vt 21.666667 0.052360 0.000000
vt 21.666667 0.065450 0.000000
vt 20.543860 0.052360 0.000000
vt 19.421053 0.052360 0.000000
vt 18.298246 0.052360 0.000000
vt 17.175439 0.052360 0.000000
vt 17.175439 0.065450 0.000000
vt 16.052632 0.052360 0.000000
vt 14.929825 0.052360 0.000000
vt 14.929825 0.065450 0.000000
vt 13.807018 0.052360 0.000000
vt 12.684211 0.052360 0.000000
vt 12.684211 0.065450 0.000000
vt 11.561404 0.052360 0.000000
vt 25.877193 0.065450 0.000000
vt 23.631579 0.065450 0.000000
vt 21.385965 0.065450 0.000000
vt 16.894737 0.065450 0.000000
vt 14.649123 0.065450 0.000000
vt 12.403509 0.065450 0.000000
vt 0.290925 27.000000 0.000000
vt 0.000000 27.000000 0.000000
vt 0.290925 11.000000 0.000000
vt 0.000000 11.000000 0.000000
vt 27.000000 0.004260 0.000000
vt 26.908571 0.004260 0.000000
vt 27.000000 0.000000 0.000000
vt 26.817143 0.004260 0.000000
vt 26.725714 0.004260 0.000000
vt 26.725714 0.008520 0.000000
vt 26.634286 0.008520 0.000000
vt 26.634286 0.012779 0.000000
vt 26.542857 0.012779 0.000000
vt 27.000000 0.017039 0.000000
vt 26.451429 0.012779 0.000000
vt 26.360000 0.012779 0.000000
vt 26.451429 0.008520 0.000000
vt 26.360000 0.008520 0.000000
vt 26.451429 0.004260 0.000000
vt 26.360000 0.004260 0.000000
vt 26.268571 0.004260 0.000000
vt 26.177143 0.004260 0.000000
vt 26.177143 0.008520 0.000000
vt 26.085714 0.008520 0.000000
vt 26.085714 0.012779 0.000000
vt 25.994286 0.012779 0.000000
vt 25.902857 0.012779 0.000000
vt 25.811429 0.012779 0.000000
vt 25.902857 0.008520 0.000000
vt 25.811429 0.008520 0.000000
vt 25.902857 0.004260 0.000000
vt 25.811429 0.004260 0.000000
vt 25.720000 0.004260 0.000000
vt 25.628571 0.004260 0.000000
vt 25.628571 0.008520 0.000000
vt 25.537143 0.008520 0.000000
vt 25.537143 0.012779 0.000000
vt 25.445714 0.012779 0.000000
vt 25.354286 0.012779 0.000000
vt 25.262857 0.012779 0.000000
vt 25.354286 0.008520 0.000000
vt 25.262857 0.008520 0.000000
vt 25.354286 0.004260 0.000000
vt 25.262857 0.004260 0.000000
vt 25.171429 0.004260 0.000000
vt 25.080000 0.004260 0.000000
vt 25.080000 0.008520 0.000000
vt 24.988571 0.008520 0.000000
vt 24.988571 0.012779 0.000000
vt 24.897143 0.012779 0.000000
vt 24.805714 0.012779 0.000000
vt 24.714286 0.012779 0.000000
vt 24.805714 0.008520 0.000000
vt 24.714286 0.008520 0.000000
vt 24.805714 0.004260 0.000000
vt 24.714286 0.004260 0.000000
vt 24.622857 0.004260 0.000000
vt 24.531429 0.004260 0.000000
vt 24.531429 0.008520 0.000000
vt 24.440000 0.008520 0.000000
vt 24.440000 0.012779 0.000000
vt 24.348571 0.012779 0.000000
vt 24.257143 0.012779 0.000000
vt 24.165714 0.012779 0.000000
vt 24.257143 0.008520 0.000000
vt 24.165714 0.008520 0.000000
vt 24.257143 0.004260 0.000000
vt 24.165714 0.004260 0.000000
vt 24.074286 0.004260 0.000000
vt 23.982857 0.004260 0.000000
vt 23.982857 0.008520 0.000000
vt 23.891429 0.008520 0.000000
vt 23.891429 0.012779 0.000000
vt 23.800000 0.012779 0.000000
vt 23.708571 0.012779 0.000000
vt 23.617143 0.012779 0.000000
vt 23.708571 0.008520 0.000000
vt 23.617143 0.008520 0.000000
vt 23.708571 0.004260 0.000000
vt 23.617143 0.004260 0.000000
vt 23.525714 0.004260 0.000000
vt 23.434286 0.004260 0.000000
vt 23.434286 0.008520 0.000000
vt 23.342857 0.008520 0.000000
vt 23.342857 0.012779 0.000000
vt 23.251429 0.012779 0.000000
vt 23.160000 0.012779 0.000000
vt 23.068571 0.012779 0.000000
vt 23.160000 0.008520 0.000000
vt 23.068571 0.008520 0.000000
vt 23.160000 0.004260 0.000000
vt 23.068571 0.004260 0.000000
vt 22.977143 0.004260 0.000000
vt 22.885714 0.004260 0.000000
vt 22.885714 0.008520 0.000000
vt 22.794286 0.008520 0.000000
vt 22.794286 0.012779 0.000000
vt 22.702857 0.012779 0.000000
vt 22.611429 0.012779 0.000000
vt 22.520000 0.012779 0.000000
vt 22.611429 0.008520 0.000000
vt 22.520000 0.008520 0.000000
vt 22.611429 0.004260 0.000000
vt 22.520000 0.004260 0.000000
vt 22.428571 0.004260 0.000000
vt 22.337143 0.004260 0.000000
vt 22.337143 0.008520 0.000000
vt 22.245714 0.008520 0.000000
vt 22.245714 0.012779 0.000000
vt 22.154286 0.012779 0.000000
vt 22.062857 0.012779 0.000000
vt 21.971429 0.012779 0.000000
vt 22.062857 0.008520 0.000000
vt 21.971429 0.008520 0.000000
vt 22.062857 0.004260 0.000000
vt 21.971429 0.004260 0.000000
vt 21.880000 0.004260 0.000000
vt 21.788571 0.004260 0.000000
vt 21.788571 0.008520 0.000000
vt 21.697143 0.008520 0.000000
vt 21.697143 0.012779 0.000000
vt 21.605714 0.012779 0.000000
vt 21.514286 0.012779 0.000000
vt 21.422857 0.012779 0.000000
vt 21.514286 0.008520 0.000000
vt 21.422857 0.008520 0.000000
vt 21.514286 0.004260 0.000000
vt 21.422857 0.004260 0.000000
vt 21.331429 0.004260 0.000000
vt 21.240000 0.004260 0.000000
vt 21.240000 0.008520 0.000000
vt 21.148571 0.008520 0.000000
vt 21.148571 0.012779 0.000000
vt 21.057143 0.012779 0.000000
vt 20.965714 0.012779 0.000000
vt 20.874286 0.012779 0.000000
vt 20.965714 0.008520 0.000000
vt 20.874286 0.008520 0.000000
vt 20.965714 0.004260 0.000000
vt 20.874286 0.004260 0.000000
vt 20.782857 0.004260 0.000000
vt 20.691429 0.004260 0.000000
vt 20.691429 0.008520 0.000000
vt 20.600000 0.008520 0.000000
vt 20.600000 0.012779 0.000000
vt 20.508571 0.012779 0.000000
vt 20.417143 0.012779 0.000000
vt 20.325714 0.012779 0.000000
vt 20.417143 0.008520 0.000000
vt 20.325714 0.008520 0.000000
vt 20.417143 0.004260 0.000000
vt 20.325714 0.004260 0.000000
vt 20.234286 0.004260 0.000000
vt 20.142857 0.004260 0.000000
vt 20.142857 0.008520 0.000000
vt 20.051429 0.008520 0.000000
vt 20.051429 0.012779 0.000000
vt 19.960000 0.012779 0.000000
vt 19.868571 0.012779 0.000000
vt 19.777143 0.012779 0.000000
vt 19.868571 0.008520 0.000000
vt 19.777143 0.008520 0.000000
vt 19.868571 0.004260 0.000000
vt 19.777143 0.004260 0.000000
vt 19.685714 0.004260 0.000000
vt 19.594286 0.004260 0.000000
vt 19.594286 0.008520 0.000000
vt 19.502857 0.008520 0.000000
vt 19.502857 0.012779 0.000000
vt 19.411429 0.012779 0.000000
vt 19.320000 0.012779 0.000000
vt 19.228571 0.012779 0.000000
vt 19.320000 0.008520 0.000000
vt 19.228571 0.008520 0.000000
vt 19.320000 0.004260 0.000000
vt 19.228571 0.004260 0.000000
vt 19.137143 0.004260 0.000000
vt 19.045714 0.004260 0.000000
vt 19.045714 0.008520 0.000000
vt 18.954286 0.008520 0.000000
vt 18.954286 0.012779 0.000000
vt 18.862857 0.012779 0.000000
vt 11.000000 0.017039 0.000000
vt 18.771429 0.012779 0.000000
vt 18.680000 0.012779 0.000000
vt 18.771429 0.008520 0.000000
vt 18.680000 0.008520 0.000000
vt 18.771429 0.004260 0.000000
vt 18.680000 0.004260 0.000000
vt 11.000000 -0.000000 0.000000
vt 18.588571 0.004260 0.000000
vt 18.497143 0.004260 0.000000
vt 18.497143 0.008520 0.000000
vt 18.405714 0.008520 0.000000
vt 18.405714 0.012779 0.000000
vt 18.314286 0.012779 0.000000
vt 18.222857 0.012779 0.000000
vt 18.131429 0.012779 0.000000
vt 18.222857 0.008520 0.000000
vt 18.131429 0.008520 0.000000
vt 18.222857 0.004260 0.000000
vt 18.131429 0.004260 0.000000
vt 18.040000 0.004260 0.000000
vt 17.948571 0.004260 0.000000
vt 17.948571 0.008520 0.000000
vt 17.857143 0.008520 0.000000
vt 17.857143 0.012779 0.000000
vt 17.765714 0.012779 0.000000
vt 17.674286 0.012779 0.000000
vt 17.582857 0.012779 0.000000
vt 17.674286 0.008520 0.000000
vt 17.582857 0.008520 0.000000
vt 17.674286 0.004260 0.000000
vt 17.582857 0.004260 0.000000
vt 17.491429 0.004260 0.000000
vt 17.400000 0.004260 0.000000
vt 17.400000 0.008520 0.000000
vt 17.308571 0.008520 0.000000
vt 17.308571 0.012779 0.000000
vt 17.217143 0.012779 0.000000
vt 17.125714 0.012779 0.000000
vt 17.034286 0.012779 0.000000
vt 17.125714 0.008520 0.000000
vt 17.034286 0.008520 0.000000
vt 17.125714 0.004260 0.000000
vt 17.034286 0.004260 0.000000
vt 16.942857 0.004260 0.000000
vt 16.851429 0.004260 0.000000
vt 16.851429 0.008520 0.000000
vt 16.760000 0.008520 0.000000
vt 16.760000 0.012779 0.000000
vt 16.668571 0.012779 0.000000
vt 16.577143 0.012779 0.000000
vt 16.485714 0.012779 0.000000
vt 16.577143 0.008520 0.000000
vt 16.485714 0.008520 0.000000
vt 16.577143 0.004260 0.000000
vt 16.485714 0.004260 0.000000
vt 16.394286 0.004260 0.000000
vt 16.302857 0.004260 0.000000
vt 16.302857 0.008520 0.000000
vt 16.211429 0.008520 0.000000
vt 16.211429 0.012779 0.000000
vt 16.120000 0.012779 0.000000
vt 16.028571 0.012779 0.000000
vt 15.937143 0.012779 0.000000
vt 16.028571 0.008520 0.000000
vt 15.937143 0.008520 0.000000
vt 16.028571 0.004260 0.000000
vt 15.937143 0.004260 0.000000
vt 15.845714 0.004260 0.000000
vt 15.754286 0.004260 0.000000
vt 15.754286 0.008520 0.000000
vt 15.662857 0.008520 0.000000
vt 15.662857 0.012779 0.000000
vt 15.571429 0.012779 0.000000
vt 15.480000 0.012779 0.000000
vt 15.388571 0.012779 0.000000
vt 15.480000 0.008520 0.000000
vt 15.388571 0.008520 0.000000
vt 15.480000 0.004260 0.000000
vt 15.388571 0.004260 0.000000
vt 15.297143 0.004260 0.000000
vt 15.205714 0.004260 0.000000
vt 15.205714 0.008520 0.000000
vt 15.114286 0.008520 0.000000
vt 15.114286 0.012779 0.000000
vt 15.022857 0.012779 0.000000
vt 14.931429 0.012779 0.000000
vt 14.840000 0.012779 0.000000
vt 14.931429 0.008520 0.000000
vt 14.840000 0.008520 0.000000
vt 14.931429 0.004260 0.000000
vt 14.840000 0.004260 0.000000
vt 14.748571 0.004260 0.000000
vt 14.657143 0.004260 0.000000
vt 14.657143 0.008520 0.000000
vt 14.565714 0.008520 0.000000
vt 14.565714 0.012779 0.000000
vt 14.474286 0.012779 0.000000
vt 14.382857 0.012779 0.000000
vt 14.291429 0.012779 0.000000
vt 14.382857 0.008520 0.000000
vt 14.291429 0.008520 0.000000
vt 14.382857 0.004260 0.000000
vt 14.291429 0.004260 0.000000
vt 14.200000 0.004260 0.000000
vt 14.108571 0.004260 0.000000
vt 14.108571 0.008520 0.000000
vt 14.017143 0.008520 0.000000
vt 14.017143 0.012779 0.000000
vt 13.925714 0.012779 0.000000
vt 13.834286 0.012779 0.000000
vt 13.742857 0.012779 0.000000
vt 13.834286 0.008520 0.000000
vt 13.742857 0.008520 0.000000
vt 13.834286 0.004260 0.000000
vt 13.742857 0.004260 0.000000
vt 13.651429 0.004260 0.000000
vt 13.560000 0.004260 0.000000
vt 13.560000 0.008520 0.000000
vt 13.468571 0.008520 0.000000
vt 13.468571 0.012779 0.000000
vt 13.377143 0.012779 0.000000
vt 13.285714 0.012779 0.000000
vt 13.194286 0.012779 0.000000
vt 13.285714 0.008520 0.000000
vt 13.194286 0.008520 0.000000
vt 13.285714 0.004260 0.000000
vt 13.194286 0.004260 0.000000
vt 13.102857 0.004260 0.000000
vt 13.011429 0.004260 0.000000
vt 13.011429 0.008520 0.000000
vt 12.920000 0.008520 0.000000
vt 12.920000 0.012779 0.000000
vt 12.828571 0.012779 0.000000
vt 12.737143 0.012779 0.000000
vt 12.645714 0.012779 0.000000
vt 12.737143 0.008520 0.000000
vt 12.645714 0.008520 0.000000
vt 12.737143 0.004260 0.000000
vt 12.645714 0.004260 0.000000
vt 12.554286 0.004260 0.000000
vt 12.462857 0.004260 0.000000
vt 12.462857 0.008520 0.000000
vt 12.371429 0.008520 0.000000
vt 12.371429 0.012779 0.000000
vt 12.280000 0.012779 0.000000
vt 12.188571 0.012779 0.000000
vt 12.097143 0.012779 0.000000
vt 12.188571 0.008520 0.000000
vt 12.097143 0.008520 0.000000
vt 12.188571 0.004260 0.000000
vt 12.097143 0.004260 0.000000
vt 12.005714 0.004260 0.000000
vt 11.914286 0.004260 0.000000
vt 11.914286 0.008520 0.000000
vt 11.822857 0.008520 0.000000
vt 11.822857 0.012779 0.000000
vt 11.731429 0.012779 0.000000
vt 11.640000 0.012779 0.000000
vt 11.548571 0.012779 0.000000
vt 11.640000 0.008520 0.000000
vt 11.548571 0.008520 0.000000
vt 11.640000 0.004260 0.000000
vt 11.548571 0.004260 0.000000
vt 11.457143 0.004260 0.000000
vt 11.365714 0.004260 0.000000
vt 11.365714 0.008520 0.000000
vt 11.274286 0.008520 0.000000
vt 11.274286 0.012779 0.000000
vt 11.182857 0.012779 0.000000
vt 11.091429 0.012779 0.000000
vt 11.000000 0.012779 0.000000
vt 11.091429 0.008520 0.000000
vt 11.000000 0.008520 0.000000
vt 11.091429 0.004260 0.000000
vt 11.000000 0.004260 0.000000
vt 26.908571 0.008520 0.000000
vt 27.000000 0.008520 0.000000
vt 26.908571 0.012779 0.000000
vt 27.000000 0.012779 0.000000
vt 19.045714 0.012779 0.000000
vt 19.137143 0.012779 0.000000
vt 18.954286 0.004260 0.000000
vt 18.862857 0.004260 0.000000
vt 26.817143 0.008520 0.000000
vt 26.817143 0.012779 0.000000
vt 26.634286 0.004260 0.000000
vt 26.542857 0.004260 0.000000
vt 26.542857 0.008520 0.000000
vt 26.268571 0.008520 0.000000
vt 26.268571 0.012779 0.000000
vt 26.085714 0.004260 0.000000
vt 25.994286 0.004260 0.000000
vt 25.994286 0.008520 0.000000
vt 25.720000 0.008520 0.000000
vt 25.720000 0.012779 0.000000
vt 25.537143 0.004260 0.000000
vt 25.445714 0.004260 0.000000
vt 25.445714 0.008520 0.000000
vt 25.171429 0.008520 0.000000
vt 25.171429 0.012779 0.000000
vt 24.988571 0.004260 0.000000
vt 24.897143 0.004260 0.000000
vt 24.897143 0.008520 0.000000
vt 24.622857 0.008520 0.000000
vt 24.622857 0.012779 0.000000
vt 24.440000 0.004260 0.000000
vt 24.348571 0.004260 0.000000
vt 24.348571 0.008520 0.000000
vt 24.074286 0.008520 0.000000
vt 24.074286 0.012779 0.000000
vt 23.891429 0.004260 0.000000
vt 23.800000 0.004260 0.000000
vt 23.800000 0.008520 0.000000
vt 23.525714 0.008520 0.000000
vt 23.525714 0.012779 0.000000
vt 23.342857 0.004260 0.000000
vt 23.251429 0.004260 0.000000
vt 23.251429 0.008520 0.000000
vt 22.977143 0.008520 0.000000
vt 22.977143 0.012779 0.000000
vt 22.794286 0.004260 0.000000
vt 22.702857 0.004260 0.000000
vt 22.702857 0.008520 0.000000
vt 22.428571 0.008520 0.000000
vt 22.428571 0.012779 0.000000
vt 22.245714 0.004260 0.000000
vt 22.154286 0.004260 0.000000
vt 22.154286 0.008520 0.000000
vt 21.880000 0.008520 0.000000
vt 21.880000 0.012779 0.000000
vt 21.697143 0.004260 0.000000
vt 21.605714 0.004260 0.000000
vt 21.605714 0.008520 0.000000
vt 21.331429 0.008520 0.000000
vt 21.331429 0.012779 0.000000
vt 21.148571 0.004260 0.000000
vt 21.057143 0.004260 0.000000
vt 21.057143 0.008520 0.000000
vt 20.782857 0.008520 0.000000
vt 20.782857 0.012779 0.000000
vt 20.600000 0.004260 0.000000
vt 20.508571 0.004260 0.000000
vt 20.508571 0.008520 0.000000
vt 20.234286 0.008520 0.000000
vt 20.234286 0.012779 0.000000
vt 20.051429 0.004260 0.000000
vt 19.960000 0.004260 0.000000
vt 19.960000 0.008520 0.000000
vt 19.685714 0.008520 0.000000
vt 19.685714 0.012779 0.000000
vt 19.502857 0.004260 0.000000
vt 19.411429 0.004260 0.000000
vt 19.411429 0.008520 0.000000
vt 19.137143 0.008520 0.000000
vt 18.862857 0.008520 0.000000
vt 18.588571 0.008520 0.000000
vt 18.588571 0.012779 0.000000
vt 18.405714 0.004260 0.000000
vt 18.314286 0.004260 0.000000
vt 18.314286 0.008520 0.000000
vt 18.040000 0.008520 0.000000
vt 18.040000 0.012779 0.000000
vt 17.857143 0.004260 0.000000
vt 17.765714 0.004260 0.000000
vt 17.765714 0.008520 0.000000
vt 17.491429 0.008520 0.000000
vt 17.491429 0.012779 0.000000
vt 17.308571 0.004260 0.000000
vt 17.217143 0.004260 0.000000
vt 17.217143 0.008520 0.000000
vt 16.942857 0.008520 0.000000
vt 16.942857 0.012779 0.000000
vt 16.760000 0.004260 0.000000
vt 16.668571 0.004260 0.000000
vt 16.668571 0.008520 0.000000
vt 16.394286 0.008520 0.000000
vt 16.394286 0.012779 0.000000
vt 16.211429 0.004260 0.000000
vt 16.120000 0.004260 0.000000
vt 16.120000 0.008520 0.000000
vt 15.845714 0.008520 0.000000
vt 15.845714 0.012779 0.000000
vt 15.662857 0.004260 0.000000
vt 15.571429 0.004260 0.000000
vt 15.571429 0.008520 0.000000
vt 15.297143 0.008520 0.000000
vt 15.297143 0.012779 0.000000
vt 15.114286 0.004260 0.000000
vt 15.022857 0.004260 0.000000
vt 15.022857 0.008520 0.000000
vt 14.748571 0.008520 0.000000
vt 14.748571 0.012779 0.000000
vt 14.565714 0.004260 0.000000
vt 14.474286 0.004260 0.000000
vt 14.474286 0.008520 0.000000
vt 14.200000 0.008520 0.000000
vt 14.200000 0.012779 0.000000
vt 14.017143 0.004260 0.000000
vt 13.925714 0.004260 0.000000
vt 13.925714 0.008520 0.000000
vt 13.651429 0.008520 0.000000
vt 13.651429 0.012779 0.000000
vt 13.468571 0.004260 0.000000
vt 13.377143 0.004260 0.000000
vt 13.377143 0.008520 0.000000
vt 13.102857 0.008520 0.000000
vt 13.102857 0.012779 0.000000
vt 12.920000 0.004260 0.000000
vt 12.828571 0.004260 0.000000
vt 12.828571 0.008520 0.000000
vt 12.554286 0.008520 0.000000
vt 12.554286 0.012779 0.000000
vt 12.371429 0.004260 0.000000
vt 12.280000 0.004260 0.000000
vt 12.280000 0.008520 0.000000
vt 12.005714 0.008520 0.000000
vt 12.005714 0.012779 0.000000
vt 11.822857 0.004260 0.000000
vt 11.731429 0.004260 0.000000
vt 11.731429 0.008520 0.000000
vt 11.457143 0.008520 0.000000
vt 11.457143 0.012779 0.000000
vt 11.274286 0.004260 0.000000
vt 11.182857 0.004260 0.000000
vt 11.182857 0.008520 0.000000
vt 26.725714 0.012779 0.000000
vt 26.177143 0.012779 0.000000
vt 25.628571 0.012779 0.000000
vt 25.080000 0.012779 0.000000
vt 24.531429 0.012779 0.000000
vt 23.982857 0.012779 0.000000
vt 23.434286 0.012779 0.000000
vt 22.885714 0.012779 0.000000
vt 22.337143 0.012779 0.000000
vt 21.788571 0.012779 0.000000
vt 21.240000 0.012779 0.000000
vt 20.691429 0.012779 0.000000
vt 20.142857 0.012779 0.000000
vt 19.594286 0.012779 0.000000
vt 18.497143 0.012779 0.000000
vt 17.948571 0.012779 0.000000
vt 17.400000 0.012779 0.000000
vt 16.851429 0.012779 0.000000
vt 16.302857 0.012779 0.000000
vt 15.754286 0.012779 0.000000
vt 15.205714 0.012779 0.000000
vt 14.657143 0.012779 0.000000
vt 14.108571 0.012779 0.000000
vt 13.560000 0.012779 0.000000
vt 13.011429 0.012779 0.000000
vt 12.462857 0.012779 0.000000
vt 11.914286 0.012779 0.000000
vt 11.365714 0.012779 0.000000
vt 0.079248 27.000000 0.000000
vt 0.000000 27.000000 0.000000
vt 0.079248 11.000000 0.000000
vt 0.000000 11.000000 0.000000
vt -27.000000 0.060655 0.000000
vt -26.741935 0.060655 0.000000
vt -27.000000 0.072786 0.000000
vt -26.483871 0.060655 0.000000
vt -26.225806 0.060655 0.000000
vt -26.225806 0.048524 0.000000
vt -25.967742 0.048524 0.000000
vt -25.967742 0.036393 0.000000
vt -25.709677 0.036393 0.000000
vt -25.709677 0.024262 0.000000
vt -25.451613 0.024262 0.000000
vt -25.451613 0.012131 0.000000
vt -25.193548 0.012131 0.000000
vt -27.000000 -0.000000 0.000000
vt -24.935484 0.012131 0.000000
vt -24.677419 0.012131 0.000000
vt -24.935484 0.024262 0.000000
vt -24.677419 0.024262 0.000000
vt -24.935484 0.036393 0.000000
vt -24.677419 0.036393 0.000000
vt -24.935484 0.048524 0.000000
vt -24.677419 0.048524 0.000000
vt -24.935484 0.060655 0.000000
vt -24.677419 0.060655 0.000000
vt -24.419355 0.060655 0.000000
vt -24.161290 0.060655 0.000000
vt -24.161290 0.048524 0.000000
vt -23.903226 0.048524 0.000000
vt -23.903226 0.036393 0.000000
vt -23.645161 0.036393 0.000000
vt -23.645161 0.024262 0.000000
vt -23.387097 0.024262 0.000000
vt -23.387097 0.012131 0.000000
vt -23.129032 0.012131 0.000000
vt -22.870968 0.012131 0.000000
vt -22.612903 0.012131 0.000000
vt -22.870968 0.024262 0.000000
vt -22.612903 0.024262 0.000000
vt -22.870968 0.036393 0.000000
vt -22.612903 0.036393 0.000000
vt -22.870968 0.048524 0.000000
vt -22.612903 0.048524 0.000000
vt -22.870968 0.060655 0.000000
vt -22.612903 0.060655 0.000000
vt -22.354839 0.060655 0.000000
vt -22.096774 0.060655 0.000000
vt -22.096774 0.048524 0.000000
vt -21.838710 0.048524 0.000000
vt -21.838710 0.036393 0.000000
vt -21.580645 0.036393 0.000000
vt -21.580645 0.024262 0.000000
vt -21.322581 0.024262 0.000000
vt -21.322581 0.012131 0.000000
vt -21.064516 0.012131 0.000000
vt -20.806452 0.012131 0.000000
vt -20.548387 0.012131 0.000000
vt -20.806452 0.024262 0.000000
vt -20.548387 0.024262 0.000000
vt -20.806452 0.036393 0.000000
vt -20.548387 0.036393 0.000000
vt -20.806452 0.048524 0.000000
vt -20.548387 0.048524 0.000000
vt -20.806452 0.060655 0.000000
vt -20.548387 0.060655 0.000000
vt -20.290323 0.060655 0.000000
vt -20.032258 0.060655 0.000000
vt -20.032258 0.048524 0.000000
vt -19.774194 0.048524 0.000000
vt -19.774194 0.036393 0.000000
vt -19.516129 0.036393 0.000000
vt -19.516129 0.024262 0.000000
vt -19.258065 0.024262 0.000000
vt -19.258065 0.012131 0.000000
vt -19.000000 0.012131 0.000000
vt -11.000000 0.000000 0.000000
vt -26.741935 0.048524 0.000000
vt -27.000000 0.048524 0.000000
vt -26.741935 0.036393 0.000000
vt -27.000000 0.036393 0.000000
vt -26.741935 0.024262 0.000000
vt -27.000000 0.024262 0.000000
vt -26.741935 0.012131 0.000000
vt -27.000000 0.012131 0.000000
vt -11.000000 0.012131 0.000000
vt -11.258065 0.012131 0.000000
vt -11.516129 0.012131 0.000000
vt -11.774194 0.012131 0.000000
vt -11.774194 0.024262 0.000000
vt -12.032258 0.024262 0.000000
vt -12.032258 0.036393 0.000000
vt -12.290323 0.036393 0.000000
vt -12.290323 0.048524 0.000000
vt -12.548387 0.048524 0.000000
vt -12.548387 0.060655 0.000000
vt -12.806452 0.060655 0.000000
vt -11.000000 0.072786 0.000000
vt -13.064516 0.060655 0.000000
vt -13.322581 0.060655 0.000000
vt -13.064516 0.048524 0.000000
vt -13.322581 0.048524 0.000000
vt -13.064516 0.036393 0.000000
vt -13.322581 0.036393 0.000000
vt -13.064516 0.024262 0.000000
vt -13.322581 0.024262 0.000000
vt -13.064516 0.012131 0.000000
vt -13.322581 0.012131 0.000000
vt -13.580645 0.012131 0.000000
vt -13.838710 0.012131 0.000000
vt -13.838710 0.024262 0.000000
vt -14.096774 0.024262 0.000000
vt -14.096774 0.036393 0.000000
vt -14.354839 0.036393 0.000000
vt -14.354839 0.048524 0.000000
vt -14.612903 0.048524 0.000000
vt -14.612903 0.060655 0.000000
vt -14.870968 0.060655 0.000000
vt -15.129032 0.060655 0.000000
vt -15.387097 0.060655 0.000000
vt -15.129032 0.048524 0.000000
vt -15.387097 0.048524 0.000000
vt -15.129032 0.036393 0.000000
vt -15.387097 0.036393 0.000000
vt -15.129032 0.024262 0.000000
vt -15.387097 0.024262 0.000000
vt -15.129032 0.012131 0.000000
vt -15.387097 0.012131 0.000000
vt -15.645161 0.012131 0.000000
vt -15.903226 0.012131 0.000000
vt -15.903226 0.024262 0.000000
vt -16.161290 0.024262 0.000000
vt -16.161290 0.036393 0.000000
vt -16.419355 0.036393 0.000000
vt -16.419355 0.048524 0.000000
vt -16.677419 0.048524 0.000000
vt -16.677419 0.060655 0.000000
vt -16.935484 0.060655 0.000000
vt -17.193548 0.060655 0.000000
vt -17.451613 0.060655 0.000000
vt -17.193548 0.048524 0.000000
vt -17.451613 0.048524 0.000000
vt -17.193548 0.036393 0.000000
vt -17.451613 0.036393 0.000000
vt -17.193548 0.024262 0.000000
vt -17.451613 0.024262 0.000000
vt -17.193548 0.012131 0.000000
vt -17.451613 0.012131 0.000000
vt -17.709677 0.012131 0.000000
vt -17.967742 0.012131 0.000000
vt -17.967742 0.024262 0.000000
vt -18.225806 0.024262 0.000000
vt -18.225806 0.036393 0.000000
vt -18.483871 0.036393 0.000000
vt -18.483871 0.048524 0.000000
vt -18.741935 0.048524 0.000000
vt -18.741935 0.060655 0.000000
vt -19.000000 0.060655 0.000000
vt -11.258065 0.024262 0.000000
vt -11.000000 0.024262 0.000000
vt -11.258065 0.036393 0.000000
vt -11.000000 0.036393 0.000000
vt -11.258065 0.048524 0.000000
vt -11.000000 0.048524 0.000000
vt -11.258065 0.060655 0.000000
vt -11.000000 0.060655 0.000000
vt -26.483871 0.048524 0.000000
vt -26.483871 0.036393 0.000000
vt -26.483871 0.024262 0.000000
vt -26.483871 0.012131 0.000000
vt -25.967742 0.060655 0.000000
vt -25.709677 0.060655 0.000000
vt -25.451613 0.060655 0.000000
vt -25.451613 0.048524 0.000000
vt -25.193548 0.048524 0.000000
vt -25.193548 0.036393 0.000000
vt -25.709677 0.048524 0.000000
vt -25.193548 0.060655 0.000000
vt -24.419355 0.048524 0.000000
vt -24.419355 0.036393 0.000000
vt -24.419355 0.024262 0.000000
vt -24.419355 0.012131 0.000000
vt -23.903226 0.060655 0.000000
vt -23.645161 0.060655 0.000000
vt -23.387097 0.060655 0.000000
vt -23.387097 0.048524 0.000000
vt -23.129032 0.048524 0.000000
vt -23.129032 0.036393 0.000000
vt -23.645161 0.048524 0.000000
vt -23.129032 0.060655 0.000000
vt -22.354839 0.048524 0.000000
vt -22.354839 0.036393 0.000000
vt -22.354839 0.024262 0.000000
vt -22.354839 0.012131 0.000000
vt -21.838710 0.060655 0.000000
vt -21.580645 0.060655 0.000000
vt -21.322581 0.060655 0.000000
vt -21.322581 0.048524 0.000000
vt -21.064516 0.048524 0.000000
vt -21.064516 0.036393 0.000000
vt -21.580645 0.048524 0.000000
vt -21.064516 0.060655 0.000000
vt -20.290323 0.048524 0.000000
vt -20.290323 0.036393 0.000000
vt -20.290323 0.024262 0.000000
vt -20.290323 0.012131 0.000000
vt -19.774194 0.060655 0.000000
vt -19.516129 0.060655 0.000000
vt -19.258065 0.060655 0.000000
vt -19.258065 0.048524 0.000000
vt -19.000000 0.048524 0.000000
vt -19.000000 0.036393 0.000000
vt -18.741935 0.036393 0.000000
vt -18.741935 0.024262 0.000000
vt -18.483871 0.024262 0.000000
vt -18.483871 0.012131 0.000000
vt -18.225806 0.012131 0.000000
vt -19.516129 0.048524 0.000000
vt -18.483871 0.060655 0.000000
vt -18.225806 0.060655 0.000000
vt -17.967742 0.060655 0.000000
vt -17.967742 0.048524 0.000000
vt -17.709677 0.048524 0.000000
vt -17.709677 0.036393 0.000000
vt -18.225806 0.048524 0.000000
vt -17.709677 0.060655 0.000000
vt -16.935484 0.048524 0.000000
vt -16.935484 0.036393 0.000000
vt -16.935484 0.024262 0.000000
vt -16.935484 0.012131 0.000000
vt -16.419355 0.060655 0.000000
vt -16.161290 0.060655 0.000000
vt -15.903226 0.060655 0.000000
vt -15.903226 0.048524 0.000000
vt -15.645161 0.048524 0.000000
vt -15.645161 0.036393 0.000000
vt -16.161290 0.048524 0.000000
vt -15.645161 0.060655 0.000000
vt -14.870968 0.048524 0.000000
vt -14.870968 0.036393 0.000000
vt -14.870968 0.024262 0.000000
vt -14.870968 0.012131 0.000000
vt -14.354839 0.060655 0.000000
vt -14.096774 0.060655 0.000000
vt -13.838710 0.060655 0.000000
vt -13.838710 0.048524 0.000000
vt -13.580645 0.048524 0.000000
vt -13.580645 0.036393 0.000000
vt -14.096774 0.048524 0.000000
vt -13.580645 0.060655 0.000000
vt -12.806452 0.048524 0.000000
vt -12.806452 0.036393 0.000000
vt -12.806452 0.024262 0.000000
vt -12.806452 0.012131 0.000000
vt -12.290323 0.060655 0.000000
vt -12.032258 0.060655 0.000000
vt -11.774194 0.060655 0.000000
vt -11.774194 0.048524 0.000000
vt -11.516129 0.048524 0.000000
vt -11.516129 0.036393 0.000000
vt -12.032258 0.048524 0.000000
vt -11.516129 0.060655 0.000000
vt -26.225806 0.036393 0.000000
vt -25.967742 0.024262 0.000000
vt -25.709677 0.012131 0.000000
vt -25.451613 0.036393 0.000000
vt -24.161290 0.036393 0.000000
vt -23.903226 0.024262 0.000000
vt -23.645161 0.012131 0.000000
vt -23.387097 0.036393 0.000000
vt -22.096774 0.036393 0.000000
vt -21.838710 0.024262 0.000000
vt -21.580645 0.012131 0.000000
vt -21.322581 0.036393 0.000000
vt -20.032258 0.036393 0.000000
vt -19.774194 0.024262 0.000000
vt -19.516129 0.012131 0.000000
vt -19.258065 0.036393 0.000000
vt -17.967742 0.036393 0.000000
vt -16.677419 0.036393 0.000000
vt -16.419355 0.024262 0.000000
vt -16.161290 0.012131 0.000000
vt -15.903226 0.036393 0.000000
vt -14.612903 0.036393 0.000000
vt -14.354839 0.024262 0.000000
vt -14.096774 0.012131 0.000000
vt -13.838710 0.036393 0.000000
vt -12.548387 0.036393 0.000000
vt -12.290323 0.024262 0.000000
vt -12.032258 0.012131 0.000000
vt -11.774194 0.036393 0.000000
vt -26.225806 0.024262 0.000000
vt -26.225806 0.012131 0.000000
vt -25.193548 0.024262 0.000000
vt -24.161290 0.024262 0.000000
vt -24.161290 0.012131 0.000000
vt -23.129032 0.024262 0.000000
vt -22.096774 0.024262 0.000000
vt -22.096774 0.012131 0.000000
vt -21.064516 0.024262 0.000000
vt -20.032258 0.024262 0.000000
vt -20.032258 0.012131 0.000000
vt -19.000000 0.024262 0.000000
vt -17.709677 0.024262 0.000000
vt -16.677419 0.024262 0.000000
vt -16.677419 0.012131 0.000000
vt -15.645161 0.024262 0.000000
vt -14.612903 0.024262 0.000000
vt -14.612903 0.012131 0.000000
vt -13.580645 0.024262 0.000000
vt -12.548387 0.024262 0.000000
vt -12.548387 0.012131 0.000000
vt -11.516129 0.024262 0.000000
vt -25.967742 0.012131 0.000000
vt -23.903226 0.012131 0.000000
vt -21.838710 0.012131 0.000000
vt -19.774194 0.012131 0.000000
vt -18.741935 0.012131 0.000000
vt -16.419355 0.012131 0.000000
vt -14.354839 0.012131 0.000000
vt -12.290323 0.012131 0.000000
vt -0.529704 -7.440000 0.000000
vt -0.629704 -7.440000 0.000000
vt -0.529704 -7.690000 0.000000
vt -0.528000 -7.702941 0.000000
vt -0.629704 -8.340000 0.000000
vt -0.528000 -8.077059 0.000000
vt -0.529704 -8.090000 0.000000
vt -0.529704 -8.340000 0.000000
vt -0.523005 -7.715000 0.000000
vt -0.523005 -8.065000 0.000000
vt -0.515059 -7.725355 0.000000
vt -0.515059 -8.054645 0.000000
vt -0.504704 -7.733301 0.000000
vt -0.504704 -8.046699 0.000000
vt -0.492645 -7.738296 0.000000
vt -0.492645 -8.041704 0.000000
vt -0.479704 -7.740000 0.000000
vt -0.479704 -8.040000 0.000000
vt -0.188779 -8.040000 0.000000
vt -0.188779 -7.740000 0.000000
vt -0.184552 -8.040452 0.000000
vt -0.184552 -7.739548 0.000000
vt -0.180515 -8.041787 0.000000
vt -0.180515 -7.738213 0.000000
vt -0.176852 -8.043946 0.000000
vt -0.176852 -7.736054 0.000000
vt -0.173728 -8.046830 0.000000
vt -0.173728 -7.733170 0.000000
vt -0.055527 -7.665294 0.000000
vt -0.121543 -7.673530 0.000000
vt -0.066247 -7.659680 0.000000
vt -0.078002 -7.656806 0.000000
vt -0.121543 -8.106470 0.000000
vt -0.055527 -8.114706 0.000000
vt 0.210613 -7.931161 0.000000
vt 0.210613 -7.848839 0.000000
vt 0.219642 -7.923167 0.000000
vt 0.219642 -7.856833 0.000000
vt 0.226495 -7.913245 0.000000
vt 0.226495 -7.866755 0.000000
vt 0.230772 -7.901971 0.000000
vt 0.230772 -7.878029 0.000000
vt 0.232226 -7.890000 0.000000
vt -0.112530 -8.114546 0.000000
vt -0.101842 -8.120220 0.000000
vt -0.090103 -8.123160 0.000000
vt -0.078002 -8.123194 0.000000
vt -0.066247 -8.120320 0.000000
vt -0.090103 -7.656840 0.000000
vt -0.101842 -7.659780 0.000000
vt -0.112530 -7.665454 0.000000
vn 0.000000 0.100000 0.000000
vn 0.000000 0.100000 0.000000
vn 0.000000 0.100000 0.000000
vn 0.000000 0.100000 0.000000
vn 0.000000 0.100000 0.000000
vn 0.000000 0.100000 0.000000
vn 0.000000 0.100000 0.000000
vn 0.000000 0.100000 0.000000
vn 0.000000 0.100000 0.000000
vn 0.000000 0.100000 0.000000
vn 0.000000 0.100000 0.000000
vn 0.000000 0.100000 0.000000
vn 0.000000 0.100000 0.000000
vn 0.000000 0.100000 0.000000
vn 0.000000 0.100000 0.000000
vn 0.000000 0.100000 0.000000
vn 0.000000 0.100000 0.000000
vn 0.000000 0.100000 0.000000
vn 0.000000 0.100000 0.000000
vn 0.000000 0.100000 0.000000
vn 0.000000 0.100000 0.000000
vn 0.000000 0.100000 0.000000
vn 0.000000 0.100000 0.000000
vn 0.000000 0.100000 0.000000
vn 0.000000 0.100000 0.000000
vn 0.000000 0.100000 0.000000
vn 0.000000 0.100000 0.000000
vn 0.000000 0.100000 0.000000
vn 0.000000 0.100000 0.000000
vn 0.000000 0.100000 0.000000
vn 0.000000 0.100000 0.000000
vn 0.000000 0.100000 0.000000
vn 0.000000 0.100000 0.000000
vn 0.000000 0.100000 0.000000
vn 0.000000 0.100000 0.000000
vn 0.000000 0.100000 0.000000
vn 0.000000 0.100000 0.000000
vn 0.000000 0.100000 0.000000
vn 0.000000 0.100000 0.000000
vn 0.000000 0.100000 0.000000
vn 0.000000 0.100000 0.000000
vn 0.000000 0.100000 0.000000
vn 0.000000 0.100000 0.000000
vn 0.000000 0.100000 0.000000
vn 0.000000 0.100000 0.000000
vn 0.000000 0.100000 0.000000
vn 0.000000 0.100000 0.000000
vn 0.000000 0.100000 0.000000
vn 0.000000 0.100000 0.000000
vn 0.000000 0.100000 0.000000
vn 0.000000 0.100000 0.000000
vn 0.066335 0.000000 -0.074831
vn 0.066335 0.000000 -0.074831
vn 0.082321 0.000000 -0.056773
vn 0.066335 0.000000 -0.074831
vn 0.066335 0.000000 -0.074831
vn 0.046490 0.000000 -0.088536
vn 0.046490 0.000000 -0.088536
vn 0.023941 0.000000 -0.097092
vn 0.023941 0.000000 -0.097092
vn 0.000000 0.000000 -0.100000
vn 0.000000 0.000000 -0.100000
vn -0.023941 -0.000000 -0.097092
vn -0.023941 -0.000000 -0.097092
vn -0.046490 -0.000000 -0.088536
vn -0.046490 -0.000000 -0.088536
vn -0.066335 -0.000000 -0.074831
vn -0.066335 -0.000000 -0.074831
vn -0.082321 -0.000000 -0.056773
vn -0.066335 -0.000000 -0.074831
vn -0.066335 -0.000000 -0.074831
vn -0.046490 -0.000000 -0.088536
vn -0.046490 -0.000000 -0.088536
vn -0.023941 -0.000000 -0.097092
vn -0.023941 -0.000000 -0.097092
vn 0.000000 0.000000 -0.100000
vn 0.000000 0.000000 -0.100000
vn 0.023941 0.000000 -0.097092
vn 0.023941 0.000000 -0.097092
vn 0.046490 0.000000 -0.088536
vn 0.046490 0.000000 -0.088536
vn 0.066335 0.000000 -0.074831
vn 0.066335 0.000000 -0.074831
vn 0.066335 0.000000 -0.074831
vn 0.066335 0.000000 -0.074831
vn 0.046490 0.000000 -0.088536
vn 0.046490 0.000000 -0.088536
vn 0.023941 0.000000 -0.097092
vn 0.023941 0.000000 -0.097092
vn 0.000000 0.000000 -0.100000
vn 0.000000 0.000000 -0.100000
vn -0.023941 -0.000000 -0.097092
vn -0.023941 -0.000000 -0.097092
vn -0.046490 -0.000000 -0.088536
vn -0.046490 -0.000000 -0.088536
vn -0.066335 -0.000000 -0.074831
vn -0.066335 -0.000000 -0.074831
vn -0.066335 -0.000000 -0.074831
vn -0.066335 -0.000000 -0.074831
vn -0.046490 -0.000000 -0.088536
vn -0.046490 -0.000000 -0.088536
vn -0.023941 -0.000000 -0.097092
vn -0.023941 -0.000000 -0.097092
vn 0.000000 0.000000 -0.100000
vn 0.000000 0.000000 -0.100000
vn 0.023941 0.000000 -0.097092
vn 0.023941 0.000000 -0.097092
vn 0.046490 0.000000 -0.088536
vn 0.046490 0.000000 -0.088536
vn 0.066335 0.000000 -0.074831
vn 0.066335 0.000000 -0.074831
vn 0.066335 0.000000 -0.074831
vn 0.066335 0.000000 -0.074831
vn 0.046490 0.000000 -0.088536
vn 0.046490 0.000000 -0.088536
vn 0.023941 0.000000 -0.097092
vn 0.023941 0.000000 -0.097092
vn 0.000000 0.000000 -0.100000
vn -0.000000 -0.000000 -0.100000
vn -0.023941 -0.000000 -0.097092
vn -0.023941 -0.000000 -0.097092
vn -0.046490 -0.000000 -0.088536
vn -0.046490 -0.000000 -0.088536
vn -0.066335 -0.000000 -0.074831
vn -0.066335 -0.000000 -0.074831
vn -0.066335 -0.000000 -0.074831
vn -0.066335 -0.000000 -0.074831
vn -0.046490 -0.000000 -0.088536
vn -0.046490 -0.000000 -0.088536
vn -0.023941 -0.000000 -0.097092
vn -0.023941 -0.000000 -0.097092
vn -0.000000 -0.000000 -0.100000
vn -0.000000 -0.000000 -0.100000
vn 0.023941 0.000000 -0.097092
vn 0.023941 0.000000 -0.097092
vn 0.046490 0.000000 -0.088536
vn 0.046490 0.000000 -0.088536
vn 0.066335 0.000000 -0.074831
vn 0.066335 0.000000 -0.074831
vn 0.082321 0.000000 -0.056773
vn 0.066335 0.000000 -0.074831
vn 0.066335 0.000000 -0.074831
vn 0.046490 0.000000 -0.088536
vn 0.046490 0.000000 -0.088536
vn 0.023941 0.000000 -0.097092
vn 0.023941 0.000000 -0.097092
vn -0.000000 -0.000000 -0.100000
vn -0.000000 -0.000000 -0.100000
vn -0.023941 -0.000000 -0.097092
vn -0.023941 -0.000000 -0.097092
vn -0.046490 -0.000000 -0.088536
vn -0.046490 -0.000000 -0.088536
vn -0.066335 -0.000000 -0.074831
vn -0.066335 -0.000000 -0.074831
vn -0.082321 -0.000000 -0.056773
vn -0.066335 -0.000000 -0.074831
vn -0.066335 -0.000000 -0.074831
vn -0.046490 -0.000000 -0.088536
vn -0.046490 -0.000000 -0.088536
vn -0.023941 -0.000000 -0.097092
vn -0.023941 -0.000000 -0.097092
vn -0.000000 -0.000000 -0.100000
vn -0.000000 -0.000000 -0.100000
vn 0.023941 0.000000 -0.097092
vn 0.023941 0.000000 -0.097092
vn 0.046490 0.000000 -0.088536
vn 0.046490 0.000000 -0.088536
vn 0.066335 0.000000 -0.074831
vn 0.066335 0.000000 -0.074831
vn 0.066335 0.000000 -0.074831
vn 0.066335 0.000000 -0.074831
vn 0.046490 0.000000 -0.088536
vn 0.046490 0.000000 -0.088536
vn 0.023941 0.000000 -0.097092
vn 0.023941 0.000000 -0.097092
vn -0.000000 -0.000000 -0.100000
vn -0.000000 -0.000000 -0.100000
vn -0.023941 -0.000000 -0.097092
vn -0.023941 -0.000000 -0.097092
vn -0.046490 -0.000000 -0.088536
vn -0.046490 -0.000000 -0.088536
vn -0.066335 -0.000000 -0.074831
vn -0.066335 -0.000000 -0.074831
vn -0.066335 -0.000000 -0.074831
vn -0.066335 -0.000000 -0.074831
vn -0.046490 -0.000000 -0.088536
vn -0.046490 -0.000000 -0.088536
vn -0.023941 -0.000000 -0.097092
vn -0.023941 -0.000000 -0.097092
vn -0.000000 -0.000000 -0.100000
vn -0.000000 -0.000000 -0.100000
vn 0.023941 0.000000 -0.097092
vn 0.023941 0.000000 -0.097092
vn 0.046490 0.000000 -0.088536
vn 0.046490 0.000000 -0.088536
vn 0.066335 0.000000 -0.074831
vn 0.066335 0.000000 -0.074831
vn 0.066335 0.000000 -0.074831
vn 0.066335 0.000000 -0.074831
vn 0.046490 0.000000 -0.088536
vn 0.046490 0.000000 -0.088536
vn 0.023941 0.000000 -0.097092
vn 0.023941 0.000000 -0.097092
vn -0.000000 -0.000000 -0.100000
vn -0.000000 -0.000000 -0.100000
vn -0.023941 -0.000000 -0.097092
vn -0.023941 -0.000000 -0.097092
vn -0.046490 -0.000000 -0.088536
vn -0.046490 -0.000000 -0.088536
vn -0.066335 -0.000000 -0.074831
vn -0.066335 -0.000000 -0.074831
vn -0.066335 -0.000000 -0.074831
vn -0.066335 -0.000000 -0.074831
vn -0.046490 -0.000000 -0.088536
vn -0.046490 -0.000000 -0.088536
vn -0.023941 -0.000000 -0.097092
vn -0.023941 -0.000000 -0.097092
vn -0.000000 -0.000000 -0.100000
vn -0.000000 -0.000000 -0.100000
vn 0.023941 0.000000 -0.097092
vn 0.023941 0.000000 -0.097092
vn 0.046490 0.000000 -0.088536
vn 0.046490 0.000000 -0.088536
vn 0.066335 0.000000 -0.074831
vn 0.066335 0.000000 -0.074831
vn 0.066335 0.000000 -0.074831
vn 0.046490 0.000000 -0.088536
vn 0.023941 0.000000 -0.097092
vn -0.000000 -0.000000 -0.100000
vn -0.023941 -0.000000 -0.097092
vn -0.046490 -0.000000 -0.088536
vn -0.066335 -0.000000 -0.074831
vn 0.046490 0.000000 -0.088536
vn 0.046490 0.000000 -0.088536
vn 0.023941 0.000000 -0.097092
vn 0.023941 0.000000 -0.097092
vn 0.000000 0.000000 -0.100000
vn 0.000000 0.000000 -0.100000
vn -0.023941 -0.000000 -0.097092
vn -0.023941 -0.000000 -0.097092
vn -0.046490 -0.000000 -0.088536
vn -0.046490 -0.000000 -0.088536
vn -0.066335 -0.000000 -0.074831
vn -0.066335 -0.000000 -0.074831
vn -0.066335 -0.000000 -0.074831
vn -0.046490 -0.000000 -0.088536
vn -0.023941 -0.000000 -0.097092
vn -0.000000 -0.000000 -0.100000
vn 0.023941 0.000000 -0.097092
vn 0.046490 0.000000 -0.088536
vn 0.046490 0.000000 -0.088536
vn 0.023941 0.000000 -0.097092
vn 0.000000 0.000000 -0.100000
vn -0.023941 -0.000000 -0.097092
vn -0.046490 -0.000000 -0.088536
vn -0.066335 -0.000000 -0.074831
vn 0.066335 0.000000 -0.074831
vn 0.066335 0.000000 -0.074831
vn 0.066335 0.000000 -0.074831
vn 0.046490 0.000000 -0.088536
vn 0.046490 0.000000 -0.088536
vn 0.023941 0.000000 -0.097092
vn 0.023941 0.000000 -0.097092
vn 0.000000 0.000000 -0.100000
vn 0.000000 0.000000 -0.100000
vn -0.023941 -0.000000 -0.097092
vn 0.046490 0.000000 -0.088536
vn 0.066335 0.000000 -0.074831
vn 0.066335 0.000000 -0.074831
vn 0.066335 0.000000 -0.074831
vn 0.046490 0.000000 -0.088536
vn 0.046490 0.000000 -0.088536
vn 0.046490 0.000000 -0.088536
vn 0.023941 0.000000 -0.097092
vn 0.000000 0.000000 -0.100000
vn -0.023941 -0.000000 -0.097092
vn -0.046490 -0.000000 -0.088536
vn -0.066335 -0.000000 -0.074831
vn 0.066335 0.000000 -0.074831
vn 0.066335 0.000000 -0.074831
vn 0.066335 0.000000 -0.074831
vn 0.046490 0.000000 -0.088536
vn 0.046490 0.000000 -0.088536
vn 0.023941 0.000000 -0.097092
vn 0.023941 0.000000 -0.097092
vn 0.000000 0.000000 -0.100000
vn 0.000000 0.000000 -0.100000
vn -0.023941 -0.000000 -0.097092
vn 0.046490 0.000000 -0.088536
vn 0.066335 0.000000 -0.074831
vn 0.066335 0.000000 -0.074831
vn 0.066335 0.000000 -0.074831
vn 0.046490 0.000000 -0.088536
vn 0.046490 0.000000 -0.088536
vn 0.046490 0.000000 -0.088536
vn 0.023941 0.000000 -0.097092
vn 0.000000 0.000000 -0.100000
vn -0.023941 -0.000000 -0.097092
vn -0.046490 -0.000000 -0.088536
vn -0.066335 -0.000000 -0.074831
vn 0.066335 0.000000 -0.074831
vn 0.066335 0.000000 -0.074831
vn 0.066335 0.000000 -0.074831
vn 0.046490 0.000000 -0.088536
vn 0.046490 0.000000 -0.088536
vn 0.023941 0.000000 -0.097092
vn 0.023941 0.000000 -0.097092
vn -0.000000 -0.000000 -0.100000
vn -0.000000 -0.000000 -0.100000
vn -0.023941 -0.000000 -0.097092
vn 0.046490 0.000000 -0.088536
vn 0.066335 0.000000 -0.074831
vn 0.066335 0.000000 -0.074831
vn 0.066335 0.000000 -0.074831
vn 0.046490 0.000000 -0.088536
vn 0.046490 0.000000 -0.088536
vn 0.066335 0.000000 -0.074831
vn 0.066335 0.000000 -0.074831
vn 0.066335 0.000000 -0.074831
vn 0.046490 0.000000 -0.088536
vn 0.046490 0.000000 -0.088536
vn 0.023941 0.000000 -0.097092
vn 0.023941 0.000000 -0.097092
vn -0.000000 -0.000000 -0.100000
vn -0.000000 -0.000000 -0.100000
vn -0.023941 -0.000000 -0.097092
vn 0.046490 0.000000 -0.088536
vn 0.066335 0.000000 -0.074831
vn 0.066335 0.000000 -0.074831
vn 0.066335 0.000000 -0.074831
vn 0.046490 0.000000 -0.088536
vn 0.046490 0.000000 -0.088536
vn 0.046490 0.000000 -0.088536
vn 0.023941 0.000000 -0.097092
vn -0.000000 -0.000000 -0.100000
vn -0.023941 -0.000000 -0.097092
vn -0.046490 -0.000000 -0.088536
vn -0.066335 -0.000000 -0.074831
vn 0.066335 0.000000 -0.074831
vn 0.066335 0.000000 -0.074831
vn 0.066335 0.000000 -0.074831
vn 0.046490 0.000000 -0.088536
vn 0.046490 0.000000 -0.088536
vn 0.023941 0.000000 -0.097092
vn 0.023941 0.000000 -0.097092
vn -0.000000 -0.000000 -0.100000
vn -0.000000 -0.000000 -0.100000
vn -0.023941 -0.000000 -0.097092
vn 0.046490 0.000000 -0.088536
vn 0.066335 0.000000 -0.074831
vn 0.066335 0.000000 -0.074831
vn 0.066335 0.000000 -0.074831
vn 0.046490 0.000000 -0.088536
vn 0.046490 0.000000 -0.088536
vn 0.046490 0.000000 -0.088536
vn 0.023941 0.000000 -0.097092
vn -0.000000 -0.000000 -0.100000
vn -0.023941 -0.000000 -0.097092
vn -0.046490 -0.000000 -0.088536
vn -0.066335 -0.000000 -0.074831
vn 0.066335 0.000000 -0.074831
vn 0.066335 0.000000 -0.074831
vn 0.066335 0.000000 -0.074831
vn 0.046490 0.000000 -0.088536
vn 0.046490 0.000000 -0.088536
vn 0.023941 0.000000 -0.097092
vn 0.023941 0.000000 -0.097092
vn -0.000000 -0.000000 -0.100000
vn -0.000000 -0.000000 -0.100000
vn -0.023941 -0.000000 -0.097092
vn 0.046490 0.000000 -0.088536
vn 0.066335 0.000000 -0.074831
vn 0.066335 0.000000 -0.074831
vn 0.066335 0.000000 -0.074831
vn 0.046490 0.000000 -0.088536
vn 0.046490 0.000000 -0.088536
vn 0.023941 0.000000 -0.097092
vn 0.000000 0.000000 -0.100000
vn -0.023941 -0.000000 -0.097092
vn -0.046490 -0.000000 -0.088536
vn -0.066335 -0.000000 -0.074831
vn 0.023941 0.000000 -0.097092
vn 0.023941 0.000000 -0.097092
vn 0.023941 0.000000 -0.097092
vn 0.000000 0.000000 -0.100000
vn -0.023941 -0.000000 -0.097092
vn -0.046490 -0.000000 -0.088536
vn -0.066335 -0.000000 -0.074831
vn 0.023941 0.000000 -0.097092
vn 0.023941 0.000000 -0.097092
vn 0.023941 0.000000 -0.097092
vn 0.000000 0.000000 -0.100000
vn -0.023941 -0.000000 -0.097092
vn -0.046490 -0.000000 -0.088536
vn -0.066335 -0.000000 -0.074831
vn 0.023941 0.000000 -0.097092
vn 0.023941 0.000000 -0.097092
vn 0.023941 0.000000 -0.097092
vn -0.000000 -0.000000 -0.100000
vn -0.023941 -0.000000 -0.097092
vn -0.046490 -0.000000 -0.088536
vn -0.066335 -0.000000 -0.074831
vn 0.023941 0.000000 -0.097092
vn 0.023941 0.000000 -0.097092
vn 0.023941 0.000000 -0.097092
vn -0.000000 -0.000000 -0.100000
vn -0.023941 -0.000000 -0.097092
vn -0.046490 -0.000000 -0.088536
vn -0.066335 -0.000000 -0.074831
vn 0.023941 0.000000 -0.097092
vn 0.023941 0.000000 -0.097092
vn 0.023941 0.000000 -0.097092
vn -0.000000 -0.000000 -0.100000
vn -0.023941 -0.000000 -0.097092
vn -0.046490 -0.000000 -0.088536
vn -0.066335 -0.000000 -0.074831
vn 0.023941 0.000000 -0.097092
vn 0.023941 0.000000 -0.097092
vn 0.000000 0.000000 -0.100000
vn -0.023941 -0.000000 -0.097092
vn -0.046490 -0.000000 -0.088536
vn -0.066335 -0.000000 -0.074831
vn 0.000000 0.000000 -0.100000
vn 0.000000 0.000000 -0.100000
vn -0.023941 -0.000000 -0.097092
vn -0.046490 -0.000000 -0.088536
vn -0.066335 -0.000000 -0.074831
vn 0.000000 0.000000 -0.100000
vn 0.000000 0.000000 -0.100000
vn -0.023941 -0.000000 -0.097092
vn -0.046490 -0.000000 -0.088536
vn -0.066335 -0.000000 -0.074831
vn -0.000000 -0.000000 -0.100000
vn -0.000000 -0.000000 -0.100000
vn -0.023941 -0.000000 -0.097092
vn -0.046490 -0.000000 -0.088536
vn -0.066335 -0.000000 -0.074831
vn -0.000000 -0.000000 -0.100000
vn -0.000000 -0.000000 -0.100000
vn -0.023941 -0.000000 -0.097092
vn -0.046490 -0.000000 -0.088536
vn -0.066335 -0.000000 -0.074831
vn -0.000000 -0.000000 -0.100000
vn -0.000000 -0.000000 -0.100000
vn -0.023941 -0.000000 -0.097092
vn -0.046490 -0.000000 -0.088536
vn -0.066335 -0.000000 -0.074831
vn -0.000000 -0.000000 -0.100000
vn -0.023941 -0.000000 -0.097092
vn -0.046490 -0.000000 -0.088536
vn -0.066335 -0.000000 -0.074831
vn -0.023941 -0.000000 -0.097092
vn -0.023941 -0.000000 -0.097092
vn -0.046490 -0.000000 -0.088536
vn -0.066335 -0.000000 -0.074831
vn -0.023941 -0.000000 -0.097092
vn -0.023941 -0.000000 -0.097092
vn -0.046490 -0.000000 -0.088536
vn -0.066335 -0.000000 -0.074831
vn -0.023941 -0.000000 -0.097092
vn -0.023941 -0.000000 -0.097092
vn -0.046490 -0.000000 -0.088536
vn -0.066335 -0.000000 -0.074831
vn -0.023941 -0.000000 -0.097092
vn -0.023941 -0.000000 -0.097092
vn -0.046490 -0.000000 -0.088536
vn -0.066335 -0.000000 -0.074831
vn -0.023941 -0.000000 -0.097092
vn -0.023941 -0.000000 -0.097092
vn -0.046490 -0.000000 -0.088536
vn -0.066335 -0.000000 -0.074831
vn -0.023941 -0.000000 -0.097092
vn -0.046490 -0.000000 -0.088536
vn -0.066335 -0.000000 -0.074831
vn -0.046490 -0.000000 -0.088536
vn -0.046490 -0.000000 -0.088536
vn -0.066335 -0.000000 -0.074831
vn -0.046490 -0.000000 -0.088536
vn -0.046490 -0.000000 -0.088536
vn -0.066335 -0.000000 -0.074831
vn -0.046490 -0.000000 -0.088536
vn -0.046490 -0.000000 -0.088536
vn -0.066335 -0.000000 -0.074831
vn -0.046490 -0.000000 -0.088536
vn -0.046490 -0.000000 -0.088536
vn -0.066335 -0.000000 -0.074831
vn -0.046490 -0.000000 -0.088536
vn -0.046490 -0.000000 -0.088536
vn -0.066335 -0.000000 -0.074831
vn -0.046490 -0.000000 -0.088536
vn -0.066335 -0.000000 -0.074831
vn -0.066335 -0.000000 -0.074831
vn -0.066335 -0.000000 -0.074831
vn -0.066335 -0.000000 -0.074831
vn -0.066335 -0.000000 -0.074831
vn -0.066335 -0.000000 -0.074831
vn 0.082321 0.000000 -0.056773
vn 0.082321 0.000000 -0.056773
vn 0.082002 0.000000 0.057233
vn 0.082002 0.000000 0.057233
vn 0.065850 0.000000 0.075258
vn 0.082002 0.000000 0.057233
vn 0.082002 0.000000 0.057233
vn 0.093351 0.000000 0.035856
vn 0.093351 0.000000 0.035856
vn 0.099231 0.000000 0.012379
vn 0.099231 0.000000 0.012379
vn 0.099299 0.000000 -0.011823
vn 0.099299 0.000000 -0.011823
vn 0.093550 0.000000 -0.035333
vn 0.093550 0.000000 -0.035333
vn 0.093550 0.000000 -0.035333
vn 0.093550 0.000000 -0.035333
vn 0.099299 0.000000 -0.011823
vn 0.099299 0.000000 -0.011823
vn 0.099231 0.000000 0.012379
vn 0.099231 0.000000 0.012379
vn 0.093351 0.000000 0.035856
vn 0.093351 0.000000 0.035856
vn 0.082002 0.000000 0.057233
vn 0.082002 0.000000 0.057233
vn 0.082002 0.000000 0.057233
vn 0.082002 0.000000 0.057233
vn 0.093351 0.000000 0.035856
vn 0.093351 0.000000 0.035856
vn 0.099231 0.000000 0.012379
vn 0.099231 0.000000 0.012379
vn 0.099299 0.000000 -0.011823
vn 0.099299 0.000000 -0.011823
vn 0.093550 0.000000 -0.035333
vn 0.093550 0.000000 -0.035333
vn 0.093550 0.000000 -0.035333
vn 0.093550 0.000000 -0.035333
vn 0.099299 0.000000 -0.011823
vn 0.099299 0.000000 -0.011823
vn 0.099231 0.000000 0.012379
vn 0.099231 0.000000 0.012379
vn 0.093351 0.000000 0.035856
vn 0.093351 0.000000 0.035856
vn 0.082002 0.000000 0.057233
vn 0.082002 0.000000 0.057233
vn 0.082002 0.000000 0.057233
vn 0.082002 0.000000 0.057233
vn 0.093351 0.000000 0.035856
vn 0.093351 0.000000 0.035856
vn 0.099231 0.000000 0.012379
vn 0.099231 0.000000 0.012379
vn 0.099299 0.000000 -0.011823
vn 0.099299 0.000000 -0.011823
vn 0.093550 0.000000 -0.035333
vn 0.093550 0.000000 -0.035333
vn 0.093550 0.000000 -0.035333
vn 0.093550 0.000000 -0.035333
vn 0.099299 0.000000 -0.011823
vn 0.099299 0.000000 -0.011823
vn 0.099231 0.000000 0.012379
vn 0.099231 0.000000 0.012379
vn 0.093351 0.000000 0.035856
vn 0.093351 0.000000 0.035856
vn 0.082002 0.000000 0.057233
vn 0.082002 0.000000 0.057233
vn 0.082002 0.000000 0.057233
vn 0.082002 0.000000 0.057233
vn 0.093351 0.000000 0.035856
vn 0.093351 0.000000 0.035856
vn 0.099231 0.000000 0.012379
vn 0.099231 0.000000 0.012379
vn 0.099299 0.000000 -0.011823
vn 0.099299 0.000000 -0.011823
vn 0.093550 0.000000 -0.035333
vn 0.093550 0.000000 -0.035333
vn 0.093351 0.000000 0.035856
vn 0.093351 0.000000 0.035856
vn 0.099231 0.000000 0.012379
vn 0.099231 0.000000 0.012379
vn 0.099299 0.000000 -0.011823
vn 0.099299 0.000000 -0.011823
vn 0.093550 0.000000 -0.035333
vn 0.093550 0.000000 -0.035333
vn 0.093550 0.000000 -0.035333
vn 0.093550 0.000000 -0.035333
vn 0.093550 0.000000 -0.035333
vn 0.093550 0.000000 -0.035333
vn 0.099299 0.000000 -0.011823
vn 0.099299 0.000000 -0.011823
vn 0.099231 0.000000 0.012379
vn 0.099231 0.000000 0.012379
vn 0.093351 0.000000 0.035856
vn 0.093351 0.000000 0.035856
vn 0.082002 0.000000 0.057233
vn 0.082002 0.000000 0.057233
vn 0.065850 0.000000 0.075258
vn 0.082002 0.000000 0.057233
vn 0.082002 0.000000 0.057233
vn 0.093351 0.000000 0.035856
vn 0.093351 0.000000 0.035856
vn 0.099231 0.000000 0.012379
vn 0.099231 0.000000 0.012379
vn 0.099299 0.000000 -0.011823
vn 0.099299 0.000000 -0.011823
vn 0.093550 0.000000 -0.035333
vn 0.093550 0.000000 -0.035333
vn 0.093550 0.000000 -0.035333
vn 0.093550 0.000000 -0.035333
vn 0.099299 0.000000 -0.011823
vn 0.099299 0.000000 -0.011823
vn 0.099231 0.000000 0.012379
vn 0.099231 0.000000 0.012379
vn 0.093351 0.000000 0.035856
vn 0.093351 0.000000 0.035856
vn 0.082002 0.000000 0.057233
vn 0.082002 0.000000 0.057233
vn 0.082002 0.000000 0.057233
vn 0.082002 0.000000 0.057233
vn 0.093351 0.000000 0.035856
vn 0.093351 0.000000 0.035856
vn 0.099231 0.000000 0.012379
vn 0.099231 0.000000 0.012379
vn 0.099299 0.000000 -0.011823
vn 0.099299 0.000000 -0.011823
vn 0.093550 0.000000 -0.035333
vn 0.093550 0.000000 -0.035333
vn 0.093550 0.000000 -0.035333
vn 0.093550 0.000000 -0.035333
vn 0.099299 0.000000 -0.011823
vn 0.099299 0.000000 -0.011823
vn 0.099231 0.000000 0.012379
vn 0.099231 0.000000 0.012379
vn 0.093351 0.000000 0.035856
vn 0.093351 0.000000 0.035856
vn 0.082002 0.000000 0.057233
vn 0.082002 0.000000 0.057233
vn 0.082002 0.000000 0.057233
vn 0.082002 0.000000 0.057233
vn 0.093351 0.000000 0.035856
vn 0.093351 0.000000 0.035856
vn 0.099231 0.000000 0.012379
vn 0.099231 0.000000 0.012379
vn 0.099299 0.000000 -0.011823
vn 0.099299 0.000000 -0.011823
vn 0.093550 0.000000 -0.035333
vn 0.093550 0.000000 -0.035333
vn 0.093550 0.000000 -0.035333
vn 0.093550 0.000000 -0.035333
vn 0.099299 0.000000 -0.011823
vn 0.099299 0.000000 -0.011823
vn 0.099231 0.000000 0.012379
vn 0.099231 0.000000 0.012379
vn 0.093351 0.000000 0.035856
vn 0.093351 0.000000 0.035856
vn 0.082002 0.000000 0.057233
vn 0.082002 0.000000 0.057233
vn 0.099299 0.000000 -0.011823
vn 0.099299 0.000000 -0.011823
vn 0.099231 0.000000 0.012379
vn 0.099231 0.000000 0.012379
vn 0.093351 0.000000 0.035856
vn 0.093351 0.000000 0.035856
vn 0.082002 0.000000 0.057233
vn 0.082002 0.000000 0.057233
vn 0.093351 0.000000 0.035856
vn 0.099231 0.000000 0.012379
vn 0.099299 0.000000 -0.011823
vn 0.093550 0.000000 -0.035333
vn 0.082002 0.000000 0.057233
vn 0.082002 0.000000 0.057233
vn 0.082002 0.000000 0.057233
vn 0.093351 0.000000 0.035856
vn 0.093351 0.000000 0.035856
vn 0.099231 0.000000 0.012379
vn 0.093351 0.000000 0.035856
vn 0.082002 0.000000 0.057233
vn 0.093351 0.000000 0.035856
vn 0.099231 0.000000 0.012379
vn 0.099299 0.000000 -0.011823
vn 0.093550 0.000000 -0.035333
vn 0.082002 0.000000 0.057233
vn 0.082002 0.000000 0.057233
vn 0.082002 0.000000 0.057233
vn 0.093351 0.000000 0.035856
vn 0.093351 0.000000 0.035856
vn 0.099231 0.000000 0.012379
vn 0.093351 0.000000 0.035856
vn 0.082002 0.000000 0.057233
vn 0.093351 0.000000 0.035856
vn 0.099231 0.000000 0.012379
vn 0.099299 0.000000 -0.011823
vn 0.093550 0.000000 -0.035333
vn 0.082002 0.000000 0.057233
vn 0.082002 0.000000 0.057233
vn 0.082002 0.000000 0.057233
vn 0.093351 0.000000 0.035856
vn 0.093351 0.000000 0.035856
vn 0.099231 0.000000 0.012379
vn 0.093351 0.000000 0.035856
vn 0.082002 0.000000 0.057233
vn 0.093351 0.000000 0.035856
vn 0.099231 0.000000 0.012379
vn 0.099299 0.000000 -0.011823
vn 0.093550 0.000000 -0.035333
vn 0.082002 0.000000 0.057233
vn 0.082002 0.000000 0.057233
vn 0.082002 0.000000 0.057233
vn 0.093351 0.000000 0.035856
vn 0.093351 0.000000 0.035856
vn 0.099231 0.000000 0.012379
vn 0.099231 0.000000 0.012379
vn 0.099299 0.000000 -0.011823
vn 0.099299 0.000000 -0.011823
vn 0.093550 0.000000 -0.035333
vn 0.093550 0.000000 -0.035333
vn 0.093351 0.000000 0.035856
vn 0.082002 0.000000 0.057233
vn 0.082002 0.000000 0.057233
vn 0.082002 0.000000 0.057233
vn 0.093351 0.000000 0.035856
vn 0.093351 0.000000 0.035856
vn 0.099231 0.000000 0.012379
vn 0.093351 0.000000 0.035856
vn 0.082002 0.000000 0.057233
vn 0.093351 0.000000 0.035856
vn 0.099231 0.000000 0.012379
vn 0.099299 0.000000 -0.011823
vn 0.093550 0.000000 -0.035333
vn 0.082002 0.000000 0.057233
vn 0.082002 0.000000 0.057233
vn 0.082002 0.000000 0.057233
vn 0.093351 0.000000 0.035856
vn 0.093351 0.000000 0.035856
vn 0.099231 0.000000 0.012379
vn 0.093351 0.000000 0.035856
vn 0.082002 0.000000 0.057233
vn 0.093351 0.000000 0.035856
vn 0.099231 0.000000 0.012379
vn 0.099299 0.000000 -0.011823
vn 0.093550 0.000000 -0.035333
vn 0.082002 0.000000 0.057233
vn 0.082002 0.000000 0.057233
vn 0.082002 0.000000 0.057233
vn 0.093351 0.000000 0.035856
vn 0.093351 0.000000 0.035856
vn 0.099231 0.000000 0.012379
vn 0.093351 0.000000 0.035856
vn 0.082002 0.000000 0.057233
vn 0.093351 0.000000 0.035856
vn 0.099231 0.000000 0.012379
vn 0.099299 0.000000 -0.011823
vn 0.093550 0.000000 -0.035333
vn 0.082002 0.000000 0.057233
vn 0.082002 0.000000 0.057233
vn 0.082002 0.000000 0.057233
vn 0.093351 0.000000 0.035856
vn 0.093351 0.000000 0.035856
vn 0.099231 0.000000 0.012379
vn 0.093351 0.000000 0.035856
vn 0.082002 0.000000 0.057233
vn 0.099231 0.000000 0.012379
vn 0.099299 0.000000 -0.011823
vn 0.093550 0.000000 -0.035333
vn 0.099231 0.000000 0.012379
vn 0.099231 0.000000 0.012379
vn 0.099299 0.000000 -0.011823
vn 0.093550 0.000000 -0.035333
vn 0.099231 0.000000 0.012379
vn 0.099231 0.000000 0.012379
vn 0.099299 0.000000 -0.011823
vn 0.093550 0.000000 -0.035333
vn 0.099231 0.000000 0.012379
vn 0.099231 0.000000 0.012379
vn 0.099299 0.000000 -0.011823
vn 0.093550 0.000000 -0.035333
vn 0.099231 0.000000 0.012379
vn 0.099231 0.000000 0.012379
vn 0.099231 0.000000 0.012379
vn 0.099299 0.000000 -0.011823
vn 0.093550 0.000000 -0.035333
vn 0.099231 0.000000 0.012379
vn 0.099231 0.000000 0.012379
vn 0.099299 0.000000 -0.011823
vn 0.093550 0.000000 -0.035333
vn 0.099231 0.000000 0.012379
vn 0.099231 0.000000 0.012379
vn 0.099299 0.000000 -0.011823
vn 0.093550 0.000000 -0.035333
vn 0.099231 0.000000 0.012379
vn 0.099299 0.000000 -0.011823
vn 0.093550 0.000000 -0.035333
vn 0.099299 0.000000 -0.011823
vn 0.099299 0.000000 -0.011823
vn 0.093550 0.000000 -0.035333
vn 0.099299 0.000000 -0.011823
vn 0.099299 0.000000 -0.011823
vn 0.093550 0.000000 -0.035333
vn 0.099299 0.000000 -0.011823
vn 0.099299 0.000000 -0.011823
vn 0.093550 0.000000 -0.035333
vn 0.099299 0.000000 -0.011823
vn 0.099299 0.000000 -0.011823
vn 0.099299 0.000000 -0.011823
vn 0.093550 0.000000 -0.035333
vn 0.099299 0.000000 -0.011823
vn 0.099299 0.000000 -0.011823
vn 0.093550 0.000000 -0.035333
vn 0.099299 0.000000 -0.011823
vn 0.099299 0.000000 -0.011823
vn 0.093550 0.000000 -0.035333
vn 0.099299 0.000000 -0.011823
vn 0.093550 0.000000 -0.035333
vn 0.093550 0.000000 -0.035333
vn 0.093550 0.000000 -0.035333
vn 0.093550 0.000000 -0.035333
vn 0.093550 0.000000 -0.035333
vn 0.093550 0.000000 -0.035333
vn 0.093550 0.000000 -0.035333
vn 0.093550 0.000000 -0.035333
vn 0.065850 0.000000 0.075258
vn 0.065850 0.000000 0.075258
vn 0.097740 0.000000 0.021138
vn 0.097740 0.000000 0.021138
vn 0.100000 0.000000 0.000000
vn 0.097740 0.000000 0.021138
vn 0.097740 0.000000 0.021138
vn 0.091063 0.000000 0.041322
vn 0.091063 0.000000 0.041322
vn 0.080271 0.000000 0.059637
vn 0.080271 0.000000 0.059637
vn 0.080271 0.000000 0.059637
vn 0.080271 0.000000 0.059637
vn 0.091063 0.000000 0.041322
vn 0.091063 0.000000 0.041322
vn 0.097740 0.000000 0.021138
vn 0.097740 0.000000 0.021138
vn 0.097740 0.000000 0.021138
vn 0.097740 0.000000 0.021138
vn 0.091063 0.000000 0.041322
vn 0.091063 0.000000 0.041322
vn 0.080271 0.000000 0.059637
vn 0.080271 0.000000 0.059637
vn 0.080271 0.000000 0.059637
vn 0.080271 0.000000 0.059637
vn 0.091063 0.000000 0.041322
vn 0.091063 0.000000 0.041322
vn 0.097740 0.000000 0.021138
vn 0.097740 0.000000 0.021138
vn 0.097740 0.000000 0.021138
vn 0.097740 0.000000 0.021138
vn 0.091063 0.000000 0.041322
vn 0.091063 0.000000 0.041322
vn 0.080271 0.000000 0.059637
vn 0.080271 0.000000 0.059637
vn 0.080271 0.000000 0.059637
vn 0.080271 0.000000 0.059637
vn 0.091063 0.000000 0.041322
vn 0.091063 0.000000 0.041322
vn 0.097740 0.000000 0.021138
vn 0.097740 0.000000 0.021138
vn 0.097740 0.000000 0.021138
vn 0.097740 0.000000 0.021138
vn 0.091063 0.000000 0.041322
vn 0.091063 0.000000 0.041322
vn 0.080271 0.000000 0.059637
vn 0.080271 0.000000 0.059637
vn 0.080271 0.000000 0.059637
vn 0.080271 0.000000 0.059637
vn 0.091063 0.000000 0.041322
vn 0.091063 0.000000 0.041322
vn 0.097740 0.000000 0.021138
vn 0.097740 0.000000 0.021138
vn 0.097740 0.000000 0.021138
vn 0.097740 0.000000 0.021138
vn 0.091063 0.000000 0.041322
vn 0.091063 0.000000 0.041322
vn 0.080271 0.000000 0.059637
vn 0.080271 0.000000 0.059637
vn 0.080271 0.000000 0.059637
vn 0.080271 0.000000 0.059637
vn 0.091063 0.000000 0.041322
vn 0.091063 0.000000 0.041322
vn 0.097740 0.000000 0.021138
vn 0.097740 0.000000 0.021138
vn 0.097740 0.000000 0.021138
vn 0.097740 0.000000 0.021138
vn 0.091063 0.000000 0.041322
vn 0.091063 0.000000 0.041322
vn 0.080271 0.000000 0.059637
vn 0.080271 0.000000 0.059637
vn 0.080271 0.000000 0.059637
vn 0.080271 0.000000 0.059637
vn 0.091063 0.000000 0.041322
vn 0.091063 0.000000 0.041322
vn 0.097740 0.000000 0.021138
vn 0.097740 0.000000 0.021138
vn 0.097740 0.000000 0.021138
vn 0.097740 0.000000 0.021138
vn 0.091063 0.000000 0.041322
vn 0.091063 0.000000 0.041322
vn 0.080271 0.000000 0.059637
vn 0.080271 0.000000 0.059637
vn 0.080271 0.000000 0.059637
vn 0.080271 0.000000 0.059637
vn 0.091063 0.000000 0.041322
vn 0.091063 0.000000 0.041322
vn 0.097740 0.000000 0.021138
vn 0.097740 0.000000 0.021138
vn 0.097740 0.000000 0.021138
vn 0.097740 0.000000 0.021138
vn 0.091063 0.000000 0.041322
vn 0.091063 0.000000 0.041322
vn 0.080271 0.000000 0.059637
vn 0.080271 0.000000 0.059637
vn 0.080271 0.000000 0.059637
vn 0.080271 0.000000 0.059637
vn 0.091063 0.000000 0.041322
vn 0.091063 0.000000 0.041322
vn 0.097740 0.000000 0.021138
vn 0.097740 0.000000 0.021138
vn 0.097740 0.000000 0.021138
vn 0.097740 0.000000 0.021138
vn 0.091063 0.000000 0.041322
vn 0.091063 0.000000 0.041322
vn 0.080271 0.000000 0.059637
vn 0.080271 0.000000 0.059637
vn 0.080271 0.000000 0.059637
vn 0.080271 0.000000 0.059637
vn 0.091063 0.000000 0.041322
vn 0.091063 0.000000 0.041322
vn 0.097740 0.000000 0.021138
vn 0.097740 0.000000 0.021138
vn 0.097740 0.000000 0.021138
vn 0.097740 0.000000 0.021138
vn 0.091063 0.000000 0.041322
vn 0.091063 0.000000 0.041322
vn 0.080271 0.000000 0.059637
vn 0.080271 0.000000 0.059637
vn 0.080271 0.000000 0.059637
vn 0.080271 0.000000 0.059637
vn 0.091063 0.000000 0.041322
vn 0.091063 0.000000 0.041322
vn 0.097740 0.000000 0.021138
vn 0.097740 0.000000 0.021138
vn 0.097740 0.000000 0.021138
vn 0.097740 0.000000 0.021138
vn 0.091063 0.000000 0.041322
vn 0.091063 0.000000 0.041322
vn 0.080271 0.000000 0.059637
vn 0.080271 0.000000 0.059637
vn 0.080271 0.000000 0.059637
vn 0.080271 0.000000 0.059637
vn 0.091063 0.000000 0.041322
vn 0.091063 0.000000 0.041322
vn 0.097740 0.000000 0.021138
vn 0.097740 0.000000 0.021138
vn 0.097740 0.000000 0.021138
vn 0.097740 0.000000 0.021138
vn 0.091063 0.000000 0.041322
vn 0.091063 0.000000 0.041322
vn 0.080271 0.000000 0.059637
vn 0.080271 0.000000 0.059637
vn 0.080271 0.000000 0.059637
vn 0.080271 0.000000 0.059637
vn 0.091063 0.000000 0.041322
vn 0.091063 0.000000 0.041322
vn 0.097740 0.000000 0.021138
vn 0.097740 0.000000 0.021138
vn 0.097740 0.000000 0.021138
vn 0.097740 0.000000 0.021138
vn 0.091063 0.000000 0.041322
vn 0.091063 0.000000 0.041322
vn 0.080271 0.000000 0.059637
vn 0.080271 0.000000 0.059637
vn 0.080271 0.000000 0.059637
vn 0.080271 0.000000 0.059637
vn 0.091063 0.000000 0.041322
vn 0.091063 0.000000 0.041322
vn 0.097740 0.000000 0.021138
vn 0.097740 0.000000 0.021138
vn 0.097740 0.000000 0.021138
vn 0.097740 0.000000 0.021138
vn 0.091063 0.000000 0.041322
vn 0.091063 0.000000 0.041322
vn 0.080271 0.000000 0.059637
vn 0.080271 0.000000 0.059637
vn 0.080271 0.000000 0.059637
vn 0.080271 0.000000 0.059637
vn 0.091063 0.000000 0.041322
vn 0.091063 0.000000 0.041322
vn 0.097740 0.000000 0.021138
vn 0.097740 0.000000 0.021138
vn 0.097740 0.000000 0.021138
vn 0.097740 0.000000 0.021138
vn 0.091063 0.000000 0.041322
vn 0.091063 0.000000 0.041322
vn 0.080271 0.000000 0.059637
vn 0.080271 0.000000 0.059637
vn 0.080271 0.000000 0.059637
vn 0.080271 0.000000 0.059637
vn 0.091063 0.000000 0.041322
vn 0.091063 0.000000 0.041322
vn 0.097740 0.000000 0.021138
vn 0.097740 0.000000 0.021138
vn 0.100000 0.000000 0.000000
vn 0.097740 0.000000 0.021138
vn 0.097740 0.000000 0.021138
vn 0.091063 0.000000 0.041322
vn 0.091063 0.000000 0.041322
vn 0.080271 0.000000 0.059637
vn 0.080271 0.000000 0.059637
vn 0.080271 0.000000 0.059637
vn 0.080271 0.000000 0.059637
vn 0.091063 0.000000 0.041322
vn 0.091063 0.000000 0.041322
vn 0.097740 0.000000 0.021138
vn 0.097740 0.000000 0.021138
vn 0.097740 0.000000 0.021138
vn 0.097740 0.000000 0.021138
vn 0.091063 0.000000 0.041322
vn 0.091063 0.000000 0.041322
vn 0.080271 0.000000 0.059637
vn 0.080271 0.000000 0.059637
vn 0.080271 0.000000 0.059637
vn 0.080271 0.000000 0.059637
vn 0.091063 0.000000 0.041322
vn 0.091063 0.000000 0.041322
vn 0.097740 0.000000 0.021138
vn 0.097740 0.000000 0.021138
vn 0.097740 0.000000 0.021138
vn 0.097740 0.000000 0.021138
vn 0.091063 0.000000 0.041322
vn 0.091063 0.000000 0.041322
vn 0.080271 0.000000 0.059637
vn 0.080271 0.000000 0.059637
vn 0.080271 0.000000 0.059637
vn 0.080271 0.000000 0.059637
vn 0.091063 0.000000 0.041322
vn 0.091063 0.000000 0.041322
vn 0.097740 0.000000 0.021138
vn 0.097740 0.000000 0.021138
vn 0.097740 0.000000 0.021138
vn 0.097740 0.000000 0.021138
vn 0.091063 0.000000 0.041322
vn 0.091063 0.000000 0.041322
vn 0.080271 0.000000 0.059637
vn 0.080271 0.000000 0.059637
vn 0.080271 0.000000 0.059637
vn 0.080271 0.000000 0.059637
vn 0.091063 0.000000 0.041322
vn 0.091063 0.000000 0.041322
vn 0.097740 0.000000 0.021138
vn 0.097740 0.000000 0.021138
vn 0.097740 0.000000 0.021138
vn 0.097740 0.000000 0.021138
vn 0.091063 0.000000 0.041322
vn 0.091063 0.000000 0.041322
vn 0.080271 0.000000 0.059637
vn 0.080271 0.000000 0.059637
vn 0.080271 0.000000 0.059637
vn 0.080271 0.000000 0.059637
vn 0.091063 0.000000 0.041322
vn 0.091063 0.000000 0.041322
vn 0.097740 0.000000 0.021138
vn 0.097740 0.000000 0.021138
vn 0.097740 0.000000 0.021138
vn 0.097740 0.000000 0.021138
vn 0.091063 0.000000 0.041322
vn 0.091063 0.000000 0.041322
vn 0.080271 0.000000 0.059637
vn 0.080271 0.000000 0.059637
vn 0.080271 0.000000 0.059637
vn 0.080271 0.000000 0.059637
vn 0.091063 0.000000 0.041322
vn 0.091063 0.000000 0.041322
vn 0.097740 0.000000 0.021138
vn 0.097740 0.000000 0.021138
vn 0.097740 0.000000 0.021138
vn 0.097740 0.000000 0.021138
vn 0.091063 0.000000 0.041322
vn 0.091063 0.000000 0.041322
vn 0.080271 0.000000 0.059637
vn 0.080271 0.000000 0.059637
vn 0.080271 0.000000 0.059637
vn 0.080271 0.000000 0.059637
vn 0.091063 0.000000 0.041322
vn 0.091063 0.000000 0.041322
vn 0.097740 0.000000 0.021138
vn 0.097740 0.000000 0.021138
vn 0.097740 0.000000 0.021138
vn 0.097740 0.000000 0.021138
vn 0.091063 0.000000 0.041322
vn 0.091063 0.000000 0.041322
vn 0.080271 0.000000 0.059637
vn 0.080271 0.000000 0.059637
vn 0.080271 0.000000 0.059637
vn 0.080271 0.000000 0.059637
vn 0.091063 0.000000 0.041322
vn 0.091063 0.000000 0.041322
vn 0.097740 0.000000 0.021138
vn 0.097740 0.000000 0.021138
vn 0.097740 0.000000 0.021138
vn 0.097740 0.000000 0.021138
vn 0.091063 0.000000 0.041322
vn 0.091063 0.000000 0.041322
vn 0.080271 0.000000 0.059637
vn 0.080271 0.000000 0.059637
vn 0.080271 0.000000 0.059637
vn 0.080271 0.000000 0.059637
vn 0.091063 0.000000 0.041322
vn 0.091063 0.000000 0.041322
vn 0.097740 0.000000 0.021138
vn 0.097740 0.000000 0.021138
vn 0.097740 0.000000 0.021138
vn 0.097740 0.000000 0.021138
vn 0.091063 0.000000 0.041322
vn 0.091063 0.000000 0.041322
vn 0.080271 0.000000 0.059637
vn 0.080271 0.000000 0.059637
vn 0.080271 0.000000 0.059637
vn 0.080271 0.000000 0.059637
vn 0.091063 0.000000 0.041322
vn 0.091063 0.000000 0.041322
vn 0.097740 0.000000 0.021138
vn 0.097740 0.000000 0.021138
vn 0.097740 0.000000 0.021138
vn 0.097740 0.000000 0.021138
vn 0.091063 0.000000 0.041322
vn 0.091063 0.000000 0.041322
vn 0.080271 0.000000 0.059637
vn 0.080271 0.000000 0.059637
vn 0.080271 0.000000 0.059637
vn 0.080271 0.000000 0.059637
vn 0.091063 0.000000 0.041322
vn 0.091063 0.000000 0.041322
vn 0.097740 0.000000 0.021138
vn 0.097740 0.000000 0.021138
vn 0.097740 0.000000 0.021138
vn 0.097740 0.000000 0.021138
vn 0.091063 0.000000 0.041322
vn 0.091063 0.000000 0.041322
vn 0.080271 0.000000 0.059637
vn 0.080271 0.000000 0.059637
vn 0.080271 0.000000 0.059637
vn 0.080271 0.000000 0.059637
vn 0.091063 0.000000 0.041322
vn 0.091063 0.000000 0.041322
vn 0.097740 0.000000 0.021138
vn 0.097740 0.000000 0.021138
vn 0.097740 0.000000 0.021138
vn 0.097740 0.000000 0.021138
vn 0.091063 0.000000 0.041322
vn 0.091063 0.000000 0.041322
vn 0.080271 0.000000 0.059637
vn 0.080271 0.000000 0.059637
vn 0.080271 0.000000 0.059637
vn 0.080271 0.000000 0.059637
vn 0.091063 0.000000 0.041322
vn 0.091063 0.000000 0.041322
vn 0.097740 0.000000 0.021138
vn 0.097740 0.000000 0.021138
vn 0.097740 0.000000 0.021138
vn 0.097740 0.000000 0.021138
vn 0.091063 0.000000 0.041322
vn 0.091063 0.000000 0.041322
vn 0.080271 0.000000 0.059637
vn 0.080271 0.000000 0.059637
vn 0.080271 0.000000 0.059637
vn 0.080271 0.000000 0.059637
vn 0.091063 0.000000 0.041322
vn 0.091063 0.000000 0.041322
vn 0.097740 0.000000 0.021138
vn 0.097740 0.000000 0.021138
vn 0.091063 0.000000 0.041322
vn 0.091063 0.000000 0.041322
vn 0.080271 0.000000 0.059637
vn 0.080271 0.000000 0.059637
vn 0.080271 0.000000 0.059637
vn 0.080271 0.000000 0.059637
vn 0.097740 0.000000 0.021138
vn 0.097740 0.000000 0.021138
vn 0.091063 0.000000 0.041322
vn 0.080271 0.000000 0.059637
vn 0.097740 0.000000 0.021138
vn 0.097740 0.000000 0.021138
vn 0.091063 0.000000 0.041322
vn 0.091063 0.000000 0.041322
vn 0.080271 0.000000 0.059637
vn 0.097740 0.000000 0.021138
vn 0.097740 0.000000 0.021138
vn 0.091063 0.000000 0.041322
vn 0.091063 0.000000 0.041322
vn 0.080271 0.000000 0.059637
vn 0.097740 0.000000 0.021138
vn 0.097740 0.000000 0.021138
vn 0.091063 0.000000 0.041322
vn 0.091063 0.000000 0.041322
vn 0.080271 0.000000 0.059637
vn 0.097740 0.000000 0.021138
vn 0.097740 0.000000 0.021138
vn 0.091063 0.000000 0.041322
vn 0.091063 0.000000 0.041322
vn 0.080271 0.000000 0.059637
vn 0.097740 0.000000 0.021138
vn 0.097740 0.000000 0.021138
vn 0.091063 0.000000 0.041322
vn 0.091063 0.000000 0.041322
vn 0.080271 0.000000 0.059637
vn 0.097740 0.000000 0.021138
vn 0.097740 0.000000 0.021138
vn 0.091063 0.000000 0.041322
vn 0.091063 0.000000 0.041322
vn 0.080271 0.000000 0.059637
vn 0.097740 0.000000 0.021138
vn 0.097740 0.000000 0.021138
vn 0.091063 0.000000 0.041322
vn 0.091063 0.000000 0.041322
vn 0.080271 0.000000 0.059637
vn 0.097740 0.000000 0.021138
vn 0.097740 0.000000 0.021138
vn 0.091063 0.000000 0.041322
vn 0.091063 0.000000 0.041322
vn 0.080271 0.000000 0.059637
vn 0.097740 0.000000 0.021138
vn 0.097740 0.000000 0.021138
vn 0.091063 0.000000 0.041322
vn 0.091063 0.000000 0.041322
vn 0.080271 0.000000 0.059637
vn 0.097740 0.000000 0.021138
vn 0.097740 0.000000 0.021138
vn 0.091063 0.000000 0.041322
vn 0.091063 0.000000 0.041322
vn 0.080271 0.000000 0.059637
vn 0.097740 0.000000 0.021138
vn 0.097740 0.000000 0.021138
vn 0.091063 0.000000 0.041322
vn 0.091063 0.000000 0.041322
vn 0.080271 0.000000 0.059637
vn 0.097740 0.000000 0.021138
vn 0.097740 0.000000 0.021138
vn 0.091063 0.000000 0.041322
vn 0.091063 0.000000 0.041322
vn 0.080271 0.000000 0.059637
vn 0.097740 0.000000 0.021138
vn 0.097740 0.000000 0.021138
vn 0.091063 0.000000 0.041322
vn 0.091063 0.000000 0.041322
vn 0.080271 0.000000 0.059637
vn 0.097740 0.000000 0.021138
vn 0.097740 0.000000 0.021138
vn 0.091063 0.000000 0.041322
vn 0.091063 0.000000 0.041322
vn 0.091063 0.000000 0.041322
vn 0.091063 0.000000 0.041322
vn 0.080271 0.000000 0.059637
vn 0.097740 0.000000 0.021138
vn 0.097740 0.000000 0.021138
vn 0.091063 0.000000 0.041322
vn 0.091063 0.000000 0.041322
vn 0.080271 0.000000 0.059637
vn 0.097740 0.000000 0.021138
vn 0.097740 0.000000 0.021138
vn 0.091063 0.000000 0.041322
vn 0.091063 0.000000 0.041322
vn 0.080271 0.000000 0.059637
vn 0.097740 0.000000 0.021138
vn 0.097740 0.000000 0.021138
vn 0.091063 0.000000 0.041322
vn 0.091063 0.000000 0.041322
vn 0.080271 0.000000 0.059637
vn 0.097740 0.000000 0.021138
vn 0.097740 0.000000 0.021138
vn 0.091063 0.000000 0.041322
vn 0.091063 0.000000 0.041322
vn 0.080271 0.000000 0.059637
vn 0.097740 0.000000 0.021138
vn 0.097740 0.000000 0.021138
vn 0.091063 0.000000 0.041322
vn 0.091063 0.000000 0.041322
vn 0.080271 0.000000 0.059637
vn 0.097740 0.000000 0.021138
vn 0.097740 0.000000 0.021138
vn 0.091063 0.000000 0.041322
vn 0.091063 0.000000 0.041322
vn 0.080271 0.000000 0.059637
vn 0.097740 0.000000 0.021138
vn 0.097740 0.000000 0.021138
vn 0.091063 0.000000 0.041322
vn 0.091063 0.000000 0.041322
vn 0.080271 0.000000 0.059637
vn 0.097740 0.000000 0.021138
vn 0.097740 0.000000 0.021138
vn 0.091063 0.000000 0.041322
vn 0.091063 0.000000 0.041322
vn 0.080271 0.000000 0.059637
vn 0.097740 0.000000 0.021138
vn 0.097740 0.000000 0.021138
vn 0.091063 0.000000 0.041322
vn 0.091063 0.000000 0.041322
vn 0.080271 0.000000 0.059637
vn 0.097740 0.000000 0.021138
vn 0.097740 0.000000 0.021138
vn 0.091063 0.000000 0.041322
vn 0.091063 0.000000 0.041322
vn 0.080271 0.000000 0.059637
vn 0.097740 0.000000 0.021138
vn 0.097740 0.000000 0.021138
vn 0.091063 0.000000 0.041322
vn 0.091063 0.000000 0.041322
vn 0.080271 0.000000 0.059637
vn 0.097740 0.000000 0.021138
vn 0.097740 0.000000 0.021138
vn 0.091063 0.000000 0.041322
vn 0.091063 0.000000 0.041322
vn 0.080271 0.000000 0.059637
vn 0.097740 0.000000 0.021138
vn 0.097740 0.000000 0.021138
vn 0.091063 0.000000 0.041322
vn 0.091063 0.000000 0.041322
vn 0.080271 0.000000 0.059637
vn 0.097740 0.000000 0.021138
vn 0.097740 0.000000 0.021138
vn 0.091063 0.000000 0.041322
vn 0.080271 0.000000 0.059637
vn 0.080271 0.000000 0.059637
vn 0.080271 0.000000 0.059637
vn 0.080271 0.000000 0.059637
vn 0.080271 0.000000 0.059637
vn 0.080271 0.000000 0.059637
vn 0.080271 0.000000 0.059637
vn 0.080271 0.000000 0.059637
vn 0.080271 0.000000 0.059637
vn 0.080271 0.000000 0.059637
vn 0.080271 0.000000 0.059637
vn 0.080271 0.000000 0.059637
vn 0.080271 0.000000 0.059637
vn 0.080271 0.000000 0.059637
vn 0.080271 0.000000 0.059637
vn 0.080271 0.000000 0.059637
vn 0.080271 0.000000 0.059637
vn 0.080271 0.000000 0.059637
vn 0.080271 0.000000 0.059637
vn 0.080271 0.000000 0.059637
vn 0.080271 0.000000 0.059637
vn 0.080271 0.000000 0.059637
vn 0.080271 0.000000 0.059637
vn 0.080271 0.000000 0.059637
vn 0.080271 0.000000 0.059637
vn 0.080271 0.000000 0.059637
vn 0.080271 0.000000 0.059637
vn 0.080271 0.000000 0.059637
vn 0.100000 0.000000 0.000000
vn 0.100000 0.000000 0.000000
vn 0.025882 0.000000 -0.096593
vn 0.025882 0.000000 -0.096593
vn -0.000000 -0.000000 -0.100000
vn 0.025882 0.000000 -0.096593
vn 0.025882 0.000000 -0.096593
vn 0.050000 0.000000 -0.086603
vn 0.050000 0.000000 -0.086603
vn 0.070711 0.000000 -0.070711
vn 0.070711 0.000000 -0.070711
vn 0.086603 0.000000 -0.050000
vn 0.086603 0.000000 -0.050000
vn 0.096593 0.000000 -0.025882
vn 0.096593 0.000000 -0.025882
vn 0.096593 0.000000 -0.025882
vn 0.096593 0.000000 -0.025882
vn 0.086603 0.000000 -0.050000
vn 0.086603 0.000000 -0.050000
vn 0.070711 0.000000 -0.070711
vn 0.070711 0.000000 -0.070711
vn 0.050000 0.000000 -0.086603
vn 0.050000 0.000000 -0.086603
vn 0.025882 0.000000 -0.096593
vn 0.025882 0.000000 -0.096593
vn 0.025882 0.000000 -0.096593
vn 0.025882 0.000000 -0.096593
vn 0.050000 0.000000 -0.086603
vn 0.050000 0.000000 -0.086603
vn 0.070711 0.000000 -0.070711
vn 0.070711 0.000000 -0.070711
vn 0.086603 0.000000 -0.050000
vn 0.086603 0.000000 -0.050000
vn 0.096593 0.000000 -0.025882
vn 0.096593 0.000000 -0.025882
vn 0.096593 0.000000 -0.025882
vn 0.096593 0.000000 -0.025882
vn 0.086603 0.000000 -0.050000
vn 0.086603 0.000000 -0.050000
vn 0.070711 0.000000 -0.070711
vn 0.070711 0.000000 -0.070711
vn 0.050000 0.000000 -0.086603
vn 0.050000 0.000000 -0.086603
vn 0.025882 0.000000 -0.096593
vn 0.025882 0.000000 -0.096593
vn 0.025882 0.000000 -0.096593
vn 0.025882 0.000000 -0.096593
vn 0.050000 0.000000 -0.086603
vn 0.050000 0.000000 -0.086603
vn 0.070711 0.000000 -0.070711
vn 0.070711 0.000000 -0.070711
vn 0.086603 0.000000 -0.050000
vn 0.086603 0.000000 -0.050000
vn 0.096593 0.000000 -0.025882
vn 0.096593 0.000000 -0.025882
vn 0.096593 0.000000 -0.025882
vn 0.096593 0.000000 -0.025882
vn 0.086603 0.000000 -0.050000
vn 0.086603 0.000000 -0.050000
vn 0.070711 0.000000 -0.070711
vn 0.070711 0.000000 -0.070711
vn 0.050000 0.000000 -0.086603
vn 0.050000 0.000000 -0.086603
vn 0.025882 0.000000 -0.096593
vn 0.025882 0.000000 -0.096593
vn 0.025882 0.000000 -0.096593
vn 0.025882 0.000000 -0.096593
vn 0.050000 0.000000 -0.086603
vn 0.050000 0.000000 -0.086603
vn 0.070711 0.000000 -0.070711
vn 0.070711 0.000000 -0.070711
vn 0.086603 0.000000 -0.050000
vn 0.086603 0.000000 -0.050000
vn 0.096593 0.000000 -0.025882
vn 0.096593 0.000000 -0.025882
vn 0.096593 0.000000 -0.025882
vn 0.096593 0.000000 -0.025882
vn 0.086603 0.000000 -0.050000
vn 0.086603 0.000000 -0.050000
vn 0.070711 0.000000 -0.070711
vn 0.070711 0.000000 -0.070711
vn 0.050000 0.000000 -0.086603
vn 0.050000 0.000000 -0.086603
vn 0.025882 0.000000 -0.096593
vn 0.025882 0.000000 -0.096593
vn 0.000000 0.000000 -0.100000
vn 0.025882 0.000000 -0.096593
vn 0.025882 0.000000 -0.096593
vn 0.050000 0.000000 -0.086603
vn 0.050000 0.000000 -0.086603
vn 0.070711 0.000000 -0.070711
vn 0.070711 0.000000 -0.070711
vn 0.086603 0.000000 -0.050000
vn 0.086603 0.000000 -0.050000
vn 0.096593 0.000000 -0.025882
vn 0.096593 0.000000 -0.025882
vn 0.096593 0.000000 -0.025882
vn 0.096593 0.000000 -0.025882
vn 0.086603 0.000000 -0.050000
vn 0.086603 0.000000 -0.050000
vn 0.070711 0.000000 -0.070711
vn 0.070711 0.000000 -0.070711
vn 0.050000 0.000000 -0.086603
vn 0.050000 0.000000 -0.086603
vn 0.025882 0.000000 -0.096593
vn 0.025882 0.000000 -0.096593
vn 0.025882 0.000000 -0.096593
vn 0.025882 0.000000 -0.096593
vn 0.050000 0.000000 -0.086603
vn 0.050000 0.000000 -0.086603
vn 0.070711 0.000000 -0.070711
vn 0.070711 0.000000 -0.070711
vn 0.086603 0.000000 -0.050000
vn 0.086603 0.000000 -0.050000
vn 0.096593 0.000000 -0.025882
vn 0.096593 0.000000 -0.025882
vn 0.096593 0.000000 -0.025882
vn 0.096593 0.000000 -0.025882
vn 0.086603 0.000000 -0.050000
vn 0.086603 0.000000 -0.050000
vn 0.070711 0.000000 -0.070711
vn 0.070711 0.000000 -0.070711
vn 0.050000 0.000000 -0.086603
vn 0.050000 0.000000 -0.086603
vn 0.025882 0.000000 -0.096593
vn 0.025882 0.000000 -0.096593
vn 0.025882 0.000000 -0.096593
vn 0.025882 0.000000 -0.096593
vn 0.050000 0.000000 -0.086603
vn 0.050000 0.000000 -0.086603
vn 0.070711 0.000000 -0.070711
vn 0.070711 0.000000 -0.070711
vn 0.086603 0.000000 -0.050000
vn 0.086603 0.000000 -0.050000
vn 0.096593 0.000000 -0.025882
vn 0.096593 0.000000 -0.025882
vn 0.096593 0.000000 -0.025882
vn 0.096593 0.000000 -0.025882
vn 0.086603 0.000000 -0.050000
vn 0.086603 0.000000 -0.050000
vn 0.070711 0.000000 -0.070711
vn 0.070711 0.000000 -0.070711
vn 0.050000 0.000000 -0.086603
vn 0.050000 0.000000 -0.086603
vn 0.025882 0.000000 -0.096593
vn 0.025882 0.000000 -0.096593
vn 0.050000 0.000000 -0.086603
vn 0.050000 0.000000 -0.086603
vn 0.070711 0.000000 -0.070711
vn 0.070711 0.000000 -0.070711
vn 0.086603 0.000000 -0.050000
vn 0.086603 0.000000 -0.050000
vn 0.096593 0.000000 -0.025882
vn 0.096593 0.000000 -0.025882
vn 0.096593 0.000000 -0.025882
vn 0.096593 0.000000 -0.025882
vn 0.096593 0.000000 -0.025882
vn 0.086603 0.000000 -0.050000
vn 0.025882 0.000000 -0.096593
vn 0.025882 0.000000 -0.096593
vn 0.025882 0.000000 -0.096593
vn 0.050000 0.000000 -0.086603
vn 0.050000 0.000000 -0.086603
vn 0.070711 0.000000 -0.070711
vn 0.086603 0.000000 -0.050000
vn 0.096593 0.000000 -0.025882
vn 0.025882 0.000000 -0.096593
vn 0.025882 0.000000 -0.096593
vn 0.025882 0.000000 -0.096593
vn 0.050000 0.000000 -0.086603
vn 0.050000 0.000000 -0.086603
vn 0.070711 0.000000 -0.070711
vn 0.050000 0.000000 -0.086603
vn 0.025882 0.000000 -0.096593
vn 0.050000 0.000000 -0.086603
vn 0.070711 0.000000 -0.070711
vn 0.086603 0.000000 -0.050000
vn 0.096593 0.000000 -0.025882
vn 0.025882 0.000000 -0.096593
vn 0.025882 0.000000 -0.096593
vn 0.025882 0.000000 -0.096593
vn 0.050000 0.000000 -0.086603
vn 0.050000 0.000000 -0.086603
vn 0.070711 0.000000 -0.070711
vn 0.050000 0.000000 -0.086603
vn 0.025882 0.000000 -0.096593
vn 0.050000 0.000000 -0.086603
vn 0.070711 0.000000 -0.070711
vn 0.086603 0.000000 -0.050000
vn 0.096593 0.000000 -0.025882
vn 0.025882 0.000000 -0.096593
vn 0.025882 0.000000 -0.096593
vn 0.025882 0.000000 -0.096593
vn 0.050000 0.000000 -0.086603
vn 0.050000 0.000000 -0.086603
vn 0.070711 0.000000 -0.070711
vn 0.050000 0.000000 -0.086603
vn 0.025882 0.000000 -0.096593
vn 0.050000 0.000000 -0.086603
vn 0.070711 0.000000 -0.070711
vn 0.025882 0.000000 -0.096593
vn 0.050000 0.000000 -0.086603
vn 0.050000 0.000000 -0.086603
vn 0.070711 0.000000 -0.070711
vn 0.050000 0.000000 -0.086603
vn 0.070711 0.000000 -0.070711
vn 0.086603 0.000000 -0.050000
vn 0.096593 0.000000 -0.025882
vn 0.025882 0.000000 -0.096593
vn 0.025882 0.000000 -0.096593
vn 0.025882 0.000000 -0.096593
vn 0.050000 0.000000 -0.086603
vn 0.050000 0.000000 -0.086603
vn 0.070711 0.000000 -0.070711
vn 0.050000 0.000000 -0.086603
vn 0.025882 0.000000 -0.096593
vn 0.050000 0.000000 -0.086603
vn 0.070711 0.000000 -0.070711
vn 0.086603 0.000000 -0.050000
vn 0.096593 0.000000 -0.025882
vn 0.025882 0.000000 -0.096593
vn 0.025882 0.000000 -0.096593
vn 0.025882 0.000000 -0.096593
vn 0.050000 0.000000 -0.086603
vn 0.050000 0.000000 -0.086603
vn 0.070711 0.000000 -0.070711
vn 0.050000 0.000000 -0.086603
vn 0.025882 0.000000 -0.096593
vn 0.050000 0.000000 -0.086603
vn 0.070711 0.000000 -0.070711
vn 0.086603 0.000000 -0.050000
vn 0.096593 0.000000 -0.025882
vn 0.025882 0.000000 -0.096593
vn 0.025882 0.000000 -0.096593
vn 0.025882 0.000000 -0.096593
vn 0.050000 0.000000 -0.086603
vn 0.050000 0.000000 -0.086603
vn 0.070711 0.000000 -0.070711
vn 0.050000 0.000000 -0.086603
vn 0.025882 0.000000 -0.096593
vn 0.070711 0.000000 -0.070711
vn 0.086603 0.000000 -0.050000
vn 0.096593 0.000000 -0.025882
vn 0.070711 0.000000 -0.070711
vn 0.070711 0.000000 -0.070711
vn 0.086603 0.000000 -0.050000
vn 0.096593 0.000000 -0.025882
vn 0.070711 0.000000 -0.070711
vn 0.070711 0.000000 -0.070711
vn 0.086603 0.000000 -0.050000
vn 0.096593 0.000000 -0.025882
vn 0.070711 0.000000 -0.070711
vn 0.070711 0.000000 -0.070711
vn 0.086603 0.000000 -0.050000
vn 0.096593 0.000000 -0.025882
vn 0.070711 0.000000 -0.070711
vn 0.070711 0.000000 -0.070711
vn 0.086603 0.000000 -0.050000
vn 0.096593 0.000000 -0.025882
vn 0.070711 0.000000 -0.070711
vn 0.070711 0.000000 -0.070711
vn 0.086603 0.000000 -0.050000
vn 0.096593 0.000000 -0.025882
vn 0.070711 0.000000 -0.070711
vn 0.070711 0.000000 -0.070711
vn 0.086603 0.000000 -0.050000
vn 0.096593 0.000000 -0.025882
vn 0.070711 0.000000 -0.070711
vn 0.086603 0.000000 -0.050000
vn 0.096593 0.000000 -0.025882
vn 0.086603 0.000000 -0.050000
vn 0.086603 0.000000 -0.050000
vn 0.096593 0.000000 -0.025882
vn 0.086603 0.000000 -0.050000
vn 0.086603 0.000000 -0.050000
vn 0.096593 0.000000 -0.025882
vn 0.086603 0.000000 -0.050000
vn 0.086603 0.000000 -0.050000
vn 0.086603 0.000000 -0.050000
vn 0.086603 0.000000 -0.050000
vn 0.096593 0.000000 -0.025882
vn 0.086603 0.000000 -0.050000
vn 0.086603 0.000000 -0.050000
vn 0.096593 0.000000 -0.025882
vn 0.086603 0.000000 -0.050000
vn 0.086603 0.000000 -0.050000
vn 0.096593 0.000000 -0.025882
vn 0.086603 0.000000 -0.050000
vn 0.096593 0.000000 -0.025882
vn 0.096593 0.000000 -0.025882
vn 0.096593 0.000000 -0.025882
vn 0.096593 0.000000 -0.025882
vn 0.096593 0.000000 -0.025882
vn 0.096593 0.000000 -0.025882
vn -0.082321 -0.000000 -0.056773
vn -0.082321 -0.000000 -0.056773
vn 0.000000 0.000000 -0.100000
vn 0.000000 0.000000 -0.100000
vn 0.100000 0.000000 0.000000
vn 0.100000 0.000000 0.000000
vn 0.100000 0.000000 0.000000
vn 0.100000 0.000000 0.000000
vn 0.000000 -0.000000 0.100000
vn 0.000000 -0.000000 0.100000
vn 0.000000 -0.000000 0.100000
vn 0.000000 -0.000000 0.100000
vn -0.100000 -0.000000 -0.000000
vn -0.100000 -0.000000 -0.000000
vn -0.100000 -0.000000 -0.000000
vn -0.100000 -0.000000 -0.000000
vn 0.000000 0.000000 -0.100000
vn 0.000000 0.000000 -0.100000
vn 0.000000 0.000000 -0.100000
vn 0.000000 0.000000 -0.100000
vn -0.096593 -0.000000 -0.025882
vn -0.096593 -0.000000 -0.025882
vn -0.100000 -0.000000 0.000000
vn -0.096593 -0.000000 -0.025882
vn -0.096593 -0.000000 -0.025882
vn -0.086603 -0.000000 -0.050000
vn -0.086603 -0.000000 -0.050000
vn -0.070711 -0.000000 -0.070711
vn -0.070711 -0.000000 -0.070711
vn -0.050000 -0.000000 -0.086603
vn -0.050000 -0.000000 -0.086603
vn -0.025882 -0.000000 -0.096593
vn -0.025882 -0.000000 -0.096593
vn -0.025882 -0.000000 -0.096593
vn -0.025882 -0.000000 -0.096593
vn -0.050000 -0.000000 -0.086603
vn -0.050000 -0.000000 -0.086603
vn -0.070711 -0.000000 -0.070711
vn -0.070711 -0.000000 -0.070711
vn -0.086603 -0.000000 -0.050000
vn -0.086603 -0.000000 -0.050000
vn -0.096593 -0.000000 -0.025882
vn -0.096593 -0.000000 -0.025882
vn -0.096593 -0.000000 -0.025882
vn -0.096593 -0.000000 -0.025882
vn -0.086603 -0.000000 -0.050000
vn -0.086603 -0.000000 -0.050000
vn -0.070711 -0.000000 -0.070711
vn -0.070711 -0.000000 -0.070711
vn -0.050000 -0.000000 -0.086603
vn -0.050000 -0.000000 -0.086603
vn -0.025882 -0.000000 -0.096593
vn -0.025882 -0.000000 -0.096593
vn -0.025882 -0.000000 -0.096593
vn -0.025882 -0.000000 -0.096593
vn -0.050000 -0.000000 -0.086603
vn -0.050000 -0.000000 -0.086603
vn -0.070711 -0.000000 -0.070711
vn -0.070711 -0.000000 -0.070711
vn -0.086603 -0.000000 -0.050000
vn -0.086603 -0.000000 -0.050000
vn -0.096593 -0.000000 -0.025882
vn -0.096593 -0.000000 -0.025882
vn -0.096593 -0.000000 -0.025882
vn -0.096593 -0.000000 -0.025882
vn -0.086603 -0.000000 -0.050000
vn -0.086603 -0.000000 -0.050000
vn -0.070711 -0.000000 -0.070711
vn -0.070711 -0.000000 -0.070711
vn -0.050000 -0.000000 -0.086603
vn -0.050000 -0.000000 -0.086603
vn -0.025882 -0.000000 -0.096593
vn -0.025882 -0.000000 -0.096593
vn -0.025882 -0.000000 -0.096593
vn -0.025882 -0.000000 -0.096593
vn -0.050000 -0.000000 -0.086603
vn -0.050000 -0.000000 -0.086603
vn -0.070711 -0.000000 -0.070711
vn -0.070711 -0.000000 -0.070711
vn -0.086603 -0.000000 -0.050000
vn -0.086603 -0.000000 -0.050000
vn -0.096593 -0.000000 -0.025882
vn -0.096593 -0.000000 -0.025882
vn -0.096593 -0.000000 -0.025882
vn -0.096593 -0.000000 -0.025882
vn -0.086603 -0.000000 -0.050000
vn -0.086603 -0.000000 -0.050000
vn -0.070711 -0.000000 -0.070711
vn -0.070711 -0.000000 -0.070711
vn -0.050000 -0.000000 -0.086603
vn -0.050000 -0.000000 -0.086603
vn -0.025882 -0.000000 -0.096593
vn -0.025882 -0.000000 -0.096593
vn -0.025882 -0.000000 -0.096593
vn -0.025882 -0.000000 -0.096593
vn -0.050000 -0.000000 -0.086603
vn -0.050000 -0.000000 -0.086603
vn -0.070711 -0.000000 -0.070711
vn -0.070711 -0.000000 -0.070711
vn -0.086603 -0.000000 -0.050000
vn -0.086603 -0.000000 -0.050000
vn -0.096593 -0.000000 -0.025882
vn -0.096593 -0.000000 -0.025882
vn -0.100000 -0.000000 0.000000
vn -0.096593 -0.000000 -0.025882
vn -0.096593 -0.000000 -0.025882
vn -0.086603 -0.000000 -0.050000
vn -0.086603 -0.000000 -0.050000
vn -0.070711 -0.000000 -0.070711
vn -0.070711 -0.000000 -0.070711
vn -0.050000 -0.000000 -0.086603
vn -0.050000 -0.000000 -0.086603
vn -0.025882 -0.000000 -0.096593
vn -0.025882 -0.000000 -0.096593
vn -0.025882 -0.000000 -0.096593
vn -0.025882 -0.000000 -0.096593
vn -0.050000 -0.000000 -0.086603
vn -0.050000 -0.000000 -0.086603
vn -0.070711 -0.000000 -0.070711
vn -0.070711 -0.000000 -0.070711
vn -0.086603 -0.000000 -0.050000
vn -0.086603 -0.000000 -0.050000
vn -0.096593 -0.000000 -0.025882
vn -0.096593 -0.000000 -0.025882
vn -0.096593 -0.000000 -0.025882
vn -0.096593 -0.000000 -0.025882
vn -0.086603 -0.000000 -0.050000
vn -0.086603 -0.000000 -0.050000
vn -0.070711 -0.000000 -0.070711
vn -0.070711 -0.000000 -0.070711
vn -0.050000 -0.000000 -0.086603
vn -0.050000 -0.000000 -0.086603
vn -0.025882 -0.000000 -0.096593
vn -0.025882 -0.000000 -0.096593
vn -0.025882 -0.000000 -0.096593
vn -0.025882 -0.000000 -0.096593
vn -0.050000 -0.000000 -0.086603
vn -0.050000 -0.000000 -0.086603
vn -0.070711 -0.000000 -0.070711
vn -0.070711 -0.000000 -0.070711
vn -0.086603 -0.000000 -0.050000
vn -0.086603 -0.000000 -0.050000
vn -0.096593 -0.000000 -0.025882
vn -0.096593 -0.000000 -0.025882
vn -0.096593 -0.000000 -0.025882
vn -0.096593 -0.000000 -0.025882
vn -0.086603 -0.000000 -0.050000
vn -0.086603 -0.000000 -0.050000
vn -0.070711 -0.000000 -0.070711
vn -0.070711 -0.000000 -0.070711
vn -0.050000 -0.000000 -0.086603
vn -0.050000 -0.000000 -0.086603
vn -0.025882 -0.000000 -0.096593
vn -0.025882 -0.000000 -0.096593
vn -0.025882 -0.000000 -0.096593
vn -0.025882 -0.000000 -0.096593
vn -0.050000 -0.000000 -0.086603
vn -0.050000 -0.000000 -0.086603
vn -0.070711 -0.000000 -0.070711
vn -0.070711 -0.000000 -0.070711
vn -0.086603 -0.000000 -0.050000
vn -0.086603 -0.000000 -0.050000
vn -0.096593 -0.000000 -0.025882
vn -0.096593 -0.000000 -0.025882
vn -0.086603 -0.000000 -0.050000
vn -0.086603 -0.000000 -0.050000
vn -0.070711 -0.000000 -0.070711
vn -0.070711 -0.000000 -0.070711
vn -0.050000 -0.000000 -0.086603
vn -0.050000 -0.000000 -0.086603
vn -0.025882 -0.000000 -0.096593
vn -0.025882 -0.000000 -0.096593
vn -0.025882 -0.000000 -0.096593
vn -0.025882 -0.000000 -0.096593
vn -0.025882 -0.000000 -0.096593
vn -0.050000 -0.000000 -0.086603
vn -0.096593 -0.000000 -0.025882
vn -0.096593 -0.000000 -0.025882
vn -0.096593 -0.000000 -0.025882
vn -0.086603 -0.000000 -0.050000
vn -0.086603 -0.000000 -0.050000
vn -0.070711 -0.000000 -0.070711
vn -0.050000 -0.000000 -0.086603
vn -0.025882 -0.000000 -0.096593
vn -0.096593 -0.000000 -0.025882
vn -0.096593 -0.000000 -0.025882
vn -0.096593 -0.000000 -0.025882
vn -0.086603 -0.000000 -0.050000
vn -0.086603 -0.000000 -0.050000
vn -0.070711 -0.000000 -0.070711
vn -0.086603 -0.000000 -0.050000
vn -0.096593 -0.000000 -0.025882
vn -0.086603 -0.000000 -0.050000
vn -0.070711 -0.000000 -0.070711
vn -0.050000 -0.000000 -0.086603
vn -0.025882 -0.000000 -0.096593
vn -0.096593 -0.000000 -0.025882
vn -0.096593 -0.000000 -0.025882
vn -0.096593 -0.000000 -0.025882
vn -0.086603 -0.000000 -0.050000
vn -0.086603 -0.000000 -0.050000
vn -0.070711 -0.000000 -0.070711
vn -0.086603 -0.000000 -0.050000
vn -0.096593 -0.000000 -0.025882
vn -0.086603 -0.000000 -0.050000
vn -0.070711 -0.000000 -0.070711
vn -0.050000 -0.000000 -0.086603
vn -0.025882 -0.000000 -0.096593
vn -0.096593 -0.000000 -0.025882
vn -0.096593 -0.000000 -0.025882
vn -0.096593 -0.000000 -0.025882
vn -0.086603 -0.000000 -0.050000
vn -0.086603 -0.000000 -0.050000
vn -0.070711 -0.000000 -0.070711
vn -0.086603 -0.000000 -0.050000
vn -0.096593 -0.000000 -0.025882
vn -0.086603 -0.000000 -0.050000
vn -0.070711 -0.000000 -0.070711
vn -0.096593 -0.000000 -0.025882
vn -0.086603 -0.000000 -0.050000
vn -0.086603 -0.000000 -0.050000
vn -0.070711 -0.000000 -0.070711
vn -0.086603 -0.000000 -0.050000
vn -0.070711 -0.000000 -0.070711
vn -0.050000 -0.000000 -0.086603
vn -0.025882 -0.000000 -0.096593
vn -0.096593 -0.000000 -0.025882
vn -0.096593 -0.000000 -0.025882
vn -0.096593 -0.000000 -0.025882
vn -0.086603 -0.000000 -0.050000
vn -0.086603 -0.000000 -0.050000
vn -0.070711 -0.000000 -0.070711
vn -0.086603 -0.000000 -0.050000
vn -0.096593 -0.000000 -0.025882
vn -0.086603 -0.000000 -0.050000
vn -0.070711 -0.000000 -0.070711
vn -0.050000 -0.000000 -0.086603
vn -0.025882 -0.000000 -0.096593
vn -0.096593 -0.000000 -0.025882
vn -0.096593 -0.000000 -0.025882
vn -0.096593 -0.000000 -0.025882
vn -0.086603 -0.000000 -0.050000
vn -0.086603 -0.000000 -0.050000
vn -0.070711 -0.000000 -0.070711
vn -0.086603 -0.000000 -0.050000
vn -0.096593 -0.000000 -0.025882
vn -0.086603 -0.000000 -0.050000
vn -0.070711 -0.000000 -0.070711
vn -0.050000 -0.000000 -0.086603
vn -0.025882 -0.000000 -0.096593
vn -0.096593 -0.000000 -0.025882
vn -0.096593 -0.000000 -0.025882
vn -0.096593 -0.000000 -0.025882
vn -0.086603 -0.000000 -0.050000
vn -0.086603 -0.000000 -0.050000
vn -0.070711 -0.000000 -0.070711
vn -0.086603 -0.000000 -0.050000
vn -0.096593 -0.000000 -0.025882
vn -0.070711 -0.000000 -0.070711
vn -0.050000 -0.000000 -0.086603
vn -0.025882 -0.000000 -0.096593
vn -0.070711 -0.000000 -0.070711
vn -0.070711 -0.000000 -0.070711
vn -0.050000 -0.000000 -0.086603
vn -0.025882 -0.000000 -0.096593
vn -0.070711 -0.000000 -0.070711
vn -0.070711 -0.000000 -0.070711
vn -0.050000 -0.000000 -0.086603
vn -0.025882 -0.000000 -0.096593
vn -0.070711 -0.000000 -0.070711
vn -0.070711 -0.000000 -0.070711
vn -0.050000 -0.000000 -0.086603
vn -0.025882 -0.000000 -0.096593
vn -0.070711 -0.000000 -0.070711
vn -0.070711 -0.000000 -0.070711
vn -0.050000 -0.000000 -0.086603
vn -0.025882 -0.000000 -0.096593
vn -0.070711 -0.000000 -0.070711
vn -0.070711 -0.000000 -0.070711
vn -0.050000 -0.000000 -0.086603
vn -0.025882 -0.000000 -0.096593
vn -0.070711 -0.000000 -0.070711
vn -0.070711 -0.000000 -0.070711
vn -0.050000 -0.000000 -0.086603
vn -0.025882 -0.000000 -0.096593
vn -0.070711 -0.000000 -0.070711
vn -0.050000 -0.000000 -0.086603
vn -0.025882 -0.000000 -0.096593
vn -0.050000 -0.000000 -0.086603
vn -0.050000 -0.000000 -0.086603
vn -0.025882 -0.000000 -0.096593
vn -0.050000 -0.000000 -0.086603
vn -0.050000 -0.000000 -0.086603
vn -0.025882 -0.000000 -0.096593
vn -0.050000 -0.000000 -0.086603
vn -0.050000 -0.000000 -0.086603
vn -0.050000 -0.000000 -0.086603
vn -0.050000 -0.000000 -0.086603
vn -0.025882 -0.000000 -0.096593
vn -0.050000 -0.000000 -0.086603
vn -0.050000 -0.000000 -0.086603
vn -0.025882 -0.000000 -0.096593
vn -0.050000 -0.000000 -0.086603
vn -0.050000 -0.000000 -0.086603
vn -0.025882 -0.000000 -0.096593
vn -0.050000 -0.000000 -0.086603
vn -0.025882 -0.000000 -0.096593
vn -0.025882 -0.000000 -0.096593
vn -0.025882 -0.000000 -0.096593
vn -0.025882 -0.000000 -0.096593
vn -0.025882 -0.000000 -0.096593
vn -0.025882 -0.000000 -0.096593
vn -0.100000 -0.000000 0.000000
vn -0.100000 -0.000000 0.000000
vn -0.080271 -0.000000 0.059637
vn -0.080271 -0.000000 0.059637
vn -0.065850 -0.000000 0.075258
vn -0.080271 -0.000000 0.059637
vn -0.080271 -0.000000 0.059637
vn -0.091063 -0.000000 0.041322
vn -0.091063 -0.000000 0.041322
vn -0.097740 -0.000000 0.021138
vn -0.097740 -0.000000 0.021138
vn -0.097740 -0.000000 0.021138
vn -0.097740 -0.000000 0.021138
vn -0.091063 -0.000000 0.041322
vn -0.091063 -0.000000 0.041322
vn -0.080271 -0.000000 0.059637
vn -0.080271 -0.000000 0.059637
vn -0.080271 -0.000000 0.059637
vn -0.080271 -0.000000 0.059637
vn -0.091063 -0.000000 0.041322
vn -0.091063 -0.000000 0.041322
vn -0.097740 -0.000000 0.021138
vn -0.097740 -0.000000 0.021138
vn -0.097740 -0.000000 0.021138
vn -0.097740 -0.000000 0.021138
vn -0.091063 -0.000000 0.041322
vn -0.091063 -0.000000 0.041322
vn -0.080271 -0.000000 0.059637
vn -0.080271 -0.000000 0.059637
vn -0.080271 -0.000000 0.059637
vn -0.080271 -0.000000 0.059637
vn -0.091063 -0.000000 0.041322
vn -0.091063 -0.000000 0.041322
vn -0.097740 -0.000000 0.021138
vn -0.097740 -0.000000 0.021138
vn -0.097740 -0.000000 0.021138
vn -0.097740 -0.000000 0.021138
vn -0.091063 -0.000000 0.041322
vn -0.091063 -0.000000 0.041322
vn -0.080271 -0.000000 0.059637
vn -0.080271 -0.000000 0.059637
vn -0.080271 -0.000000 0.059637
vn -0.080271 -0.000000 0.059637
vn -0.091063 -0.000000 0.041322
vn -0.091063 -0.000000 0.041322
vn -0.097740 -0.000000 0.021138
vn -0.097740 -0.000000 0.021138
vn -0.097740 -0.000000 0.021138
vn -0.097740 -0.000000 0.021138
vn -0.091063 -0.000000 0.041322
vn -0.091063 -0.000000 0.041322
vn -0.080271 -0.000000 0.059637
vn -0.080271 -0.000000 0.059637
vn -0.080271 -0.000000 0.059637
vn -0.080271 -0.000000 0.059637
vn -0.091063 -0.000000 0.041322
vn -0.091063 -0.000000 0.041322
vn -0.097740 -0.000000 0.021138
vn -0.097740 -0.000000 0.021138
vn -0.097740 -0.000000 0.021138
vn -0.097740 -0.000000 0.021138
vn -0.091063 -0.000000 0.041322
vn -0.091063 -0.000000 0.041322
vn -0.080271 -0.000000 0.059637
vn -0.080271 -0.000000 0.059637
vn -0.080271 -0.000000 0.059637
vn -0.080271 -0.000000 0.059637
vn -0.091063 -0.000000 0.041322
vn -0.091063 -0.000000 0.041322
vn -0.097740 -0.000000 0.021138
vn -0.097740 -0.000000 0.021138
vn -0.097740 -0.000000 0.021138
vn -0.097740 -0.000000 0.021138
vn -0.091063 -0.000000 0.041322
vn -0.091063 -0.000000 0.041322
vn -0.080271 -0.000000 0.059637
vn -0.080271 -0.000000 0.059637
vn -0.080271 -0.000000 0.059637
vn -0.080271 -0.000000 0.059637
vn -0.091063 -0.000000 0.041322
vn -0.091063 -0.000000 0.041322
vn -0.097740 -0.000000 0.021138
vn -0.097740 -0.000000 0.021138
vn -0.097740 -0.000000 0.021138
vn -0.097740 -0.000000 0.021138
vn -0.091063 -0.000000 0.041322
vn -0.091063 -0.000000 0.041322
vn -0.080271 -0.000000 0.059637
vn -0.080271 -0.000000 0.059637
vn -0.080271 -0.000000 0.059637
vn -0.080271 -0.000000 0.059637
vn -0.091063 -0.000000 0.041322
vn -0.091063 -0.000000 0.041322
vn -0.097740 -0.000000 0.021138
vn -0.097740 -0.000000 0.021138
vn -0.097740 -0.000000 0.021138
vn -0.097740 -0.000000 0.021138
vn -0.091063 -0.000000 0.041322
vn -0.091063 -0.000000 0.041322
vn -0.080271 -0.000000 0.059637
vn -0.080271 -0.000000 0.059637
vn -0.080271 -0.000000 0.059637
vn -0.080271 -0.000000 0.059637
vn -0.091063 -0.000000 0.041322
vn -0.091063 -0.000000 0.041322
vn -0.097740 -0.000000 0.021138
vn -0.097740 -0.000000 0.021138
vn -0.097740 -0.000000 0.021138
vn -0.097740 -0.000000 0.021138
vn -0.091063 -0.000000 0.041322
vn -0.091063 -0.000000 0.041322
vn -0.080271 -0.000000 0.059637
vn -0.080271 -0.000000 0.059637
vn -0.080271 -0.000000 0.059637
vn -0.080271 -0.000000 0.059637
vn -0.091063 -0.000000 0.041322
vn -0.091063 -0.000000 0.041322
vn -0.097740 -0.000000 0.021138
vn -0.097740 -0.000000 0.021138
vn -0.097740 -0.000000 0.021138
vn -0.097740 -0.000000 0.021138
vn -0.091063 -0.000000 0.041322
vn -0.091063 -0.000000 0.041322
vn -0.080271 -0.000000 0.059637
vn -0.080271 -0.000000 0.059637
vn -0.080271 -0.000000 0.059637
vn -0.080271 -0.000000 0.059637
vn -0.091063 -0.000000 0.041322
vn -0.091063 -0.000000 0.041322
vn -0.097740 -0.000000 0.021138
vn -0.097740 -0.000000 0.021138
vn -0.097740 -0.000000 0.021138
vn -0.097740 -0.000000 0.021138
vn -0.091063 -0.000000 0.041322
vn -0.091063 -0.000000 0.041322
vn -0.080271 -0.000000 0.059637
vn -0.080271 -0.000000 0.059637
vn -0.080271 -0.000000 0.059637
vn -0.080271 -0.000000 0.059637
vn -0.091063 -0.000000 0.041322
vn -0.091063 -0.000000 0.041322
vn -0.097740 -0.000000 0.021138
vn -0.097740 -0.000000 0.021138
vn -0.097740 -0.000000 0.021138
vn -0.097740 -0.000000 0.021138
vn -0.091063 -0.000000 0.041322
vn -0.091063 -0.000000 0.041322
vn -0.080271 -0.000000 0.059637
vn -0.080271 -0.000000 0.059637
vn -0.080271 -0.000000 0.059637
vn -0.080271 -0.000000 0.059637
vn -0.091063 -0.000000 0.041322
vn -0.091063 -0.000000 0.041322
vn -0.097740 -0.000000 0.021138
vn -0.097740 -0.000000 0.021138
vn -0.097740 -0.000000 0.021138
vn -0.097740 -0.000000 0.021138
vn -0.091063 -0.000000 0.041322
vn -0.091063 -0.000000 0.041322
vn -0.080271 -0.000000 0.059637
vn -0.080271 -0.000000 0.059637
vn -0.080271 -0.000000 0.059637
vn -0.080271 -0.000000 0.059637
vn -0.091063 -0.000000 0.041322
vn -0.091063 -0.000000 0.041322
vn -0.097740 -0.000000 0.021138
vn -0.097740 -0.000000 0.021138
vn -0.097740 -0.000000 0.021138
vn -0.097740 -0.000000 0.021138
vn -0.091063 -0.000000 0.041322
vn -0.091063 -0.000000 0.041322
vn -0.080271 -0.000000 0.059637
vn -0.080271 -0.000000 0.059637
vn -0.080271 -0.000000 0.059637
vn -0.080271 -0.000000 0.059637
vn -0.091063 -0.000000 0.041322
vn -0.091063 -0.000000 0.041322
vn -0.097740 -0.000000 0.021138
vn -0.097740 -0.000000 0.021138
vn -0.097740 -0.000000 0.021138
vn -0.097740 -0.000000 0.021138
vn -0.091063 -0.000000 0.041322
vn -0.091063 -0.000000 0.041322
vn -0.080271 -0.000000 0.059637
vn -0.080271 -0.000000 0.059637
vn -0.065850 -0.000000 0.075258
vn -0.080271 -0.000000 0.059637
vn -0.080271 -0.000000 0.059637
vn -0.091063 -0.000000 0.041322
vn -0.091063 -0.000000 0.041322
vn -0.097740 -0.000000 0.021138
vn -0.097740 -0.000000 0.021138
vn -0.097740 -0.000000 0.021138
vn -0.097740 -0.000000 0.021138
vn -0.091063 -0.000000 0.041322
vn -0.091063 -0.000000 0.041322
vn -0.080271 -0.000000 0.059637
vn -0.080271 -0.000000 0.059637
vn -0.080271 -0.000000 0.059637
vn -0.080271 -0.000000 0.059637
vn -0.091063 -0.000000 0.041322
vn -0.091063 -0.000000 0.041322
vn -0.097740 -0.000000 0.021138
vn -0.097740 -0.000000 0.021138
vn -0.097740 -0.000000 0.021138
vn -0.097740 -0.000000 0.021138
vn -0.091063 -0.000000 0.041322
vn -0.091063 -0.000000 0.041322
vn -0.080271 -0.000000 0.059637
vn -0.080271 -0.000000 0.059637
vn -0.080271 -0.000000 0.059637
vn -0.080271 -0.000000 0.059637
vn -0.091063 -0.000000 0.041322
vn -0.091063 -0.000000 0.041322
vn -0.097740 -0.000000 0.021138
vn -0.097740 -0.000000 0.021138
vn -0.097740 -0.000000 0.021138
vn -0.097740 -0.000000 0.021138
vn -0.091063 -0.000000 0.041322
vn -0.091063 -0.000000 0.041322
vn -0.080271 -0.000000 0.059637
vn -0.080271 -0.000000 0.059637
vn -0.080271 -0.000000 0.059637
vn -0.080271 -0.000000 0.059637
vn -0.091063 -0.000000 0.041322
vn -0.091063 -0.000000 0.041322
vn -0.097740 -0.000000 0.021138
vn -0.097740 -0.000000 0.021138
vn -0.097740 -0.000000 0.021138
vn -0.097740 -0.000000 0.021138
vn -0.091063 -0.000000 0.041322
vn -0.091063 -0.000000 0.041322
vn -0.080271 -0.000000 0.059637
vn -0.080271 -0.000000 0.059637
vn -0.080271 -0.000000 0.059637
vn -0.080271 -0.000000 0.059637
vn -0.091063 -0.000000 0.041322
vn -0.091063 -0.000000 0.041322
vn -0.097740 -0.000000 0.021138
vn -0.097740 -0.000000 0.021138
vn -0.097740 -0.000000 0.021138
vn -0.097740 -0.000000 0.021138
vn -0.091063 -0.000000 0.041322
vn -0.091063 -0.000000 0.041322
vn -0.080271 -0.000000 0.059637
vn -0.080271 -0.000000 0.059637
vn -0.080271 -0.000000 0.059637
vn -0.080271 -0.000000 0.059637
vn -0.091063 -0.000000 0.041322
vn -0.091063 -0.000000 0.041322
vn -0.097740 -0.000000 0.021138
vn -0.097740 -0.000000 0.021138
vn -0.097740 -0.000000 0.021138
vn -0.097740 -0.000000 0.021138
vn -0.091063 -0.000000 0.041322
vn -0.091063 -0.000000 0.041322
vn -0.080271 -0.000000 0.059637
vn -0.080271 -0.000000 0.059637
vn -0.080271 -0.000000 0.059637
vn -0.080271 -0.000000 0.059637
vn -0.091063 -0.000000 0.041322
vn -0.091063 -0.000000 0.041322
vn -0.097740 -0.000000 0.021138
vn -0.097740 -0.000000 0.021138
vn -0.097740 -0.000000 0.021138
vn -0.097740 -0.000000 0.021138
vn -0.091063 -0.000000 0.041322
vn -0.091063 -0.000000 0.041322
vn -0.080271 -0.000000 0.059637
vn -0.080271 -0.000000 0.059637
vn -0.080271 -0.000000 0.059637
vn -0.080271 -0.000000 0.059637
vn -0.091063 -0.000000 0.041322
vn -0.091063 -0.000000 0.041322
vn -0.097740 -0.000000 0.021138
vn -0.097740 -0.000000 0.021138
vn -0.097740 -0.000000 0.021138
vn -0.097740 -0.000000 0.021138
vn -0.091063 -0.000000 0.041322
vn -0.091063 -0.000000 0.041322
vn -0.080271 -0.000000 0.059637
vn -0.080271 -0.000000 0.059637
vn -0.080271 -0.000000 0.059637
vn -0.080271 -0.000000 0.059637
vn -0.091063 -0.000000 0.041322
vn -0.091063 -0.000000 0.041322
vn -0.097740 -0.000000 0.021138
vn -0.097740 -0.000000 0.021138
vn -0.097740 -0.000000 0.021138
vn -0.097740 -0.000000 0.021138
vn -0.091063 -0.000000 0.041322
vn -0.091063 -0.000000 0.041322
vn -0.080271 -0.000000 0.059637
vn -0.080271 -0.000000 0.059637
vn -0.080271 -0.000000 0.059637
vn -0.080271 -0.000000 0.059637
vn -0.091063 -0.000000 0.041322
vn -0.091063 -0.000000 0.041322
vn -0.097740 -0.000000 0.021138
vn -0.097740 -0.000000 0.021138
vn -0.097740 -0.000000 0.021138
vn -0.097740 -0.000000 0.021138
vn -0.091063 -0.000000 0.041322
vn -0.091063 -0.000000 0.041322
vn -0.080271 -0.000000 0.059637
vn -0.080271 -0.000000 0.059637
vn -0.080271 -0.000000 0.059637
vn -0.080271 -0.000000 0.059637
vn -0.091063 -0.000000 0.041322
vn -0.091063 -0.000000 0.041322
vn -0.097740 -0.000000 0.021138
vn -0.097740 -0.000000 0.021138
vn -0.097740 -0.000000 0.021138
vn -0.097740 -0.000000 0.021138
vn -0.091063 -0.000000 0.041322
vn -0.091063 -0.000000 0.041322
vn -0.080271 -0.000000 0.059637
vn -0.080271 -0.000000 0.059637
vn -0.080271 -0.000000 0.059637
vn -0.080271 -0.000000 0.059637
vn -0.091063 -0.000000 0.041322
vn -0.091063 -0.000000 0.041322
vn -0.097740 -0.000000 0.021138
vn -0.097740 -0.000000 0.021138
vn -0.097740 -0.000000 0.021138
vn -0.097740 -0.000000 0.021138
vn -0.091063 -0.000000 0.041322
vn -0.091063 -0.000000 0.041322
vn -0.080271 -0.000000 0.059637
vn -0.080271 -0.000000 0.059637
vn -0.080271 -0.000000 0.059637
vn -0.080271 -0.000000 0.059637
vn -0.091063 -0.000000 0.041322
vn -0.091063 -0.000000 0.041322
vn -0.097740 -0.000000 0.021138
vn -0.097740 -0.000000 0.021138
vn -0.097740 -0.000000 0.021138
vn -0.097740 -0.000000 0.021138
vn -0.091063 -0.000000 0.041322
vn -0.091063 -0.000000 0.041322
vn -0.080271 -0.000000 0.059637
vn -0.080271 -0.000000 0.059637
vn -0.080271 -0.000000 0.059637
vn -0.080271 -0.000000 0.059637
vn -0.091063 -0.000000 0.041322
vn -0.091063 -0.000000 0.041322
vn -0.097740 -0.000000 0.021138
vn -0.097740 -0.000000 0.021138
vn -0.097740 -0.000000 0.021138
vn -0.097740 -0.000000 0.021138
vn -0.091063 -0.000000 0.041322
vn -0.091063 -0.000000 0.041322
vn -0.080271 -0.000000 0.059637
vn -0.080271 -0.000000 0.059637
vn -0.091063 -0.000000 0.041322
vn -0.091063 -0.000000 0.041322
vn -0.097740 -0.000000 0.021138
vn -0.097740 -0.000000 0.021138
vn -0.097740 -0.000000 0.021138
vn -0.097740 -0.000000 0.021138
vn -0.080271 -0.000000 0.059637
vn -0.080271 -0.000000 0.059637
vn -0.091063 -0.000000 0.041322
vn -0.097740 -0.000000 0.021138
vn -0.080271 -0.000000 0.059637
vn -0.080271 -0.000000 0.059637
vn -0.091063 -0.000000 0.041322
vn -0.091063 -0.000000 0.041322
vn -0.097740 -0.000000 0.021138
vn -0.080271 -0.000000 0.059637
vn -0.080271 -0.000000 0.059637
vn -0.091063 -0.000000 0.041322
vn -0.091063 -0.000000 0.041322
vn -0.097740 -0.000000 0.021138
vn -0.080271 -0.000000 0.059637
vn -0.080271 -0.000000 0.059637
vn -0.091063 -0.000000 0.041322
vn -0.091063 -0.000000 0.041322
vn -0.097740 -0.000000 0.021138
vn -0.080271 -0.000000 0.059637
vn -0.080271 -0.000000 0.059637
vn -0.091063 -0.000000 0.041322
vn -0.091063 -0.000000 0.041322
vn -0.097740 -0.000000 0.021138
vn -0.080271 -0.000000 0.059637
vn -0.080271 -0.000000 0.059637
vn -0.091063 -0.000000 0.041322
vn -0.091063 -0.000000 0.041322
vn -0.097740 -0.000000 0.021138
vn -0.080271 -0.000000 0.059637
vn -0.080271 -0.000000 0.059637
vn -0.091063 -0.000000 0.041322
vn -0.091063 -0.000000 0.041322
vn -0.097740 -0.000000 0.021138
vn -0.080271 -0.000000 0.059637
vn -0.080271 -0.000000 0.059637
vn -0.091063 -0.000000 0.041322
vn -0.091063 -0.000000 0.041322
vn -0.097740 -0.000000 0.021138
vn -0.080271 -0.000000 0.059637
vn -0.080271 -0.000000 0.059637
vn -0.091063 -0.000000 0.041322
vn -0.091063 -0.000000 0.041322
vn -0.097740 -0.000000 0.021138
vn -0.080271 -0.000000 0.059637
vn -0.080271 -0.000000 0.059637
vn -0.091063 -0.000000 0.041322
vn -0.091063 -0.000000 0.041322
vn -0.097740 -0.000000 0.021138
vn -0.080271 -0.000000 0.059637
vn -0.080271 -0.000000 0.059637
vn -0.091063 -0.000000 0.041322
vn -0.091063 -0.000000 0.041322
vn -0.097740 -0.000000 0.021138
vn -0.080271 -0.000000 0.059637
vn -0.080271 -0.000000 0.059637
vn -0.091063 -0.000000 0.041322
vn -0.091063 -0.000000 0.041322
vn -0.097740 -0.000000 0.021138
vn -0.080271 -0.000000 0.059637
vn -0.080271 -0.000000 0.059637
vn -0.091063 -0.000000 0.041322
vn -0.091063 -0.000000 0.041322
vn -0.097740 -0.000000 0.021138
vn -0.080271 -0.000000 0.059637
vn -0.080271 -0.000000 0.059637
vn -0.091063 -0.000000 0.041322
vn -0.091063 -0.000000 0.041322
vn -0.097740 -0.000000 0.021138
vn -0.080271 -0.000000 0.059637
vn -0.080271 -0.000000 0.059637
vn -0.091063 -0.000000 0.041322
vn -0.091063 -0.000000 0.041322
vn -0.091063 -0.000000 0.041322
vn -0.091063 -0.000000 0.041322
vn -0.097740 -0.000000 0.021138
vn -0.080271 -0.000000 0.059637
vn -0.080271 -0.000000 0.059637
vn -0.091063 -0.000000 0.041322
vn -0.091063 -0.000000 0.041322
vn -0.097740 -0.000000 0.021138
vn -0.080271 -0.000000 0.059637
vn -0.080271 -0.000000 0.059637
vn -0.091063 -0.000000 0.041322
vn -0.091063 -0.000000 0.041322
vn -0.097740 -0.000000 0.021138
vn -0.080271 -0.000000 0.059637
vn -0.080271 -0.000000 0.059637
vn -0.091063 -0.000000 0.041322
vn -0.091063 -0.000000 0.041322
vn -0.097740 -0.000000 0.021138
vn -0.080271 -0.000000 0.059637
vn -0.080271 -0.000000 0.059637
vn -0.091063 -0.000000 0.041322
vn -0.091063 -0.000000 0.041322
vn -0.097740 -0.000000 0.021138
vn -0.080271 -0.000000 0.059637
vn -0.080271 -0.000000 0.059637
vn -0.091063 -0.000000 0.041322
vn -0.091063 -0.000000 0.041322
vn -0.097740 -0.000000 0.021138
vn -0.080271 -0.000000 0.059637
vn -0.080271 -0.000000 0.059637
vn -0.091063 -0.000000 0.041322
vn -0.091063 -0.000000 0.041322
vn -0.097740 -0.000000 0.021138
vn -0.080271 -0.000000 0.059637
vn -0.080271 -0.000000 0.059637
vn -0.091063 -0.000000 0.041322
vn -0.091063 -0.000000 0.041322
vn -0.097740 -0.000000 0.021138
vn -0.080271 -0.000000 0.059637
vn -0.080271 -0.000000 0.059637
vn -0.091063 -0.000000 0.041322
vn -0.091063 -0.000000 0.041322
vn -0.097740 -0.000000 0.021138
vn -0.080271 -0.000000 0.059637
vn -0.080271 -0.000000 0.059637
vn -0.091063 -0.000000 0.041322
vn -0.091063 -0.000000 0.041322
vn -0.097740 -0.000000 0.021138
vn -0.080271 -0.000000 0.059637
vn -0.080271 -0.000000 0.059637
vn -0.091063 -0.000000 0.041322
vn -0.091063 -0.000000 0.041322
vn -0.097740 -0.000000 0.021138
vn -0.080271 -0.000000 0.059637
vn -0.080271 -0.000000 0.059637
vn -0.091063 -0.000000 0.041322
vn -0.091063 -0.000000 0.041322
vn -0.097740 -0.000000 0.021138
vn -0.080271 -0.000000 0.059637
vn -0.080271 -0.000000 0.059637
vn -0.091063 -0.000000 0.041322
vn -0.091063 -0.000000 0.041322
vn -0.097740 -0.000000 0.021138
vn -0.080271 -0.000000 0.059637
vn -0.080271 -0.000000 0.059637
vn -0.091063 -0.000000 0.041322
vn -0.091063 -0.000000 0.041322
vn -0.097740 -0.000000 0.021138
vn -0.080271 -0.000000 0.059637
vn -0.080271 -0.000000 0.059637
vn -0.091063 -0.000000 0.041322
vn -0.097740 -0.000000 0.021138
vn -0.097740 -0.000000 0.021138
vn -0.097740 -0.000000 0.021138
vn -0.097740 -0.000000 0.021138
vn -0.097740 -0.000000 0.021138
vn -0.097740 -0.000000 0.021138
vn -0.097740 -0.000000 0.021138
vn -0.097740 -0.000000 0.021138
vn -0.097740 -0.000000 0.021138
vn -0.097740 -0.000000 0.021138
vn -0.097740 -0.000000 0.021138
vn -0.097740 -0.000000 0.021138
vn -0.097740 -0.000000 0.021138
vn -0.097740 -0.000000 0.021138
vn -0.097740 -0.000000 0.021138
vn -0.097740 -0.000000 0.021138
vn -0.097740 -0.000000 0.021138
vn -0.097740 -0.000000 0.021138
vn -0.097740 -0.000000 0.021138
vn -0.097740 -0.000000 0.021138
vn -0.097740 -0.000000 0.021138
vn -0.097740 -0.000000 0.021138
vn -0.097740 -0.000000 0.021138
vn -0.097740 -0.000000 0.021138
vn -0.097740 -0.000000 0.021138
vn -0.097740 -0.000000 0.021138
vn -0.097740 -0.000000 0.021138
vn -0.097740 -0.000000 0.021138
vn -0.065850 -0.000000 0.075258
vn -0.065850 -0.000000 0.075258
vn -0.093550 -0.000000 -0.035333
vn -0.093550 -0.000000 -0.035333
vn -0.093550 -0.000000 -0.035333
vn -0.093550 -0.000000 -0.035333
vn -0.099299 -0.000000 -0.011823
vn -0.099299 -0.000000 -0.011823
vn -0.099231 -0.000000 0.012379
vn -0.099231 -0.000000 0.012379
vn -0.093351 -0.000000 0.035856
vn -0.093351 -0.000000 0.035856
vn -0.082002 -0.000000 0.057233
vn -0.082002 -0.000000 0.057233
vn -0.082002 -0.000000 0.057233
vn -0.082002 -0.000000 0.057233
vn -0.093351 -0.000000 0.035856
vn -0.093351 -0.000000 0.035856
vn -0.099231 -0.000000 0.012379
vn -0.099231 -0.000000 0.012379
vn -0.099299 -0.000000 -0.011823
vn -0.099299 -0.000000 -0.011823
vn -0.093550 -0.000000 -0.035333
vn -0.093550 -0.000000 -0.035333
vn -0.093550 -0.000000 -0.035333
vn -0.093550 -0.000000 -0.035333
vn -0.099299 -0.000000 -0.011823
vn -0.099299 -0.000000 -0.011823
vn -0.099231 -0.000000 0.012379
vn -0.099231 -0.000000 0.012379
vn -0.093351 -0.000000 0.035856
vn -0.093351 -0.000000 0.035856
vn -0.082002 -0.000000 0.057233
vn -0.082002 -0.000000 0.057233
vn -0.082002 -0.000000 0.057233
vn -0.082002 -0.000000 0.057233
vn -0.093351 -0.000000 0.035856
vn -0.093351 -0.000000 0.035856
vn -0.099231 -0.000000 0.012379
vn -0.099231 -0.000000 0.012379
vn -0.099299 -0.000000 -0.011823
vn -0.099299 -0.000000 -0.011823
vn -0.093550 -0.000000 -0.035333
vn -0.093550 -0.000000 -0.035333
vn -0.093550 -0.000000 -0.035333
vn -0.093550 -0.000000 -0.035333
vn -0.099299 -0.000000 -0.011823
vn -0.099299 -0.000000 -0.011823
vn -0.099231 -0.000000 0.012379
vn -0.099231 -0.000000 0.012379
vn -0.093351 -0.000000 0.035856
vn -0.093351 -0.000000 0.035856
vn -0.082002 -0.000000 0.057233
vn -0.082002 -0.000000 0.057233
vn -0.082002 -0.000000 0.057233
vn -0.082002 -0.000000 0.057233
vn -0.093351 -0.000000 0.035856
vn -0.093351 -0.000000 0.035856
vn -0.099231 -0.000000 0.012379
vn -0.099231 -0.000000 0.012379
vn -0.099299 -0.000000 -0.011823
vn -0.099299 -0.000000 -0.011823
vn -0.093550 -0.000000 -0.035333
vn -0.093550 -0.000000 -0.035333
vn -0.093550 -0.000000 -0.035333
vn -0.093550 -0.000000 -0.035333
vn -0.099299 -0.000000 -0.011823
vn -0.099299 -0.000000 -0.011823
vn -0.099231 -0.000000 0.012379
vn -0.099231 -0.000000 0.012379
vn -0.093351 -0.000000 0.035856
vn -0.093351 -0.000000 0.035856
vn -0.082002 -0.000000 0.057233
vn -0.082002 -0.000000 0.057233
vn -0.099299 -0.000000 -0.011823
vn -0.099299 -0.000000 -0.011823
vn -0.099231 -0.000000 0.012379
vn -0.099231 -0.000000 0.012379
vn -0.093351 -0.000000 0.035856
vn -0.093351 -0.000000 0.035856
vn -0.082002 -0.000000 0.057233
vn -0.082002 -0.000000 0.057233
vn -0.082002 -0.000000 0.057233
vn -0.082002 -0.000000 0.057233
vn -0.082002 -0.000000 0.057233
vn -0.082002 -0.000000 0.057233
vn -0.093351 -0.000000 0.035856
vn -0.093351 -0.000000 0.035856
vn -0.099231 -0.000000 0.012379
vn -0.099231 -0.000000 0.012379
vn -0.099299 -0.000000 -0.011823
vn -0.099299 -0.000000 -0.011823
vn -0.093550 -0.000000 -0.035333
vn -0.093550 -0.000000 -0.035333
vn -0.093550 -0.000000 -0.035333
vn -0.093550 -0.000000 -0.035333
vn -0.099299 -0.000000 -0.011823
vn -0.099299 -0.000000 -0.011823
vn -0.099231 -0.000000 0.012379
vn -0.099231 -0.000000 0.012379
vn -0.093351 -0.000000 0.035856
vn -0.093351 -0.000000 0.035856
vn -0.082002 -0.000000 0.057233
vn -0.082002 -0.000000 0.057233
vn -0.082002 -0.000000 0.057233
vn -0.082002 -0.000000 0.057233
vn -0.093351 -0.000000 0.035856
vn -0.093351 -0.000000 0.035856
vn -0.099231 -0.000000 0.012379
vn -0.099231 -0.000000 0.012379
vn -0.099299 -0.000000 -0.011823
vn -0.099299 -0.000000 -0.011823
vn -0.093550 -0.000000 -0.035333
vn -0.093550 -0.000000 -0.035333
vn -0.093550 -0.000000 -0.035333
vn -0.093550 -0.000000 -0.035333
vn -0.099299 -0.000000 -0.011823
vn -0.099299 -0.000000 -0.011823
vn -0.099231 -0.000000 0.012379
vn -0.099231 -0.000000 0.012379
vn -0.093351 -0.000000 0.035856
vn -0.093351 -0.000000 0.035856
vn -0.082002 -0.000000 0.057233
vn -0.082002 -0.000000 0.057233
vn -0.082002 -0.000000 0.057233
vn -0.082002 -0.000000 0.057233
vn -0.093351 -0.000000 0.035856
vn -0.093351 -0.000000 0.035856
vn -0.099231 -0.000000 0.012379
vn -0.099231 -0.000000 0.012379
vn -0.099299 -0.000000 -0.011823
vn -0.099299 -0.000000 -0.011823
vn -0.093550 -0.000000 -0.035333
vn -0.093550 -0.000000 -0.035333
vn -0.093550 -0.000000 -0.035333
vn -0.093550 -0.000000 -0.035333
vn -0.099299 -0.000000 -0.011823
vn -0.099299 -0.000000 -0.011823
vn -0.099231 -0.000000 0.012379
vn -0.099231 -0.000000 0.012379
vn -0.093351 -0.000000 0.035856
vn -0.093351 -0.000000 0.035856
vn -0.082002 -0.000000 0.057233
vn -0.082002 -0.000000 0.057233
vn -0.082002 -0.000000 0.057233
vn -0.082002 -0.000000 0.057233
vn -0.093351 -0.000000 0.035856
vn -0.093351 -0.000000 0.035856
vn -0.099231 -0.000000 0.012379
vn -0.099231 -0.000000 0.012379
vn -0.099299 -0.000000 -0.011823
vn -0.099299 -0.000000 -0.011823
vn -0.093550 -0.000000 -0.035333
vn -0.093550 -0.000000 -0.035333
vn -0.093351 -0.000000 0.035856
vn -0.093351 -0.000000 0.035856
vn -0.099231 -0.000000 0.012379
vn -0.099231 -0.000000 0.012379
vn -0.099299 -0.000000 -0.011823
vn -0.099299 -0.000000 -0.011823
vn -0.093550 -0.000000 -0.035333
vn -0.093550 -0.000000 -0.035333
vn -0.099299 -0.000000 -0.011823
vn -0.099231 -0.000000 0.012379
vn -0.093351 -0.000000 0.035856
vn -0.082002 -0.000000 0.057233
vn -0.093550 -0.000000 -0.035333
vn -0.093550 -0.000000 -0.035333
vn -0.093550 -0.000000 -0.035333
vn -0.099299 -0.000000 -0.011823
vn -0.099299 -0.000000 -0.011823
vn -0.099231 -0.000000 0.012379
vn -0.099299 -0.000000 -0.011823
vn -0.093550 -0.000000 -0.035333
vn -0.099299 -0.000000 -0.011823
vn -0.099231 -0.000000 0.012379
vn -0.093351 -0.000000 0.035856
vn -0.082002 -0.000000 0.057233
vn -0.093550 -0.000000 -0.035333
vn -0.093550 -0.000000 -0.035333
vn -0.093550 -0.000000 -0.035333
vn -0.099299 -0.000000 -0.011823
vn -0.099299 -0.000000 -0.011823
vn -0.099231 -0.000000 0.012379
vn -0.099299 -0.000000 -0.011823
vn -0.093550 -0.000000 -0.035333
vn -0.099299 -0.000000 -0.011823
vn -0.099231 -0.000000 0.012379
vn -0.093351 -0.000000 0.035856
vn -0.082002 -0.000000 0.057233
vn -0.093550 -0.000000 -0.035333
vn -0.093550 -0.000000 -0.035333
vn -0.093550 -0.000000 -0.035333
vn -0.099299 -0.000000 -0.011823
vn -0.099299 -0.000000 -0.011823
vn -0.099231 -0.000000 0.012379
vn -0.099299 -0.000000 -0.011823
vn -0.093550 -0.000000 -0.035333
vn -0.099299 -0.000000 -0.011823
vn -0.099231 -0.000000 0.012379
vn -0.093351 -0.000000 0.035856
vn -0.082002 -0.000000 0.057233
vn -0.093550 -0.000000 -0.035333
vn -0.093550 -0.000000 -0.035333
vn -0.093550 -0.000000 -0.035333
vn -0.099299 -0.000000 -0.011823
vn -0.099299 -0.000000 -0.011823
vn -0.099231 -0.000000 0.012379
vn -0.099231 -0.000000 0.012379
vn -0.093351 -0.000000 0.035856
vn -0.093351 -0.000000 0.035856
vn -0.082002 -0.000000 0.057233
vn -0.082002 -0.000000 0.057233
vn -0.099299 -0.000000 -0.011823
vn -0.093550 -0.000000 -0.035333
vn -0.093550 -0.000000 -0.035333
vn -0.093550 -0.000000 -0.035333
vn -0.099299 -0.000000 -0.011823
vn -0.099299 -0.000000 -0.011823
vn -0.099231 -0.000000 0.012379
vn -0.099299 -0.000000 -0.011823
vn -0.093550 -0.000000 -0.035333
vn -0.099299 -0.000000 -0.011823
vn -0.099231 -0.000000 0.012379
vn -0.093351 -0.000000 0.035856
vn -0.082002 -0.000000 0.057233
vn -0.093550 -0.000000 -0.035333
vn -0.093550 -0.000000 -0.035333
vn -0.093550 -0.000000 -0.035333
vn -0.099299 -0.000000 -0.011823
vn -0.099299 -0.000000 -0.011823
vn -0.099231 -0.000000 0.012379
vn -0.099299 -0.000000 -0.011823
vn -0.093550 -0.000000 -0.035333
vn -0.099299 -0.000000 -0.011823
vn -0.099231 -0.000000 0.012379
vn -0.093351 -0.000000 0.035856
vn -0.082002 -0.000000 0.057233
vn -0.093550 -0.000000 -0.035333
vn -0.093550 -0.000000 -0.035333
vn -0.093550 -0.000000 -0.035333
vn -0.099299 -0.000000 -0.011823
vn -0.099299 -0.000000 -0.011823
vn -0.099231 -0.000000 0.012379
vn -0.099299 -0.000000 -0.011823
vn -0.093550 -0.000000 -0.035333
vn -0.099299 -0.000000 -0.011823
vn -0.099231 -0.000000 0.012379
vn -0.093351 -0.000000 0.035856
vn -0.082002 -0.000000 0.057233
vn -0.093550 -0.000000 -0.035333
vn -0.093550 -0.000000 -0.035333
vn -0.093550 -0.000000 -0.035333
vn -0.099299 -0.000000 -0.011823
vn -0.099299 -0.000000 -0.011823
vn -0.099231 -0.000000 0.012379
vn -0.099299 -0.000000 -0.011823
vn -0.093550 -0.000000 -0.035333
vn -0.099231 -0.000000 0.012379
vn -0.093351 -0.000000 0.035856
vn -0.082002 -0.000000 0.057233
vn -0.099231 -0.000000 0.012379
vn -0.099231 -0.000000 0.012379
vn -0.093351 -0.000000 0.035856
vn -0.082002 -0.000000 0.057233
vn -0.099231 -0.000000 0.012379
vn -0.099231 -0.000000 0.012379
vn -0.093351 -0.000000 0.035856
vn -0.082002 -0.000000 0.057233
vn -0.099231 -0.000000 0.012379
vn -0.099231 -0.000000 0.012379
vn -0.093351 -0.000000 0.035856
vn -0.082002 -0.000000 0.057233
vn -0.099231 -0.000000 0.012379
vn -0.099231 -0.000000 0.012379
vn -0.099231 -0.000000 0.012379
vn -0.093351 -0.000000 0.035856
vn -0.082002 -0.000000 0.057233
vn -0.099231 -0.000000 0.012379
vn -0.099231 -0.000000 0.012379
vn -0.093351 -0.000000 0.035856
vn -0.082002 -0.000000 0.057233
vn -0.099231 -0.000000 0.012379
vn -0.099231 -0.000000 0.012379
vn -0.093351 -0.000000 0.035856
vn -0.082002 -0.000000 0.057233
vn -0.099231 -0.000000 0.012379
vn -0.093351 -0.000000 0.035856
vn -0.082002 -0.000000 0.057233
vn -0.093351 -0.000000 0.035856
vn -0.093351 -0.000000 0.035856
vn -0.082002 -0.000000 0.057233
vn -0.093351 -0.000000 0.035856
vn -0.093351 -0.000000 0.035856
vn -0.082002 -0.000000 0.057233
vn -0.093351 -0.000000 0.035856
vn -0.093351 -0.000000 0.035856
vn -0.082002 -0.000000 0.057233
vn -0.093351 -0.000000 0.035856
vn -0.093351 -0.000000 0.035856
vn -0.093351 -0.000000 0.035856
vn -0.082002 -0.000000 0.057233
vn -0.093351 -0.000000 0.035856
vn -0.093351 -0.000000 0.035856
vn -0.082002 -0.000000 0.057233
vn -0.093351 -0.000000 0.035856
vn -0.093351 -0.000000 0.035856
vn -0.082002 -0.000000 0.057233
vn -0.093351 -0.000000 0.035856
vn -0.082002 -0.000000 0.057233
vn -0.082002 -0.000000 0.057233
vn -0.082002 -0.000000 0.057233
vn -0.082002 -0.000000 0.057233
vn -0.082002 -0.000000 0.057233
vn -0.082002 -0.000000 0.057233
vn -0.082002 -0.000000 0.057233
vn -0.082002 -0.000000 0.057233
vn 0.000000 -0.100000 0.000000
vn 0.000000 -0.100000 0.000000
vn 0.000000 -0.100000 0.000000
vn 0.000000 -0.100000 0.000000
vn 0.000000 -0.100000 0.000000
vn 0.000000 -0.100000 0.000000
vn 0.000000 -0.100000 0.000000
vn 0.000000 -0.100000 0.000000
vn 0.000000 -0.100000 0.000000
vn 0.000000 -0.100000 0.000000
vn 0.000000 -0.100000 0.000000
vn 0.000000 -0.100000 0.000000
vn 0.000000 -0.100000 0.000000
vn 0.000000 -0.100000 0.000000
vn 0.000000 -0.100000 0.000000
vn 0.000000 -0.100000 0.000000
vn 0.000000 -0.100000 0.000000
vn 0.000000 -0.100000 0.000000
vn 0.000000 -0.100000 0.000000
vn 0.000000 -0.100000 0.000000
vn 0.000000 -0.100000 0.000000
vn 0.000000 -0.100000 0.000000
vn 0.000000 -0.100000 0.000000
vn 0.000000 -0.100000 0.000000
vn 0.000000 -0.100000 0.000000
vn 0.000000 -0.100000 0.000000
vn 0.000000 -0.100000 0.000000
vn 0.000000 -0.100000 0.000000
vn 0.000000 -0.100000 0.000000
vn 0.000000 -0.100000 0.000000
vn 0.000000 -0.100000 0.000000
vn 0.000000 -0.100000 0.000000
vn 0.000000 -0.100000 0.000000
vn 0.000000 -0.100000 0.000000
vn 0.000000 -0.100000 0.000000
vn 0.000000 -0.100000 0.000000
vn 0.000000 -0.100000 0.000000
vn 0.000000 -0.100000 0.000000
vn 0.000000 -0.100000 0.000000
vn 0.000000 -0.100000 0.000000
vn 0.000000 -0.100000 0.000000
vn 0.000000 -0.100000 0.000000
vn 0.000000 -0.100000 0.000000
vn 0.000000 -0.100000 0.000000
vn 0.000000 -0.100000 0.000000
vn 0.000000 -0.100000 0.000000
vn 0.000000 -0.100000 0.000000
vn 0.000000 -0.100000 0.000000
vn 0.000000 -0.100000 0.000000
vn 0.000000 -0.100000 0.000000
vn 0.000000 -0.100000 0.000000
usemtl Steel_-_Satin
f 2/1/1 3/2/2 1/3/3
f 1/3/3 3/2/2 4/4/4
f 1/3/3 4/4/4 51/5/5
f 51/5/5 4/4/4 48/6/6
f 51/5/5 48/6/6 49/7/7
f 4/4/4 5/8/8 48/6/6
f 48/6/6 5/8/8 47/9/9
f 47/9/9 5/8/8 6/10/10
f 47/9/9 6/10/10 46/11/11
f 46/11/11 6/10/10 7/12/12
f 46/11/11 7/12/12 45/13/13
f 45/13/13 7/12/12 8/14/14
f 45/13/13 8/14/14 44/15/15
f 44/15/15 8/14/14 9/16/16
f 44/15/15 9/16/16 43/17/17
f 43/17/17 9/16/16 10/18/18
f 43/17/17 10/18/18 42/19/19
f 42/19/19 10/18/18 41/20/20
f 41/20/20 10/18/18 11/21/21
f 41/20/20 11/21/21 40/22/22
f 40/22/22 11/21/21 12/23/23
f 40/22/22 12/23/23 39/24/24
f 39/24/24 12/23/23 13/25/25
f 39/24/24 13/25/25 38/26/26
f 38/26/26 13/25/25 14/27/27
f 38/26/26 14/27/27 21/28/28
f 21/28/28 14/27/27 15/29/29
f 21/28/28 15/29/29 20/30/30
f 20/30/30 15/29/29 19/31/31
f 19/31/31 15/29/29 18/32/32
f 18/32/32 15/29/29 17/33/33
f 17/33/33 15/29/29 16/34/34
f 21/28/28 22/35/35 38/26/26
f 38/26/26 22/35/35 30/36/36
f 38/26/26 30/36/36 31/37/37
f 30/36/36 22/35/35 29/38/38
f 29/38/38 22/35/35 23/39/39
f 29/38/38 23/39/39 28/40/40
f 28/40/40 23/39/39 24/41/41
f 28/40/40 24/41/41 27/42/42
f 27/42/42 24/41/41 25/43/43
f 27/42/42 25/43/43 26/44/44
f 38/26/26 31/37/37 37/45/45
f 37/45/45 31/37/37 32/46/46
f 37/45/45 32/46/46 33/47/47
f 33/47/47 34/48/48 37/45/45
f 37/45/45 34/48/48 35/49/49
f 37/45/45 35/49/49 36/50/50
f 49/7/7 50/51/51 51/5/5
f 53/52/52 61/53/53 52/54/54
f 52/54/54 61/53/53 62/55/55
f 52/54/54 62/55/55 63/56/56
f 63/56/56 62/55/55 124/57/57
f 63/56/56 124/57/57 125/58/58
f 125/58/58 124/57/57 186/59/59
f 125/58/58 186/59/59 187/60/60
f 187/60/60 186/59/59 248/61/61
f 187/60/60 248/61/61 249/62/62
f 249/62/62 248/61/61 310/63/63
f 249/62/62 310/63/63 311/64/64
f 311/64/64 310/63/63 372/65/65
f 311/64/64 372/65/65 373/66/66
f 373/66/66 372/65/65 434/67/67
f 373/66/66 434/67/67 435/68/68
f 435/68/68 434/67/67 60/69/69
f 435/68/68 60/69/69 436/70/70
f 436/70/70 60/69/69 437/71/71
f 436/70/70 437/71/71 375/72/72
f 375/72/72 437/71/71 376/73/73
f 375/72/72 376/73/73 314/74/74
f 314/74/74 376/73/73 315/75/75
f 314/74/74 315/75/75 253/76/76
f 253/76/76 315/75/75 254/77/77
f 253/76/76 254/77/77 192/78/78
f 192/78/78 254/77/77 193/79/79
f 192/78/78 193/79/79 131/80/80
f 131/80/80 193/79/79 132/81/81
f 131/80/80 132/81/81 70/82/82
f 70/82/82 132/81/81 71/83/83
f 70/82/82 71/83/83 52/54/54
f 52/54/54 71/83/83 72/84/84
f 52/54/54 72/84/84 73/85/85
f 73/85/85 72/84/84 134/86/86
f 73/85/85 134/86/86 135/87/87
f 135/87/87 134/86/86 196/88/88
f 135/87/87 196/88/88 197/89/89
f 197/89/89 196/88/88 258/90/90
f 197/89/89 258/90/90 259/91/91
f 259/91/91 258/90/90 320/92/92
f 259/91/91 320/92/92 321/93/93
f 321/93/93 320/92/92 382/94/94
f 321/93/93 382/94/94 383/95/95
f 383/95/95 382/94/94 444/96/96
f 383/95/95 444/96/96 445/97/97
f 445/97/97 444/96/96 60/69/69
f 445/97/97 60/69/69 446/98/98
f 446/98/98 60/69/69 447/99/99
f 446/98/98 447/99/99 385/100/100
f 385/100/100 447/99/99 386/101/101
f 385/100/100 386/101/101 324/102/102
f 324/102/102 386/101/101 325/103/103
f 324/102/102 325/103/103 263/104/104
f 263/104/104 325/103/103 264/105/105
f 263/104/104 264/105/105 202/106/106
f 202/106/106 264/105/105 203/107/107
f 202/106/106 203/107/107 141/108/108
f 141/108/108 203/107/107 142/109/109
f 141/108/108 142/109/109 80/110/110
f 80/110/110 142/109/109 81/111/111
f 80/110/110 81/111/111 52/54/54
f 52/54/54 81/111/111 82/112/112
f 52/54/54 82/112/112 83/113/113
f 83/113/113 82/112/112 144/114/114
f 83/113/113 144/114/114 145/115/115
f 145/115/115 144/114/114 206/116/116
f 145/115/115 206/116/116 207/117/117
f 207/117/117 206/116/116 268/118/118
f 207/117/117 268/118/118 269/119/119
f 269/119/119 268/118/118 330/120/120
f 269/119/119 330/120/120 331/121/121
f 331/121/121 330/120/120 392/122/122
f 331/121/121 392/122/122 393/123/123
f 393/123/123 392/122/122 454/124/124
f 393/123/123 454/124/124 455/125/125
f 455/125/125 454/124/124 60/69/69
f 455/125/125 60/69/69 456/126/126
f 456/126/126 60/69/69 457/127/127
f 456/126/126 457/127/127 395/128/128
f 395/128/128 457/127/127 396/129/129
f 395/128/128 396/129/129 334/130/130
f 334/130/130 396/129/129 335/131/131
f 334/130/130 335/131/131 273/132/132
f 273/132/132 335/131/131 274/133/133
f 273/132/132 274/133/133 212/134/134
f 212/134/134 274/133/133 213/135/135
f 212/134/134 213/135/135 151/136/136
f 151/136/136 213/135/135 152/137/137
f 151/136/136 152/137/137 90/138/138
f 90/138/138 152/137/137 91/139/139
f 90/138/138 91/139/139 52/54/54
f 52/54/54 91/139/139 22/140/140
f 22/140/140 91/139/139 92/141/141
f 22/140/140 92/141/141 93/142/142
f 93/142/142 92/141/141 154/143/143
f 93/142/142 154/143/143 155/144/144
f 155/144/144 154/143/143 216/145/145
f 155/144/144 216/145/145 217/146/146
f 217/146/146 216/145/145 278/147/147
f 217/146/146 278/147/147 279/148/148
f 279/148/148 278/147/147 340/149/149
f 279/148/148 340/149/149 341/150/150
f 341/150/150 340/149/149 402/151/151
f 341/150/150 402/151/151 403/152/152
f 403/152/152 402/151/151 464/153/153
f 403/152/152 464/153/153 465/154/154
f 465/154/154 464/153/153 30/155/155
f 465/154/154 30/155/155 466/156/156
f 466/156/156 30/155/155 467/157/157
f 466/156/156 467/157/157 405/158/158
f 405/158/158 467/157/157 406/159/159
f 405/158/158 406/159/159 344/160/160
f 344/160/160 406/159/159 345/161/161
f 344/160/160 345/161/161 283/162/162
f 283/162/162 345/161/161 284/163/163
f 283/162/162 284/163/163 222/164/164
f 222/164/164 284/163/163 223/165/165
f 222/164/164 223/165/165 161/166/166
f 161/166/166 223/165/165 162/167/167
f 161/166/166 162/167/167 100/168/168
f 100/168/168 162/167/167 101/169/169
f 100/168/168 101/169/169 22/140/140
f 22/140/140 101/169/169 102/170/170
f 22/140/140 102/170/170 103/171/171
f 103/171/171 102/170/170 164/172/172
f 103/171/171 164/172/172 165/173/173
f 165/173/173 164/172/172 226/174/174
f 165/173/173 226/174/174 227/175/175
f 227/175/175 226/174/174 288/176/176
f 227/175/175 288/176/176 289/177/177
f 289/177/177 288/176/176 350/178/178
f 289/177/177 350/178/178 351/179/179
f 351/179/179 350/178/178 412/180/180
f 351/179/179 412/180/180 413/181/181
f 413/181/181 412/180/180 474/182/182
f 413/181/181 474/182/182 475/183/183
f 475/183/183 474/182/182 30/155/155
f 475/183/183 30/155/155 476/184/184
f 476/184/184 30/155/155 477/185/185
f 476/184/184 477/185/185 415/186/186
f 415/186/186 477/185/185 416/187/187
f 415/186/186 416/187/187 354/188/188
f 354/188/188 416/187/187 355/189/189
f 354/188/188 355/189/189 293/190/190
f 293/190/190 355/189/189 294/191/191
f 293/190/190 294/191/191 232/192/192
f 232/192/192 294/191/191 233/193/193
f 232/192/192 233/193/193 171/194/194
f 171/194/194 233/193/193 172/195/195
f 171/194/194 172/195/195 110/196/196
f 110/196/196 172/195/195 111/197/197
f 110/196/196 111/197/197 22/140/140
f 22/140/140 111/197/197 112/198/198
f 22/140/140 112/198/198 113/199/199
f 113/199/199 112/198/198 174/200/200
f 113/199/199 174/200/200 175/201/201
f 175/201/201 174/200/200 236/202/202
f 175/201/201 236/202/202 237/203/203
f 237/203/203 236/202/202 298/204/204
f 237/203/203 298/204/204 299/205/205
f 299/205/205 298/204/204 360/206/206
f 299/205/205 360/206/206 361/207/207
f 361/207/207 360/206/206 422/208/208
f 361/207/207 422/208/208 423/209/209
f 423/209/209 422/208/208 484/210/210
f 423/209/209 484/210/210 485/211/211
f 485/211/211 484/210/210 30/155/155
f 485/211/211 30/155/155 486/212/212
f 486/212/212 30/155/155 487/213/213
f 486/212/212 487/213/213 425/214/214
f 425/214/214 487/213/213 426/215/215
f 425/214/214 426/215/215 364/216/216
f 364/216/216 426/215/215 365/217/217
f 364/216/216 365/217/217 303/218/218
f 303/218/218 365/217/217 304/219/219
f 303/218/218 304/219/219 242/220/220
f 242/220/220 304/219/219 243/221/221
f 242/220/220 243/221/221 181/222/222
f 181/222/222 243/221/221 182/223/223
f 181/222/222 182/223/223 120/224/224
f 120/224/224 182/223/223 121/225/225
f 120/224/224 121/225/225 22/140/140
f 22/140/140 121/225/225 23/226/226
f 23/226/226 121/225/225 24/227/227
f 24/227/227 121/225/225 182/223/223
f 24/227/227 182/223/223 25/228/228
f 25/228/228 182/223/223 243/221/221
f 25/228/228 243/221/221 26/229/229
f 26/229/229 243/221/221 304/219/219
f 26/229/229 304/219/219 27/230/230
f 27/230/230 304/219/219 365/217/217
f 27/230/230 365/217/217 28/231/231
f 28/231/231 365/217/217 426/215/215
f 28/231/231 426/215/215 29/232/232
f 29/232/232 426/215/215 487/213/213
f 29/232/232 487/213/213 30/155/155
f 61/53/53 53/52/52 122/233/233
f 122/233/233 53/52/52 54/234/234
f 122/233/233 54/234/234 183/235/235
f 183/235/235 54/234/234 55/236/236
f 183/235/235 55/236/236 244/237/237
f 244/237/237 55/236/236 56/238/238
f 244/237/237 56/238/238 305/239/239
f 305/239/239 56/238/238 57/240/240
f 305/239/239 57/240/240 366/241/241
f 366/241/241 57/240/240 58/242/242
f 366/241/241 58/242/242 427/243/243
f 427/243/243 58/242/242 59/244/244
f 427/243/243 59/244/244 60/69/69
f 60/69/69 30/155/155 457/127/127
f 457/127/127 30/155/155 458/245/245
f 457/127/127 458/245/245 396/129/129
f 396/129/129 458/245/245 397/246/246
f 396/129/129 397/246/246 335/131/131
f 335/131/131 397/246/246 336/247/247
f 335/131/131 336/247/247 274/133/133
f 274/133/133 336/247/247 275/248/248
f 274/133/133 275/248/248 213/135/135
f 213/135/135 275/248/248 214/249/249
f 213/135/135 214/249/249 152/137/137
f 152/137/137 214/249/249 153/250/250
f 152/137/137 153/250/250 91/139/139
f 91/139/139 153/250/250 92/141/141
f 62/55/55 61/53/53 123/251/251
f 123/251/251 61/53/53 122/233/233
f 123/251/251 122/233/233 184/252/252
f 184/252/252 122/233/233 183/235/235
f 184/252/252 183/235/235 245/253/253
f 245/253/253 183/235/235 244/237/237
f 245/253/253 244/237/237 306/254/254
f 306/254/254 244/237/237 305/239/239
f 306/254/254 305/239/239 367/255/255
f 367/255/255 305/239/239 366/241/241
f 367/255/255 366/241/241 428/256/256
f 428/256/256 366/241/241 427/243/243
f 428/256/256 427/243/243 60/69/69
f 63/56/56 64/257/257 52/54/54
f 52/54/54 64/257/257 65/258/258
f 52/54/54 65/258/258 66/259/259
f 66/259/259 65/258/258 127/260/260
f 66/259/259 127/260/260 128/261/261
f 128/261/261 127/260/260 189/262/262
f 128/261/261 189/262/262 190/263/263
f 190/263/263 189/262/262 251/264/264
f 190/263/263 251/264/264 252/265/265
f 252/265/265 251/264/264 313/266/266
f 252/265/265 313/266/266 314/74/74
f 314/74/74 313/266/266 375/72/72
f 63/56/56 125/58/58 64/257/257
f 64/257/257 125/58/58 126/267/267
f 64/257/257 126/267/267 65/258/258
f 65/258/258 126/267/267 127/260/260
f 66/259/259 67/268/268 52/54/54
f 52/54/54 67/268/268 68/269/269
f 52/54/54 68/269/269 69/270/270
f 69/270/270 68/269/269 130/271/271
f 69/270/270 130/271/271 131/80/80
f 131/80/80 130/271/271 192/78/78
f 66/259/259 128/261/261 67/268/268
f 67/268/268 128/261/261 129/272/272
f 67/268/268 129/272/272 68/269/269
f 68/269/269 129/272/272 130/271/271
f 70/82/82 52/54/54 69/270/270
f 131/80/80 70/82/82 69/270/270
f 72/84/84 71/83/83 133/273/273
f 133/273/273 71/83/83 132/81/81
f 133/273/273 132/81/81 194/274/274
f 194/274/274 132/81/81 193/79/79
f 194/274/274 193/79/79 255/275/275
f 255/275/275 193/79/79 254/77/77
f 255/275/275 254/77/77 316/276/276
f 316/276/276 254/77/77 315/75/75
f 316/276/276 315/75/75 377/277/277
f 377/277/277 315/75/75 376/73/73
f 377/277/277 376/73/73 438/278/278
f 438/278/278 376/73/73 437/71/71
f 438/278/278 437/71/71 60/69/69
f 73/85/85 74/279/279 52/54/54
f 52/54/54 74/279/279 75/280/280
f 52/54/54 75/280/280 76/281/281
f 76/281/281 75/280/280 137/282/282
f 76/281/281 137/282/282 138/283/283
f 138/283/283 137/282/282 199/284/284
f 138/283/283 199/284/284 200/285/285
f 200/285/285 199/284/284 261/286/286
f 200/285/285 261/286/286 262/287/287
f 262/287/287 261/286/286 323/288/288
f 262/287/287 323/288/288 324/102/102
f 324/102/102 323/288/288 385/100/100
f 73/85/85 135/87/87 74/279/279
f 74/279/279 135/87/87 136/289/289
f 74/279/279 136/289/289 75/280/280
f 75/280/280 136/289/289 137/282/282
f 76/281/281 77/290/290 52/54/54
f 52/54/54 77/290/290 78/291/291
f 52/54/54 78/291/291 79/292/292
f 79/292/292 78/291/291 140/293/293
f 79/292/292 140/293/293 141/108/108
f 141/108/108 140/293/293 202/106/106
f 76/281/281 138/283/283 77/290/290
f 77/290/290 138/283/283 139/294/294
f 77/290/290 139/294/294 78/291/291
f 78/291/291 139/294/294 140/293/293
f 80/110/110 52/54/54 79/292/292
f 141/108/108 80/110/110 79/292/292
f 82/112/112 81/111/111 143/295/295
f 143/295/295 81/111/111 142/109/109
f 143/295/295 142/109/109 204/296/296
f 204/296/296 142/109/109 203/107/107
f 204/296/296 203/107/107 265/297/297
f 265/297/297 203/107/107 264/105/105
f 265/297/297 264/105/105 326/298/298
f 326/298/298 264/105/105 325/103/103
f 326/298/298 325/103/103 387/299/299
f 387/299/299 325/103/103 386/101/101
f 387/299/299 386/101/101 448/300/300
f 448/300/300 386/101/101 447/99/99
f 448/300/300 447/99/99 60/69/69
f 83/113/113 84/301/301 52/54/54
f 52/54/54 84/301/301 85/302/302
f 52/54/54 85/302/302 86/303/303
f 86/303/303 85/302/302 147/304/304
f 86/303/303 147/304/304 148/305/305
f 148/305/305 147/304/304 209/306/306
f 148/305/305 209/306/306 210/307/307
f 210/307/307 209/306/306 271/308/308
f 210/307/307 271/308/308 272/309/309
f 272/309/309 271/308/308 333/310/310
f 272/309/309 333/310/310 334/130/130
f 334/130/130 333/310/310 395/128/128
f 83/113/113 145/115/115 84/301/301
f 84/301/301 145/115/115 146/311/311
f 84/301/301 146/311/311 85/302/302
f 85/302/302 146/311/311 147/304/304
f 86/303/303 87/312/312 52/54/54
f 52/54/54 87/312/312 88/313/313
f 52/54/54 88/313/313 89/314/314
f 89/314/314 88/313/313 150/315/315
f 89/314/314 150/315/315 151/136/136
f 151/136/136 150/315/315 212/134/134
f 86/303/303 148/305/305 87/312/312
f 87/312/312 148/305/305 149/316/316
f 87/312/312 149/316/316 88/313/313
f 88/313/313 149/316/316 150/315/315
f 90/138/138 52/54/54 89/314/314
f 151/136/136 90/138/138 89/314/314
f 154/143/143 92/141/141 153/250/250
f 93/142/142 94/317/317 22/140/140
f 22/140/140 94/317/317 95/318/318
f 22/140/140 95/318/318 96/319/319
f 96/319/319 95/318/318 157/320/320
f 96/319/319 157/320/320 158/321/321
f 158/321/321 157/320/320 219/322/322
f 158/321/321 219/322/322 220/323/323
f 220/323/323 219/322/322 281/324/324
f 220/323/323 281/324/324 282/325/325
f 282/325/325 281/324/324 343/326/326
f 282/325/325 343/326/326 344/160/160
f 344/160/160 343/326/326 405/158/158
f 93/142/142 155/144/144 94/317/317
f 94/317/317 155/144/144 156/327/327
f 94/317/317 156/327/327 95/318/318
f 95/318/318 156/327/327 157/320/320
f 96/319/319 97/328/328 22/140/140
f 22/140/140 97/328/328 98/329/329
f 22/140/140 98/329/329 99/330/330
f 99/330/330 98/329/329 160/331/331
f 99/330/330 160/331/331 161/166/166
f 161/166/166 160/331/331 222/164/164
f 96/319/319 158/321/321 97/328/328
f 97/328/328 158/321/321 159/332/332
f 97/328/328 159/332/332 98/329/329
f 98/329/329 159/332/332 160/331/331
f 100/168/168 22/140/140 99/330/330
f 161/166/166 100/168/168 99/330/330
f 102/170/170 101/169/169 163/333/333
f 163/333/333 101/169/169 162/167/167
f 163/333/333 162/167/167 224/334/334
f 224/334/334 162/167/167 223/165/165
f 224/334/334 223/165/165 285/335/335
f 285/335/335 223/165/165 284/163/163
f 285/335/335 284/163/163 346/336/336
f 346/336/336 284/163/163 345/161/161
f 346/336/336 345/161/161 407/337/337
f 407/337/337 345/161/161 406/159/159
f 407/337/337 406/159/159 468/338/338
f 468/338/338 406/159/159 467/157/157
f 468/338/338 467/157/157 30/155/155
f 103/171/171 104/339/339 22/140/140
f 22/140/140 104/339/339 105/340/340
f 22/140/140 105/340/340 106/341/341
f 106/341/341 105/340/340 167/342/342
f 106/341/341 167/342/342 168/343/343
f 168/343/343 167/342/342 229/344/344
f 168/343/343 229/344/344 230/345/345
f 230/345/345 229/344/344 291/346/346
f 230/345/345 291/346/346 292/347/347
f 292/347/347 291/346/346 353/348/348
f 292/347/347 353/348/348 354/188/188
f 354/188/188 353/348/348 415/186/186
f 103/171/171 165/173/173 104/339/339
f 104/339/339 165/173/173 166/349/349
f 104/339/339 166/349/349 105/340/340
f 105/340/340 166/349/349 167/342/342
f 106/341/341 107/350/350 22/140/140
f 22/140/140 107/350/350 108/351/351
f 22/140/140 108/351/351 109/352/352
f 109/352/352 108/351/351 170/353/353
f 109/352/352 170/353/353 171/194/194
f 171/194/194 170/353/353 232/192/192
f 106/341/341 168/343/343 107/350/350
f 107/350/350 168/343/343 169/354/354
f 107/350/350 169/354/354 108/351/351
f 108/351/351 169/354/354 170/353/353
f 110/196/196 22/140/140 109/352/352
f 171/194/194 110/196/196 109/352/352
f 112/198/198 111/197/197 173/355/355
f 173/355/355 111/197/197 172/195/195
f 173/355/355 172/195/195 234/356/356
f 234/356/356 172/195/195 233/193/193
f 234/356/356 233/193/193 295/357/357
f 295/357/357 233/193/193 294/191/191
f 295/357/357 294/191/191 356/358/358
f 356/358/358 294/191/191 355/189/189
f 356/358/358 355/189/189 417/359/359
f 417/359/359 355/189/189 416/187/187
f 417/359/359 416/187/187 478/360/360
f 478/360/360 416/187/187 477/185/185
f 478/360/360 477/185/185 30/155/155
f 113/199/199 114/361/361 22/140/140
f 22/140/140 114/361/361 115/362/362
f 22/140/140 115/362/362 116/363/363
f 116/363/363 115/362/362 177/364/364
f 116/363/363 177/364/364 178/365/365
f 178/365/365 177/364/364 239/366/366
f 178/365/365 239/366/366 240/367/367
f 240/367/367 239/366/366 301/368/368
f 240/367/367 301/368/368 302/369/369
f 302/369/369 301/368/368 363/370/370
f 302/369/369 363/370/370 364/216/216
f 364/216/216 363/370/370 425/214/214
f 113/199/199 175/201/201 114/361/361
f 114/361/361 175/201/201 176/371/371
f 114/361/361 176/371/371 115/362/362
f 115/362/362 176/371/371 177/364/364
f 116/363/363 117/372/372 22/140/140
f 22/140/140 117/372/372 118/373/373
f 22/140/140 118/373/373 119/374/374
f 119/374/374 118/373/373 180/375/375
f 119/374/374 180/375/375 181/222/222
f 181/222/222 180/375/375 242/220/220
f 116/363/363 178/365/365 117/372/372
f 117/372/372 178/365/365 179/376/376
f 117/372/372 179/376/376 118/373/373
f 118/373/373 179/376/376 180/375/375
f 120/224/224 22/140/140 119/374/374
f 181/222/222 120/224/224 119/374/374
f 62/55/55 123/251/251 124/57/57
f 124/57/57 123/251/251 185/377/377
f 124/57/57 185/377/377 186/59/59
f 186/59/59 185/377/377 247/378/378
f 186/59/59 247/378/378 248/61/61
f 248/61/61 247/378/378 309/379/379
f 248/61/61 309/379/379 310/63/63
f 310/63/63 309/379/379 371/380/380
f 310/63/63 371/380/380 372/65/65
f 372/65/65 371/380/380 433/381/381
f 372/65/65 433/381/381 434/67/67
f 434/67/67 433/381/381 60/69/69
f 185/377/377 123/251/251 184/252/252
f 125/58/58 187/60/60 126/267/267
f 126/267/267 187/60/60 188/382/382
f 126/267/267 188/382/382 127/260/260
f 127/260/260 188/382/382 189/262/262
f 128/261/261 190/263/263 129/272/272
f 129/272/272 190/263/263 191/383/383
f 129/272/272 191/383/383 130/271/271
f 130/271/271 191/383/383 192/78/78
f 72/84/84 133/273/273 134/86/86
f 134/86/86 133/273/273 195/384/384
f 134/86/86 195/384/384 196/88/88
f 196/88/88 195/384/384 257/385/385
f 196/88/88 257/385/385 258/90/90
f 258/90/90 257/385/385 319/386/386
f 258/90/90 319/386/386 320/92/92
f 320/92/92 319/386/386 381/387/387
f 320/92/92 381/387/387 382/94/94
f 382/94/94 381/387/387 443/388/388
f 382/94/94 443/388/388 444/96/96
f 444/96/96 443/388/388 60/69/69
f 195/384/384 133/273/273 194/274/274
f 135/87/87 197/89/89 136/289/289
f 136/289/289 197/89/89 198/389/389
f 136/289/289 198/389/389 137/282/282
f 137/282/282 198/389/389 199/284/284
f 138/283/283 200/285/285 139/294/294
f 139/294/294 200/285/285 201/390/390
f 139/294/294 201/390/390 140/293/293
f 140/293/293 201/390/390 202/106/106
f 82/112/112 143/295/295 144/114/114
f 144/114/114 143/295/295 205/391/391
f 144/114/114 205/391/391 206/116/116
f 206/116/116 205/391/391 267/392/392
f 206/116/116 267/392/392 268/118/118
f 268/118/118 267/392/392 329/393/393
f 268/118/118 329/393/393 330/120/120
f 330/120/120 329/393/393 391/394/394
f 330/120/120 391/394/394 392/122/122
f 392/122/122 391/394/394 453/395/395
f 392/122/122 453/395/395 454/124/124
f 454/124/124 453/395/395 60/69/69
f 205/391/391 143/295/295 204/296/296
f 145/115/115 207/117/117 146/311/311
f 146/311/311 207/117/117 208/396/396
f 146/311/311 208/396/396 147/304/304
f 147/304/304 208/396/396 209/306/306
f 148/305/305 210/307/307 149/316/316
f 149/316/316 210/307/307 211/397/397
f 149/316/316 211/397/397 150/315/315
f 150/315/315 211/397/397 212/134/134
f 154/143/143 153/250/250 215/398/398
f 215/398/398 153/250/250 214/249/249
f 215/398/398 214/249/249 276/399/399
f 276/399/399 214/249/249 275/248/248
f 276/399/399 275/248/248 337/400/400
f 337/400/400 275/248/248 336/247/247
f 337/400/400 336/247/247 398/401/401
f 398/401/401 336/247/247 397/246/246
f 398/401/401 397/246/246 459/402/402
f 459/402/402 397/246/246 458/245/245
f 459/402/402 458/245/245 30/155/155
f 155/144/144 217/146/146 156/327/327
f 156/327/327 217/146/146 218/403/403
f 156/327/327 218/403/403 157/320/320
f 157/320/320 218/403/403 219/322/322
f 158/321/321 220/323/323 159/332/332
f 159/332/332 220/323/323 221/404/404
f 159/332/332 221/404/404 160/331/331
f 160/331/331 221/404/404 222/164/164
f 102/170/170 163/333/333 164/172/172
f 164/172/172 163/333/333 225/405/405
f 164/172/172 225/405/405 226/174/174
f 226/174/174 225/405/405 287/406/406
f 226/174/174 287/406/406 288/176/176
f 288/176/176 287/406/406 349/407/407
f 288/176/176 349/407/407 350/178/178
f 350/178/178 349/407/407 411/408/408
f 350/178/178 411/408/408 412/180/180
f 412/180/180 411/408/408 473/409/409
f 412/180/180 473/409/409 474/182/182
f 474/182/182 473/409/409 30/155/155
f 225/405/405 163/333/333 224/334/334
f 165/173/173 227/175/175 166/349/349
f 166/349/349 227/175/175 228/410/410
f 166/349/349 228/410/410 167/342/342
f 167/342/342 228/410/410 229/344/344
f 168/343/343 230/345/345 169/354/354
f 169/354/354 230/345/345 231/411/411
f 169/354/354 231/411/411 170/353/353
f 170/353/353 231/411/411 232/192/192
f 112/198/198 173/355/355 174/200/200
f 174/200/200 173/355/355 235/412/412
f 174/200/200 235/412/412 236/202/202
f 236/202/202 235/412/412 297/413/413
f 236/202/202 297/413/413 298/204/204
f 298/204/204 297/413/413 359/414/414
f 298/204/204 359/414/414 360/206/206
f 360/206/206 359/414/414 421/415/415
f 360/206/206 421/415/415 422/208/208
f 422/208/208 421/415/415 483/416/416
f 422/208/208 483/416/416 484/210/210
f 484/210/210 483/416/416 30/155/155
f 235/412/412 173/355/355 234/356/356
f 175/201/201 237/203/203 176/371/371
f 176/371/371 237/203/203 238/417/417
f 176/371/371 238/417/417 177/364/364
f 177/364/364 238/417/417 239/366/366
f 178/365/365 240/367/367 179/376/376
f 179/376/376 240/367/367 241/418/418
f 179/376/376 241/418/418 180/375/375
f 180/375/375 241/418/418 242/220/220
f 185/377/377 184/252/252 246/419/419
f 246/419/419 184/252/252 245/253/253
f 246/419/419 245/253/253 307/420/420
f 307/420/420 245/253/253 306/254/254
f 307/420/420 306/254/254 368/421/421
f 368/421/421 306/254/254 367/255/255
f 368/421/421 367/255/255 429/422/422
f 429/422/422 367/255/255 428/256/256
f 429/422/422 428/256/256 60/69/69
f 187/60/60 249/62/62 188/382/382
f 188/382/382 249/62/62 250/423/423
f 188/382/382 250/423/423 189/262/262
f 189/262/262 250/423/423 251/264/264
f 253/76/76 192/78/78 191/383/383
f 253/76/76 191/383/383 252/265/265
f 252/265/265 191/383/383 190/263/263
f 195/384/384 194/274/274 256/424/424
f 256/424/424 194/274/274 255/275/275
f 256/424/424 255/275/275 317/425/425
f 317/425/425 255/275/275 316/276/276
f 317/425/425 316/276/276 378/426/426
f 378/426/426 316/276/276 377/277/277
f 378/426/426 377/277/277 439/427/427
f 439/427/427 377/277/277 438/278/278
f 439/427/427 438/278/278 60/69/69
f 197/89/89 259/91/91 198/389/389
f 198/389/389 259/91/91 260/428/428
f 198/389/389 260/428/428 199/284/284
f 199/284/284 260/428/428 261/286/286
f 263/104/104 202/106/106 201/390/390
f 263/104/104 201/390/390 262/287/287
f 262/287/287 201/390/390 200/285/285
f 205/391/391 204/296/296 266/429/429
f 266/429/429 204/296/296 265/297/297
f 266/429/429 265/297/297 327/430/430
f 327/430/430 265/297/297 326/298/298
f 327/430/430 326/298/298 388/431/431
f 388/431/431 326/298/298 387/299/299
f 388/431/431 387/299/299 449/432/432
f 449/432/432 387/299/299 448/300/300
f 449/432/432 448/300/300 60/69/69
f 207/117/117 269/119/119 208/396/396
f 208/396/396 269/119/119 270/433/433
f 208/396/396 270/433/433 209/306/306
f 209/306/306 270/433/433 271/308/308
f 273/132/132 212/134/134 211/397/397
f 273/132/132 211/397/397 272/309/309
f 272/309/309 211/397/397 210/307/307
f 154/143/143 215/398/398 216/145/145
f 216/145/145 215/398/398 277/434/434
f 216/145/145 277/434/434 278/147/147
f 278/147/147 277/434/434 339/435/435
f 278/147/147 339/435/435 340/149/149
f 340/149/149 339/435/435 401/436/436
f 340/149/149 401/436/436 402/151/151
f 402/151/151 401/436/436 463/437/437
f 402/151/151 463/437/437 464/153/153
f 464/153/153 463/437/437 30/155/155
f 277/434/434 215/398/398 276/399/399
f 217/146/146 279/148/148 218/403/403
f 218/403/403 279/148/148 280/438/438
f 218/403/403 280/438/438 219/322/322
f 219/322/322 280/438/438 281/324/324
f 283/162/162 222/164/164 221/404/404
f 283/162/162 221/404/404 282/325/325
f 282/325/325 221/404/404 220/323/323
f 225/405/405 224/334/334 286/439/439
f 286/439/439 224/334/334 285/335/335
f 286/439/439 285/335/335 347/440/440
f 347/440/440 285/335/335 346/336/336
f 347/440/440 346/336/336 408/441/441
f 408/441/441 346/336/336 407/337/337
f 408/441/441 407/337/337 469/442/442
f 469/442/442 407/337/337 468/338/338
f 469/442/442 468/338/338 30/155/155
f 227/175/175 289/177/177 228/410/410
f 228/410/410 289/177/177 290/443/443
f 228/410/410 290/443/443 229/344/344
f 229/344/344 290/443/443 291/346/346
f 293/190/190 232/192/192 231/411/411
f 293/190/190 231/411/411 292/347/347
f 292/347/347 231/411/411 230/345/345
f 235/412/412 234/356/356 296/444/444
f 296/444/444 234/356/356 295/357/357
f 296/444/444 295/357/357 357/445/445
f 357/445/445 295/357/357 356/358/358
f 357/445/445 356/358/358 418/446/446
f 418/446/446 356/358/358 417/359/359
f 418/446/446 417/359/359 479/447/447
f 479/447/447 417/359/359 478/360/360
f 479/447/447 478/360/360 30/155/155
f 237/203/203 299/205/205 238/417/417
f 238/417/417 299/205/205 300/448/448
f 238/417/417 300/448/448 239/366/366
f 239/366/366 300/448/448 301/368/368
f 303/218/218 242/220/220 241/418/418
f 303/218/218 241/418/418 302/369/369
f 302/369/369 241/418/418 240/367/367
f 185/377/377 246/419/419 247/378/378
f 247/378/378 246/419/419 308/449/449
f 247/378/378 308/449/449 309/379/379
f 309/379/379 308/449/449 370/450/450
f 309/379/379 370/450/450 371/380/380
f 371/380/380 370/450/450 432/451/451
f 371/380/380 432/451/451 433/381/381
f 433/381/381 432/451/451 60/69/69
f 308/449/449 246/419/419 307/420/420
f 249/62/62 311/64/64 250/423/423
f 250/423/423 311/64/64 312/452/452
f 250/423/423 312/452/452 251/264/264
f 251/264/264 312/452/452 313/266/266
f 314/74/74 253/76/76 252/265/265
f 195/384/384 256/424/424 257/385/385
f 257/385/385 256/424/424 318/453/453
f 257/385/385 318/453/453 319/386/386
f 319/386/386 318/453/453 380/454/454
f 319/386/386 380/454/454 381/387/387
f 381/387/387 380/454/454 442/455/455
f 381/387/387 442/455/455 443/388/388
f 443/388/388 442/455/455 60/69/69
f 318/453/453 256/424/424 317/425/425
f 259/91/91 321/93/93 260/428/428
f 260/428/428 321/93/93 322/456/456
f 260/428/428 322/456/456 261/286/286
f 261/286/286 322/456/456 323/288/288
f 324/102/102 263/104/104 262/287/287
f 205/391/391 266/429/429 267/392/392
f 267/392/392 266/429/429 328/457/457
f 267/392/392 328/457/457 329/393/393
f 329/393/393 328/457/457 390/458/458
f 329/393/393 390/458/458 391/394/394
f 391/394/394 390/458/458 452/459/459
f 391/394/394 452/459/459 453/395/395
f 453/395/395 452/459/459 60/69/69
f 328/457/457 266/429/429 327/430/430
f 269/119/119 331/121/121 270/433/433
f 270/433/433 331/121/121 332/460/460
f 270/433/433 332/460/460 271/308/308
f 271/308/308 332/460/460 333/310/310
f 334/130/130 273/132/132 272/309/309
f 277/434/434 276/399/399 338/461/461
f 338/461/461 276/399/399 337/400/400
f 338/461/461 337/400/400 399/462/462
f 399/462/462 337/400/400 398/401/401
f 399/462/462 398/401/401 460/463/463
f 460/463/463 398/401/401 459/402/402
f 460/463/463 459/402/402 30/155/155
f 279/148/148 341/150/150 280/438/438
f 280/438/438 341/150/150 342/464/464
f 280/438/438 342/464/464 281/324/324
f 281/324/324 342/464/464 343/326/326
f 344/160/160 283/162/162 282/325/325
f 225/405/405 286/439/439 287/406/406
f 287/406/406 286/439/439 348/465/465
f 287/406/406 348/465/465 349/407/407
f 349/407/407 348/465/465 410/466/466
f 349/407/407 410/466/466 411/408/408
f 411/408/408 410/466/466 472/467/467
f 411/408/408 472/467/467 473/409/409
f 473/409/409 472/467/467 30/155/155
f 348/465/465 286/439/439 347/440/440
f 289/177/177 351/179/179 290/443/443
f 290/443/443 351/179/179 352/468/468
f 290/443/443 352/468/468 291/346/346
f 291/346/346 352/468/468 353/348/348
f 354/188/188 293/190/190 292/347/347
f 235/412/412 296/444/444 297/413/413
f 297/413/413 296/444/444 358/469/469
f 297/413/413 358/469/469 359/414/414
f 359/414/414 358/469/469 420/470/470
f 359/414/414 420/470/470 421/415/415
f 421/415/415 420/470/470 482/471/471
f 421/415/415 482/471/471 483/416/416
f 483/416/416 482/471/471 30/155/155
f 358/469/469 296/444/444 357/445/445
f 299/205/205 361/207/207 300/448/448
f 300/448/448 361/207/207 362/472/472
f 300/448/448 362/472/472 301/368/368
f 301/368/368 362/472/472 363/370/370
f 364/216/216 303/218/218 302/369/369
f 308/449/449 307/420/420 369/473/473
f 369/473/473 307/420/420 368/421/421
f 369/473/473 368/421/421 430/474/474
f 430/474/474 368/421/421 429/422/422
f 430/474/474 429/422/422 60/69/69
f 311/64/64 373/66/66 312/452/452
f 312/452/452 373/66/66 374/475/475
f 312/452/452 374/475/475 313/266/266
f 313/266/266 374/475/475 375/72/72
f 318/453/453 317/425/425 379/476/476
f 379/476/476 317/425/425 378/426/426
f 379/476/476 378/426/426 440/477/477
f 440/477/477 378/426/426 439/427/427
f 440/477/477 439/427/427 60/69/69
f 321/93/93 383/95/95 322/456/456
f 322/456/456 383/95/95 384/478/478
f 322/456/456 384/478/478 323/288/288
f 323/288/288 384/478/478 385/100/100
f 328/457/457 327/430/430 389/479/479
f 389/479/479 327/430/430 388/431/431
f 389/479/479 388/431/431 450/480/480
f 450/480/480 388/431/431 449/432/432
f 450/480/480 449/432/432 60/69/69
f 331/121/121 393/123/123 332/460/460
f 332/460/460 393/123/123 394/481/481
f 332/460/460 394/481/481 333/310/310
f 333/310/310 394/481/481 395/128/128
f 277/434/434 338/461/461 339/435/435
f 339/435/435 338/461/461 400/482/482
f 339/435/435 400/482/482 401/436/436
f 401/436/436 400/482/482 462/483/483
f 401/436/436 462/483/483 463/437/437
f 463/437/437 462/483/483 30/155/155
f 400/482/482 338/461/461 399/462/462
f 341/150/150 403/152/152 342/464/464
f 342/464/464 403/152/152 404/484/484
f 342/464/464 404/484/484 343/326/326
f 343/326/326 404/484/484 405/158/158
f 348/465/465 347/440/440 409/485/485
f 409/485/485 347/440/440 408/441/441
f 409/485/485 408/441/441 470/486/486
f 470/486/486 408/441/441 469/442/442
f 470/486/486 469/442/442 30/155/155
f 351/179/179 413/181/181 352/468/468
f 352/468/468 413/181/181 414/487/487
f 352/468/468 414/487/487 353/348/348
f 353/348/348 414/487/487 415/186/186
f 358/469/469 357/445/445 419/488/488
f 419/488/488 357/445/445 418/446/446
f 419/488/488 418/446/446 480/489/489
f 480/489/489 418/446/446 479/447/447
f 480/489/489 479/447/447 30/155/155
f 361/207/207 423/209/209 362/472/472
f 362/472/472 423/209/209 424/490/490
f 362/472/472 424/490/490 363/370/370
f 363/370/370 424/490/490 425/214/214
f 308/449/449 369/473/473 370/450/450
f 370/450/450 369/473/473 431/491/491
f 370/450/450 431/491/491 432/451/451
f 432/451/451 431/491/491 60/69/69
f 431/491/491 369/473/473 430/474/474
f 436/70/70 375/72/72 374/475/475
f 436/70/70 374/475/475 435/68/68
f 435/68/68 374/475/475 373/66/66
f 318/453/453 379/476/476 380/454/454
f 380/454/454 379/476/476 441/492/492
f 380/454/454 441/492/492 442/455/455
f 442/455/455 441/492/492 60/69/69
f 441/492/492 379/476/476 440/477/477
f 446/98/98 385/100/100 384/478/478
f 446/98/98 384/478/478 445/97/97
f 445/97/97 384/478/478 383/95/95
f 328/457/457 389/479/479 390/458/458
f 390/458/458 389/479/479 451/493/493
f 390/458/458 451/493/493 452/459/459
f 452/459/459 451/493/493 60/69/69
f 451/493/493 389/479/479 450/480/480
f 456/126/126 395/128/128 394/481/481
f 456/126/126 394/481/481 455/125/125
f 455/125/125 394/481/481 393/123/123
f 400/482/482 399/462/462 461/494/494
f 461/494/494 399/462/462 460/463/463
f 461/494/494 460/463/463 30/155/155
f 466/156/156 405/158/158 404/484/484
f 466/156/156 404/484/484 465/154/154
f 465/154/154 404/484/484 403/152/152
f 348/465/465 409/485/485 410/466/466
f 410/466/466 409/485/485 471/495/495
f 410/466/466 471/495/495 472/467/467
f 472/467/467 471/495/495 30/155/155
f 471/495/495 409/485/485 470/486/486
f 476/184/184 415/186/186 414/487/487
f 476/184/184 414/487/487 475/183/183
f 475/183/183 414/487/487 413/181/181
f 358/469/469 419/488/488 420/470/470
f 420/470/470 419/488/488 481/496/496
f 420/470/470 481/496/496 482/471/471
f 482/471/471 481/496/496 30/155/155
f 481/496/496 419/488/488 480/489/489
f 486/212/212 425/214/214 424/490/490
f 486/212/212 424/490/490 485/211/211
f 485/211/211 424/490/490 423/209/209
f 60/69/69 431/491/491 430/474/474
f 60/69/69 441/492/492 440/477/477
f 60/69/69 451/493/493 450/480/480
f 30/155/155 462/483/483 461/494/494
f 461/494/494 462/483/483 400/482/482
f 30/155/155 471/495/495 470/486/486
f 30/155/155 481/496/496 480/489/489
f 488/497/497 52/498/54 21/499/498
f 21/499/498 52/498/54 22/500/140
f 490/501/499 495/502/500 489/503/501
f 489/503/501 495/502/500 496/504/502
f 489/503/501 496/504/502 497/505/503
f 497/505/503 496/504/502 558/506/504
f 497/505/503 558/506/504 559/507/505
f 559/507/505 558/506/504 620/508/506
f 559/507/505 620/508/506 621/509/507
f 621/509/507 620/508/506 682/510/508
f 621/509/507 682/510/508 683/511/509
f 683/511/509 682/510/508 744/512/510
f 683/511/509 744/512/510 745/513/511
f 745/513/511 744/512/510 488/514/497
f 745/513/511 488/514/497 746/515/512
f 746/515/512 488/514/497 747/516/513
f 746/515/512 747/516/513 685/517/514
f 685/517/514 747/516/513 686/518/515
f 685/517/514 686/518/515 624/519/516
f 624/519/516 686/518/515 625/520/517
f 624/519/516 625/520/517 563/521/518
f 563/521/518 625/520/517 564/522/519
f 563/521/518 564/522/519 502/523/520
f 502/523/520 564/522/519 503/524/521
f 502/523/520 503/524/521 489/503/501
f 489/503/501 503/524/521 504/525/522
f 489/503/501 504/525/522 505/526/523
f 505/526/523 504/525/522 566/527/524
f 505/526/523 566/527/524 567/528/525
f 567/528/525 566/527/524 628/529/526
f 567/528/525 628/529/526 629/530/527
f 629/530/527 628/529/526 690/531/528
f 629/530/527 690/531/528 691/532/529
f 691/532/529 690/531/528 752/533/530
f 691/532/529 752/533/530 753/534/531
f 753/534/531 752/533/530 488/514/497
f 753/534/531 488/514/497 754/535/532
f 754/535/532 488/514/497 755/536/533
f 754/535/532 755/536/533 693/537/534
f 693/537/534 755/536/533 694/538/535
f 693/537/534 694/538/535 632/539/536
f 632/539/536 694/538/535 633/540/537
f 632/539/536 633/540/537 571/541/538
f 571/541/538 633/540/537 572/542/539
f 571/541/538 572/542/539 510/543/540
f 510/543/540 572/542/539 511/544/541
f 510/543/540 511/544/541 489/503/501
f 489/503/501 511/544/541 512/545/542
f 489/503/501 512/545/542 513/546/543
f 513/546/543 512/545/542 574/547/544
f 513/546/543 574/547/544 575/548/545
f 575/548/545 574/547/544 636/549/546
f 575/548/545 636/549/546 637/550/547
f 637/550/547 636/549/546 698/551/548
f 637/550/547 698/551/548 699/552/549
f 699/552/549 698/551/548 760/553/550
f 699/552/549 760/553/550 761/554/551
f 761/554/551 760/553/550 488/514/497
f 761/554/551 488/514/497 762/555/552
f 762/555/552 488/514/497 763/556/553
f 762/555/552 763/556/553 701/557/554
f 701/557/554 763/556/553 702/558/555
f 701/557/554 702/558/555 640/559/556
f 640/559/556 702/558/555 641/560/557
f 640/559/556 641/560/557 579/561/558
f 579/561/558 641/560/557 580/562/559
f 579/561/558 580/562/559 518/563/560
f 518/563/560 580/562/559 519/564/561
f 518/563/560 519/564/561 489/503/501
f 489/503/501 519/564/561 520/565/562
f 489/503/501 520/565/562 521/566/563
f 521/566/563 520/565/562 582/567/564
f 521/566/563 582/567/564 583/568/565
f 583/568/565 582/567/564 644/569/566
f 583/568/565 644/569/566 645/570/567
f 645/570/567 644/569/566 706/571/568
f 645/570/567 706/571/568 707/572/569
f 707/572/569 706/571/568 768/573/570
f 707/572/569 768/573/570 769/574/571
f 769/574/571 768/573/570 488/514/497
f 769/574/571 488/514/497 21/575/498
f 495/502/500 490/501/499 556/576/572
f 556/576/572 490/501/499 491/577/573
f 556/576/572 491/577/573 617/578/574
f 617/578/574 491/577/573 492/579/575
f 617/578/574 492/579/575 678/580/576
f 678/580/576 492/579/575 493/581/577
f 678/580/576 493/581/577 739/582/578
f 739/582/578 493/581/577 494/583/579
f 739/582/578 494/583/579 488/514/497
f 20/584/580 799/585/581 21/575/498
f 21/575/498 799/585/581 798/586/582
f 21/575/498 798/586/582 797/587/583
f 797/587/583 798/586/582 736/588/584
f 797/587/583 736/588/584 735/589/585
f 735/589/585 736/588/584 674/590/586
f 735/589/585 674/590/586 673/591/587
f 673/591/587 674/590/586 612/592/588
f 673/591/587 612/592/588 611/593/589
f 611/593/589 612/592/588 550/594/590
f 611/593/589 550/594/590 549/595/591
f 549/595/591 550/594/590 15/596/592
f 549/595/591 15/596/592 548/597/593
f 548/597/593 15/596/592 547/598/594
f 548/597/593 547/598/594 609/599/595
f 609/599/595 547/598/594 608/600/596
f 609/599/595 608/600/596 670/601/597
f 670/601/597 608/600/596 669/602/598
f 670/601/597 669/602/598 731/603/599
f 731/603/599 669/602/598 730/604/600
f 731/603/599 730/604/600 792/605/601
f 792/605/601 730/604/600 791/606/602
f 792/605/601 791/606/602 21/575/498
f 21/575/498 791/606/602 790/607/603
f 21/575/498 790/607/603 789/608/604
f 789/608/604 790/607/603 728/609/605
f 789/608/604 728/609/605 727/610/606
f 727/610/606 728/609/605 666/611/607
f 727/610/606 666/611/607 665/612/608
f 665/612/608 666/611/607 604/613/609
f 665/612/608 604/613/609 603/614/610
f 603/614/610 604/613/609 542/615/611
f 603/614/610 542/615/611 541/616/612
f 541/616/612 542/615/611 15/596/592
f 541/616/612 15/596/592 540/617/613
f 540/617/613 15/596/592 539/618/614
f 540/617/613 539/618/614 601/619/615
f 601/619/615 539/618/614 600/620/616
f 601/619/615 600/620/616 662/621/617
f 662/621/617 600/620/616 661/622/618
f 662/621/617 661/622/618 723/623/619
f 723/623/619 661/622/618 722/624/620
f 723/623/619 722/624/620 784/625/621
f 784/625/621 722/624/620 783/626/622
f 784/625/621 783/626/622 21/575/498
f 21/575/498 783/626/622 782/627/623
f 21/575/498 782/627/623 781/628/624
f 781/628/624 782/627/623 720/629/625
f 781/628/624 720/629/625 719/630/626
f 719/630/626 720/629/625 658/631/627
f 719/630/626 658/631/627 657/632/628
f 657/632/628 658/631/627 596/633/629
f 657/632/628 596/633/629 595/634/630
f 595/634/630 596/633/629 534/635/631
f 595/634/630 534/635/631 533/636/632
f 533/636/632 534/635/631 15/596/592
f 533/636/632 15/596/592 532/637/633
f 532/637/633 15/596/592 531/638/634
f 532/637/633 531/638/634 593/639/635
f 593/639/635 531/638/634 592/640/636
f 593/639/635 592/640/636 654/641/637
f 654/641/637 592/640/636 653/642/638
f 654/641/637 653/642/638 715/643/639
f 715/643/639 653/642/638 714/644/640
f 715/643/639 714/644/640 776/645/641
f 776/645/641 714/644/640 775/646/642
f 776/645/641 775/646/642 21/575/498
f 21/575/498 775/646/642 774/647/643
f 21/575/498 774/647/643 773/648/644
f 773/648/644 774/647/643 712/649/645
f 773/648/644 712/649/645 711/650/646
f 711/650/646 712/649/645 650/651/647
f 711/650/646 650/651/647 649/652/648
f 649/652/648 650/651/647 588/653/649
f 649/652/648 588/653/649 587/654/650
f 587/654/650 588/653/649 526/655/651
f 587/654/650 526/655/651 525/656/652
f 525/656/652 526/655/651 15/596/592
f 525/656/652 15/596/592 489/503/501
f 799/585/581 20/584/580 738/657/653
f 738/657/653 20/584/580 19/658/654
f 738/657/653 19/658/654 677/659/655
f 677/659/655 19/658/654 18/660/656
f 677/659/655 18/660/656 616/661/657
f 616/661/657 18/660/656 17/662/658
f 616/661/657 17/662/658 555/663/659
f 555/663/659 17/662/658 16/664/660
f 555/663/659 16/664/660 15/596/592
f 496/504/502 495/502/500 557/665/661
f 557/665/661 495/502/500 556/576/572
f 557/665/661 556/576/572 618/666/662
f 618/666/662 556/576/572 617/578/574
f 618/666/662 617/578/574 679/667/663
f 679/667/663 617/578/574 678/580/576
f 679/667/663 678/580/576 740/668/664
f 740/668/664 678/580/576 739/582/578
f 740/668/664 739/582/578 488/514/497
f 497/505/503 498/669/665 489/503/501
f 489/503/501 498/669/665 499/670/666
f 489/503/501 499/670/666 500/671/667
f 500/671/667 499/670/666 561/672/668
f 500/671/667 561/672/668 562/673/669
f 562/673/669 561/672/668 623/674/670
f 562/673/669 623/674/670 624/519/516
f 624/519/516 623/674/670 685/517/514
f 497/505/503 559/507/505 498/669/665
f 498/669/665 559/507/505 560/675/671
f 498/669/665 560/675/671 499/670/666
f 499/670/666 560/675/671 561/672/668
f 502/523/520 489/503/501 501/676/672
f 501/676/672 489/503/501 500/671/667
f 501/676/672 500/671/667 562/673/669
f 563/521/518 502/523/520 501/676/672
f 563/521/518 501/676/672 562/673/669
f 504/525/522 503/524/521 565/677/673
f 565/677/673 503/524/521 564/522/519
f 565/677/673 564/522/519 626/678/674
f 626/678/674 564/522/519 625/520/517
f 626/678/674 625/520/517 687/679/675
f 687/679/675 625/520/517 686/518/515
f 687/679/675 686/518/515 748/680/676
f 748/680/676 686/518/515 747/516/513
f 748/680/676 747/516/513 488/514/497
f 505/526/523 506/681/677 489/503/501
f 489/503/501 506/681/677 507/682/678
f 489/503/501 507/682/678 508/683/679
f 508/683/679 507/682/678 569/684/680
f 508/683/679 569/684/680 570/685/681
f 570/685/681 569/684/680 631/686/682
f 570/685/681 631/686/682 632/539/536
f 632/539/536 631/686/682 693/537/534
f 505/526/523 567/528/525 506/681/677
f 506/681/677 567/528/525 568/687/683
f 506/681/677 568/687/683 507/682/678
f 507/682/678 568/687/683 569/684/680
f 510/543/540 489/503/501 509/688/684
f 509/688/684 489/503/501 508/683/679
f 509/688/684 508/683/679 570/685/681
f 571/541/538 510/543/540 509/688/684
f 571/541/538 509/688/684 570/685/681
f 512/545/542 511/544/541 573/689/685
f 573/689/685 511/544/541 572/542/539
f 573/689/685 572/542/539 634/690/686
f 634/690/686 572/542/539 633/540/537
f 634/690/686 633/540/537 695/691/687
f 695/691/687 633/540/537 694/538/535
f 695/691/687 694/538/535 756/692/688
f 756/692/688 694/538/535 755/536/533
f 756/692/688 755/536/533 488/514/497
f 513/546/543 514/693/689 489/503/501
f 489/503/501 514/693/689 515/694/690
f 489/503/501 515/694/690 516/695/691
f 516/695/691 515/694/690 577/696/692
f 516/695/691 577/696/692 578/697/693
f 578/697/693 577/696/692 639/698/694
f 578/697/693 639/698/694 640/559/556
f 640/559/556 639/698/694 701/557/554
f 513/546/543 575/548/545 514/693/689
f 514/693/689 575/548/545 576/699/695
f 514/693/689 576/699/695 515/694/690
f 515/694/690 576/699/695 577/696/692
f 518/563/560 489/503/501 517/700/696
f 517/700/696 489/503/501 516/695/691
f 517/700/696 516/695/691 578/697/693
f 579/561/558 518/563/560 517/700/696
f 579/561/558 517/700/696 578/697/693
f 520/565/562 519/564/561 581/701/697
f 581/701/697 519/564/561 580/562/559
f 581/701/697 580/562/559 642/702/698
f 642/702/698 580/562/559 641/560/557
f 642/702/698 641/560/557 703/703/699
f 703/703/699 641/560/557 702/558/555
f 703/703/699 702/558/555 764/704/700
f 764/704/700 702/558/555 763/556/553
f 764/704/700 763/556/553 488/514/497
f 521/566/563 522/705/701 489/503/501
f 489/503/501 522/705/701 523/706/702
f 489/503/501 523/706/702 524/707/703
f 524/707/703 523/706/702 585/708/704
f 524/707/703 585/708/704 586/709/705
f 586/709/705 585/708/704 647/710/706
f 586/709/705 647/710/706 648/711/707
f 648/711/707 647/710/706 709/712/708
f 648/711/707 709/712/708 710/713/709
f 710/713/709 709/712/708 771/714/710
f 710/713/709 771/714/710 772/715/711
f 772/715/711 771/714/710 21/575/498
f 772/715/711 21/575/498 773/648/644
f 521/566/563 583/568/565 522/705/701
f 522/705/701 583/568/565 584/716/712
f 522/705/701 584/716/712 523/706/702
f 523/706/702 584/716/712 585/708/704
f 525/656/652 489/503/501 524/707/703
f 587/654/650 525/656/652 586/709/705
f 586/709/705 525/656/652 524/707/703
f 526/655/651 527/717/713 15/596/592
f 15/596/592 527/717/713 528/718/714
f 15/596/592 528/718/714 529/719/715
f 529/719/715 528/718/714 590/720/716
f 529/719/715 590/720/716 591/721/717
f 591/721/717 590/720/716 652/722/718
f 591/721/717 652/722/718 653/642/638
f 653/642/638 652/722/718 714/644/640
f 526/655/651 588/653/649 527/717/713
f 527/717/713 588/653/649 589/723/719
f 527/717/713 589/723/719 528/718/714
f 528/718/714 589/723/719 590/720/716
f 531/638/634 15/596/592 530/724/720
f 530/724/720 15/596/592 529/719/715
f 530/724/720 529/719/715 591/721/717
f 592/640/636 531/638/634 530/724/720
f 592/640/636 530/724/720 591/721/717
f 533/636/632 532/637/633 594/725/721
f 594/725/721 532/637/633 593/639/635
f 594/725/721 593/639/635 655/726/722
f 655/726/722 593/639/635 654/641/637
f 655/726/722 654/641/637 716/727/723
f 716/727/723 654/641/637 715/643/639
f 716/727/723 715/643/639 777/728/724
f 777/728/724 715/643/639 776/645/641
f 777/728/724 776/645/641 21/575/498
f 534/635/631 535/729/725 15/596/592
f 15/596/592 535/729/725 536/730/726
f 15/596/592 536/730/726 537/731/727
f 537/731/727 536/730/726 598/732/728
f 537/731/727 598/732/728 599/733/729
f 599/733/729 598/732/728 660/734/730
f 599/733/729 660/734/730 661/622/618
f 661/622/618 660/734/730 722/624/620
f 534/635/631 596/633/629 535/729/725
f 535/729/725 596/633/629 597/735/731
f 535/729/725 597/735/731 536/730/726
f 536/730/726 597/735/731 598/732/728
f 539/618/614 15/596/592 538/736/732
f 538/736/732 15/596/592 537/731/727
f 538/736/732 537/731/727 599/733/729
f 600/620/616 539/618/614 538/736/732
f 600/620/616 538/736/732 599/733/729
f 541/616/612 540/617/613 602/737/733
f 602/737/733 540/617/613 601/619/615
f 602/737/733 601/619/615 663/738/734
f 663/738/734 601/619/615 662/621/617
f 663/738/734 662/621/617 724/739/735
f 724/739/735 662/621/617 723/623/619
f 724/739/735 723/623/619 785/740/736
f 785/740/736 723/623/619 784/625/621
f 785/740/736 784/625/621 21/575/498
f 542/615/611 543/741/737 15/596/592
f 15/596/592 543/741/737 544/742/738
f 15/596/592 544/742/738 545/743/739
f 545/743/739 544/742/738 606/744/740
f 545/743/739 606/744/740 607/745/741
f 607/745/741 606/744/740 668/746/742
f 607/745/741 668/746/742 669/602/598
f 669/602/598 668/746/742 730/604/600
f 542/615/611 604/613/609 543/741/737
f 543/741/737 604/613/609 605/747/743
f 543/741/737 605/747/743 544/742/738
f 544/742/738 605/747/743 606/744/740
f 547/598/594 15/596/592 546/748/744
f 546/748/744 15/596/592 545/743/739
f 546/748/744 545/743/739 607/745/741
f 608/600/596 547/598/594 546/748/744
f 608/600/596 546/748/744 607/745/741
f 549/595/591 548/597/593 610/749/745
f 610/749/745 548/597/593 609/599/595
f 610/749/745 609/599/595 671/750/746
f 671/750/746 609/599/595 670/601/597
f 671/750/746 670/601/597 732/751/747
f 732/751/747 670/601/597 731/603/599
f 732/751/747 731/603/599 793/752/748
f 793/752/748 731/603/599 792/605/601
f 793/752/748 792/605/601 21/575/498
f 550/594/590 551/753/749 15/596/592
f 15/596/592 551/753/749 552/754/750
f 15/596/592 552/754/750 553/755/751
f 553/755/751 552/754/750 614/756/752
f 553/755/751 614/756/752 615/757/753
f 615/757/753 614/756/752 676/758/754
f 615/757/753 676/758/754 677/659/655
f 677/659/655 676/758/754 738/657/653
f 550/594/590 612/592/588 551/753/749
f 551/753/749 612/592/588 613/759/755
f 551/753/749 613/759/755 552/754/750
f 552/754/750 613/759/755 614/756/752
f 555/663/659 15/596/592 554/760/756
f 554/760/756 15/596/592 553/755/751
f 554/760/756 553/755/751 615/757/753
f 616/661/657 555/663/659 554/760/756
f 616/661/657 554/760/756 615/757/753
f 496/504/502 557/665/661 558/506/504
f 558/506/504 557/665/661 619/761/757
f 558/506/504 619/761/757 620/508/506
f 620/508/506 619/761/757 681/762/758
f 620/508/506 681/762/758 682/510/508
f 682/510/508 681/762/758 743/763/759
f 682/510/508 743/763/759 744/512/510
f 744/512/510 743/763/759 488/514/497
f 619/761/757 557/665/661 618/666/662
f 559/507/505 621/509/507 560/675/671
f 560/675/671 621/509/507 622/764/760
f 560/675/671 622/764/760 561/672/668
f 561/672/668 622/764/760 623/674/670
f 624/519/516 563/521/518 562/673/669
f 504/525/522 565/677/673 566/527/524
f 566/527/524 565/677/673 627/765/761
f 566/527/524 627/765/761 628/529/526
f 628/529/526 627/765/761 689/766/762
f 628/529/526 689/766/762 690/531/528
f 690/531/528 689/766/762 751/767/763
f 690/531/528 751/767/763 752/533/530
f 752/533/530 751/767/763 488/514/497
f 627/765/761 565/677/673 626/678/674
f 567/528/525 629/530/527 568/687/683
f 568/687/683 629/530/527 630/768/764
f 568/687/683 630/768/764 569/684/680
f 569/684/680 630/768/764 631/686/682
f 632/539/536 571/541/538 570/685/681
f 512/545/542 573/689/685 574/547/544
f 574/547/544 573/689/685 635/769/765
f 574/547/544 635/769/765 636/549/546
f 636/549/546 635/769/765 697/770/766
f 636/549/546 697/770/766 698/551/548
f 698/551/548 697/770/766 759/771/767
f 698/551/548 759/771/767 760/553/550
f 760/553/550 759/771/767 488/514/497
f 635/769/765 573/689/685 634/690/686
f 575/548/545 637/550/547 576/699/695
f 576/699/695 637/550/547 638/772/768
f 576/699/695 638/772/768 577/696/692
f 577/696/692 638/772/768 639/698/694
f 640/559/556 579/561/558 578/697/693
f 520/565/562 581/701/697 582/567/564
f 582/567/564 581/701/697 643/773/769
f 582/567/564 643/773/769 644/569/566
f 644/569/566 643/773/769 705/774/770
f 644/569/566 705/774/770 706/571/568
f 706/571/568 705/774/770 767/775/771
f 706/571/568 767/775/771 768/573/570
f 768/573/570 767/775/771 488/514/497
f 643/773/769 581/701/697 642/702/698
f 583/568/565 645/570/567 584/716/712
f 584/716/712 645/570/567 646/776/772
f 584/716/712 646/776/772 585/708/704
f 585/708/704 646/776/772 647/710/706
f 649/652/648 587/654/650 648/711/707
f 648/711/707 587/654/650 586/709/705
f 588/653/649 650/651/647 589/723/719
f 589/723/719 650/651/647 651/777/773
f 589/723/719 651/777/773 590/720/716
f 590/720/716 651/777/773 652/722/718
f 653/642/638 592/640/636 591/721/717
f 533/636/632 594/725/721 595/634/630
f 595/634/630 594/725/721 656/778/774
f 595/634/630 656/778/774 657/632/628
f 657/632/628 656/778/774 718/779/775
f 657/632/628 718/779/775 719/630/626
f 719/630/626 718/779/775 780/780/776
f 719/630/626 780/780/776 781/628/624
f 781/628/624 780/780/776 21/575/498
f 656/778/774 594/725/721 655/726/722
f 596/633/629 658/631/627 597/735/731
f 597/735/731 658/631/627 659/781/777
f 597/735/731 659/781/777 598/732/728
f 598/732/728 659/781/777 660/734/730
f 661/622/618 600/620/616 599/733/729
f 541/616/612 602/737/733 603/614/610
f 603/614/610 602/737/733 664/782/778
f 603/614/610 664/782/778 665/612/608
f 665/612/608 664/782/778 726/783/779
f 665/612/608 726/783/779 727/610/606
f 727/610/606 726/783/779 788/784/780
f 727/610/606 788/784/780 789/608/604
f 789/608/604 788/784/780 21/575/498
f 664/782/778 602/737/733 663/738/734
f 604/613/609 666/611/607 605/747/743
f 605/747/743 666/611/607 667/785/781
f 605/747/743 667/785/781 606/744/740
f 606/744/740 667/785/781 668/746/742
f 669/602/598 608/600/596 607/745/741
f 549/595/591 610/749/745 611/593/589
f 611/593/589 610/749/745 672/786/782
f 611/593/589 672/786/782 673/591/587
f 673/591/587 672/786/782 734/787/783
f 673/591/587 734/787/783 735/589/585
f 735/589/585 734/787/783 796/788/784
f 735/589/585 796/788/784 797/587/583
f 797/587/583 796/788/784 21/575/498
f 672/786/782 610/749/745 671/750/746
f 612/592/588 674/590/586 613/759/755
f 613/759/755 674/590/586 675/789/785
f 613/759/755 675/789/785 614/756/752
f 614/756/752 675/789/785 676/758/754
f 677/659/655 616/661/657 615/757/753
f 619/761/757 618/666/662 680/790/786
f 680/790/786 618/666/662 679/667/663
f 680/790/786 679/667/663 741/791/787
f 741/791/787 679/667/663 740/668/664
f 741/791/787 740/668/664 488/514/497
f 621/509/507 683/511/509 622/764/760
f 622/764/760 683/511/509 684/792/788
f 622/764/760 684/792/788 623/674/670
f 623/674/670 684/792/788 685/517/514
f 627/765/761 626/678/674 688/793/789
f 688/793/789 626/678/674 687/679/675
f 688/793/789 687/679/675 749/794/790
f 749/794/790 687/679/675 748/680/676
f 749/794/790 748/680/676 488/514/497
f 629/530/527 691/532/529 630/768/764
f 630/768/764 691/532/529 692/795/791
f 630/768/764 692/795/791 631/686/682
f 631/686/682 692/795/791 693/537/534
f 635/769/765 634/690/686 696/796/792
f 696/796/792 634/690/686 695/691/687
f 696/796/792 695/691/687 757/797/793
f 757/797/793 695/691/687 756/692/688
f 757/797/793 756/692/688 488/514/497
f 637/550/547 699/552/549 638/772/768
f 638/772/768 699/552/549 700/798/794
f 638/772/768 700/798/794 639/698/694
f 639/698/694 700/798/794 701/557/554
f 643/773/769 642/702/698 704/799/795
f 704/799/795 642/702/698 703/703/699
f 704/799/795 703/703/699 765/800/796
f 765/800/796 703/703/699 764/704/700
f 765/800/796 764/704/700 488/514/497
f 645/570/567 707/572/569 646/776/772
f 646/776/772 707/572/569 708/801/797
f 646/776/772 708/801/797 647/710/706
f 647/710/706 708/801/797 709/712/708
f 711/650/646 649/652/648 710/713/709
f 710/713/709 649/652/648 648/711/707
f 650/651/647 712/649/645 651/777/773
f 651/777/773 712/649/645 713/802/798
f 651/777/773 713/802/798 652/722/718
f 652/722/718 713/802/798 714/644/640
f 656/778/774 655/726/722 717/803/799
f 717/803/799 655/726/722 716/727/723
f 717/803/799 716/727/723 778/804/800
f 778/804/800 716/727/723 777/728/724
f 778/804/800 777/728/724 21/575/498
f 658/631/627 720/629/625 659/781/777
f 659/781/777 720/629/625 721/805/801
f 659/781/777 721/805/801 660/734/730
f 660/734/730 721/805/801 722/624/620
f 664/782/778 663/738/734 725/806/802
f 725/806/802 663/738/734 724/739/735
f 725/806/802 724/739/735 786/807/803
f 786/807/803 724/739/735 785/740/736
f 786/807/803 785/740/736 21/575/498
f 666/611/607 728/609/605 667/785/781
f 667/785/781 728/609/605 729/808/804
f 667/785/781 729/808/804 668/746/742
f 668/746/742 729/808/804 730/604/600
f 672/786/782 671/750/746 733/809/805
f 733/809/805 671/750/746 732/751/747
f 733/809/805 732/751/747 794/810/806
f 794/810/806 732/751/747 793/752/748
f 794/810/806 793/752/748 21/575/498
f 674/590/586 736/588/584 675/789/785
f 675/789/785 736/588/584 737/811/807
f 675/789/785 737/811/807 676/758/754
f 676/758/754 737/811/807 738/657/653
f 619/761/757 680/790/786 681/762/758
f 681/762/758 680/790/786 742/812/808
f 681/762/758 742/812/808 743/763/759
f 743/763/759 742/812/808 488/514/497
f 742/812/808 680/790/786 741/791/787
f 746/515/512 685/517/514 684/792/788
f 746/515/512 684/792/788 745/513/511
f 745/513/511 684/792/788 683/511/509
f 627/765/761 688/793/789 689/766/762
f 689/766/762 688/793/789 750/813/809
f 689/766/762 750/813/809 751/767/763
f 751/767/763 750/813/809 488/514/497
f 750/813/809 688/793/789 749/794/790
f 754/535/532 693/537/534 692/795/791
f 754/535/532 692/795/791 753/534/531
f 753/534/531 692/795/791 691/532/529
f 635/769/765 696/796/792 697/770/766
f 697/770/766 696/796/792 758/814/810
f 697/770/766 758/814/810 759/771/767
f 759/771/767 758/814/810 488/514/497
f 758/814/810 696/796/792 757/797/793
f 762/555/552 701/557/554 700/798/794
f 762/555/552 700/798/794 761/554/551
f 761/554/551 700/798/794 699/552/549
f 643/773/769 704/799/795 705/774/770
f 705/774/770 704/799/795 766/815/811
f 705/774/770 766/815/811 767/775/771
f 767/775/771 766/815/811 488/514/497
f 766/815/811 704/799/795 765/800/796
f 707/572/569 769/574/571 708/801/797
f 708/801/797 769/574/571 770/816/812
f 708/801/797 770/816/812 709/712/708
f 709/712/708 770/816/812 771/714/710
f 773/648/644 711/650/646 772/715/711
f 772/715/711 711/650/646 710/713/709
f 775/646/642 714/644/640 713/802/798
f 775/646/642 713/802/798 774/647/643
f 774/647/643 713/802/798 712/649/645
f 656/778/774 717/803/799 718/779/775
f 718/779/775 717/803/799 779/817/813
f 718/779/775 779/817/813 780/780/776
f 780/780/776 779/817/813 21/575/498
f 779/817/813 717/803/799 778/804/800
f 783/626/622 722/624/620 721/805/801
f 783/626/622 721/805/801 782/627/623
f 782/627/623 721/805/801 720/629/625
f 664/782/778 725/806/802 726/783/779
f 726/783/779 725/806/802 787/818/814
f 726/783/779 787/818/814 788/784/780
f 788/784/780 787/818/814 21/575/498
f 787/818/814 725/806/802 786/807/803
f 791/606/602 730/604/600 729/808/804
f 791/606/602 729/808/804 790/607/603
f 790/607/603 729/808/804 728/609/605
f 672/786/782 733/809/805 734/787/783
f 734/787/783 733/809/805 795/819/815
f 734/787/783 795/819/815 796/788/784
f 796/788/784 795/819/815 21/575/498
f 795/819/815 733/809/805 794/810/806
f 799/585/581 738/657/653 737/811/807
f 799/585/581 737/811/807 798/586/582
f 798/586/582 737/811/807 736/588/584
f 488/514/497 742/812/808 741/791/787
f 488/514/497 750/813/809 749/794/790
f 488/514/497 758/814/810 757/797/793
f 488/514/497 766/815/811 765/800/796
f 21/575/498 771/714/710 770/816/812
f 770/816/812 769/574/571 21/575/498
f 21/575/498 779/817/813 778/804/800
f 21/575/498 787/818/814 786/807/803
f 21/575/498 795/819/815 794/810/806
f 800/820/816 489/821/501 14/822/817
f 14/822/817 489/821/501 15/823/592
f 802/824/818 805/825/819 801/826/820
f 801/826/820 805/825/819 806/827/821
f 801/826/820 806/827/821 807/828/822
f 807/828/822 806/827/821 981/829/823
f 807/828/822 981/829/823 982/830/824
f 982/830/824 981/829/823 1156/831/825
f 982/830/824 1156/831/825 1157/832/826
f 1157/832/826 1156/831/825 800/833/816
f 1157/832/826 800/833/816 1158/834/827
f 1158/834/827 800/833/816 1159/835/828
f 1158/834/827 1159/835/828 984/836/829
f 984/836/829 1159/835/828 985/837/830
f 984/836/829 985/837/830 810/838/831
f 810/838/831 985/837/830 811/839/832
f 810/838/831 811/839/832 801/826/820
f 801/826/820 811/839/832 812/840/833
f 801/826/820 812/840/833 813/841/834
f 813/841/834 812/840/833 987/842/835
f 813/841/834 987/842/835 988/843/836
f 988/843/836 987/842/835 1162/844/837
f 988/843/836 1162/844/837 1163/845/838
f 1163/845/838 1162/844/837 800/833/816
f 1163/845/838 800/833/816 1164/846/839
f 1164/846/839 800/833/816 1165/847/840
f 1164/846/839 1165/847/840 990/848/841
f 990/848/841 1165/847/840 991/849/842
f 990/848/841 991/849/842 816/850/843
f 816/850/843 991/849/842 817/851/844
f 816/850/843 817/851/844 801/826/820
f 801/826/820 817/851/844 818/852/845
f 801/826/820 818/852/845 819/853/846
f 819/853/846 818/852/845 993/854/847
f 819/853/846 993/854/847 994/855/848
f 994/855/848 993/854/847 1168/856/849
f 994/855/848 1168/856/849 1169/857/850
f 1169/857/850 1168/856/849 800/833/816
f 1169/857/850 800/833/816 1170/858/851
f 1170/858/851 800/833/816 1171/859/852
f 1170/858/851 1171/859/852 996/860/853
f 996/860/853 1171/859/852 997/861/854
f 996/860/853 997/861/854 822/862/855
f 822/862/855 997/861/854 823/863/856
f 822/862/855 823/863/856 801/826/820
f 801/826/820 823/863/856 824/864/857
f 801/826/820 824/864/857 825/865/858
f 825/865/858 824/864/857 999/866/859
f 825/865/858 999/866/859 1000/867/860
f 1000/867/860 999/866/859 1174/868/861
f 1000/867/860 1174/868/861 1175/869/862
f 1175/869/862 1174/868/861 800/833/816
f 1175/869/862 800/833/816 1176/870/863
f 1176/870/863 800/833/816 1177/871/864
f 1176/870/863 1177/871/864 1002/872/865
f 1002/872/865 1177/871/864 1003/873/866
f 1002/872/865 1003/873/866 828/874/867
f 828/874/867 1003/873/866 829/875/868
f 828/874/867 829/875/868 801/826/820
f 801/826/820 829/875/868 830/876/869
f 801/826/820 830/876/869 831/877/870
f 831/877/870 830/876/869 1005/878/871
f 831/877/870 1005/878/871 1006/879/872
f 1006/879/872 1005/878/871 1180/880/873
f 1006/879/872 1180/880/873 1181/881/874
f 1181/881/874 1180/880/873 800/833/816
f 1181/881/874 800/833/816 1182/882/875
f 1182/882/875 800/833/816 1183/883/876
f 1182/882/875 1183/883/876 1008/884/877
f 1008/884/877 1183/883/876 1009/885/878
f 1008/884/877 1009/885/878 834/886/879
f 834/886/879 1009/885/878 835/887/880
f 834/886/879 835/887/880 801/826/820
f 801/826/820 835/887/880 836/888/881
f 801/826/820 836/888/881 837/889/882
f 837/889/882 836/888/881 1011/890/883
f 837/889/882 1011/890/883 1012/891/884
f 1012/891/884 1011/890/883 1186/892/885
f 1012/891/884 1186/892/885 1187/893/886
f 1187/893/886 1186/892/885 800/833/816
f 1187/893/886 800/833/816 1188/894/887
f 1188/894/887 800/833/816 1189/895/888
f 1188/894/887 1189/895/888 1014/896/889
f 1014/896/889 1189/895/888 1015/897/890
f 1014/896/889 1015/897/890 840/898/891
f 840/898/891 1015/897/890 841/899/892
f 840/898/891 841/899/892 801/826/820
f 801/826/820 841/899/892 842/900/893
f 801/826/820 842/900/893 843/901/894
f 843/901/894 842/900/893 1017/902/895
f 843/901/894 1017/902/895 1018/903/896
f 1018/903/896 1017/902/895 1192/904/897
f 1018/903/896 1192/904/897 1193/905/898
f 1193/905/898 1192/904/897 800/833/816
f 1193/905/898 800/833/816 1194/906/899
f 1194/906/899 800/833/816 1195/907/900
f 1194/906/899 1195/907/900 1020/908/901
f 1020/908/901 1195/907/900 1021/909/902
f 1020/908/901 1021/909/902 846/910/903
f 846/910/903 1021/909/902 847/911/904
f 846/910/903 847/911/904 801/826/820
f 801/826/820 847/911/904 848/912/905
f 801/826/820 848/912/905 849/913/906
f 849/913/906 848/912/905 1023/914/907
f 849/913/906 1023/914/907 1024/915/908
f 1024/915/908 1023/914/907 1198/916/909
f 1024/915/908 1198/916/909 1199/917/910
f 1199/917/910 1198/916/909 800/833/816
f 1199/917/910 800/833/816 1200/918/911
f 1200/918/911 800/833/816 1201/919/912
f 1200/918/911 1201/919/912 1026/920/913
f 1026/920/913 1201/919/912 1027/921/914
f 1026/920/913 1027/921/914 852/922/915
f 852/922/915 1027/921/914 853/923/916
f 852/922/915 853/923/916 801/826/820
f 801/826/820 853/923/916 854/924/917
f 801/826/820 854/924/917 855/925/918
f 855/925/918 854/924/917 1029/926/919
f 855/925/918 1029/926/919 1030/927/920
f 1030/927/920 1029/926/919 1204/928/921
f 1030/927/920 1204/928/921 1205/929/922
f 1205/929/922 1204/928/921 800/833/816
f 1205/929/922 800/833/816 1206/930/923
f 1206/930/923 800/833/816 1207/931/924
f 1206/930/923 1207/931/924 1032/932/925
f 1032/932/925 1207/931/924 1033/933/926
f 1032/932/925 1033/933/926 858/934/927
f 858/934/927 1033/933/926 859/935/928
f 858/934/927 859/935/928 801/826/820
f 801/826/820 859/935/928 860/936/929
f 801/826/820 860/936/929 861/937/930
f 861/937/930 860/936/929 1035/938/931
f 861/937/930 1035/938/931 1036/939/932
f 1036/939/932 1035/938/931 1210/940/933
f 1036/939/932 1210/940/933 1211/941/934
f 1211/941/934 1210/940/933 800/833/816
f 1211/941/934 800/833/816 1212/942/935
f 1212/942/935 800/833/816 1213/943/936
f 1212/942/935 1213/943/936 1038/944/937
f 1038/944/937 1213/943/936 1039/945/938
f 1038/944/937 1039/945/938 864/946/939
f 864/946/939 1039/945/938 865/947/940
f 864/946/939 865/947/940 801/826/820
f 801/826/820 865/947/940 866/948/941
f 801/826/820 866/948/941 867/949/942
f 867/949/942 866/948/941 1041/950/943
f 867/949/942 1041/950/943 1042/951/944
f 1042/951/944 1041/950/943 1216/952/945
f 1042/951/944 1216/952/945 1217/953/946
f 1217/953/946 1216/952/945 800/833/816
f 1217/953/946 800/833/816 1218/954/947
f 1218/954/947 800/833/816 1219/955/948
f 1218/954/947 1219/955/948 1044/956/949
f 1044/956/949 1219/955/948 1045/957/950
f 1044/956/949 1045/957/950 870/958/951
f 870/958/951 1045/957/950 871/959/952
f 870/958/951 871/959/952 801/826/820
f 801/826/820 871/959/952 872/960/953
f 801/826/820 872/960/953 873/961/954
f 873/961/954 872/960/953 1047/962/955
f 873/961/954 1047/962/955 1048/963/956
f 1048/963/956 1047/962/955 1222/964/957
f 1048/963/956 1222/964/957 1223/965/958
f 1223/965/958 1222/964/957 800/833/816
f 1223/965/958 800/833/816 1224/966/959
f 1224/966/959 800/833/816 1225/967/960
f 1224/966/959 1225/967/960 1050/968/961
f 1050/968/961 1225/967/960 1051/969/962
f 1050/968/961 1051/969/962 876/970/963
f 876/970/963 1051/969/962 877/971/964
f 876/970/963 877/971/964 801/826/820
f 801/826/820 877/971/964 878/972/965
f 801/826/820 878/972/965 879/973/966
f 879/973/966 878/972/965 1053/974/967
f 879/973/966 1053/974/967 1054/975/968
f 1054/975/968 1053/974/967 1228/976/969
f 1054/975/968 1228/976/969 1229/977/970
f 1229/977/970 1228/976/969 800/833/816
f 1229/977/970 800/833/816 1230/978/971
f 1230/978/971 800/833/816 1231/979/972
f 1230/978/971 1231/979/972 1056/980/973
f 1056/980/973 1231/979/972 1057/981/974
f 1056/980/973 1057/981/974 882/982/975
f 882/982/975 1057/981/974 883/983/976
f 882/982/975 883/983/976 801/826/820
f 801/826/820 883/983/976 884/984/977
f 801/826/820 884/984/977 885/985/978
f 885/985/978 884/984/977 1059/986/979
f 885/985/978 1059/986/979 1060/987/980
f 1060/987/980 1059/986/979 1234/988/981
f 1060/987/980 1234/988/981 1235/989/982
f 1235/989/982 1234/988/981 800/833/816
f 1235/989/982 800/833/816 1236/990/983
f 1236/990/983 800/833/816 1237/991/984
f 1236/990/983 1237/991/984 1062/992/985
f 1062/992/985 1237/991/984 1063/993/986
f 1062/992/985 1063/993/986 888/994/987
f 888/994/987 1063/993/986 889/995/988
f 888/994/987 889/995/988 801/826/820
f 801/826/820 889/995/988 890/996/989
f 801/826/820 890/996/989 891/997/990
f 891/997/990 890/996/989 1065/998/991
f 891/997/990 1065/998/991 1066/999/992
f 1066/999/992 1065/998/991 1240/1000/993
f 1066/999/992 1240/1000/993 1241/1001/994
f 1241/1001/994 1240/1000/993 14/1002/817
f 1241/1001/994 14/1002/817 1242/1003/995
f 1242/1003/995 14/1002/817 1243/1004/996
f 1242/1003/995 1243/1004/996 1068/1005/997
f 1068/1005/997 1243/1004/996 1069/1006/998
f 1068/1005/997 1069/1006/998 894/1007/999
f 894/1007/999 1069/1006/998 895/1008/1000
f 894/1007/999 895/1008/1000 10/1009/1001
f 10/1009/1001 895/1008/1000 896/1010/1002
f 10/1009/1001 896/1010/1002 897/1011/1003
f 897/1011/1003 896/1010/1002 1071/1012/1004
f 897/1011/1003 1071/1012/1004 1072/1013/1005
f 1072/1013/1005 1071/1012/1004 1246/1014/1006
f 1072/1013/1005 1246/1014/1006 1247/1015/1007
f 1247/1015/1007 1246/1014/1006 14/1002/817
f 1247/1015/1007 14/1002/817 1248/1016/1008
f 1248/1016/1008 14/1002/817 1249/1017/1009
f 1248/1016/1008 1249/1017/1009 1074/1018/1010
f 1074/1018/1010 1249/1017/1009 1075/1019/1011
f 1074/1018/1010 1075/1019/1011 900/1020/1012
f 900/1020/1012 1075/1019/1011 901/1021/1013
f 900/1020/1012 901/1021/1013 10/1009/1001
f 10/1009/1001 901/1021/1013 902/1022/1014
f 10/1009/1001 902/1022/1014 903/1023/1015
f 903/1023/1015 902/1022/1014 1077/1024/1016
f 903/1023/1015 1077/1024/1016 1078/1025/1017
f 1078/1025/1017 1077/1024/1016 1252/1026/1018
f 1078/1025/1017 1252/1026/1018 1253/1027/1019
f 1253/1027/1019 1252/1026/1018 14/1002/817
f 1253/1027/1019 14/1002/817 1254/1028/1020
f 1254/1028/1020 14/1002/817 1255/1029/1021
f 1254/1028/1020 1255/1029/1021 1080/1030/1022
f 1080/1030/1022 1255/1029/1021 1081/1031/1023
f 1080/1030/1022 1081/1031/1023 906/1032/1024
f 906/1032/1024 1081/1031/1023 907/1033/1025
f 906/1032/1024 907/1033/1025 10/1009/1001
f 10/1009/1001 907/1033/1025 908/1034/1026
f 10/1009/1001 908/1034/1026 909/1035/1027
f 909/1035/1027 908/1034/1026 1083/1036/1028
f 909/1035/1027 1083/1036/1028 1084/1037/1029
f 1084/1037/1029 1083/1036/1028 1258/1038/1030
f 1084/1037/1029 1258/1038/1030 1259/1039/1031
f 1259/1039/1031 1258/1038/1030 14/1002/817
f 1259/1039/1031 14/1002/817 1260/1040/1032
f 1260/1040/1032 14/1002/817 1261/1041/1033
f 1260/1040/1032 1261/1041/1033 1086/1042/1034
f 1086/1042/1034 1261/1041/1033 1087/1043/1035
f 1086/1042/1034 1087/1043/1035 912/1044/1036
f 912/1044/1036 1087/1043/1035 913/1045/1037
f 912/1044/1036 913/1045/1037 10/1009/1001
f 10/1009/1001 913/1045/1037 914/1046/1038
f 10/1009/1001 914/1046/1038 915/1047/1039
f 915/1047/1039 914/1046/1038 1089/1048/1040
f 915/1047/1039 1089/1048/1040 1090/1049/1041
f 1090/1049/1041 1089/1048/1040 1264/1050/1042
f 1090/1049/1041 1264/1050/1042 1265/1051/1043
f 1265/1051/1043 1264/1050/1042 14/1002/817
f 1265/1051/1043 14/1002/817 1266/1052/1044
f 1266/1052/1044 14/1002/817 1267/1053/1045
f 1266/1052/1044 1267/1053/1045 1092/1054/1046
f 1092/1054/1046 1267/1053/1045 1093/1055/1047
f 1092/1054/1046 1093/1055/1047 918/1056/1048
f 918/1056/1048 1093/1055/1047 919/1057/1049
f 918/1056/1048 919/1057/1049 10/1009/1001
f 10/1009/1001 919/1057/1049 920/1058/1050
f 10/1009/1001 920/1058/1050 921/1059/1051
f 921/1059/1051 920/1058/1050 1095/1060/1052
f 921/1059/1051 1095/1060/1052 1096/1061/1053
f 1096/1061/1053 1095/1060/1052 1270/1062/1054
f 1096/1061/1053 1270/1062/1054 1271/1063/1055
f 1271/1063/1055 1270/1062/1054 14/1002/817
f 1271/1063/1055 14/1002/817 1272/1064/1056
f 1272/1064/1056 14/1002/817 1273/1065/1057
f 1272/1064/1056 1273/1065/1057 1098/1066/1058
f 1098/1066/1058 1273/1065/1057 1099/1067/1059
f 1098/1066/1058 1099/1067/1059 924/1068/1060
f 924/1068/1060 1099/1067/1059 925/1069/1061
f 924/1068/1060 925/1069/1061 10/1009/1001
f 10/1009/1001 925/1069/1061 926/1070/1062
f 10/1009/1001 926/1070/1062 927/1071/1063
f 927/1071/1063 926/1070/1062 1101/1072/1064
f 927/1071/1063 1101/1072/1064 1102/1073/1065
f 1102/1073/1065 1101/1072/1064 1276/1074/1066
f 1102/1073/1065 1276/1074/1066 1277/1075/1067
f 1277/1075/1067 1276/1074/1066 14/1002/817
f 1277/1075/1067 14/1002/817 1278/1076/1068
f 1278/1076/1068 14/1002/817 1279/1077/1069
f 1278/1076/1068 1279/1077/1069 1104/1078/1070
f 1104/1078/1070 1279/1077/1069 1105/1079/1071
f 1104/1078/1070 1105/1079/1071 930/1080/1072
f 930/1080/1072 1105/1079/1071 931/1081/1073
f 930/1080/1072 931/1081/1073 10/1009/1001
f 10/1009/1001 931/1081/1073 932/1082/1074
f 10/1009/1001 932/1082/1074 933/1083/1075
f 933/1083/1075 932/1082/1074 1107/1084/1076
f 933/1083/1075 1107/1084/1076 1108/1085/1077
f 1108/1085/1077 1107/1084/1076 1282/1086/1078
f 1108/1085/1077 1282/1086/1078 1283/1087/1079
f 1283/1087/1079 1282/1086/1078 14/1002/817
f 1283/1087/1079 14/1002/817 1284/1088/1080
f 1284/1088/1080 14/1002/817 1285/1089/1081
f 1284/1088/1080 1285/1089/1081 1110/1090/1082
f 1110/1090/1082 1285/1089/1081 1111/1091/1083
f 1110/1090/1082 1111/1091/1083 936/1092/1084
f 936/1092/1084 1111/1091/1083 937/1093/1085
f 936/1092/1084 937/1093/1085 10/1009/1001
f 10/1009/1001 937/1093/1085 938/1094/1086
f 10/1009/1001 938/1094/1086 939/1095/1087
f 939/1095/1087 938/1094/1086 1113/1096/1088
f 939/1095/1087 1113/1096/1088 1114/1097/1089
f 1114/1097/1089 1113/1096/1088 1288/1098/1090
f 1114/1097/1089 1288/1098/1090 1289/1099/1091
f 1289/1099/1091 1288/1098/1090 14/1002/817
f 1289/1099/1091 14/1002/817 1290/1100/1092
f 1290/1100/1092 14/1002/817 1291/1101/1093
f 1290/1100/1092 1291/1101/1093 1116/1102/1094
f 1116/1102/1094 1291/1101/1093 1117/1103/1095
f 1116/1102/1094 1117/1103/1095 942/1104/1096
f 942/1104/1096 1117/1103/1095 943/1105/1097
f 942/1104/1096 943/1105/1097 10/1009/1001
f 10/1009/1001 943/1105/1097 944/1106/1098
f 10/1009/1001 944/1106/1098 945/1107/1099
f 945/1107/1099 944/1106/1098 1119/1108/1100
f 945/1107/1099 1119/1108/1100 1120/1109/1101
f 1120/1109/1101 1119/1108/1100 1294/1110/1102
f 1120/1109/1101 1294/1110/1102 1295/1111/1103
f 1295/1111/1103 1294/1110/1102 14/1002/817
f 1295/1111/1103 14/1002/817 1296/1112/1104
f 1296/1112/1104 14/1002/817 1297/1113/1105
f 1296/1112/1104 1297/1113/1105 1122/1114/1106
f 1122/1114/1106 1297/1113/1105 1123/1115/1107
f 1122/1114/1106 1123/1115/1107 948/1116/1108
f 948/1116/1108 1123/1115/1107 949/1117/1109
f 948/1116/1108 949/1117/1109 10/1009/1001
f 10/1009/1001 949/1117/1109 950/1118/1110
f 10/1009/1001 950/1118/1110 951/1119/1111
f 951/1119/1111 950/1118/1110 1125/1120/1112
f 951/1119/1111 1125/1120/1112 1126/1121/1113
f 1126/1121/1113 1125/1120/1112 1300/1122/1114
f 1126/1121/1113 1300/1122/1114 1301/1123/1115
f 1301/1123/1115 1300/1122/1114 14/1002/817
f 1301/1123/1115 14/1002/817 1302/1124/1116
f 1302/1124/1116 14/1002/817 1303/1125/1117
f 1302/1124/1116 1303/1125/1117 1128/1126/1118
f 1128/1126/1118 1303/1125/1117 1129/1127/1119
f 1128/1126/1118 1129/1127/1119 954/1128/1120
f 954/1128/1120 1129/1127/1119 955/1129/1121
f 954/1128/1120 955/1129/1121 10/1009/1001
f 10/1009/1001 955/1129/1121 956/1130/1122
f 10/1009/1001 956/1130/1122 957/1131/1123
f 957/1131/1123 956/1130/1122 1131/1132/1124
f 957/1131/1123 1131/1132/1124 1132/1133/1125
f 1132/1133/1125 1131/1132/1124 1306/1134/1126
f 1132/1133/1125 1306/1134/1126 1307/1135/1127
f 1307/1135/1127 1306/1134/1126 14/1002/817
f 1307/1135/1127 14/1002/817 1308/1136/1128
f 1308/1136/1128 14/1002/817 1309/1137/1129
f 1308/1136/1128 1309/1137/1129 1134/1138/1130
f 1134/1138/1130 1309/1137/1129 1135/1139/1131
f 1134/1138/1130 1135/1139/1131 960/1140/1132
f 960/1140/1132 1135/1139/1131 961/1141/1133
f 960/1140/1132 961/1141/1133 10/1009/1001
f 10/1009/1001 961/1141/1133 962/1142/1134
f 10/1009/1001 962/1142/1134 963/1143/1135
f 963/1143/1135 962/1142/1134 1137/1144/1136
f 963/1143/1135 1137/1144/1136 1138/1145/1137
f 1138/1145/1137 1137/1144/1136 1312/1146/1138
f 1138/1145/1137 1312/1146/1138 1313/1147/1139
f 1313/1147/1139 1312/1146/1138 14/1002/817
f 1313/1147/1139 14/1002/817 1314/1148/1140
f 1314/1148/1140 14/1002/817 1315/1149/1141
f 1314/1148/1140 1315/1149/1141 1140/1150/1142
f 1140/1150/1142 1315/1149/1141 1141/1151/1143
f 1140/1150/1142 1141/1151/1143 966/1152/1144
f 966/1152/1144 1141/1151/1143 967/1153/1145
f 966/1152/1144 967/1153/1145 10/1009/1001
f 10/1009/1001 967/1153/1145 968/1154/1146
f 10/1009/1001 968/1154/1146 969/1155/1147
f 969/1155/1147 968/1154/1146 1143/1156/1148
f 969/1155/1147 1143/1156/1148 1144/1157/1149
f 1144/1157/1149 1143/1156/1148 1318/1158/1150
f 1144/1157/1149 1318/1158/1150 1319/1159/1151
f 1319/1159/1151 1318/1158/1150 14/1002/817
f 1319/1159/1151 14/1002/817 1320/1160/1152
f 1320/1160/1152 14/1002/817 1321/1161/1153
f 1320/1160/1152 1321/1161/1153 1146/1162/1154
f 1146/1162/1154 1321/1161/1153 1147/1163/1155
f 1146/1162/1154 1147/1163/1155 972/1164/1156
f 972/1164/1156 1147/1163/1155 973/1165/1157
f 972/1164/1156 973/1165/1157 10/1009/1001
f 10/1009/1001 973/1165/1157 974/1166/1158
f 10/1009/1001 974/1166/1158 975/1167/1159
f 975/1167/1159 974/1166/1158 1149/1168/1160
f 975/1167/1159 1149/1168/1160 1150/1169/1161
f 1150/1169/1161 1149/1168/1160 1324/1170/1162
f 1150/1169/1161 1324/1170/1162 1325/1171/1163
f 1325/1171/1163 1324/1170/1162 14/1002/817
f 1325/1171/1163 14/1002/817 1326/1172/1164
f 1326/1172/1164 14/1002/817 13/1173/1165
f 1326/1172/1164 13/1173/1165 1152/1174/1166
f 1152/1174/1166 13/1173/1165 12/1175/1167
f 1152/1174/1166 12/1175/1167 978/1176/1168
f 978/1176/1168 12/1175/1167 11/1177/1169
f 978/1176/1168 11/1177/1169 10/1009/1001
f 805/825/819 802/824/818 979/1178/1170
f 979/1178/1170 802/824/818 803/1179/1171
f 979/1178/1170 803/1179/1171 1153/1180/1172
f 1153/1180/1172 803/1179/1171 804/1181/1173
f 1153/1180/1172 804/1181/1173 800/833/816
f 14/1002/817 1239/1182/1174 800/833/816
f 800/833/816 1239/1182/1174 1238/1183/1175
f 800/833/816 1238/1183/1175 1237/991/984
f 1237/991/984 1238/1183/1175 1063/993/986
f 801/826/820 892/1184/1176 10/1009/1001
f 10/1009/1001 892/1184/1176 893/1185/1177
f 10/1009/1001 893/1185/1177 894/1007/999
f 894/1007/999 893/1185/1177 1068/1005/997
f 806/827/821 805/825/819 980/1186/1178
f 980/1186/1178 805/825/819 979/1178/1170
f 980/1186/1178 979/1178/1170 1154/1187/1179
f 1154/1187/1179 979/1178/1170 1153/1180/1172
f 1154/1187/1179 1153/1180/1172 800/833/816
f 807/828/822 808/1188/1180 801/826/820
f 801/826/820 808/1188/1180 809/1189/1181
f 801/826/820 809/1189/1181 810/838/831
f 810/838/831 809/1189/1181 984/836/829
f 807/828/822 982/830/824 808/1188/1180
f 808/1188/1180 982/830/824 983/1190/1182
f 808/1188/1180 983/1190/1182 809/1189/1181
f 809/1189/1181 983/1190/1182 984/836/829
f 812/840/833 811/839/832 986/1191/1183
f 986/1191/1183 811/839/832 985/837/830
f 986/1191/1183 985/837/830 1160/1192/1184
f 1160/1192/1184 985/837/830 1159/835/828
f 1160/1192/1184 1159/835/828 800/833/816
f 813/841/834 814/1193/1185 801/826/820
f 801/826/820 814/1193/1185 815/1194/1186
f 801/826/820 815/1194/1186 816/850/843
f 816/850/843 815/1194/1186 990/848/841
f 813/841/834 988/843/836 814/1193/1185
f 814/1193/1185 988/843/836 989/1195/1187
f 814/1193/1185 989/1195/1187 815/1194/1186
f 815/1194/1186 989/1195/1187 990/848/841
f 818/852/845 817/851/844 992/1196/1188
f 992/1196/1188 817/851/844 991/849/842
f 992/1196/1188 991/849/842 1166/1197/1189
f 1166/1197/1189 991/849/842 1165/847/840
f 1166/1197/1189 1165/847/840 800/833/816
f 819/853/846 820/1198/1190 801/826/820
f 801/826/820 820/1198/1190 821/1199/1191
f 801/826/820 821/1199/1191 822/862/855
f 822/862/855 821/1199/1191 996/860/853
f 819/853/846 994/855/848 820/1198/1190
f 820/1198/1190 994/855/848 995/1200/1192
f 820/1198/1190 995/1200/1192 821/1199/1191
f 821/1199/1191 995/1200/1192 996/860/853
f 824/864/857 823/863/856 998/1201/1193
f 998/1201/1193 823/863/856 997/861/854
f 998/1201/1193 997/861/854 1172/1202/1194
f 1172/1202/1194 997/861/854 1171/859/852
f 1172/1202/1194 1171/859/852 800/833/816
f 825/865/858 826/1203/1195 801/826/820
f 801/826/820 826/1203/1195 827/1204/1196
f 801/826/820 827/1204/1196 828/874/867
f 828/874/867 827/1204/1196 1002/872/865
f 825/865/858 1000/867/860 826/1203/1195
f 826/1203/1195 1000/867/860 1001/1205/1197
f 826/1203/1195 1001/1205/1197 827/1204/1196
f 827/1204/1196 1001/1205/1197 1002/872/865
f 830/876/869 829/875/868 1004/1206/1198
f 1004/1206/1198 829/875/868 1003/873/866
f 1004/1206/1198 1003/873/866 1178/1207/1199
f 1178/1207/1199 1003/873/866 1177/871/864
f 1178/1207/1199 1177/871/864 800/833/816
f 831/877/870 832/1208/1200 801/826/820
f 801/826/820 832/1208/1200 833/1209/1201
f 801/826/820 833/1209/1201 834/886/879
f 834/886/879 833/1209/1201 1008/884/877
f 831/877/870 1006/879/872 832/1208/1200
f 832/1208/1200 1006/879/872 1007/1210/1202
f 832/1208/1200 1007/1210/1202 833/1209/1201
f 833/1209/1201 1007/1210/1202 1008/884/877
f 836/888/881 835/887/880 1010/1211/1203
f 1010/1211/1203 835/887/880 1009/885/878
f 1010/1211/1203 1009/885/878 1184/1212/1204
f 1184/1212/1204 1009/885/878 1183/883/876
f 1184/1212/1204 1183/883/876 800/833/816
f 837/889/882 838/1213/1205 801/826/820
f 801/826/820 838/1213/1205 839/1214/1206
f 801/826/820 839/1214/1206 840/898/891
f 840/898/891 839/1214/1206 1014/896/889
f 837/889/882 1012/891/884 838/1213/1205
f 838/1213/1205 1012/891/884 1013/1215/1207
f 838/1213/1205 1013/1215/1207 839/1214/1206
f 839/1214/1206 1013/1215/1207 1014/896/889
f 842/900/893 841/899/892 1016/1216/1208
f 1016/1216/1208 841/899/892 1015/897/890
f 1016/1216/1208 1015/897/890 1190/1217/1209
f 1190/1217/1209 1015/897/890 1189/895/888
f 1190/1217/1209 1189/895/888 800/833/816
f 843/901/894 844/1218/1210 801/826/820
f 801/826/820 844/1218/1210 845/1219/1211
f 801/826/820 845/1219/1211 846/910/903
f 846/910/903 845/1219/1211 1020/908/901
f 843/901/894 1018/903/896 844/1218/1210
f 844/1218/1210 1018/903/896 1019/1220/1212
f 844/1218/1210 1019/1220/1212 845/1219/1211
f 845/1219/1211 1019/1220/1212 1020/908/901
f 848/912/905 847/911/904 1022/1221/1213
f 1022/1221/1213 847/911/904 1021/909/902
f 1022/1221/1213 1021/909/902 1196/1222/1214
f 1196/1222/1214 1021/909/902 1195/907/900
f 1196/1222/1214 1195/907/900 800/833/816
f 849/913/906 850/1223/1215 801/826/820
f 801/826/820 850/1223/1215 851/1224/1216
f 801/826/820 851/1224/1216 852/922/915
f 852/922/915 851/1224/1216 1026/920/913
f 849/913/906 1024/915/908 850/1223/1215
f 850/1223/1215 1024/915/908 1025/1225/1217
f 850/1223/1215 1025/1225/1217 851/1224/1216
f 851/1224/1216 1025/1225/1217 1026/920/913
f 854/924/917 853/923/916 1028/1226/1218
f 1028/1226/1218 853/923/916 1027/921/914
f 1028/1226/1218 1027/921/914 1202/1227/1219
f 1202/1227/1219 1027/921/914 1201/919/912
f 1202/1227/1219 1201/919/912 800/833/816
f 855/925/918 856/1228/1220 801/826/820
f 801/826/820 856/1228/1220 857/1229/1221
f 801/826/820 857/1229/1221 858/934/927
f 858/934/927 857/1229/1221 1032/932/925
f 855/925/918 1030/927/920 856/1228/1220
f 856/1228/1220 1030/927/920 1031/1230/1222
f 856/1228/1220 1031/1230/1222 857/1229/1221
f 857/1229/1221 1031/1230/1222 1032/932/925
f 860/936/929 859/935/928 1034/1231/1223
f 1034/1231/1223 859/935/928 1033/933/926
f 1034/1231/1223 1033/933/926 1208/1232/1224
f 1208/1232/1224 1033/933/926 1207/931/924
f 1208/1232/1224 1207/931/924 800/833/816
f 861/937/930 862/1233/1225 801/826/820
f 801/826/820 862/1233/1225 863/1234/1226
f 801/826/820 863/1234/1226 864/946/939
f 864/946/939 863/1234/1226 1038/944/937
f 861/937/930 1036/939/932 862/1233/1225
f 862/1233/1225 1036/939/932 1037/1235/1227
f 862/1233/1225 1037/1235/1227 863/1234/1226
f 863/1234/1226 1037/1235/1227 1038/944/937
f 866/948/941 865/947/940 1040/1236/1228
f 1040/1236/1228 865/947/940 1039/945/938
f 1040/1236/1228 1039/945/938 1214/1237/1229
f 1214/1237/1229 1039/945/938 1213/943/936
f 1214/1237/1229 1213/943/936 800/833/816
f 867/949/942 868/1238/1230 801/826/820
f 801/826/820 868/1238/1230 869/1239/1231
f 801/826/820 869/1239/1231 870/958/951
f 870/958/951 869/1239/1231 1044/956/949
f 867/949/942 1042/951/944 868/1238/1230
f 868/1238/1230 1042/951/944 1043/1240/1232
f 868/1238/1230 1043/1240/1232 869/1239/1231
f 869/1239/1231 1043/1240/1232 1044/956/949
f 872/960/953 871/959/952 1046/1241/1233
f 1046/1241/1233 871/959/952 1045/957/950
f 1046/1241/1233 1045/957/950 1220/1242/1234
f 1220/1242/1234 1045/957/950 1219/955/948
f 1220/1242/1234 1219/955/948 800/833/816
f 873/961/954 874/1243/1235 801/826/820
f 801/826/820 874/1243/1235 875/1244/1236
f 801/826/820 875/1244/1236 876/970/963
f 876/970/963 875/1244/1236 1050/968/961
f 873/961/954 1048/963/956 874/1243/1235
f 874/1243/1235 1048/963/956 1049/1245/1237
f 874/1243/1235 1049/1245/1237 875/1244/1236
f 875/1244/1236 1049/1245/1237 1050/968/961
f 878/972/965 877/971/964 1052/1246/1238
f 1052/1246/1238 877/971/964 1051/969/962
f 1052/1246/1238 1051/969/962 1226/1247/1239
f 1226/1247/1239 1051/969/962 1225/967/960
f 1226/1247/1239 1225/967/960 800/833/816
f 879/973/966 880/1248/1240 801/826/820
f 801/826/820 880/1248/1240 881/1249/1241
f 801/826/820 881/1249/1241 882/982/975
f 882/982/975 881/1249/1241 1056/980/973
f 879/973/966 1054/975/968 880/1248/1240
f 880/1248/1240 1054/975/968 1055/1250/1242
f 880/1248/1240 1055/1250/1242 881/1249/1241
f 881/1249/1241 1055/1250/1242 1056/980/973
f 884/984/977 883/983/976 1058/1251/1243
f 1058/1251/1243 883/983/976 1057/981/974
f 1058/1251/1243 1057/981/974 1232/1252/1244
f 1232/1252/1244 1057/981/974 1231/979/972
f 1232/1252/1244 1231/979/972 800/833/816
f 885/985/978 886/1253/1245 801/826/820
f 801/826/820 886/1253/1245 887/1254/1246
f 801/826/820 887/1254/1246 888/994/987
f 888/994/987 887/1254/1246 1062/992/985
f 885/985/978 1060/987/980 886/1253/1245
f 886/1253/1245 1060/987/980 1061/1255/1247
f 886/1253/1245 1061/1255/1247 887/1254/1246
f 887/1254/1246 1061/1255/1247 1062/992/985
f 892/1184/1176 801/826/820 891/997/990
f 890/996/989 889/995/988 1064/1256/1248
f 1064/1256/1248 889/995/988 1063/993/986
f 1064/1256/1248 1063/993/986 1238/1183/1175
f 891/997/990 1066/999/992 892/1184/1176
f 892/1184/1176 1066/999/992 1067/1257/1249
f 892/1184/1176 1067/1257/1249 893/1185/1177
f 893/1185/1177 1067/1257/1249 1068/1005/997
f 896/1010/1002 895/1008/1000 1070/1258/1250
f 1070/1258/1250 895/1008/1000 1069/1006/998
f 1070/1258/1250 1069/1006/998 1244/1259/1251
f 1244/1259/1251 1069/1006/998 1243/1004/996
f 1244/1259/1251 1243/1004/996 14/1002/817
f 897/1011/1003 898/1260/1252 10/1009/1001
f 10/1009/1001 898/1260/1252 899/1261/1253
f 10/1009/1001 899/1261/1253 900/1020/1012
f 900/1020/1012 899/1261/1253 1074/1018/1010
f 897/1011/1003 1072/1013/1005 898/1260/1252
f 898/1260/1252 1072/1013/1005 1073/1262/1254
f 898/1260/1252 1073/1262/1254 899/1261/1253
f 899/1261/1253 1073/1262/1254 1074/1018/1010
f 902/1022/1014 901/1021/1013 1076/1263/1255
f 1076/1263/1255 901/1021/1013 1075/1019/1011
f 1076/1263/1255 1075/1019/1011 1250/1264/1256
f 1250/1264/1256 1075/1019/1011 1249/1017/1009
f 1250/1264/1256 1249/1017/1009 14/1002/817
f 903/1023/1015 904/1265/1257 10/1009/1001
f 10/1009/1001 904/1265/1257 905/1266/1258
f 10/1009/1001 905/1266/1258 906/1032/1024
f 906/1032/1024 905/1266/1258 1080/1030/1022
f 903/1023/1015 1078/1025/1017 904/1265/1257
f 904/1265/1257 1078/1025/1017 1079/1267/1259
f 904/1265/1257 1079/1267/1259 905/1266/1258
f 905/1266/1258 1079/1267/1259 1080/1030/1022
f 908/1034/1026 907/1033/1025 1082/1268/1260
f 1082/1268/1260 907/1033/1025 1081/1031/1023
f 1082/1268/1260 1081/1031/1023 1256/1269/1261
f 1256/1269/1261 1081/1031/1023 1255/1029/1021
f 1256/1269/1261 1255/1029/1021 14/1002/817
f 909/1035/1027 910/1270/1262 10/1009/1001
f 10/1009/1001 910/1270/1262 911/1271/1263
f 10/1009/1001 911/1271/1263 912/1044/1036
f 912/1044/1036 911/1271/1263 1086/1042/1034
f 909/1035/1027 1084/1037/1029 910/1270/1262
f 910/1270/1262 1084/1037/1029 1085/1272/1264
f 910/1270/1262 1085/1272/1264 911/1271/1263
f 911/1271/1263 1085/1272/1264 1086/1042/1034
f 914/1046/1038 913/1045/1037 1088/1273/1265
f 1088/1273/1265 913/1045/1037 1087/1043/1035
f 1088/1273/1265 1087/1043/1035 1262/1274/1266
f 1262/1274/1266 1087/1043/1035 1261/1041/1033
f 1262/1274/1266 1261/1041/1033 14/1002/817
f 915/1047/1039 916/1275/1267 10/1009/1001
f 10/1009/1001 916/1275/1267 917/1276/1268
f 10/1009/1001 917/1276/1268 918/1056/1048
f 918/1056/1048 917/1276/1268 1092/1054/1046
f 915/1047/1039 1090/1049/1041 916/1275/1267
f 916/1275/1267 1090/1049/1041 1091/1277/1269
f 916/1275/1267 1091/1277/1269 917/1276/1268
f 917/1276/1268 1091/1277/1269 1092/1054/1046
f 920/1058/1050 919/1057/1049 1094/1278/1270
f 1094/1278/1270 919/1057/1049 1093/1055/1047
f 1094/1278/1270 1093/1055/1047 1268/1279/1271
f 1268/1279/1271 1093/1055/1047 1267/1053/1045
f 1268/1279/1271 1267/1053/1045 14/1002/817
f 921/1059/1051 922/1280/1272 10/1009/1001
f 10/1009/1001 922/1280/1272 923/1281/1273
f 10/1009/1001 923/1281/1273 924/1068/1060
f 924/1068/1060 923/1281/1273 1098/1066/1058
f 921/1059/1051 1096/1061/1053 922/1280/1272
f 922/1280/1272 1096/1061/1053 1097/1282/1274
f 922/1280/1272 1097/1282/1274 923/1281/1273
f 923/1281/1273 1097/1282/1274 1098/1066/1058
f 926/1070/1062 925/1069/1061 1100/1283/1275
f 1100/1283/1275 925/1069/1061 1099/1067/1059
f 1100/1283/1275 1099/1067/1059 1274/1284/1276
f 1274/1284/1276 1099/1067/1059 1273/1065/1057
f 1274/1284/1276 1273/1065/1057 14/1002/817
f 927/1071/1063 928/1285/1277 10/1009/1001
f 10/1009/1001 928/1285/1277 929/1286/1278
f 10/1009/1001 929/1286/1278 930/1080/1072
f 930/1080/1072 929/1286/1278 1104/1078/1070
f 927/1071/1063 1102/1073/1065 928/1285/1277
f 928/1285/1277 1102/1073/1065 1103/1287/1279
f 928/1285/1277 1103/1287/1279 929/1286/1278
f 929/1286/1278 1103/1287/1279 1104/1078/1070
f 932/1082/1074 931/1081/1073 1106/1288/1280
f 1106/1288/1280 931/1081/1073 1105/1079/1071
f 1106/1288/1280 1105/1079/1071 1280/1289/1281
f 1280/1289/1281 1105/1079/1071 1279/1077/1069
f 1280/1289/1281 1279/1077/1069 14/1002/817
f 933/1083/1075 934/1290/1282 10/1009/1001
f 10/1009/1001 934/1290/1282 935/1291/1283
f 10/1009/1001 935/1291/1283 936/1092/1084
f 936/1092/1084 935/1291/1283 1110/1090/1082
f 933/1083/1075 1108/1085/1077 934/1290/1282
f 934/1290/1282 1108/1085/1077 1109/1292/1284
f 934/1290/1282 1109/1292/1284 935/1291/1283
f 935/1291/1283 1109/1292/1284 1110/1090/1082
f 938/1094/1086 937/1093/1085 1112/1293/1285
f 1112/1293/1285 937/1093/1085 1111/1091/1083
f 1112/1293/1285 1111/1091/1083 1286/1294/1286
f 1286/1294/1286 1111/1091/1083 1285/1089/1081
f 1286/1294/1286 1285/1089/1081 14/1002/817
f 939/1095/1087 940/1295/1287 10/1009/1001
f 10/1009/1001 940/1295/1287 941/1296/1288
f 10/1009/1001 941/1296/1288 942/1104/1096
f 942/1104/1096 941/1296/1288 1116/1102/1094
f 939/1095/1087 1114/1097/1089 940/1295/1287
f 940/1295/1287 1114/1097/1089 1115/1297/1289
f 940/1295/1287 1115/1297/1289 941/1296/1288
f 941/1296/1288 1115/1297/1289 1116/1102/1094
f 944/1106/1098 943/1105/1097 1118/1298/1290
f 1118/1298/1290 943/1105/1097 1117/1103/1095
f 1118/1298/1290 1117/1103/1095 1292/1299/1291
f 1292/1299/1291 1117/1103/1095 1291/1101/1093
f 1292/1299/1291 1291/1101/1093 14/1002/817
f 945/1107/1099 946/1300/1292 10/1009/1001
f 10/1009/1001 946/1300/1292 947/1301/1293
f 10/1009/1001 947/1301/1293 948/1116/1108
f 948/1116/1108 947/1301/1293 1122/1114/1106
f 945/1107/1099 1120/1109/1101 946/1300/1292
f 946/1300/1292 1120/1109/1101 1121/1302/1294
f 946/1300/1292 1121/1302/1294 947/1301/1293
f 947/1301/1293 1121/1302/1294 1122/1114/1106
f 950/1118/1110 949/1117/1109 1124/1303/1295
f 1124/1303/1295 949/1117/1109 1123/1115/1107
f 1124/1303/1295 1123/1115/1107 1298/1304/1296
f 1298/1304/1296 1123/1115/1107 1297/1113/1105
f 1298/1304/1296 1297/1113/1105 14/1002/817
f 951/1119/1111 952/1305/1297 10/1009/1001
f 10/1009/1001 952/1305/1297 953/1306/1298
f 10/1009/1001 953/1306/1298 954/1128/1120
f 954/1128/1120 953/1306/1298 1128/1126/1118
f 951/1119/1111 1126/1121/1113 952/1305/1297
f 952/1305/1297 1126/1121/1113 1127/1307/1299
f 952/1305/1297 1127/1307/1299 953/1306/1298
f 953/1306/1298 1127/1307/1299 1128/1126/1118
f 956/1130/1122 955/1129/1121 1130/1308/1300
f 1130/1308/1300 955/1129/1121 1129/1127/1119
f 1130/1308/1300 1129/1127/1119 1304/1309/1301
f 1304/1309/1301 1129/1127/1119 1303/1125/1117
f 1304/1309/1301 1303/1125/1117 14/1002/817
f 957/1131/1123 958/1310/1302 10/1009/1001
f 10/1009/1001 958/1310/1302 959/1311/1303
f 10/1009/1001 959/1311/1303 960/1140/1132
f 960/1140/1132 959/1311/1303 1134/1138/1130
f 957/1131/1123 1132/1133/1125 958/1310/1302
f 958/1310/1302 1132/1133/1125 1133/1312/1304
f 958/1310/1302 1133/1312/1304 959/1311/1303
f 959/1311/1303 1133/1312/1304 1134/1138/1130
f 962/1142/1134 961/1141/1133 1136/1313/1305
f 1136/1313/1305 961/1141/1133 1135/1139/1131
f 1136/1313/1305 1135/1139/1131 1310/1314/1306
f 1310/1314/1306 1135/1139/1131 1309/1137/1129
f 1310/1314/1306 1309/1137/1129 14/1002/817
f 963/1143/1135 964/1315/1307 10/1009/1001
f 10/1009/1001 964/1315/1307 965/1316/1308
f 10/1009/1001 965/1316/1308 966/1152/1144
f 966/1152/1144 965/1316/1308 1140/1150/1142
f 963/1143/1135 1138/1145/1137 964/1315/1307
f 964/1315/1307 1138/1145/1137 1139/1317/1309
f 964/1315/1307 1139/1317/1309 965/1316/1308
f 965/1316/1308 1139/1317/1309 1140/1150/1142
f 968/1154/1146 967/1153/1145 1142/1318/1310
f 1142/1318/1310 967/1153/1145 1141/1151/1143
f 1142/1318/1310 1141/1151/1143 1316/1319/1311
f 1316/1319/1311 1141/1151/1143 1315/1149/1141
f 1316/1319/1311 1315/1149/1141 14/1002/817
f 969/1155/1147 970/1320/1312 10/1009/1001
f 10/1009/1001 970/1320/1312 971/1321/1313
f 10/1009/1001 971/1321/1313 972/1164/1156
f 972/1164/1156 971/1321/1313 1146/1162/1154
f 969/1155/1147 1144/1157/1149 970/1320/1312
f 970/1320/1312 1144/1157/1149 1145/1322/1314
f 970/1320/1312 1145/1322/1314 971/1321/1313
f 971/1321/1313 1145/1322/1314 1146/1162/1154
f 974/1166/1158 973/1165/1157 1148/1323/1315
f 1148/1323/1315 973/1165/1157 1147/1163/1155
f 1148/1323/1315 1147/1163/1155 1322/1324/1316
f 1322/1324/1316 1147/1163/1155 1321/1161/1153
f 1322/1324/1316 1321/1161/1153 14/1002/817
f 975/1167/1159 976/1325/1317 10/1009/1001
f 10/1009/1001 976/1325/1317 977/1326/1318
f 10/1009/1001 977/1326/1318 978/1176/1168
f 978/1176/1168 977/1326/1318 1152/1174/1166
f 975/1167/1159 1150/1169/1161 976/1325/1317
f 976/1325/1317 1150/1169/1161 1151/1327/1319
f 976/1325/1317 1151/1327/1319 977/1326/1318
f 977/1326/1318 1151/1327/1319 1152/1174/1166
f 806/827/821 980/1186/1178 981/829/823
f 981/829/823 980/1186/1178 1155/1328/1320
f 981/829/823 1155/1328/1320 1156/831/825
f 1156/831/825 1155/1328/1320 800/833/816
f 1155/1328/1320 980/1186/1178 1154/1187/1179
f 1158/834/827 984/836/829 983/1190/1182
f 1158/834/827 983/1190/1182 1157/832/826
f 1157/832/826 983/1190/1182 982/830/824
f 812/840/833 986/1191/1183 987/842/835
f 987/842/835 986/1191/1183 1161/1329/1321
f 987/842/835 1161/1329/1321 1162/844/837
f 1162/844/837 1161/1329/1321 800/833/816
f 1161/1329/1321 986/1191/1183 1160/1192/1184
f 1164/846/839 990/848/841 989/1195/1187
f 1164/846/839 989/1195/1187 1163/845/838
f 1163/845/838 989/1195/1187 988/843/836
f 818/852/845 992/1196/1188 993/854/847
f 993/854/847 992/1196/1188 1167/1330/1322
f 993/854/847 1167/1330/1322 1168/856/849
f 1168/856/849 1167/1330/1322 800/833/816
f 1167/1330/1322 992/1196/1188 1166/1197/1189
f 1170/858/851 996/860/853 995/1200/1192
f 1170/858/851 995/1200/1192 1169/857/850
f 1169/857/850 995/1200/1192 994/855/848
f 824/864/857 998/1201/1193 999/866/859
f 999/866/859 998/1201/1193 1173/1331/1323
f 999/866/859 1173/1331/1323 1174/868/861
f 1174/868/861 1173/1331/1323 800/833/816
f 1173/1331/1323 998/1201/1193 1172/1202/1194
f 1176/870/863 1002/872/865 1001/1205/1197
f 1176/870/863 1001/1205/1197 1175/869/862
f 1175/869/862 1001/1205/1197 1000/867/860
f 830/876/869 1004/1206/1198 1005/878/871
f 1005/878/871 1004/1206/1198 1179/1332/1324
f 1005/878/871 1179/1332/1324 1180/880/873
f 1180/880/873 1179/1332/1324 800/833/816
f 1179/1332/1324 1004/1206/1198 1178/1207/1199
f 1182/882/875 1008/884/877 1007/1210/1202
f 1182/882/875 1007/1210/1202 1181/881/874
f 1181/881/874 1007/1210/1202 1006/879/872
f 836/888/881 1010/1211/1203 1011/890/883
f 1011/890/883 1010/1211/1203 1185/1333/1325
f 1011/890/883 1185/1333/1325 1186/892/885
f 1186/892/885 1185/1333/1325 800/833/816
f 1185/1333/1325 1010/1211/1203 1184/1212/1204
f 1188/894/887 1014/896/889 1013/1215/1207
f 1188/894/887 1013/1215/1207 1187/893/886
f 1187/893/886 1013/1215/1207 1012/891/884
f 842/900/893 1016/1216/1208 1017/902/895
f 1017/902/895 1016/1216/1208 1191/1334/1326
f 1017/902/895 1191/1334/1326 1192/904/897
f 1192/904/897 1191/1334/1326 800/833/816
f 1191/1334/1326 1016/1216/1208 1190/1217/1209
f 1194/906/899 1020/908/901 1019/1220/1212
f 1194/906/899 1019/1220/1212 1193/905/898
f 1193/905/898 1019/1220/1212 1018/903/896
f 848/912/905 1022/1221/1213 1023/914/907
f 1023/914/907 1022/1221/1213 1197/1335/1327
f 1023/914/907 1197/1335/1327 1198/916/909
f 1198/916/909 1197/1335/1327 800/833/816
f 1197/1335/1327 1022/1221/1213 1196/1222/1214
f 1200/918/911 1026/920/913 1025/1225/1217
f 1200/918/911 1025/1225/1217 1199/917/910
f 1199/917/910 1025/1225/1217 1024/915/908
f 854/924/917 1028/1226/1218 1029/926/919
f 1029/926/919 1028/1226/1218 1203/1336/1328
f 1029/926/919 1203/1336/1328 1204/928/921
f 1204/928/921 1203/1336/1328 800/833/816
f 1203/1336/1328 1028/1226/1218 1202/1227/1219
f 1206/930/923 1032/932/925 1031/1230/1222
f 1206/930/923 1031/1230/1222 1205/929/922
f 1205/929/922 1031/1230/1222 1030/927/920
f 860/936/929 1034/1231/1223 1035/938/931
f 1035/938/931 1034/1231/1223 1209/1337/1329
f 1035/938/931 1209/1337/1329 1210/940/933
f 1210/940/933 1209/1337/1329 800/833/816
f 1209/1337/1329 1034/1231/1223 1208/1232/1224
f 1212/942/935 1038/944/937 1037/1235/1227
f 1212/942/935 1037/1235/1227 1211/941/934
f 1211/941/934 1037/1235/1227 1036/939/932
f 866/948/941 1040/1236/1228 1041/950/943
f 1041/950/943 1040/1236/1228 1215/1338/1330
f 1041/950/943 1215/1338/1330 1216/952/945
f 1216/952/945 1215/1338/1330 800/833/816
f 1215/1338/1330 1040/1236/1228 1214/1237/1229
f 1218/954/947 1044/956/949 1043/1240/1232
f 1218/954/947 1043/1240/1232 1217/953/946
f 1217/953/946 1043/1240/1232 1042/951/944
f 872/960/953 1046/1241/1233 1047/962/955
f 1047/962/955 1046/1241/1233 1221/1339/1331
f 1047/962/955 1221/1339/1331 1222/964/957
f 1222/964/957 1221/1339/1331 800/833/816
f 1221/1339/1331 1046/1241/1233 1220/1242/1234
f 1224/966/959 1050/968/961 1049/1245/1237
f 1224/966/959 1049/1245/1237 1223/965/958
f 1223/965/958 1049/1245/1237 1048/963/956
f 878/972/965 1052/1246/1238 1053/974/967
f 1053/974/967 1052/1246/1238 1227/1340/1332
f 1053/974/967 1227/1340/1332 1228/976/969
f 1228/976/969 1227/1340/1332 800/833/816
f 1227/1340/1332 1052/1246/1238 1226/1247/1239
f 1230/978/971 1056/980/973 1055/1250/1242
f 1230/978/971 1055/1250/1242 1229/977/970
f 1229/977/970 1055/1250/1242 1054/975/968
f 884/984/977 1058/1251/1243 1059/986/979
f 1059/986/979 1058/1251/1243 1233/1341/1333
f 1059/986/979 1233/1341/1333 1234/988/981
f 1234/988/981 1233/1341/1333 800/833/816
f 1233/1341/1333 1058/1251/1243 1232/1252/1244
f 1236/990/983 1062/992/985 1061/1255/1247
f 1236/990/983 1061/1255/1247 1235/989/982
f 1235/989/982 1061/1255/1247 1060/987/980
f 890/996/989 1064/1256/1248 1065/998/991
f 1065/998/991 1064/1256/1248 1239/1182/1174
f 1065/998/991 1239/1182/1174 1240/1000/993
f 1240/1000/993 1239/1182/1174 14/1002/817
f 1239/1182/1174 1064/1256/1248 1238/1183/1175
f 1242/1003/995 1068/1005/997 1067/1257/1249
f 1242/1003/995 1067/1257/1249 1241/1001/994
f 1241/1001/994 1067/1257/1249 1066/999/992
f 896/1010/1002 1070/1258/1250 1071/1012/1004
f 1071/1012/1004 1070/1258/1250 1245/1342/1334
f 1071/1012/1004 1245/1342/1334 1246/1014/1006
f 1246/1014/1006 1245/1342/1334 14/1002/817
f 1245/1342/1334 1070/1258/1250 1244/1259/1251
f 1248/1016/1008 1074/1018/1010 1073/1262/1254
f 1248/1016/1008 1073/1262/1254 1247/1015/1007
f 1247/1015/1007 1073/1262/1254 1072/1013/1005
f 902/1022/1014 1076/1263/1255 1077/1024/1016
f 1077/1024/1016 1076/1263/1255 1251/1343/1335
f 1077/1024/1016 1251/1343/1335 1252/1026/1018
f 1252/1026/1018 1251/1343/1335 14/1002/817
f 1251/1343/1335 1076/1263/1255 1250/1264/1256
f 1254/1028/1020 1080/1030/1022 1079/1267/1259
f 1254/1028/1020 1079/1267/1259 1253/1027/1019
f 1253/1027/1019 1079/1267/1259 1078/1025/1017
f 908/1034/1026 1082/1268/1260 1083/1036/1028
f 1083/1036/1028 1082/1268/1260 1257/1344/1336
f 1083/1036/1028 1257/1344/1336 1258/1038/1030
f 1258/1038/1030 1257/1344/1336 14/1002/817
f 1257/1344/1336 1082/1268/1260 1256/1269/1261
f 1260/1040/1032 1086/1042/1034 1085/1272/1264
f 1260/1040/1032 1085/1272/1264 1259/1039/1031
f 1259/1039/1031 1085/1272/1264 1084/1037/1029
f 914/1046/1038 1088/1273/1265 1089/1048/1040
f 1089/1048/1040 1088/1273/1265 1263/1345/1337
f 1089/1048/1040 1263/1345/1337 1264/1050/1042
f 1264/1050/1042 1263/1345/1337 14/1002/817
f 1263/1345/1337 1088/1273/1265 1262/1274/1266
f 1266/1052/1044 1092/1054/1046 1091/1277/1269
f 1266/1052/1044 1091/1277/1269 1265/1051/1043
f 1265/1051/1043 1091/1277/1269 1090/1049/1041
f 920/1058/1050 1094/1278/1270 1095/1060/1052
f 1095/1060/1052 1094/1278/1270 1269/1346/1338
f 1095/1060/1052 1269/1346/1338 1270/1062/1054
f 1270/1062/1054 1269/1346/1338 14/1002/817
f 1269/1346/1338 1094/1278/1270 1268/1279/1271
f 1272/1064/1056 1098/1066/1058 1097/1282/1274
f 1272/1064/1056 1097/1282/1274 1271/1063/1055
f 1271/1063/1055 1097/1282/1274 1096/1061/1053
f 926/1070/1062 1100/1283/1275 1101/1072/1064
f 1101/1072/1064 1100/1283/1275 1275/1347/1339
f 1101/1072/1064 1275/1347/1339 1276/1074/1066
f 1276/1074/1066 1275/1347/1339 14/1002/817
f 1275/1347/1339 1100/1283/1275 1274/1284/1276
f 1278/1076/1068 1104/1078/1070 1103/1287/1279
f 1278/1076/1068 1103/1287/1279 1277/1075/1067
f 1277/1075/1067 1103/1287/1279 1102/1073/1065
f 932/1082/1074 1106/1288/1280 1107/1084/1076
f 1107/1084/1076 1106/1288/1280 1281/1348/1340
f 1107/1084/1076 1281/1348/1340 1282/1086/1078
f 1282/1086/1078 1281/1348/1340 14/1002/817
f 1281/1348/1340 1106/1288/1280 1280/1289/1281
f 1284/1088/1080 1110/1090/1082 1109/1292/1284
f 1284/1088/1080 1109/1292/1284 1283/1087/1079
f 1283/1087/1079 1109/1292/1284 1108/1085/1077
f 938/1094/1086 1112/1293/1285 1113/1096/1088
f 1113/1096/1088 1112/1293/1285 1287/1349/1341
f 1113/1096/1088 1287/1349/1341 1288/1098/1090
f 1288/1098/1090 1287/1349/1341 14/1002/817
f 1287/1349/1341 1112/1293/1285 1286/1294/1286
f 1290/1100/1092 1116/1102/1094 1115/1297/1289
f 1290/1100/1092 1115/1297/1289 1289/1099/1091
f 1289/1099/1091 1115/1297/1289 1114/1097/1089
f 944/1106/1098 1118/1298/1290 1119/1108/1100
f 1119/1108/1100 1118/1298/1290 1293/1350/1342
f 1119/1108/1100 1293/1350/1342 1294/1110/1102
f 1294/1110/1102 1293/1350/1342 14/1002/817
f 1293/1350/1342 1118/1298/1290 1292/1299/1291
f 1296/1112/1104 1122/1114/1106 1121/1302/1294
f 1296/1112/1104 1121/1302/1294 1295/1111/1103
f 1295/1111/1103 1121/1302/1294 1120/1109/1101
f 950/1118/1110 1124/1303/1295 1125/1120/1112
f 1125/1120/1112 1124/1303/1295 1299/1351/1343
f 1125/1120/1112 1299/1351/1343 1300/1122/1114
f 1300/1122/1114 1299/1351/1343 14/1002/817
f 1299/1351/1343 1124/1303/1295 1298/1304/1296
f 1302/1124/1116 1128/1126/1118 1127/1307/1299
f 1302/1124/1116 1127/1307/1299 1301/1123/1115
f 1301/1123/1115 1127/1307/1299 1126/1121/1113
f 956/1130/1122 1130/1308/1300 1131/1132/1124
f 1131/1132/1124 1130/1308/1300 1305/1352/1344
f 1131/1132/1124 1305/1352/1344 1306/1134/1126
f 1306/1134/1126 1305/1352/1344 14/1002/817
f 1305/1352/1344 1130/1308/1300 1304/1309/1301
f 1308/1136/1128 1134/1138/1130 1133/1312/1304
f 1308/1136/1128 1133/1312/1304 1307/1135/1127
f 1307/1135/1127 1133/1312/1304 1132/1133/1125
f 962/1142/1134 1136/1313/1305 1137/1144/1136
f 1137/1144/1136 1136/1313/1305 1311/1353/1345
f 1137/1144/1136 1311/1353/1345 1312/1146/1138
f 1312/1146/1138 1311/1353/1345 14/1002/817
f 1311/1353/1345 1136/1313/1305 1310/1314/1306
f 1314/1148/1140 1140/1150/1142 1139/1317/1309
f 1314/1148/1140 1139/1317/1309 1313/1147/1139
f 1313/1147/1139 1139/1317/1309 1138/1145/1137
f 968/1154/1146 1142/1318/1310 1143/1156/1148
f 1143/1156/1148 1142/1318/1310 1317/1354/1346
f 1143/1156/1148 1317/1354/1346 1318/1158/1150
f 1318/1158/1150 1317/1354/1346 14/1002/817
f 1317/1354/1346 1142/1318/1310 1316/1319/1311
f 1320/1160/1152 1146/1162/1154 1145/1322/1314
f 1320/1160/1152 1145/1322/1314 1319/1159/1151
f 1319/1159/1151 1145/1322/1314 1144/1157/1149
f 974/1166/1158 1148/1323/1315 1149/1168/1160
f 1149/1168/1160 1148/1323/1315 1323/1355/1347
f 1149/1168/1160 1323/1355/1347 1324/1170/1162
f 1324/1170/1162 1323/1355/1347 14/1002/817
f 1323/1355/1347 1148/1323/1315 1322/1324/1316
f 1326/1172/1164 1152/1174/1166 1151/1327/1319
f 1326/1172/1164 1151/1327/1319 1325/1171/1163
f 1325/1171/1163 1151/1327/1319 1150/1169/1161
f 800/833/816 1155/1328/1320 1154/1187/1179
f 800/833/816 1161/1329/1321 1160/1192/1184
f 800/833/816 1167/1330/1322 1166/1197/1189
f 800/833/816 1173/1331/1323 1172/1202/1194
f 800/833/816 1179/1332/1324 1178/1207/1199
f 800/833/816 1185/1333/1325 1184/1212/1204
f 800/833/816 1191/1334/1326 1190/1217/1209
f 800/833/816 1197/1335/1327 1196/1222/1214
f 800/833/816 1203/1336/1328 1202/1227/1219
f 800/833/816 1209/1337/1329 1208/1232/1224
f 800/833/816 1215/1338/1330 1214/1237/1229
f 800/833/816 1221/1339/1331 1220/1242/1234
f 800/833/816 1227/1340/1332 1226/1247/1239
f 800/833/816 1233/1341/1333 1232/1252/1244
f 14/1002/817 1245/1342/1334 1244/1259/1251
f 14/1002/817 1251/1343/1335 1250/1264/1256
f 14/1002/817 1257/1344/1336 1256/1269/1261
f 14/1002/817 1263/1345/1337 1262/1274/1266
f 14/1002/817 1269/1346/1338 1268/1279/1271
f 14/1002/817 1275/1347/1339 1274/1284/1276
f 14/1002/817 1281/1348/1340 1280/1289/1281
f 14/1002/817 1287/1349/1341 1286/1294/1286
f 14/1002/817 1293/1350/1342 1292/1299/1291
f 14/1002/817 1299/1351/1343 1298/1304/1296
f 14/1002/817 1305/1352/1344 1304/1309/1301
f 14/1002/817 1311/1353/1345 1310/1314/1306
f 14/1002/817 1317/1354/1346 1316/1319/1311
f 14/1002/817 1323/1355/1347 1322/1324/1316
f 1327/1356/1348 801/1357/820 9/1358/1349
f 9/1358/1349 801/1357/820 10/1359/1001
f 1329/1360/1350 1334/1361/1351 1328/1362/1352
f 1328/1362/1352 1334/1361/1351 1335/1363/1353
f 1328/1362/1352 1335/1363/1353 1336/1364/1354
f 1336/1364/1354 1335/1363/1353 1392/1365/1355
f 1336/1364/1354 1392/1365/1355 1393/1366/1356
f 1393/1366/1356 1392/1365/1355 1449/1367/1357
f 1393/1366/1356 1449/1367/1357 1450/1368/1358
f 1450/1368/1358 1449/1367/1357 1506/1369/1359
f 1450/1368/1358 1506/1369/1359 1507/1370/1360
f 1507/1370/1360 1506/1369/1359 1563/1371/1361
f 1507/1370/1360 1563/1371/1361 1564/1372/1362
f 1564/1372/1362 1563/1371/1361 1327/1373/1348
f 1564/1372/1362 1327/1373/1348 1565/1374/1363
f 1565/1374/1363 1327/1373/1348 1566/1375/1364
f 1565/1374/1363 1566/1375/1364 1509/1376/1365
f 1509/1376/1365 1566/1375/1364 1510/1377/1366
f 1509/1376/1365 1510/1377/1366 1453/1378/1367
f 1453/1378/1367 1510/1377/1366 1454/1379/1368
f 1453/1378/1367 1454/1379/1368 1397/1380/1369
f 1397/1380/1369 1454/1379/1368 1398/1381/1370
f 1397/1380/1369 1398/1381/1370 1341/1382/1371
f 1341/1382/1371 1398/1381/1370 1342/1383/1372
f 1341/1382/1371 1342/1383/1372 1328/1362/1352
f 1328/1362/1352 1342/1383/1372 1343/1384/1373
f 1328/1362/1352 1343/1384/1373 1344/1385/1374
f 1344/1385/1374 1343/1384/1373 1400/1386/1375
f 1344/1385/1374 1400/1386/1375 1401/1387/1376
f 1401/1387/1376 1400/1386/1375 1457/1388/1377
f 1401/1387/1376 1457/1388/1377 1458/1389/1378
f 1458/1389/1378 1457/1388/1377 1514/1390/1379
f 1458/1389/1378 1514/1390/1379 1515/1391/1380
f 1515/1391/1380 1514/1390/1379 1571/1392/1381
f 1515/1391/1380 1571/1392/1381 1572/1393/1382
f 1572/1393/1382 1571/1392/1381 1327/1373/1348
f 1572/1393/1382 1327/1373/1348 1573/1394/1383
f 1573/1394/1383 1327/1373/1348 1574/1395/1384
f 1573/1394/1383 1574/1395/1384 1517/1396/1385
f 1517/1396/1385 1574/1395/1384 1518/1397/1386
f 1517/1396/1385 1518/1397/1386 1461/1398/1387
f 1461/1398/1387 1518/1397/1386 1462/1399/1388
f 1461/1398/1387 1462/1399/1388 1405/1400/1389
f 1405/1400/1389 1462/1399/1388 1406/1401/1390
f 1405/1400/1389 1406/1401/1390 1349/1402/1391
f 1349/1402/1391 1406/1401/1390 1350/1403/1392
f 1349/1402/1391 1350/1403/1392 1328/1362/1352
f 1328/1362/1352 1350/1403/1392 1351/1404/1393
f 1328/1362/1352 1351/1404/1393 1352/1405/1394
f 1352/1405/1394 1351/1404/1393 1408/1406/1395
f 1352/1405/1394 1408/1406/1395 1409/1407/1396
f 1409/1407/1396 1408/1406/1395 1465/1408/1397
f 1409/1407/1396 1465/1408/1397 1466/1409/1398
f 1466/1409/1398 1465/1408/1397 1522/1410/1399
f 1466/1409/1398 1522/1410/1399 1523/1411/1400
f 1523/1411/1400 1522/1410/1399 1579/1412/1401
f 1523/1411/1400 1579/1412/1401 1580/1413/1402
f 1580/1413/1402 1579/1412/1401 1327/1373/1348
f 1580/1413/1402 1327/1373/1348 1581/1414/1403
f 1581/1414/1403 1327/1373/1348 1582/1415/1404
f 1581/1414/1403 1582/1415/1404 1525/1416/1405
f 1525/1416/1405 1582/1415/1404 1526/1417/1406
f 1525/1416/1405 1526/1417/1406 1469/1418/1407
f 1469/1418/1407 1526/1417/1406 1470/1419/1408
f 1469/1418/1407 1470/1419/1408 1413/1420/1409
f 1413/1420/1409 1470/1419/1408 1414/1421/1410
f 1413/1420/1409 1414/1421/1410 1357/1422/1411
f 1357/1422/1411 1414/1421/1410 1358/1423/1412
f 1357/1422/1411 1358/1423/1412 1328/1362/1352
f 1328/1362/1352 1358/1423/1412 1359/1424/1413
f 1328/1362/1352 1359/1424/1413 1360/1425/1414
f 1360/1425/1414 1359/1424/1413 1416/1426/1415
f 1360/1425/1414 1416/1426/1415 1417/1427/1416
f 1417/1427/1416 1416/1426/1415 1473/1428/1417
f 1417/1427/1416 1473/1428/1417 1474/1429/1418
f 1474/1429/1418 1473/1428/1417 1530/1430/1419
f 1474/1429/1418 1530/1430/1419 1531/1431/1420
f 1531/1431/1420 1530/1430/1419 1587/1432/1421
f 1531/1431/1420 1587/1432/1421 1588/1433/1422
f 1588/1433/1422 1587/1432/1421 9/1434/1349
f 1588/1433/1422 9/1434/1349 1589/1435/1423
f 1589/1435/1423 9/1434/1349 1590/1436/1424
f 1589/1435/1423 1590/1436/1424 1533/1437/1425
f 1533/1437/1425 1590/1436/1424 1534/1438/1426
f 1533/1437/1425 1534/1438/1426 1477/1439/1427
f 1477/1439/1427 1534/1438/1426 1478/1440/1428
f 1477/1439/1427 1478/1440/1428 1421/1441/1429
f 1421/1441/1429 1478/1440/1428 1422/1442/1430
f 1421/1441/1429 1422/1442/1430 1365/1443/1431
f 1365/1443/1431 1422/1442/1430 1366/1444/1432
f 1365/1443/1431 1366/1444/1432 3/1445/1433
f 3/1445/1433 1366/1444/1432 1367/1446/1434
f 3/1445/1433 1367/1446/1434 1368/1447/1435
f 1368/1447/1435 1367/1446/1434 1424/1448/1436
f 1368/1447/1435 1424/1448/1436 1425/1449/1437
f 1425/1449/1437 1424/1448/1436 1481/1450/1438
f 1425/1449/1437 1481/1450/1438 1482/1451/1439
f 1482/1451/1439 1481/1450/1438 1538/1452/1440
f 1482/1451/1439 1538/1452/1440 1539/1453/1441
f 1539/1453/1441 1538/1452/1440 1595/1454/1442
f 1539/1453/1441 1595/1454/1442 1596/1455/1443
f 1596/1455/1443 1595/1454/1442 9/1434/1349
f 1596/1455/1443 9/1434/1349 1597/1456/1444
f 1597/1456/1444 9/1434/1349 1598/1457/1445
f 1597/1456/1444 1598/1457/1445 1541/1458/1446
f 1541/1458/1446 1598/1457/1445 1542/1459/1447
f 1541/1458/1446 1542/1459/1447 1485/1460/1448
f 1485/1460/1448 1542/1459/1447 1486/1461/1449
f 1485/1460/1448 1486/1461/1449 1429/1462/1450
f 1429/1462/1450 1486/1461/1449 1430/1463/1451
f 1429/1462/1450 1430/1463/1451 1373/1464/1452
f 1373/1464/1452 1430/1463/1451 1374/1465/1453
f 1373/1464/1452 1374/1465/1453 3/1445/1433
f 3/1445/1433 1374/1465/1453 1375/1466/1454
f 3/1445/1433 1375/1466/1454 1376/1467/1455
f 1376/1467/1455 1375/1466/1454 1432/1468/1456
f 1376/1467/1455 1432/1468/1456 1433/1469/1457
f 1433/1469/1457 1432/1468/1456 1489/1470/1458
f 1433/1469/1457 1489/1470/1458 1490/1471/1459
f 1490/1471/1459 1489/1470/1458 1546/1472/1460
f 1490/1471/1459 1546/1472/1460 1547/1473/1461
f 1547/1473/1461 1546/1472/1460 1603/1474/1462
f 1547/1473/1461 1603/1474/1462 1604/1475/1463
f 1604/1475/1463 1603/1474/1462 9/1434/1349
f 1604/1475/1463 9/1434/1349 1605/1476/1464
f 1605/1476/1464 9/1434/1349 1606/1477/1465
f 1605/1476/1464 1606/1477/1465 1549/1478/1466
f 1549/1478/1466 1606/1477/1465 1550/1479/1467
f 1549/1478/1466 1550/1479/1467 1493/1480/1468
f 1493/1480/1468 1550/1479/1467 1494/1481/1469
f 1493/1480/1468 1494/1481/1469 1437/1482/1470
f 1437/1482/1470 1494/1481/1469 1438/1483/1471
f 1437/1482/1470 1438/1483/1471 1381/1484/1472
f 1381/1484/1472 1438/1483/1471 1382/1485/1473
f 1381/1484/1472 1382/1485/1473 3/1445/1433
f 3/1445/1433 1382/1485/1473 1383/1486/1474
f 3/1445/1433 1383/1486/1474 1384/1487/1475
f 1384/1487/1475 1383/1486/1474 1440/1488/1476
f 1384/1487/1475 1440/1488/1476 1441/1489/1477
f 1441/1489/1477 1440/1488/1476 1497/1490/1478
f 1441/1489/1477 1497/1490/1478 1498/1491/1479
f 1498/1491/1479 1497/1490/1478 1554/1492/1480
f 1498/1491/1479 1554/1492/1480 1555/1493/1481
f 1555/1493/1481 1554/1492/1480 1611/1494/1482
f 1555/1493/1481 1611/1494/1482 1612/1495/1483
f 1612/1495/1483 1611/1494/1482 9/1434/1349
f 1612/1495/1483 9/1434/1349 1613/1496/1484
f 1613/1496/1484 9/1434/1349 8/1497/1485
f 1613/1496/1484 8/1497/1485 1557/1498/1486
f 1557/1498/1486 8/1497/1485 7/1499/1487
f 1557/1498/1486 7/1499/1487 1501/1500/1488
f 1501/1500/1488 7/1499/1487 6/1501/1489
f 1501/1500/1488 6/1501/1489 1445/1502/1490
f 1445/1502/1490 6/1501/1489 5/1503/1491
f 1445/1502/1490 5/1503/1491 1389/1504/1492
f 1389/1504/1492 5/1503/1491 4/1505/1493
f 1389/1504/1492 4/1505/1493 3/1445/1433
f 1334/1361/1351 1329/1360/1350 1390/1506/1494
f 1390/1506/1494 1329/1360/1350 1330/1507/1495
f 1390/1506/1494 1330/1507/1495 1446/1508/1496
f 1446/1508/1496 1330/1507/1495 1331/1509/1497
f 1446/1508/1496 1331/1509/1497 1502/1510/1498
f 1502/1510/1498 1331/1509/1497 1332/1511/1499
f 1502/1510/1498 1332/1511/1499 1558/1512/1500
f 1558/1512/1500 1332/1511/1499 1333/1513/1501
f 1558/1512/1500 1333/1513/1501 1327/1373/1348
f 9/1434/1349 1585/1514/1502 1327/1373/1348
f 1327/1373/1348 1585/1514/1502 1584/1515/1503
f 1327/1373/1348 1584/1515/1503 1583/1516/1504
f 1583/1516/1504 1584/1515/1503 1527/1517/1505
f 1583/1516/1504 1527/1517/1505 1526/1417/1406
f 1526/1417/1406 1527/1517/1505 1470/1419/1408
f 1328/1362/1352 1362/1518/1506 3/1445/1433
f 3/1445/1433 1362/1518/1506 1363/1519/1507
f 3/1445/1433 1363/1519/1507 1364/1520/1508
f 1364/1520/1508 1363/1519/1507 1420/1521/1509
f 1364/1520/1508 1420/1521/1509 1421/1441/1429
f 1421/1441/1429 1420/1521/1509 1477/1439/1427
f 1335/1363/1353 1334/1361/1351 1391/1522/1510
f 1391/1522/1510 1334/1361/1351 1390/1506/1494
f 1391/1522/1510 1390/1506/1494 1447/1523/1511
f 1447/1523/1511 1390/1506/1494 1446/1508/1496
f 1447/1523/1511 1446/1508/1496 1503/1524/1512
f 1503/1524/1512 1446/1508/1496 1502/1510/1498
f 1503/1524/1512 1502/1510/1498 1559/1525/1513
f 1559/1525/1513 1502/1510/1498 1558/1512/1500
f 1559/1525/1513 1558/1512/1500 1327/1373/1348
f 1336/1364/1354 1337/1526/1514 1328/1362/1352
f 1328/1362/1352 1337/1526/1514 1338/1527/1515
f 1328/1362/1352 1338/1527/1515 1339/1528/1516
f 1339/1528/1516 1338/1527/1515 1395/1529/1517
f 1339/1528/1516 1395/1529/1517 1396/1530/1518
f 1396/1530/1518 1395/1529/1517 1452/1531/1519
f 1396/1530/1518 1452/1531/1519 1453/1378/1367
f 1453/1378/1367 1452/1531/1519 1509/1376/1365
f 1336/1364/1354 1393/1366/1356 1337/1526/1514
f 1337/1526/1514 1393/1366/1356 1394/1532/1520
f 1337/1526/1514 1394/1532/1520 1338/1527/1515
f 1338/1527/1515 1394/1532/1520 1395/1529/1517
f 1341/1382/1371 1328/1362/1352 1340/1533/1521
f 1340/1533/1521 1328/1362/1352 1339/1528/1516
f 1340/1533/1521 1339/1528/1516 1396/1530/1518
f 1397/1380/1369 1341/1382/1371 1340/1533/1521
f 1397/1380/1369 1340/1533/1521 1396/1530/1518
f 1343/1384/1373 1342/1383/1372 1399/1534/1522
f 1399/1534/1522 1342/1383/1372 1398/1381/1370
f 1399/1534/1522 1398/1381/1370 1455/1535/1523
f 1455/1535/1523 1398/1381/1370 1454/1379/1368
f 1455/1535/1523 1454/1379/1368 1511/1536/1524
f 1511/1536/1524 1454/1379/1368 1510/1377/1366
f 1511/1536/1524 1510/1377/1366 1567/1537/1525
f 1567/1537/1525 1510/1377/1366 1566/1375/1364
f 1567/1537/1525 1566/1375/1364 1327/1373/1348
f 1344/1385/1374 1345/1538/1526 1328/1362/1352
f 1328/1362/1352 1345/1538/1526 1346/1539/1527
f 1328/1362/1352 1346/1539/1527 1347/1540/1528
f 1347/1540/1528 1346/1539/1527 1403/1541/1529
f 1347/1540/1528 1403/1541/1529 1404/1542/1530
f 1404/1542/1530 1403/1541/1529 1460/1543/1531
f 1404/1542/1530 1460/1543/1531 1461/1398/1387
f 1461/1398/1387 1460/1543/1531 1517/1396/1385
f 1344/1385/1374 1401/1387/1376 1345/1538/1526
f 1345/1538/1526 1401/1387/1376 1402/1544/1532
f 1345/1538/1526 1402/1544/1532 1346/1539/1527
f 1346/1539/1527 1402/1544/1532 1403/1541/1529
f 1349/1402/1391 1328/1362/1352 1348/1545/1533
f 1348/1545/1533 1328/1362/1352 1347/1540/1528
f 1348/1545/1533 1347/1540/1528 1404/1542/1530
f 1405/1400/1389 1349/1402/1391 1348/1545/1533
f 1405/1400/1389 1348/1545/1533 1404/1542/1530
f 1351/1404/1393 1350/1403/1392 1407/1546/1534
f 1407/1546/1534 1350/1403/1392 1406/1401/1390
f 1407/1546/1534 1406/1401/1390 1463/1547/1535
f 1463/1547/1535 1406/1401/1390 1462/1399/1388
f 1463/1547/1535 1462/1399/1388 1519/1548/1536
f 1519/1548/1536 1462/1399/1388 1518/1397/1386
f 1519/1548/1536 1518/1397/1386 1575/1549/1537
f 1575/1549/1537 1518/1397/1386 1574/1395/1384
f 1575/1549/1537 1574/1395/1384 1327/1373/1348
f 1352/1405/1394 1353/1550/1538 1328/1362/1352
f 1328/1362/1352 1353/1550/1538 1354/1551/1539
f 1328/1362/1352 1354/1551/1539 1355/1552/1540
f 1355/1552/1540 1354/1551/1539 1411/1553/1541
f 1355/1552/1540 1411/1553/1541 1412/1554/1542
f 1412/1554/1542 1411/1553/1541 1468/1555/1543
f 1412/1554/1542 1468/1555/1543 1469/1418/1407
f 1469/1418/1407 1468/1555/1543 1525/1416/1405
f 1352/1405/1394 1409/1407/1396 1353/1550/1538
f 1353/1550/1538 1409/1407/1396 1410/1556/1544
f 1353/1550/1538 1410/1556/1544 1354/1551/1539
f 1354/1551/1539 1410/1556/1544 1411/1553/1541
f 1357/1422/1411 1328/1362/1352 1356/1557/1545
f 1356/1557/1545 1328/1362/1352 1355/1552/1540
f 1356/1557/1545 1355/1552/1540 1412/1554/1542
f 1413/1420/1409 1357/1422/1411 1356/1557/1545
f 1413/1420/1409 1356/1557/1545 1412/1554/1542
f 1359/1424/1413 1358/1423/1412 1415/1558/1546
f 1415/1558/1546 1358/1423/1412 1414/1421/1410
f 1415/1558/1546 1414/1421/1410 1471/1559/1547
f 1471/1559/1547 1414/1421/1410 1470/1419/1408
f 1471/1559/1547 1470/1419/1408 1527/1517/1505
f 1362/1518/1506 1328/1362/1352 1361/1560/1548
f 1361/1560/1548 1328/1362/1352 1360/1425/1414
f 1361/1560/1548 1360/1425/1414 1417/1427/1416
f 1362/1518/1506 1361/1560/1548 1418/1561/1549
f 1418/1561/1549 1361/1560/1548 1417/1427/1416
f 1418/1561/1549 1417/1427/1416 1474/1429/1418
f 1365/1443/1431 3/1445/1433 1364/1520/1508
f 1363/1519/1507 1362/1518/1506 1419/1562/1550
f 1419/1562/1550 1362/1518/1506 1418/1561/1549
f 1419/1562/1550 1418/1561/1549 1475/1563/1551
f 1475/1563/1551 1418/1561/1549 1474/1429/1418
f 1475/1563/1551 1474/1429/1418 1531/1431/1420
f 1421/1441/1429 1365/1443/1431 1364/1520/1508
f 1367/1446/1434 1366/1444/1432 1423/1564/1552
f 1423/1564/1552 1366/1444/1432 1422/1442/1430
f 1423/1564/1552 1422/1442/1430 1479/1565/1553
f 1479/1565/1553 1422/1442/1430 1478/1440/1428
f 1479/1565/1553 1478/1440/1428 1535/1566/1554
f 1535/1566/1554 1478/1440/1428 1534/1438/1426
f 1535/1566/1554 1534/1438/1426 1591/1567/1555
f 1591/1567/1555 1534/1438/1426 1590/1436/1424
f 1591/1567/1555 1590/1436/1424 9/1434/1349
f 1368/1447/1435 1369/1568/1556 3/1445/1433
f 3/1445/1433 1369/1568/1556 1370/1569/1557
f 3/1445/1433 1370/1569/1557 1371/1570/1558
f 1371/1570/1558 1370/1569/1557 1427/1571/1559
f 1371/1570/1558 1427/1571/1559 1428/1572/1560
f 1428/1572/1560 1427/1571/1559 1484/1573/1561
f 1428/1572/1560 1484/1573/1561 1485/1460/1448
f 1485/1460/1448 1484/1573/1561 1541/1458/1446
f 1368/1447/1435 1425/1449/1437 1369/1568/1556
f 1369/1568/1556 1425/1449/1437 1426/1574/1562
f 1369/1568/1556 1426/1574/1562 1370/1569/1557
f 1370/1569/1557 1426/1574/1562 1427/1571/1559
f 1373/1464/1452 3/1445/1433 1372/1575/1563
f 1372/1575/1563 3/1445/1433 1371/1570/1558
f 1372/1575/1563 1371/1570/1558 1428/1572/1560
f 1429/1462/1450 1373/1464/1452 1372/1575/1563
f 1429/1462/1450 1372/1575/1563 1428/1572/1560
f 1375/1466/1454 1374/1465/1453 1431/1576/1564
f 1431/1576/1564 1374/1465/1453 1430/1463/1451
f 1431/1576/1564 1430/1463/1451 1487/1577/1565
f 1487/1577/1565 1430/1463/1451 1486/1461/1449
f 1487/1577/1565 1486/1461/1449 1543/1578/1566
f 1543/1578/1566 1486/1461/1449 1542/1459/1447
f 1543/1578/1566 1542/1459/1447 1599/1579/1567
f 1599/1579/1567 1542/1459/1447 1598/1457/1445
f 1599/1579/1567 1598/1457/1445 9/1434/1349
f 1376/1467/1455 1377/1580/1568 3/1445/1433
f 3/1445/1433 1377/1580/1568 1378/1581/1569
f 3/1445/1433 1378/1581/1569 1379/1582/1570
f 1379/1582/1570 1378/1581/1569 1435/1583/1571
f 1379/1582/1570 1435/1583/1571 1436/1584/1572
f 1436/1584/1572 1435/1583/1571 1492/1585/1573
f 1436/1584/1572 1492/1585/1573 1493/1480/1468
f 1493/1480/1468 1492/1585/1573 1549/1478/1466
f 1376/1467/1455 1433/1469/1457 1377/1580/1568
f 1377/1580/1568 1433/1469/1457 1434/1586/1574
f 1377/1580/1568 1434/1586/1574 1378/1581/1569
f 1378/1581/1569 1434/1586/1574 1435/1583/1571
f 1381/1484/1472 3/1445/1433 1380/1587/1575
f 1380/1587/1575 3/1445/1433 1379/1582/1570
f 1380/1587/1575 1379/1582/1570 1436/1584/1572
f 1437/1482/1470 1381/1484/1472 1380/1587/1575
f 1437/1482/1470 1380/1587/1575 1436/1584/1572
f 1383/1486/1474 1382/1485/1473 1439/1588/1576
f 1439/1588/1576 1382/1485/1473 1438/1483/1471
f 1439/1588/1576 1438/1483/1471 1495/1589/1577
f 1495/1589/1577 1438/1483/1471 1494/1481/1469
f 1495/1589/1577 1494/1481/1469 1551/1590/1578
f 1551/1590/1578 1494/1481/1469 1550/1479/1467
f 1551/1590/1578 1550/1479/1467 1607/1591/1579
f 1607/1591/1579 1550/1479/1467 1606/1477/1465
f 1607/1591/1579 1606/1477/1465 9/1434/1349
f 1384/1487/1475 1385/1592/1580 3/1445/1433
f 3/1445/1433 1385/1592/1580 1386/1593/1581
f 3/1445/1433 1386/1593/1581 1387/1594/1582
f 1387/1594/1582 1386/1593/1581 1443/1595/1583
f 1387/1594/1582 1443/1595/1583 1444/1596/1584
f 1444/1596/1584 1443/1595/1583 1500/1597/1585
f 1444/1596/1584 1500/1597/1585 1501/1500/1488
f 1501/1500/1488 1500/1597/1585 1557/1498/1486
f 1384/1487/1475 1441/1489/1477 1385/1592/1580
f 1385/1592/1580 1441/1489/1477 1442/1598/1586
f 1385/1592/1580 1442/1598/1586 1386/1593/1581
f 1386/1593/1581 1442/1598/1586 1443/1595/1583
f 1389/1504/1492 3/1445/1433 1388/1599/1587
f 1388/1599/1587 3/1445/1433 1387/1594/1582
f 1388/1599/1587 1387/1594/1582 1444/1596/1584
f 1445/1502/1490 1389/1504/1492 1388/1599/1587
f 1445/1502/1490 1388/1599/1587 1444/1596/1584
f 1335/1363/1353 1391/1522/1510 1392/1365/1355
f 1392/1365/1355 1391/1522/1510 1448/1600/1588
f 1392/1365/1355 1448/1600/1588 1449/1367/1357
f 1449/1367/1357 1448/1600/1588 1505/1601/1589
f 1449/1367/1357 1505/1601/1589 1506/1369/1359
f 1506/1369/1359 1505/1601/1589 1562/1602/1590
f 1506/1369/1359 1562/1602/1590 1563/1371/1361
f 1563/1371/1361 1562/1602/1590 1327/1373/1348
f 1448/1600/1588 1391/1522/1510 1447/1523/1511
f 1393/1366/1356 1450/1368/1358 1394/1532/1520
f 1394/1532/1520 1450/1368/1358 1451/1603/1591
f 1394/1532/1520 1451/1603/1591 1395/1529/1517
f 1395/1529/1517 1451/1603/1591 1452/1531/1519
f 1453/1378/1367 1397/1380/1369 1396/1530/1518
f 1343/1384/1373 1399/1534/1522 1400/1386/1375
f 1400/1386/1375 1399/1534/1522 1456/1604/1592
f 1400/1386/1375 1456/1604/1592 1457/1388/1377
f 1457/1388/1377 1456/1604/1592 1513/1605/1593
f 1457/1388/1377 1513/1605/1593 1514/1390/1379
f 1514/1390/1379 1513/1605/1593 1570/1606/1594
f 1514/1390/1379 1570/1606/1594 1571/1392/1381
f 1571/1392/1381 1570/1606/1594 1327/1373/1348
f 1456/1604/1592 1399/1534/1522 1455/1535/1523
f 1401/1387/1376 1458/1389/1378 1402/1544/1532
f 1402/1544/1532 1458/1389/1378 1459/1607/1595
f 1402/1544/1532 1459/1607/1595 1403/1541/1529
f 1403/1541/1529 1459/1607/1595 1460/1543/1531
f 1461/1398/1387 1405/1400/1389 1404/1542/1530
f 1351/1404/1393 1407/1546/1534 1408/1406/1395
f 1408/1406/1395 1407/1546/1534 1464/1608/1596
f 1408/1406/1395 1464/1608/1596 1465/1408/1397
f 1465/1408/1397 1464/1608/1596 1521/1609/1597
f 1465/1408/1397 1521/1609/1597 1522/1410/1399
f 1522/1410/1399 1521/1609/1597 1578/1610/1598
f 1522/1410/1399 1578/1610/1598 1579/1412/1401
f 1579/1412/1401 1578/1610/1598 1327/1373/1348
f 1464/1608/1596 1407/1546/1534 1463/1547/1535
f 1409/1407/1396 1466/1409/1398 1410/1556/1544
f 1410/1556/1544 1466/1409/1398 1467/1611/1599
f 1410/1556/1544 1467/1611/1599 1411/1553/1541
f 1411/1553/1541 1467/1611/1599 1468/1555/1543
f 1469/1418/1407 1413/1420/1409 1412/1554/1542
f 1359/1424/1413 1415/1558/1546 1416/1426/1415
f 1416/1426/1415 1415/1558/1546 1472/1612/1600
f 1416/1426/1415 1472/1612/1600 1473/1428/1417
f 1473/1428/1417 1472/1612/1600 1529/1613/1601
f 1473/1428/1417 1529/1613/1601 1530/1430/1419
f 1530/1430/1419 1529/1613/1601 1586/1614/1602
f 1530/1430/1419 1586/1614/1602 1587/1432/1421
f 1587/1432/1421 1586/1614/1602 9/1434/1349
f 1472/1612/1600 1415/1558/1546 1471/1559/1547
f 1363/1519/1507 1419/1562/1550 1420/1521/1509
f 1420/1521/1509 1419/1562/1550 1476/1615/1603
f 1420/1521/1509 1476/1615/1603 1477/1439/1427
f 1477/1439/1427 1476/1615/1603 1533/1437/1425
f 1476/1615/1603 1419/1562/1550 1475/1563/1551
f 1367/1446/1434 1423/1564/1552 1424/1448/1436
f 1424/1448/1436 1423/1564/1552 1480/1616/1604
f 1424/1448/1436 1480/1616/1604 1481/1450/1438
f 1481/1450/1438 1480/1616/1604 1537/1617/1605
f 1481/1450/1438 1537/1617/1605 1538/1452/1440
f 1538/1452/1440 1537/1617/1605 1594/1618/1606
f 1538/1452/1440 1594/1618/1606 1595/1454/1442
f 1595/1454/1442 1594/1618/1606 9/1434/1349
f 1480/1616/1604 1423/1564/1552 1479/1565/1553
f 1425/1449/1437 1482/1451/1439 1426/1574/1562
f 1426/1574/1562 1482/1451/1439 1483/1619/1607
f 1426/1574/1562 1483/1619/1607 1427/1571/1559
f 1427/1571/1559 1483/1619/1607 1484/1573/1561
f 1485/1460/1448 1429/1462/1450 1428/1572/1560
f 1375/1466/1454 1431/1576/1564 1432/1468/1456
f 1432/1468/1456 1431/1576/1564 1488/1620/1608
f 1432/1468/1456 1488/1620/1608 1489/1470/1458
f 1489/1470/1458 1488/1620/1608 1545/1621/1609
f 1489/1470/1458 1545/1621/1609 1546/1472/1460
f 1546/1472/1460 1545/1621/1609 1602/1622/1610
f 1546/1472/1460 1602/1622/1610 1603/1474/1462
f 1603/1474/1462 1602/1622/1610 9/1434/1349
f 1488/1620/1608 1431/1576/1564 1487/1577/1565
f 1433/1469/1457 1490/1471/1459 1434/1586/1574
f 1434/1586/1574 1490/1471/1459 1491/1623/1611
f 1434/1586/1574 1491/1623/1611 1435/1583/1571
f 1435/1583/1571 1491/1623/1611 1492/1585/1573
f 1493/1480/1468 1437/1482/1470 1436/1584/1572
f 1383/1486/1474 1439/1588/1576 1440/1488/1476
f 1440/1488/1476 1439/1588/1576 1496/1624/1612
f 1440/1488/1476 1496/1624/1612 1497/1490/1478
f 1497/1490/1478 1496/1624/1612 1553/1625/1613
f 1497/1490/1478 1553/1625/1613 1554/1492/1480
f 1554/1492/1480 1553/1625/1613 1610/1626/1614
f 1554/1492/1480 1610/1626/1614 1611/1494/1482
f 1611/1494/1482 1610/1626/1614 9/1434/1349
f 1496/1624/1612 1439/1588/1576 1495/1589/1577
f 1441/1489/1477 1498/1491/1479 1442/1598/1586
f 1442/1598/1586 1498/1491/1479 1499/1627/1615
f 1442/1598/1586 1499/1627/1615 1443/1595/1583
f 1443/1595/1583 1499/1627/1615 1500/1597/1585
f 1501/1500/1488 1445/1502/1490 1444/1596/1584
f 1448/1600/1588 1447/1523/1511 1504/1628/1616
f 1504/1628/1616 1447/1523/1511 1503/1524/1512
f 1504/1628/1616 1503/1524/1512 1560/1629/1617
f 1560/1629/1617 1503/1524/1512 1559/1525/1513
f 1560/1629/1617 1559/1525/1513 1327/1373/1348
f 1450/1368/1358 1507/1370/1360 1451/1603/1591
f 1451/1603/1591 1507/1370/1360 1508/1630/1618
f 1451/1603/1591 1508/1630/1618 1452/1531/1519
f 1452/1531/1519 1508/1630/1618 1509/1376/1365
f 1456/1604/1592 1455/1535/1523 1512/1631/1619
f 1512/1631/1619 1455/1535/1523 1511/1536/1524
f 1512/1631/1619 1511/1536/1524 1568/1632/1620
f 1568/1632/1620 1511/1536/1524 1567/1537/1525
f 1568/1632/1620 1567/1537/1525 1327/1373/1348
f 1458/1389/1378 1515/1391/1380 1459/1607/1595
f 1459/1607/1595 1515/1391/1380 1516/1633/1621
f 1459/1607/1595 1516/1633/1621 1460/1543/1531
f 1460/1543/1531 1516/1633/1621 1517/1396/1385
f 1464/1608/1596 1463/1547/1535 1520/1634/1622
f 1520/1634/1622 1463/1547/1535 1519/1548/1536
f 1520/1634/1622 1519/1548/1536 1576/1635/1623
f 1576/1635/1623 1519/1548/1536 1575/1549/1537
f 1576/1635/1623 1575/1549/1537 1327/1373/1348
f 1466/1409/1398 1523/1411/1400 1467/1611/1599
f 1467/1611/1599 1523/1411/1400 1524/1636/1624
f 1467/1611/1599 1524/1636/1624 1468/1555/1543
f 1468/1555/1543 1524/1636/1624 1525/1416/1405
f 1472/1612/1600 1471/1559/1547 1528/1637/1625
f 1528/1637/1625 1471/1559/1547 1527/1517/1505
f 1528/1637/1625 1527/1517/1505 1584/1515/1503
f 1476/1615/1603 1475/1563/1551 1532/1638/1626
f 1532/1638/1626 1475/1563/1551 1531/1431/1420
f 1532/1638/1626 1531/1431/1420 1588/1433/1422
f 1480/1616/1604 1479/1565/1553 1536/1639/1627
f 1536/1639/1627 1479/1565/1553 1535/1566/1554
f 1536/1639/1627 1535/1566/1554 1592/1640/1628
f 1592/1640/1628 1535/1566/1554 1591/1567/1555
f 1592/1640/1628 1591/1567/1555 9/1434/1349
f 1482/1451/1439 1539/1453/1441 1483/1619/1607
f 1483/1619/1607 1539/1453/1441 1540/1641/1629
f 1483/1619/1607 1540/1641/1629 1484/1573/1561
f 1484/1573/1561 1540/1641/1629 1541/1458/1446
f 1488/1620/1608 1487/1577/1565 1544/1642/1630
f 1544/1642/1630 1487/1577/1565 1543/1578/1566
f 1544/1642/1630 1543/1578/1566 1600/1643/1631
f 1600/1643/1631 1543/1578/1566 1599/1579/1567
f 1600/1643/1631 1599/1579/1567 9/1434/1349
f 1490/1471/1459 1547/1473/1461 1491/1623/1611
f 1491/1623/1611 1547/1473/1461 1548/1644/1632
f 1491/1623/1611 1548/1644/1632 1492/1585/1573
f 1492/1585/1573 1548/1644/1632 1549/1478/1466
f 1496/1624/1612 1495/1589/1577 1552/1645/1633
f 1552/1645/1633 1495/1589/1577 1551/1590/1578
f 1552/1645/1633 1551/1590/1578 1608/1646/1634
f 1608/1646/1634 1551/1590/1578 1607/1591/1579
f 1608/1646/1634 1607/1591/1579 9/1434/1349
f 1498/1491/1479 1555/1493/1481 1499/1627/1615
f 1499/1627/1615 1555/1493/1481 1556/1647/1635
f 1499/1627/1615 1556/1647/1635 1500/1597/1585
f 1500/1597/1585 1556/1647/1635 1557/1498/1486
f 1448/1600/1588 1504/1628/1616 1505/1601/1589
f 1505/1601/1589 1504/1628/1616 1561/1648/1636
f 1505/1601/1589 1561/1648/1636 1562/1602/1590
f 1562/1602/1590 1561/1648/1636 1327/1373/1348
f 1561/1648/1636 1504/1628/1616 1560/1629/1617
f 1565/1374/1363 1509/1376/1365 1508/1630/1618
f 1565/1374/1363 1508/1630/1618 1564/1372/1362
f 1564/1372/1362 1508/1630/1618 1507/1370/1360
f 1456/1604/1592 1512/1631/1619 1513/1605/1593
f 1513/1605/1593 1512/1631/1619 1569/1649/1637
f 1513/1605/1593 1569/1649/1637 1570/1606/1594
f 1570/1606/1594 1569/1649/1637 1327/1373/1348
f 1569/1649/1637 1512/1631/1619 1568/1632/1620
f 1573/1394/1383 1517/1396/1385 1516/1633/1621
f 1573/1394/1383 1516/1633/1621 1572/1393/1382
f 1572/1393/1382 1516/1633/1621 1515/1391/1380
f 1464/1608/1596 1520/1634/1622 1521/1609/1597
f 1521/1609/1597 1520/1634/1622 1577/1650/1638
f 1521/1609/1597 1577/1650/1638 1578/1610/1598
f 1578/1610/1598 1577/1650/1638 1327/1373/1348
f 1577/1650/1638 1520/1634/1622 1576/1635/1623
f 1581/1414/1403 1525/1416/1405 1524/1636/1624
f 1581/1414/1403 1524/1636/1624 1580/1413/1402
f 1580/1413/1402 1524/1636/1624 1523/1411/1400
f 1583/1516/1504 1526/1417/1406 1582/1415/1404
f 1472/1612/1600 1528/1637/1625 1529/1613/1601
f 1529/1613/1601 1528/1637/1625 1585/1514/1502
f 1529/1613/1601 1585/1514/1502 1586/1614/1602
f 1586/1614/1602 1585/1514/1502 9/1434/1349
f 1585/1514/1502 1528/1637/1625 1584/1515/1503
f 1589/1435/1423 1533/1437/1425 1532/1638/1626
f 1532/1638/1626 1533/1437/1425 1476/1615/1603
f 1589/1435/1423 1532/1638/1626 1588/1433/1422
f 1480/1616/1604 1536/1639/1627 1537/1617/1605
f 1537/1617/1605 1536/1639/1627 1593/1651/1639
f 1537/1617/1605 1593/1651/1639 1594/1618/1606
f 1594/1618/1606 1593/1651/1639 9/1434/1349
f 1593/1651/1639 1536/1639/1627 1592/1640/1628
f 1597/1456/1444 1541/1458/1446 1540/1641/1629
f 1597/1456/1444 1540/1641/1629 1596/1455/1443
f 1596/1455/1443 1540/1641/1629 1539/1453/1441
f 1488/1620/1608 1544/1642/1630 1545/1621/1609
f 1545/1621/1609 1544/1642/1630 1601/1652/1640
f 1545/1621/1609 1601/1652/1640 1602/1622/1610
f 1602/1622/1610 1601/1652/1640 9/1434/1349
f 1601/1652/1640 1544/1642/1630 1600/1643/1631
f 1605/1476/1464 1549/1478/1466 1548/1644/1632
f 1605/1476/1464 1548/1644/1632 1604/1475/1463
f 1604/1475/1463 1548/1644/1632 1547/1473/1461
f 1496/1624/1612 1552/1645/1633 1553/1625/1613
f 1553/1625/1613 1552/1645/1633 1609/1653/1641
f 1553/1625/1613 1609/1653/1641 1610/1626/1614
f 1610/1626/1614 1609/1653/1641 9/1434/1349
f 1609/1653/1641 1552/1645/1633 1608/1646/1634
f 1613/1496/1484 1557/1498/1486 1556/1647/1635
f 1613/1496/1484 1556/1647/1635 1612/1495/1483
f 1612/1495/1483 1556/1647/1635 1555/1493/1481
f 1327/1373/1348 1561/1648/1636 1560/1629/1617
f 1327/1373/1348 1569/1649/1637 1568/1632/1620
f 1327/1373/1348 1577/1650/1638 1576/1635/1623
f 1327/1373/1348 1583/1516/1504 1582/1415/1404
f 9/1434/1349 1593/1651/1639 1592/1640/1628
f 9/1434/1349 1601/1652/1640 1600/1643/1631
f 9/1434/1349 1609/1653/1641 1608/1646/1634
f 60/1654/69 1614/1655/1642 30/1656/155
f 30/1656/155 1614/1655/1642 31/1657/1643
f 1328/1658/1352 3/1659/1433 1615/1660/1644
f 1615/1660/1644 3/1659/1433 2/1661/1645
f 1616/1662/1646 1615/1663/1647 1/1664/1648
f 1/1664/1648 1615/1663/1647 2/1665/1649
f 1616/1666/1650 1/1667/1651 1617/1668/1652
f 1617/1668/1652 1/1667/1651 51/1669/1653
f 1618/1670/1654 1617/1671/1655 50/1672/1656
f 50/1672/1656 1617/1671/1655 51/1673/1657
f 1618/1674/1658 50/1675/1659 1619/1676/1660
f 1619/1676/1660 50/1675/1659 49/1677/1661
f 1621/1678/1662 1626/1679/1663 1620/1680/1664
f 1620/1680/1664 1626/1679/1663 1627/1681/1665
f 1620/1680/1664 1627/1681/1665 1628/1682/1666
f 1628/1682/1666 1627/1681/1665 1684/1683/1667
f 1628/1682/1666 1684/1683/1667 1685/1684/1668
f 1685/1684/1668 1684/1683/1667 1741/1685/1669
f 1685/1684/1668 1741/1685/1669 1742/1686/1670
f 1742/1686/1670 1741/1685/1669 1798/1687/1671
f 1742/1686/1670 1798/1687/1671 1799/1688/1672
f 1799/1688/1672 1798/1687/1671 1855/1689/1673
f 1799/1688/1672 1855/1689/1673 1856/1690/1674
f 1856/1690/1674 1855/1689/1673 1619/1691/1660
f 1856/1690/1674 1619/1691/1660 1857/1692/1675
f 1857/1692/1675 1619/1691/1660 1858/1693/1676
f 1857/1692/1675 1858/1693/1676 1801/1694/1677
f 1801/1694/1677 1858/1693/1676 1802/1695/1678
f 1801/1694/1677 1802/1695/1678 1745/1696/1679
f 1745/1696/1679 1802/1695/1678 1746/1697/1680
f 1745/1696/1679 1746/1697/1680 1689/1698/1681
f 1689/1698/1681 1746/1697/1680 1690/1699/1682
f 1689/1698/1681 1690/1699/1682 1633/1700/1683
f 1633/1700/1683 1690/1699/1682 1634/1701/1684
f 1633/1700/1683 1634/1701/1684 1620/1680/1664
f 1620/1680/1664 1634/1701/1684 1635/1702/1685
f 1620/1680/1664 1635/1702/1685 1636/1703/1686
f 1636/1703/1686 1635/1702/1685 1692/1704/1687
f 1636/1703/1686 1692/1704/1687 1693/1705/1688
f 1693/1705/1688 1692/1704/1687 1749/1706/1689
f 1693/1705/1688 1749/1706/1689 1750/1707/1690
f 1750/1707/1690 1749/1706/1689 1806/1708/1691
f 1750/1707/1690 1806/1708/1691 1807/1709/1692
f 1807/1709/1692 1806/1708/1691 1863/1710/1693
f 1807/1709/1692 1863/1710/1693 1864/1711/1694
f 1864/1711/1694 1863/1710/1693 1619/1691/1660
f 1864/1711/1694 1619/1691/1660 1865/1712/1695
f 1865/1712/1695 1619/1691/1660 1866/1713/1696
f 1865/1712/1695 1866/1713/1696 1809/1714/1697
f 1809/1714/1697 1866/1713/1696 1810/1715/1698
f 1809/1714/1697 1810/1715/1698 1753/1716/1699
f 1753/1716/1699 1810/1715/1698 1754/1717/1700
f 1753/1716/1699 1754/1717/1700 1697/1718/1701
f 1697/1718/1701 1754/1717/1700 1698/1719/1702
f 1697/1718/1701 1698/1719/1702 1641/1720/1703
f 1641/1720/1703 1698/1719/1702 1642/1721/1704
f 1641/1720/1703 1642/1721/1704 1620/1680/1664
f 1620/1680/1664 1642/1721/1704 1643/1722/1705
f 1620/1680/1664 1643/1722/1705 1644/1723/1706
f 1644/1723/1706 1643/1722/1705 1700/1724/1707
f 1644/1723/1706 1700/1724/1707 1701/1725/1708
f 1701/1725/1708 1700/1724/1707 1757/1726/1709
f 1701/1725/1708 1757/1726/1709 1758/1727/1710
f 1758/1727/1710 1757/1726/1709 1814/1728/1711
f 1758/1727/1710 1814/1728/1711 1815/1729/1712
f 1815/1729/1712 1814/1728/1711 1871/1730/1713
f 1815/1729/1712 1871/1730/1713 1872/1731/1714
f 1872/1731/1714 1871/1730/1713 1619/1691/1660
f 1872/1731/1714 1619/1691/1660 1873/1732/1715
f 1873/1732/1715 1619/1691/1660 1874/1733/1716
f 1873/1732/1715 1874/1733/1716 1817/1734/1717
f 1817/1734/1717 1874/1733/1716 1818/1735/1718
f 1817/1734/1717 1818/1735/1718 1761/1736/1719
f 1761/1736/1719 1818/1735/1718 1762/1737/1720
f 1761/1736/1719 1762/1737/1720 1705/1738/1721
f 1705/1738/1721 1762/1737/1720 1706/1739/1722
f 1705/1738/1721 1706/1739/1722 1649/1740/1723
f 1649/1740/1723 1706/1739/1722 1650/1741/1724
f 1649/1740/1723 1650/1741/1724 1620/1680/1664
f 1620/1680/1664 1650/1741/1724 1651/1742/1725
f 1620/1680/1664 1651/1742/1725 1652/1743/1726
f 1652/1743/1726 1651/1742/1725 1708/1744/1727
f 1652/1743/1726 1708/1744/1727 1709/1745/1728
f 1709/1745/1728 1708/1744/1727 1765/1746/1729
f 1709/1745/1728 1765/1746/1729 1766/1747/1730
f 1766/1747/1730 1765/1746/1729 1822/1748/1731
f 1766/1747/1730 1822/1748/1731 1823/1749/1732
f 1823/1749/1732 1822/1748/1731 1879/1750/1733
f 1823/1749/1732 1879/1750/1733 1880/1751/1734
f 1880/1751/1734 1879/1750/1733 49/1752/1661
f 1880/1751/1734 49/1752/1661 1881/1753/1735
f 1881/1753/1735 49/1752/1661 1882/1754/1736
f 1881/1753/1735 1882/1754/1736 1825/1755/1737
f 1825/1755/1737 1882/1754/1736 1826/1756/1738
f 1825/1755/1737 1826/1756/1738 1769/1757/1739
f 1769/1757/1739 1826/1756/1738 1770/1758/1740
f 1769/1757/1739 1770/1758/1740 1713/1759/1741
f 1713/1759/1741 1770/1758/1740 1714/1760/1742
f 1713/1759/1741 1714/1760/1742 1657/1761/1743
f 1657/1761/1743 1714/1760/1742 1658/1762/1744
f 1657/1761/1743 1658/1762/1744 43/1763/1745
f 43/1763/1745 1658/1762/1744 1659/1764/1746
f 43/1763/1745 1659/1764/1746 1660/1765/1747
f 1660/1765/1747 1659/1764/1746 1716/1766/1748
f 1660/1765/1747 1716/1766/1748 1717/1767/1749
f 1717/1767/1749 1716/1766/1748 1773/1768/1750
f 1717/1767/1749 1773/1768/1750 1774/1769/1751
f 1774/1769/1751 1773/1768/1750 1830/1770/1752
f 1774/1769/1751 1830/1770/1752 1831/1771/1753
f 1831/1771/1753 1830/1770/1752 1887/1772/1754
f 1831/1771/1753 1887/1772/1754 1888/1773/1755
f 1888/1773/1755 1887/1772/1754 49/1752/1661
f 1888/1773/1755 49/1752/1661 1889/1774/1756
f 1889/1774/1756 49/1752/1661 1890/1775/1757
f 1889/1774/1756 1890/1775/1757 1833/1776/1758
f 1833/1776/1758 1890/1775/1757 1834/1777/1759
f 1833/1776/1758 1834/1777/1759 1777/1778/1760
f 1777/1778/1760 1834/1777/1759 1778/1779/1761
f 1777/1778/1760 1778/1779/1761 1721/1780/1762
f 1721/1780/1762 1778/1779/1761 1722/1781/1763
f 1721/1780/1762 1722/1781/1763 1665/1782/1764
f 1665/1782/1764 1722/1781/1763 1666/1783/1765
f 1665/1782/1764 1666/1783/1765 43/1763/1745
f 43/1763/1745 1666/1783/1765 1667/1784/1766
f 43/1763/1745 1667/1784/1766 1668/1785/1767
f 1668/1785/1767 1667/1784/1766 1724/1786/1768
f 1668/1785/1767 1724/1786/1768 1725/1787/1769
f 1725/1787/1769 1724/1786/1768 1781/1788/1770
f 1725/1787/1769 1781/1788/1770 1782/1789/1771
f 1782/1789/1771 1781/1788/1770 1838/1790/1772
f 1782/1789/1771 1838/1790/1772 1839/1791/1773
f 1839/1791/1773 1838/1790/1772 1895/1792/1774
f 1839/1791/1773 1895/1792/1774 1896/1793/1775
f 1896/1793/1775 1895/1792/1774 49/1752/1661
f 1896/1793/1775 49/1752/1661 1897/1794/1776
f 1897/1794/1776 49/1752/1661 1898/1795/1777
f 1897/1794/1776 1898/1795/1777 1841/1796/1778
f 1841/1796/1778 1898/1795/1777 1842/1797/1779
f 1841/1796/1778 1842/1797/1779 1785/1798/1780
f 1785/1798/1780 1842/1797/1779 1786/1799/1781
f 1785/1798/1780 1786/1799/1781 1729/1800/1782
f 1729/1800/1782 1786/1799/1781 1730/1801/1783
f 1729/1800/1782 1730/1801/1783 1673/1802/1784
f 1673/1802/1784 1730/1801/1783 1674/1803/1785
f 1673/1802/1784 1674/1803/1785 43/1763/1745
f 43/1763/1745 1674/1803/1785 1675/1804/1786
f 43/1763/1745 1675/1804/1786 1676/1805/1787
f 1676/1805/1787 1675/1804/1786 1732/1806/1788
f 1676/1805/1787 1732/1806/1788 1733/1807/1789
f 1733/1807/1789 1732/1806/1788 1789/1808/1790
f 1733/1807/1789 1789/1808/1790 1790/1809/1791
f 1790/1809/1791 1789/1808/1790 1846/1810/1792
f 1790/1809/1791 1846/1810/1792 1847/1811/1793
f 1847/1811/1793 1846/1810/1792 1903/1812/1794
f 1847/1811/1793 1903/1812/1794 1904/1813/1795
f 1904/1813/1795 1903/1812/1794 49/1752/1661
f 1904/1813/1795 49/1752/1661 1905/1814/1796
f 1905/1814/1796 49/1752/1661 48/1815/1797
f 1905/1814/1796 48/1815/1797 1849/1816/1798
f 1849/1816/1798 48/1815/1797 47/1817/1799
f 1849/1816/1798 47/1817/1799 1793/1818/1800
f 1793/1818/1800 47/1817/1799 46/1819/1801
f 1793/1818/1800 46/1819/1801 1737/1820/1802
f 1737/1820/1802 46/1819/1801 45/1821/1803
f 1737/1820/1802 45/1821/1803 1681/1822/1804
f 1681/1822/1804 45/1821/1803 44/1823/1805
f 1681/1822/1804 44/1823/1805 43/1763/1745
f 1626/1679/1663 1621/1678/1662 1682/1824/1806
f 1682/1824/1806 1621/1678/1662 1622/1825/1807
f 1682/1824/1806 1622/1825/1807 1738/1826/1808
f 1738/1826/1808 1622/1825/1807 1623/1827/1809
f 1738/1826/1808 1623/1827/1809 1794/1828/1810
f 1794/1828/1810 1623/1827/1809 1624/1829/1811
f 1794/1828/1810 1624/1829/1811 1850/1830/1812
f 1850/1830/1812 1624/1829/1811 1625/1831/1813
f 1850/1830/1812 1625/1831/1813 1619/1691/1660
f 49/1752/1661 1877/1832/1814 1619/1691/1660
f 1619/1691/1660 1877/1832/1814 1876/1833/1815
f 1619/1691/1660 1876/1833/1815 1875/1834/1816
f 1875/1834/1816 1876/1833/1815 1819/1835/1817
f 1875/1834/1816 1819/1835/1817 1818/1735/1718
f 1818/1735/1718 1819/1835/1817 1762/1737/1720
f 1620/1680/1664 1654/1836/1818 43/1763/1745
f 43/1763/1745 1654/1836/1818 1655/1837/1819
f 43/1763/1745 1655/1837/1819 1656/1838/1820
f 1656/1838/1820 1655/1837/1819 1712/1839/1821
f 1656/1838/1820 1712/1839/1821 1713/1759/1741
f 1713/1759/1741 1712/1839/1821 1769/1757/1739
f 1627/1681/1665 1626/1679/1663 1683/1840/1822
f 1683/1840/1822 1626/1679/1663 1682/1824/1806
f 1683/1840/1822 1682/1824/1806 1739/1841/1823
f 1739/1841/1823 1682/1824/1806 1738/1826/1808
f 1739/1841/1823 1738/1826/1808 1795/1842/1824
f 1795/1842/1824 1738/1826/1808 1794/1828/1810
f 1795/1842/1824 1794/1828/1810 1851/1843/1825
f 1851/1843/1825 1794/1828/1810 1850/1830/1812
f 1851/1843/1825 1850/1830/1812 1619/1691/1660
f 1628/1682/1666 1629/1844/1826 1620/1680/1664
f 1620/1680/1664 1629/1844/1826 1630/1845/1827
f 1620/1680/1664 1630/1845/1827 1631/1846/1828
f 1631/1846/1828 1630/1845/1827 1687/1847/1829
f 1631/1846/1828 1687/1847/1829 1688/1848/1830
f 1688/1848/1830 1687/1847/1829 1744/1849/1831
f 1688/1848/1830 1744/1849/1831 1745/1696/1679
f 1745/1696/1679 1744/1849/1831 1801/1694/1677
f 1628/1682/1666 1685/1684/1668 1629/1844/1826
f 1629/1844/1826 1685/1684/1668 1686/1850/1832
f 1629/1844/1826 1686/1850/1832 1630/1845/1827
f 1630/1845/1827 1686/1850/1832 1687/1847/1829
f 1633/1700/1683 1620/1680/1664 1632/1851/1833
f 1632/1851/1833 1620/1680/1664 1631/1846/1828
f 1632/1851/1833 1631/1846/1828 1688/1848/1830
f 1689/1698/1681 1633/1700/1683 1632/1851/1833
f 1689/1698/1681 1632/1851/1833 1688/1848/1830
f 1635/1702/1685 1634/1701/1684 1691/1852/1834
f 1691/1852/1834 1634/1701/1684 1690/1699/1682
f 1691/1852/1834 1690/1699/1682 1747/1853/1835
f 1747/1853/1835 1690/1699/1682 1746/1697/1680
f 1747/1853/1835 1746/1697/1680 1803/1854/1836
f 1803/1854/1836 1746/1697/1680 1802/1695/1678
f 1803/1854/1836 1802/1695/1678 1859/1855/1837
f 1859/1855/1837 1802/1695/1678 1858/1693/1676
f 1859/1855/1837 1858/1693/1676 1619/1691/1660
f 1636/1703/1686 1637/1856/1838 1620/1680/1664
f 1620/1680/1664 1637/1856/1838 1638/1857/1839
f 1620/1680/1664 1638/1857/1839 1639/1858/1840
f 1639/1858/1840 1638/1857/1839 1695/1859/1841
f 1639/1858/1840 1695/1859/1841 1696/1860/1842
f 1696/1860/1842 1695/1859/1841 1752/1861/1843
f 1696/1860/1842 1752/1861/1843 1753/1716/1699
f 1753/1716/1699 1752/1861/1843 1809/1714/1697
f 1636/1703/1686 1693/1705/1688 1637/1856/1838
f 1637/1856/1838 1693/1705/1688 1694/1862/1844
f 1637/1856/1838 1694/1862/1844 1638/1857/1839
f 1638/1857/1839 1694/1862/1844 1695/1859/1841
f 1641/1720/1703 1620/1680/1664 1640/1863/1845
f 1640/1863/1845 1620/1680/1664 1639/1858/1840
f 1640/1863/1845 1639/1858/1840 1696/1860/1842
f 1697/1718/1701 1641/1720/1703 1640/1863/1845
f 1697/1718/1701 1640/1863/1845 1696/1860/1842
f 1643/1722/1705 1642/1721/1704 1699/1864/1846
f 1699/1864/1846 1642/1721/1704 1698/1719/1702
f 1699/1864/1846 1698/1719/1702 1755/1865/1847
f 1755/1865/1847 1698/1719/1702 1754/1717/1700
f 1755/1865/1847 1754/1717/1700 1811/1866/1848
f 1811/1866/1848 1754/1717/1700 1810/1715/1698
f 1811/1866/1848 1810/1715/1698 1867/1867/1849
f 1867/1867/1849 1810/1715/1698 1866/1713/1696
f 1867/1867/1849 1866/1713/1696 1619/1691/1660
f 1644/1723/1706 1645/1868/1850 1620/1680/1664
f 1620/1680/1664 1645/1868/1850 1646/1869/1851
f 1620/1680/1664 1646/1869/1851 1647/1870/1852
f 1647/1870/1852 1646/1869/1851 1703/1871/1853
f 1647/1870/1852 1703/1871/1853 1704/1872/1854
f 1704/1872/1854 1703/1871/1853 1760/1873/1855
f 1704/1872/1854 1760/1873/1855 1761/1736/1719
f 1761/1736/1719 1760/1873/1855 1817/1734/1717
f 1644/1723/1706 1701/1725/1708 1645/1868/1850
f 1645/1868/1850 1701/1725/1708 1702/1874/1856
f 1645/1868/1850 1702/1874/1856 1646/1869/1851
f 1646/1869/1851 1702/1874/1856 1703/1871/1853
f 1649/1740/1723 1620/1680/1664 1648/1875/1857
f 1648/1875/1857 1620/1680/1664 1647/1870/1852
f 1648/1875/1857 1647/1870/1852 1704/1872/1854
f 1705/1738/1721 1649/1740/1723 1648/1875/1857
f 1705/1738/1721 1648/1875/1857 1704/1872/1854
f 1651/1742/1725 1650/1741/1724 1707/1876/1858
f 1707/1876/1858 1650/1741/1724 1706/1739/1722
f 1707/1876/1858 1706/1739/1722 1763/1877/1859
f 1763/1877/1859 1706/1739/1722 1762/1737/1720
f 1763/1877/1859 1762/1737/1720 1819/1835/1817
f 1654/1836/1818 1620/1680/1664 1653/1878/1860
f 1653/1878/1860 1620/1680/1664 1652/1743/1726
f 1653/1878/1860 1652/1743/1726 1709/1745/1728
f 1654/1836/1818 1653/1878/1860 1710/1879/1861
f 1710/1879/1861 1653/1878/1860 1709/1745/1728
f 1710/1879/1861 1709/1745/1728 1766/1747/1730
f 1657/1761/1743 43/1763/1745 1656/1838/1820
f 1655/1837/1819 1654/1836/1818 1711/1880/1862
f 1711/1880/1862 1654/1836/1818 1710/1879/1861
f 1711/1880/1862 1710/1879/1861 1767/1881/1863
f 1767/1881/1863 1710/1879/1861 1766/1747/1730
f 1767/1881/1863 1766/1747/1730 1823/1749/1732
f 1713/1759/1741 1657/1761/1743 1656/1838/1820
f 1659/1764/1746 1658/1762/1744 1715/1882/1864
f 1715/1882/1864 1658/1762/1744 1714/1760/1742
f 1715/1882/1864 1714/1760/1742 1771/1883/1865
f 1771/1883/1865 1714/1760/1742 1770/1758/1740
f 1771/1883/1865 1770/1758/1740 1827/1884/1866
f 1827/1884/1866 1770/1758/1740 1826/1756/1738
f 1827/1884/1866 1826/1756/1738 1883/1885/1867
f 1883/1885/1867 1826/1756/1738 1882/1754/1736
f 1883/1885/1867 1882/1754/1736 49/1752/1661
f 1660/1765/1747 1661/1886/1868 43/1763/1745
f 43/1763/1745 1661/1886/1868 1662/1887/1869
f 43/1763/1745 1662/1887/1869 1663/1888/1870
f 1663/1888/1870 1662/1887/1869 1719/1889/1871
f 1663/1888/1870 1719/1889/1871 1720/1890/1872
f 1720/1890/1872 1719/1889/1871 1776/1891/1873
f 1720/1890/1872 1776/1891/1873 1777/1778/1760
f 1777/1778/1760 1776/1891/1873 1833/1776/1758
f 1660/1765/1747 1717/1767/1749 1661/1886/1868
f 1661/1886/1868 1717/1767/1749 1718/1892/1874
f 1661/1886/1868 1718/1892/1874 1662/1887/1869
f 1662/1887/1869 1718/1892/1874 1719/1889/1871
f 1665/1782/1764 43/1763/1745 1664/1893/1875
f 1664/1893/1875 43/1763/1745 1663/1888/1870
f 1664/1893/1875 1663/1888/1870 1720/1890/1872
f 1721/1780/1762 1665/1782/1764 1664/1893/1875
f 1721/1780/1762 1664/1893/1875 1720/1890/1872
f 1667/1784/1766 1666/1783/1765 1723/1894/1876
f 1723/1894/1876 1666/1783/1765 1722/1781/1763
f 1723/1894/1876 1722/1781/1763 1779/1895/1877
f 1779/1895/1877 1722/1781/1763 1778/1779/1761
f 1779/1895/1877 1778/1779/1761 1835/1896/1878
f 1835/1896/1878 1778/1779/1761 1834/1777/1759
f 1835/1896/1878 1834/1777/1759 1891/1897/1879
f 1891/1897/1879 1834/1777/1759 1890/1775/1757
f 1891/1897/1879 1890/1775/1757 49/1752/1661
f 1668/1785/1767 1669/1898/1880 43/1763/1745
f 43/1763/1745 1669/1898/1880 1670/1899/1881
f 43/1763/1745 1670/1899/1881 1671/1900/1882
f 1671/1900/1882 1670/1899/1881 1727/1901/1883
f 1671/1900/1882 1727/1901/1883 1728/1902/1884
f 1728/1902/1884 1727/1901/1883 1784/1903/1885
f 1728/1902/1884 1784/1903/1885 1785/1798/1780
f 1785/1798/1780 1784/1903/1885 1841/1796/1778
f 1668/1785/1767 1725/1787/1769 1669/1898/1880
f 1669/1898/1880 1725/1787/1769 1726/1904/1886
f 1669/1898/1880 1726/1904/1886 1670/1899/1881
f 1670/1899/1881 1726/1904/1886 1727/1901/1883
f 1673/1802/1784 43/1763/1745 1672/1905/1887
f 1672/1905/1887 43/1763/1745 1671/1900/1882
f 1672/1905/1887 1671/1900/1882 1728/1902/1884
f 1729/1800/1782 1673/1802/1784 1672/1905/1887
f 1729/1800/1782 1672/1905/1887 1728/1902/1884
f 1675/1804/1786 1674/1803/1785 1731/1906/1888
f 1731/1906/1888 1674/1803/1785 1730/1801/1783
f 1731/1906/1888 1730/1801/1783 1787/1907/1889
f 1787/1907/1889 1730/1801/1783 1786/1799/1781
f 1787/1907/1889 1786/1799/1781 1843/1908/1890
f 1843/1908/1890 1786/1799/1781 1842/1797/1779
f 1843/1908/1890 1842/1797/1779 1899/1909/1891
f 1899/1909/1891 1842/1797/1779 1898/1795/1777
f 1899/1909/1891 1898/1795/1777 49/1752/1661
f 1676/1805/1787 1677/1910/1892 43/1763/1745
f 43/1763/1745 1677/1910/1892 1678/1911/1893
f 43/1763/1745 1678/1911/1893 1679/1912/1894
f 1679/1912/1894 1678/1911/1893 1735/1913/1895
f 1679/1912/1894 1735/1913/1895 1736/1914/1896
f 1736/1914/1896 1735/1913/1895 1792/1915/1897
f 1736/1914/1896 1792/1915/1897 1793/1818/1800
f 1793/1818/1800 1792/1915/1897 1849/1816/1798
f 1676/1805/1787 1733/1807/1789 1677/1910/1892
f 1677/1910/1892 1733/1807/1789 1734/1916/1898
f 1677/1910/1892 1734/1916/1898 1678/1911/1893
f 1678/1911/1893 1734/1916/1898 1735/1913/1895
f 1681/1822/1804 43/1763/1745 1680/1917/1899
f 1680/1917/1899 43/1763/1745 1679/1912/1894
f 1680/1917/1899 1679/1912/1894 1736/1914/1896
f 1737/1820/1802 1681/1822/1804 1680/1917/1899
f 1737/1820/1802 1680/1917/1899 1736/1914/1896
f 1627/1681/1665 1683/1840/1822 1684/1683/1667
f 1684/1683/1667 1683/1840/1822 1740/1918/1900
f 1684/1683/1667 1740/1918/1900 1741/1685/1669
f 1741/1685/1669 1740/1918/1900 1797/1919/1901
f 1741/1685/1669 1797/1919/1901 1798/1687/1671
f 1798/1687/1671 1797/1919/1901 1854/1920/1902
f 1798/1687/1671 1854/1920/1902 1855/1689/1673
f 1855/1689/1673 1854/1920/1902 1619/1691/1660
f 1740/1918/1900 1683/1840/1822 1739/1841/1823
f 1685/1684/1668 1742/1686/1670 1686/1850/1832
f 1686/1850/1832 1742/1686/1670 1743/1921/1903
f 1686/1850/1832 1743/1921/1903 1687/1847/1829
f 1687/1847/1829 1743/1921/1903 1744/1849/1831
f 1745/1696/1679 1689/1698/1681 1688/1848/1830
f 1635/1702/1685 1691/1852/1834 1692/1704/1687
f 1692/1704/1687 1691/1852/1834 1748/1922/1904
f 1692/1704/1687 1748/1922/1904 1749/1706/1689
f 1749/1706/1689 1748/1922/1904 1805/1923/1905
f 1749/1706/1689 1805/1923/1905 1806/1708/1691
f 1806/1708/1691 1805/1923/1905 1862/1924/1906
f 1806/1708/1691 1862/1924/1906 1863/1710/1693
f 1863/1710/1693 1862/1924/1906 1619/1691/1660
f 1748/1922/1904 1691/1852/1834 1747/1853/1835
f 1693/1705/1688 1750/1707/1690 1694/1862/1844
f 1694/1862/1844 1750/1707/1690 1751/1925/1907
f 1694/1862/1844 1751/1925/1907 1695/1859/1841
f 1695/1859/1841 1751/1925/1907 1752/1861/1843
f 1753/1716/1699 1697/1718/1701 1696/1860/1842
f 1643/1722/1705 1699/1864/1846 1700/1724/1707
f 1700/1724/1707 1699/1864/1846 1756/1926/1908
f 1700/1724/1707 1756/1926/1908 1757/1726/1709
f 1757/1726/1709 1756/1926/1908 1813/1927/1909
f 1757/1726/1709 1813/1927/1909 1814/1728/1711
f 1814/1728/1711 1813/1927/1909 1870/1928/1910
f 1814/1728/1711 1870/1928/1910 1871/1730/1713
f 1871/1730/1713 1870/1928/1910 1619/1691/1660
f 1756/1926/1908 1699/1864/1846 1755/1865/1847
f 1701/1725/1708 1758/1727/1710 1702/1874/1856
f 1702/1874/1856 1758/1727/1710 1759/1929/1911
f 1702/1874/1856 1759/1929/1911 1703/1871/1853
f 1703/1871/1853 1759/1929/1911 1760/1873/1855
f 1761/1736/1719 1705/1738/1721 1704/1872/1854
f 1651/1742/1725 1707/1876/1858 1708/1744/1727
f 1708/1744/1727 1707/1876/1858 1764/1930/1912
f 1708/1744/1727 1764/1930/1912 1765/1746/1729
f 1765/1746/1729 1764/1930/1912 1821/1931/1913
f 1765/1746/1729 1821/1931/1913 1822/1748/1731
f 1822/1748/1731 1821/1931/1913 1878/1932/1914
f 1822/1748/1731 1878/1932/1914 1879/1750/1733
f 1879/1750/1733 1878/1932/1914 49/1752/1661
f 1764/1930/1912 1707/1876/1858 1763/1877/1859
f 1655/1837/1819 1711/1880/1862 1712/1839/1821
f 1712/1839/1821 1711/1880/1862 1768/1933/1915
f 1712/1839/1821 1768/1933/1915 1769/1757/1739
f 1769/1757/1739 1768/1933/1915 1825/1755/1737
f 1768/1933/1915 1711/1880/1862 1767/1881/1863
f 1659/1764/1746 1715/1882/1864 1716/1766/1748
f 1716/1766/1748 1715/1882/1864 1772/1934/1916
f 1716/1766/1748 1772/1934/1916 1773/1768/1750
f 1773/1768/1750 1772/1934/1916 1829/1935/1917
f 1773/1768/1750 1829/1935/1917 1830/1770/1752
f 1830/1770/1752 1829/1935/1917 1886/1936/1918
f 1830/1770/1752 1886/1936/1918 1887/1772/1754
f 1887/1772/1754 1886/1936/1918 49/1752/1661
f 1772/1934/1916 1715/1882/1864 1771/1883/1865
f 1717/1767/1749 1774/1769/1751 1718/1892/1874
f 1718/1892/1874 1774/1769/1751 1775/1937/1919
f 1718/1892/1874 1775/1937/1919 1719/1889/1871
f 1719/1889/1871 1775/1937/1919 1776/1891/1873
f 1777/1778/1760 1721/1780/1762 1720/1890/1872
f 1667/1784/1766 1723/1894/1876 1724/1786/1768
f 1724/1786/1768 1723/1894/1876 1780/1938/1920
f 1724/1786/1768 1780/1938/1920 1781/1788/1770
f 1781/1788/1770 1780/1938/1920 1837/1939/1921
f 1781/1788/1770 1837/1939/1921 1838/1790/1772
f 1838/1790/1772 1837/1939/1921 1894/1940/1922
f 1838/1790/1772 1894/1940/1922 1895/1792/1774
f 1895/1792/1774 1894/1940/1922 49/1752/1661
f 1780/1938/1920 1723/1894/1876 1779/1895/1877
f 1725/1787/1769 1782/1789/1771 1726/1904/1886
f 1726/1904/1886 1782/1789/1771 1783/1941/1923
f 1726/1904/1886 1783/1941/1923 1727/1901/1883
f 1727/1901/1883 1783/1941/1923 1784/1903/1885
f 1785/1798/1780 1729/1800/1782 1728/1902/1884
f 1675/1804/1786 1731/1906/1888 1732/1806/1788
f 1732/1806/1788 1731/1906/1888 1788/1942/1924
f 1732/1806/1788 1788/1942/1924 1789/1808/1790
f 1789/1808/1790 1788/1942/1924 1845/1943/1925
f 1789/1808/1790 1845/1943/1925 1846/1810/1792
f 1846/1810/1792 1845/1943/1925 1902/1944/1926
f 1846/1810/1792 1902/1944/1926 1903/1812/1794
f 1903/1812/1794 1902/1944/1926 49/1752/1661
f 1788/1942/1924 1731/1906/1888 1787/1907/1889
f 1733/1807/1789 1790/1809/1791 1734/1916/1898
f 1734/1916/1898 1790/1809/1791 1791/1945/1927
f 1734/1916/1898 1791/1945/1927 1735/1913/1895
f 1735/1913/1895 1791/1945/1927 1792/1915/1897
f 1793/1818/1800 1737/1820/1802 1736/1914/1896
f 1740/1918/1900 1739/1841/1823 1796/1946/1928
f 1796/1946/1928 1739/1841/1823 1795/1842/1824
f 1796/1946/1928 1795/1842/1824 1852/1947/1929
f 1852/1947/1929 1795/1842/1824 1851/1843/1825
f 1852/1947/1929 1851/1843/1825 1619/1691/1660
f 1742/1686/1670 1799/1688/1672 1743/1921/1903
f 1743/1921/1903 1799/1688/1672 1800/1948/1930
f 1743/1921/1903 1800/1948/1930 1744/1849/1831
f 1744/1849/1831 1800/1948/1930 1801/1694/1677
f 1748/1922/1904 1747/1853/1835 1804/1949/1931
f 1804/1949/1931 1747/1853/1835 1803/1854/1836
f 1804/1949/1931 1803/1854/1836 1860/1950/1932
f 1860/1950/1932 1803/1854/1836 1859/1855/1837
f 1860/1950/1932 1859/1855/1837 1619/1691/1660
f 1750/1707/1690 1807/1709/1692 1751/1925/1907
f 1751/1925/1907 1807/1709/1692 1808/1951/1933
f 1751/1925/1907 1808/1951/1933 1752/1861/1843
f 1752/1861/1843 1808/1951/1933 1809/1714/1697
f 1756/1926/1908 1755/1865/1847 1812/1952/1934
f 1812/1952/1934 1755/1865/1847 1811/1866/1848
f 1812/1952/1934 1811/1866/1848 1868/1953/1935
f 1868/1953/1935 1811/1866/1848 1867/1867/1849
f 1868/1953/1935 1867/1867/1849 1619/1691/1660
f 1758/1727/1710 1815/1729/1712 1759/1929/1911
f 1759/1929/1911 1815/1729/1712 1816/1954/1936
f 1759/1929/1911 1816/1954/1936 1760/1873/1855
f 1760/1873/1855 1816/1954/1936 1817/1734/1717
f 1764/1930/1912 1763/1877/1859 1820/1955/1937
f 1820/1955/1937 1763/1877/1859 1819/1835/1817
f 1820/1955/1937 1819/1835/1817 1876/1833/1815
f 1768/1933/1915 1767/1881/1863 1824/1956/1938
f 1824/1956/1938 1767/1881/1863 1823/1749/1732
f 1824/1956/1938 1823/1749/1732 1880/1751/1734
f 1772/1934/1916 1771/1883/1865 1828/1957/1939
f 1828/1957/1939 1771/1883/1865 1827/1884/1866
f 1828/1957/1939 1827/1884/1866 1884/1958/1940
f 1884/1958/1940 1827/1884/1866 1883/1885/1867
f 1884/1958/1940 1883/1885/1867 49/1752/1661
f 1774/1769/1751 1831/1771/1753 1775/1937/1919
f 1775/1937/1919 1831/1771/1753 1832/1959/1941
f 1775/1937/1919 1832/1959/1941 1776/1891/1873
f 1776/1891/1873 1832/1959/1941 1833/1776/1758
f 1780/1938/1920 1779/1895/1877 1836/1960/1942
f 1836/1960/1942 1779/1895/1877 1835/1896/1878
f 1836/1960/1942 1835/1896/1878 1892/1961/1943
f 1892/1961/1943 1835/1896/1878 1891/1897/1879
f 1892/1961/1943 1891/1897/1879 49/1752/1661
f 1782/1789/1771 1839/1791/1773 1783/1941/1923
f 1783/1941/1923 1839/1791/1773 1840/1962/1944
f 1783/1941/1923 1840/1962/1944 1784/1903/1885
f 1784/1903/1885 1840/1962/1944 1841/1796/1778
f 1788/1942/1924 1787/1907/1889 1844/1963/1945
f 1844/1963/1945 1787/1907/1889 1843/1908/1890
f 1844/1963/1945 1843/1908/1890 1900/1964/1946
f 1900/1964/1946 1843/1908/1890 1899/1909/1891
f 1900/1964/1946 1899/1909/1891 49/1752/1661
f 1790/1809/1791 1847/1811/1793 1791/1945/1927
f 1791/1945/1927 1847/1811/1793 1848/1965/1947
f 1791/1945/1927 1848/1965/1947 1792/1915/1897
f 1792/1915/1897 1848/1965/1947 1849/1816/1798
f 1740/1918/1900 1796/1946/1928 1797/1919/1901
f 1797/1919/1901 1796/1946/1928 1853/1966/1948
f 1797/1919/1901 1853/1966/1948 1854/1920/1902
f 1854/1920/1902 1853/1966/1948 1619/1691/1660
f 1853/1966/1948 1796/1946/1928 1852/1947/1929
f 1857/1692/1675 1801/1694/1677 1800/1948/1930
f 1857/1692/1675 1800/1948/1930 1856/1690/1674
f 1856/1690/1674 1800/1948/1930 1799/1688/1672
f 1748/1922/1904 1804/1949/1931 1805/1923/1905
f 1805/1923/1905 1804/1949/1931 1861/1967/1949
f 1805/1923/1905 1861/1967/1949 1862/1924/1906
f 1862/1924/1906 1861/1967/1949 1619/1691/1660
f 1861/1967/1949 1804/1949/1931 1860/1950/1932
f 1865/1712/1695 1809/1714/1697 1808/1951/1933
f 1865/1712/1695 1808/1951/1933 1864/1711/1694
f 1864/1711/1694 1808/1951/1933 1807/1709/1692
f 1756/1926/1908 1812/1952/1934 1813/1927/1909
f 1813/1927/1909 1812/1952/1934 1869/1968/1950
f 1813/1927/1909 1869/1968/1950 1870/1928/1910
f 1870/1928/1910 1869/1968/1950 1619/1691/1660
f 1869/1968/1950 1812/1952/1934 1868/1953/1935
f 1873/1732/1715 1817/1734/1717 1816/1954/1936
f 1873/1732/1715 1816/1954/1936 1872/1731/1714
f 1872/1731/1714 1816/1954/1936 1815/1729/1712
f 1875/1834/1816 1818/1735/1718 1874/1733/1716
f 1764/1930/1912 1820/1955/1937 1821/1931/1913
f 1821/1931/1913 1820/1955/1937 1877/1832/1814
f 1821/1931/1913 1877/1832/1814 1878/1932/1914
f 1878/1932/1914 1877/1832/1814 49/1752/1661
f 1877/1832/1814 1820/1955/1937 1876/1833/1815
f 1881/1753/1735 1825/1755/1737 1824/1956/1938
f 1824/1956/1938 1825/1755/1737 1768/1933/1915
f 1881/1753/1735 1824/1956/1938 1880/1751/1734
f 1772/1934/1916 1828/1957/1939 1829/1935/1917
f 1829/1935/1917 1828/1957/1939 1885/1969/1951
f 1829/1935/1917 1885/1969/1951 1886/1936/1918
f 1886/1936/1918 1885/1969/1951 49/1752/1661
f 1885/1969/1951 1828/1957/1939 1884/1958/1940
f 1889/1774/1756 1833/1776/1758 1832/1959/1941
f 1889/1774/1756 1832/1959/1941 1888/1773/1755
f 1888/1773/1755 1832/1959/1941 1831/1771/1753
f 1780/1938/1920 1836/1960/1942 1837/1939/1921
f 1837/1939/1921 1836/1960/1942 1893/1970/1952
f 1837/1939/1921 1893/1970/1952 1894/1940/1922
f 1894/1940/1922 1893/1970/1952 49/1752/1661
f 1893/1970/1952 1836/1960/1942 1892/1961/1943
f 1897/1794/1776 1841/1796/1778 1840/1962/1944
f 1897/1794/1776 1840/1962/1944 1896/1793/1775
f 1896/1793/1775 1840/1962/1944 1839/1791/1773
f 1788/1942/1924 1844/1963/1945 1845/1943/1925
f 1845/1943/1925 1844/1963/1945 1901/1971/1953
f 1845/1943/1925 1901/1971/1953 1902/1944/1926
f 1902/1944/1926 1901/1971/1953 49/1752/1661
f 1901/1971/1953 1844/1963/1945 1900/1964/1946
f 1905/1814/1796 1849/1816/1798 1848/1965/1947
f 1905/1814/1796 1848/1965/1947 1904/1813/1795
f 1904/1813/1795 1848/1965/1947 1847/1811/1793
f 1619/1691/1660 1853/1966/1948 1852/1947/1929
f 1619/1691/1660 1861/1967/1949 1860/1950/1932
f 1619/1691/1660 1869/1968/1950 1868/1953/1935
f 1619/1691/1660 1875/1834/1816 1874/1733/1716
f 49/1752/1661 1885/1969/1951 1884/1958/1940
f 49/1752/1661 1893/1970/1952 1892/1961/1943
f 49/1752/1661 1901/1971/1953 1900/1964/1946
f 1906/1972/1954 1620/1973/1664 42/1974/1955
f 42/1974/1955 1620/1973/1664 43/1975/1745
f 1908/1976/1956 1911/1977/1957 1907/1978/1958
f 1907/1978/1958 1911/1977/1957 1912/1979/1959
f 1907/1978/1958 1912/1979/1959 1913/1980/1960
f 1913/1980/1960 1912/1979/1959 2087/1981/1961
f 1913/1980/1960 2087/1981/1961 2088/1982/1962
f 2088/1982/1962 2087/1981/1961 2262/1983/1963
f 2088/1982/1962 2262/1983/1963 2263/1984/1964
f 2263/1984/1964 2262/1983/1963 1906/1985/1954
f 2263/1984/1964 1906/1985/1954 2264/1986/1965
f 2264/1986/1965 1906/1985/1954 2265/1987/1966
f 2264/1986/1965 2265/1987/1966 2090/1988/1967
f 2090/1988/1967 2265/1987/1966 2091/1989/1968
f 2090/1988/1967 2091/1989/1968 1916/1990/1969
f 1916/1990/1969 2091/1989/1968 1917/1991/1970
f 1916/1990/1969 1917/1991/1970 1907/1978/1958
f 1907/1978/1958 1917/1991/1970 1918/1992/1971
f 1907/1978/1958 1918/1992/1971 1919/1993/1972
f 1919/1993/1972 1918/1992/1971 2093/1994/1973
f 1919/1993/1972 2093/1994/1973 2094/1995/1974
f 2094/1995/1974 2093/1994/1973 2268/1996/1975
f 2094/1995/1974 2268/1996/1975 2269/1997/1976
f 2269/1997/1976 2268/1996/1975 1906/1985/1954
f 2269/1997/1976 1906/1985/1954 2270/1998/1977
f 2270/1998/1977 1906/1985/1954 2271/1999/1978
f 2270/1998/1977 2271/1999/1978 2096/2000/1979
f 2096/2000/1979 2271/1999/1978 2097/2001/1980
f 2096/2000/1979 2097/2001/1980 1922/2002/1981
f 1922/2002/1981 2097/2001/1980 1923/2003/1982
f 1922/2002/1981 1923/2003/1982 1907/1978/1958
f 1907/1978/1958 1923/2003/1982 1924/2004/1983
f 1907/1978/1958 1924/2004/1983 1925/2005/1984
f 1925/2005/1984 1924/2004/1983 2099/2006/1985
f 1925/2005/1984 2099/2006/1985 2100/2007/1986
f 2100/2007/1986 2099/2006/1985 2274/2008/1987
f 2100/2007/1986 2274/2008/1987 2275/2009/1988
f 2275/2009/1988 2274/2008/1987 1906/1985/1954
f 2275/2009/1988 1906/1985/1954 2276/2010/1989
f 2276/2010/1989 1906/1985/1954 2277/2011/1990
f 2276/2010/1989 2277/2011/1990 2102/2012/1991
f 2102/2012/1991 2277/2011/1990 2103/2013/1992
f 2102/2012/1991 2103/2013/1992 1928/2014/1993
f 1928/2014/1993 2103/2013/1992 1929/2015/1994
f 1928/2014/1993 1929/2015/1994 1907/1978/1958
f 1907/1978/1958 1929/2015/1994 1930/2016/1995
f 1907/1978/1958 1930/2016/1995 1931/2017/1996
f 1931/2017/1996 1930/2016/1995 2105/2018/1997
f 1931/2017/1996 2105/2018/1997 2106/2019/1998
f 2106/2019/1998 2105/2018/1997 2280/2020/1999
f 2106/2019/1998 2280/2020/1999 2281/2021/2000
f 2281/2021/2000 2280/2020/1999 1906/1985/1954
f 2281/2021/2000 1906/1985/1954 2282/2022/2001
f 2282/2022/2001 1906/1985/1954 2283/2023/2002
f 2282/2022/2001 2283/2023/2002 2108/2024/2003
f 2108/2024/2003 2283/2023/2002 2109/2025/2004
f 2108/2024/2003 2109/2025/2004 1934/2026/2005
f 1934/2026/2005 2109/2025/2004 1935/2027/2006
f 1934/2026/2005 1935/2027/2006 1907/1978/1958
f 1907/1978/1958 1935/2027/2006 1936/2028/2007
f 1907/1978/1958 1936/2028/2007 1937/2029/2008
f 1937/2029/2008 1936/2028/2007 2111/2030/2009
f 1937/2029/2008 2111/2030/2009 2112/2031/2010
f 2112/2031/2010 2111/2030/2009 2286/2032/2011
f 2112/2031/2010 2286/2032/2011 2287/2033/2012
f 2287/2033/2012 2286/2032/2011 1906/1985/1954
f 2287/2033/2012 1906/1985/1954 2288/2034/2013
f 2288/2034/2013 1906/1985/1954 2289/2035/2014
f 2288/2034/2013 2289/2035/2014 2114/2036/2015
f 2114/2036/2015 2289/2035/2014 2115/2037/2016
f 2114/2036/2015 2115/2037/2016 1940/2038/2017
f 1940/2038/2017 2115/2037/2016 1941/2039/2018
f 1940/2038/2017 1941/2039/2018 1907/1978/1958
f 1907/1978/1958 1941/2039/2018 1942/2040/2019
f 1907/1978/1958 1942/2040/2019 1943/2041/2020
f 1943/2041/2020 1942/2040/2019 2117/2042/2021
f 1943/2041/2020 2117/2042/2021 2118/2043/2022
f 2118/2043/2022 2117/2042/2021 2292/2044/2023
f 2118/2043/2022 2292/2044/2023 2293/2045/2024
f 2293/2045/2024 2292/2044/2023 1906/1985/1954
f 2293/2045/2024 1906/1985/1954 2294/2046/2025
f 2294/2046/2025 1906/1985/1954 2295/2047/2026
f 2294/2046/2025 2295/2047/2026 2120/2048/2027
f 2120/2048/2027 2295/2047/2026 2121/2049/2028
f 2120/2048/2027 2121/2049/2028 1946/2050/2029
f 1946/2050/2029 2121/2049/2028 1947/2051/2030
f 1946/2050/2029 1947/2051/2030 1907/1978/1958
f 1907/1978/1958 1947/2051/2030 1948/2052/2031
f 1907/1978/1958 1948/2052/2031 1949/2053/2032
f 1949/2053/2032 1948/2052/2031 2123/2054/2033
f 1949/2053/2032 2123/2054/2033 2124/2055/2034
f 2124/2055/2034 2123/2054/2033 2298/2056/2035
f 2124/2055/2034 2298/2056/2035 2299/2057/2036
f 2299/2057/2036 2298/2056/2035 1906/1985/1954
f 2299/2057/2036 1906/1985/1954 2300/2058/2037
f 2300/2058/2037 1906/1985/1954 2301/2059/2038
f 2300/2058/2037 2301/2059/2038 2126/2060/2039
f 2126/2060/2039 2301/2059/2038 2127/2061/2040
f 2126/2060/2039 2127/2061/2040 1952/2062/2041
f 1952/2062/2041 2127/2061/2040 1953/2063/2042
f 1952/2062/2041 1953/2063/2042 1907/1978/1958
f 1907/1978/1958 1953/2063/2042 1954/2064/2043
f 1907/1978/1958 1954/2064/2043 1955/2065/2044
f 1955/2065/2044 1954/2064/2043 2129/2066/2045
f 1955/2065/2044 2129/2066/2045 2130/2067/2046
f 2130/2067/2046 2129/2066/2045 2304/2068/2047
f 2130/2067/2046 2304/2068/2047 2305/2069/2048
f 2305/2069/2048 2304/2068/2047 1906/1985/1954
f 2305/2069/2048 1906/1985/1954 2306/2070/2049
f 2306/2070/2049 1906/1985/1954 2307/2071/2050
f 2306/2070/2049 2307/2071/2050 2132/2072/2051
f 2132/2072/2051 2307/2071/2050 2133/2073/2052
f 2132/2072/2051 2133/2073/2052 1958/2074/2053
f 1958/2074/2053 2133/2073/2052 1959/2075/2054
f 1958/2074/2053 1959/2075/2054 1907/1978/1958
f 1907/1978/1958 1959/2075/2054 1960/2076/2055
f 1907/1978/1958 1960/2076/2055 1961/2077/2056
f 1961/2077/2056 1960/2076/2055 2135/2078/2057
f 1961/2077/2056 2135/2078/2057 2136/2079/2058
f 2136/2079/2058 2135/2078/2057 2310/2080/2059
f 2136/2079/2058 2310/2080/2059 2311/2081/2060
f 2311/2081/2060 2310/2080/2059 1906/1985/1954
f 2311/2081/2060 1906/1985/1954 2312/2082/2061
f 2312/2082/2061 1906/1985/1954 2313/2083/2062
f 2312/2082/2061 2313/2083/2062 2138/2084/2063
f 2138/2084/2063 2313/2083/2062 2139/2085/2064
f 2138/2084/2063 2139/2085/2064 1964/2086/2065
f 1964/2086/2065 2139/2085/2064 1965/2087/2066
f 1964/2086/2065 1965/2087/2066 1907/1978/1958
f 1907/1978/1958 1965/2087/2066 1966/2088/2067
f 1907/1978/1958 1966/2088/2067 1967/2089/2068
f 1967/2089/2068 1966/2088/2067 2141/2090/2069
f 1967/2089/2068 2141/2090/2069 2142/2091/2070
f 2142/2091/2070 2141/2090/2069 2316/2092/2071
f 2142/2091/2070 2316/2092/2071 2317/2093/2072
f 2317/2093/2072 2316/2092/2071 1906/1985/1954
f 2317/2093/2072 1906/1985/1954 2318/2094/2073
f 2318/2094/2073 1906/1985/1954 2319/2095/2074
f 2318/2094/2073 2319/2095/2074 2144/2096/2075
f 2144/2096/2075 2319/2095/2074 2145/2097/2076
f 2144/2096/2075 2145/2097/2076 1970/2098/2077
f 1970/2098/2077 2145/2097/2076 1971/2099/2078
f 1970/2098/2077 1971/2099/2078 1907/1978/1958
f 1907/1978/1958 1971/2099/2078 1972/2100/2079
f 1907/1978/1958 1972/2100/2079 1973/2101/2080
f 1973/2101/2080 1972/2100/2079 2147/2102/2081
f 1973/2101/2080 2147/2102/2081 2148/2103/2082
f 2148/2103/2082 2147/2102/2081 2322/2104/2083
f 2148/2103/2082 2322/2104/2083 2323/2105/2084
f 2323/2105/2084 2322/2104/2083 1906/1985/1954
f 2323/2105/2084 1906/1985/1954 2324/2106/2085
f 2324/2106/2085 1906/1985/1954 2325/2107/2086
f 2324/2106/2085 2325/2107/2086 2150/2108/2087
f 2150/2108/2087 2325/2107/2086 2151/2109/2088
f 2150/2108/2087 2151/2109/2088 1976/2110/2089
f 1976/2110/2089 2151/2109/2088 1977/2111/2090
f 1976/2110/2089 1977/2111/2090 1907/1978/1958
f 1907/1978/1958 1977/2111/2090 1978/2112/2091
f 1907/1978/1958 1978/2112/2091 1979/2113/2092
f 1979/2113/2092 1978/2112/2091 2153/2114/2093
f 1979/2113/2092 2153/2114/2093 2154/2115/2094
f 2154/2115/2094 2153/2114/2093 2328/2116/2095
f 2154/2115/2094 2328/2116/2095 2329/2117/2096
f 2329/2117/2096 2328/2116/2095 1906/1985/1954
f 2329/2117/2096 1906/1985/1954 2330/2118/2097
f 2330/2118/2097 1906/1985/1954 2331/2119/2098
f 2330/2118/2097 2331/2119/2098 2156/2120/2099
f 2156/2120/2099 2331/2119/2098 2157/2121/2100
f 2156/2120/2099 2157/2121/2100 1982/2122/2101
f 1982/2122/2101 2157/2121/2100 1983/2123/2102
f 1982/2122/2101 1983/2123/2102 1907/1978/1958
f 1907/1978/1958 1983/2123/2102 1984/2124/2103
f 1907/1978/1958 1984/2124/2103 1985/2125/2104
f 1985/2125/2104 1984/2124/2103 2159/2126/2105
f 1985/2125/2104 2159/2126/2105 2160/2127/2106
f 2160/2127/2106 2159/2126/2105 2334/2128/2107
f 2160/2127/2106 2334/2128/2107 2335/2129/2108
f 2335/2129/2108 2334/2128/2107 1906/1985/1954
f 2335/2129/2108 1906/1985/1954 2336/2130/2109
f 2336/2130/2109 1906/1985/1954 2337/2131/2110
f 2336/2130/2109 2337/2131/2110 2162/2132/2111
f 2162/2132/2111 2337/2131/2110 2163/2133/2112
f 2162/2132/2111 2163/2133/2112 1988/2134/2113
f 1988/2134/2113 2163/2133/2112 1989/2135/2114
f 1988/2134/2113 1989/2135/2114 1907/1978/1958
f 1907/1978/1958 1989/2135/2114 1990/2136/2115
f 1907/1978/1958 1990/2136/2115 1991/2137/2116
f 1991/2137/2116 1990/2136/2115 2165/2138/2117
f 1991/2137/2116 2165/2138/2117 2166/2139/2118
f 2166/2139/2118 2165/2138/2117 2340/2140/2119
f 2166/2139/2118 2340/2140/2119 2341/2141/2120
f 2341/2141/2120 2340/2140/2119 1906/1985/1954
f 2341/2141/2120 1906/1985/1954 2342/2142/2121
f 2342/2142/2121 1906/1985/1954 2343/2143/2122
f 2342/2142/2121 2343/2143/2122 2168/2144/2123
f 2168/2144/2123 2343/2143/2122 2169/2145/2124
f 2168/2144/2123 2169/2145/2124 1994/2146/2125
f 1994/2146/2125 2169/2145/2124 1995/2147/2126
f 1994/2146/2125 1995/2147/2126 1907/1978/1958
f 1907/1978/1958 1995/2147/2126 1996/2148/2127
f 1907/1978/1958 1996/2148/2127 1997/2149/2128
f 1997/2149/2128 1996/2148/2127 2171/2150/2129
f 1997/2149/2128 2171/2150/2129 2172/2151/2130
f 2172/2151/2130 2171/2150/2129 2346/2152/2131
f 2172/2151/2130 2346/2152/2131 2347/2153/2132
f 2347/2153/2132 2346/2152/2131 42/2154/1955
f 2347/2153/2132 42/2154/1955 2348/2155/2133
f 2348/2155/2133 42/2154/1955 2349/2156/2134
f 2348/2155/2133 2349/2156/2134 2174/2157/2135
f 2174/2157/2135 2349/2156/2134 2175/2158/2136
f 2174/2157/2135 2175/2158/2136 2000/2159/2137
f 2000/2159/2137 2175/2158/2136 2001/2160/2138
f 2000/2159/2137 2001/2160/2138 38/2161/2139
f 38/2161/2139 2001/2160/2138 2002/2162/2140
f 38/2161/2139 2002/2162/2140 2003/2163/2141
f 2003/2163/2141 2002/2162/2140 2177/2164/2142
f 2003/2163/2141 2177/2164/2142 2178/2165/2143
f 2178/2165/2143 2177/2164/2142 2352/2166/2144
f 2178/2165/2143 2352/2166/2144 2353/2167/2145
f 2353/2167/2145 2352/2166/2144 42/2154/1955
f 2353/2167/2145 42/2154/1955 2354/2168/2146
f 2354/2168/2146 42/2154/1955 2355/2169/2147
f 2354/2168/2146 2355/2169/2147 2180/2170/2148
f 2180/2170/2148 2355/2169/2147 2181/2171/2149
f 2180/2170/2148 2181/2171/2149 2006/2172/2150
f 2006/2172/2150 2181/2171/2149 2007/2173/2151
f 2006/2172/2150 2007/2173/2151 38/2161/2139
f 38/2161/2139 2007/2173/2151 2008/2174/2152
f 38/2161/2139 2008/2174/2152 2009/2175/2153
f 2009/2175/2153 2008/2174/2152 2183/2176/2154
f 2009/2175/2153 2183/2176/2154 2184/2177/2155
f 2184/2177/2155 2183/2176/2154 2358/2178/2156
f 2184/2177/2155 2358/2178/2156 2359/2179/2157
f 2359/2179/2157 2358/2178/2156 42/2154/1955
f 2359/2179/2157 42/2154/1955 2360/2180/2158
f 2360/2180/2158 42/2154/1955 2361/2181/2159
f 2360/2180/2158 2361/2181/2159 2186/2182/2160
f 2186/2182/2160 2361/2181/2159 2187/2183/2161
f 2186/2182/2160 2187/2183/2161 2012/2184/2162
f 2012/2184/2162 2187/2183/2161 2013/2185/2163
f 2012/2184/2162 2013/2185/2163 38/2161/2139
f 38/2161/2139 2013/2185/2163 2014/2186/2164
f 38/2161/2139 2014/2186/2164 2015/2187/2165
f 2015/2187/2165 2014/2186/2164 2189/2188/2166
f 2015/2187/2165 2189/2188/2166 2190/2189/2167
f 2190/2189/2167 2189/2188/2166 2364/2190/2168
f 2190/2189/2167 2364/2190/2168 2365/2191/2169
f 2365/2191/2169 2364/2190/2168 42/2154/1955
f 2365/2191/2169 42/2154/1955 2366/2192/2170
f 2366/2192/2170 42/2154/1955 2367/2193/2171
f 2366/2192/2170 2367/2193/2171 2192/2194/2172
f 2192/2194/2172 2367/2193/2171 2193/2195/2173
f 2192/2194/2172 2193/2195/2173 2018/2196/2174
f 2018/2196/2174 2193/2195/2173 2019/2197/2175
f 2018/2196/2174 2019/2197/2175 38/2161/2139
f 38/2161/2139 2019/2197/2175 2020/2198/2176
f 38/2161/2139 2020/2198/2176 2021/2199/2177
f 2021/2199/2177 2020/2198/2176 2195/2200/2178
f 2021/2199/2177 2195/2200/2178 2196/2201/2179
f 2196/2201/2179 2195/2200/2178 2370/2202/2180
f 2196/2201/2179 2370/2202/2180 2371/2203/2181
f 2371/2203/2181 2370/2202/2180 42/2154/1955
f 2371/2203/2181 42/2154/1955 2372/2204/2182
f 2372/2204/2182 42/2154/1955 2373/2205/2183
f 2372/2204/2182 2373/2205/2183 2198/2206/2184
f 2198/2206/2184 2373/2205/2183 2199/2207/2185
f 2198/2206/2184 2199/2207/2185 2024/2208/2186
f 2024/2208/2186 2199/2207/2185 2025/2209/2187
f 2024/2208/2186 2025/2209/2187 38/2161/2139
f 38/2161/2139 2025/2209/2187 2026/2210/2188
f 38/2161/2139 2026/2210/2188 2027/2211/2189
f 2027/2211/2189 2026/2210/2188 2201/2212/2190
f 2027/2211/2189 2201/2212/2190 2202/2213/2191
f 2202/2213/2191 2201/2212/2190 2376/2214/2192
f 2202/2213/2191 2376/2214/2192 2377/2215/2193
f 2377/2215/2193 2376/2214/2192 42/2154/1955
f 2377/2215/2193 42/2154/1955 2378/2216/2194
f 2378/2216/2194 42/2154/1955 2379/2217/2195
f 2378/2216/2194 2379/2217/2195 2204/2218/2196
f 2204/2218/2196 2379/2217/2195 2205/2219/2197
f 2204/2218/2196 2205/2219/2197 2030/2220/2198
f 2030/2220/2198 2205/2219/2197 2031/2221/2199
f 2030/2220/2198 2031/2221/2199 38/2161/2139
f 38/2161/2139 2031/2221/2199 2032/2222/2200
f 38/2161/2139 2032/2222/2200 2033/2223/2201
f 2033/2223/2201 2032/2222/2200 2207/2224/2202
f 2033/2223/2201 2207/2224/2202 2208/2225/2203
f 2208/2225/2203 2207/2224/2202 2382/2226/2204
f 2208/2225/2203 2382/2226/2204 2383/2227/2205
f 2383/2227/2205 2382/2226/2204 42/2154/1955
f 2383/2227/2205 42/2154/1955 2384/2228/2206
f 2384/2228/2206 42/2154/1955 2385/2229/2207
f 2384/2228/2206 2385/2229/2207 2210/2230/2208
f 2210/2230/2208 2385/2229/2207 2211/2231/2209
f 2210/2230/2208 2211/2231/2209 2036/2232/2210
f 2036/2232/2210 2211/2231/2209 2037/2233/2211
f 2036/2232/2210 2037/2233/2211 38/2161/2139
f 38/2161/2139 2037/2233/2211 2038/2234/2212
f 38/2161/2139 2038/2234/2212 2039/2235/2213
f 2039/2235/2213 2038/2234/2212 2213/2236/2214
f 2039/2235/2213 2213/2236/2214 2214/2237/2215
f 2214/2237/2215 2213/2236/2214 2388/2238/2216
f 2214/2237/2215 2388/2238/2216 2389/2239/2217
f 2389/2239/2217 2388/2238/2216 42/2154/1955
f 2389/2239/2217 42/2154/1955 2390/2240/2218
f 2390/2240/2218 42/2154/1955 2391/2241/2219
f 2390/2240/2218 2391/2241/2219 2216/2242/2220
f 2216/2242/2220 2391/2241/2219 2217/2243/2221
f 2216/2242/2220 2217/2243/2221 2042/2244/2222
f 2042/2244/2222 2217/2243/2221 2043/2245/2223
f 2042/2244/2222 2043/2245/2223 38/2161/2139
f 38/2161/2139 2043/2245/2223 2044/2246/2224
f 38/2161/2139 2044/2246/2224 2045/2247/2225
f 2045/2247/2225 2044/2246/2224 2219/2248/2226
f 2045/2247/2225 2219/2248/2226 2220/2249/2227
f 2220/2249/2227 2219/2248/2226 2394/2250/2228
f 2220/2249/2227 2394/2250/2228 2395/2251/2229
f 2395/2251/2229 2394/2250/2228 42/2154/1955
f 2395/2251/2229 42/2154/1955 2396/2252/2230
f 2396/2252/2230 42/2154/1955 2397/2253/2231
f 2396/2252/2230 2397/2253/2231 2222/2254/2232
f 2222/2254/2232 2397/2253/2231 2223/2255/2233
f 2222/2254/2232 2223/2255/2233 2048/2256/2234
f 2048/2256/2234 2223/2255/2233 2049/2257/2235
f 2048/2256/2234 2049/2257/2235 38/2161/2139
f 38/2161/2139 2049/2257/2235 2050/2258/2236
f 38/2161/2139 2050/2258/2236 2051/2259/2237
f 2051/2259/2237 2050/2258/2236 2225/2260/2238
f 2051/2259/2237 2225/2260/2238 2226/2261/2239
f 2226/2261/2239 2225/2260/2238 2400/2262/2240
f 2226/2261/2239 2400/2262/2240 2401/2263/2241
f 2401/2263/2241 2400/2262/2240 42/2154/1955
f 2401/2263/2241 42/2154/1955 2402/2264/2242
f 2402/2264/2242 42/2154/1955 2403/2265/2243
f 2402/2264/2242 2403/2265/2243 2228/2266/2244
f 2228/2266/2244 2403/2265/2243 2229/2267/2245
f 2228/2266/2244 2229/2267/2245 2054/2268/2246
f 2054/2268/2246 2229/2267/2245 2055/2269/2247
f 2054/2268/2246 2055/2269/2247 38/2161/2139
f 38/2161/2139 2055/2269/2247 2056/2270/2248
f 38/2161/2139 2056/2270/2248 2057/2271/2249
f 2057/2271/2249 2056/2270/2248 2231/2272/2250
f 2057/2271/2249 2231/2272/2250 2232/2273/2251
f 2232/2273/2251 2231/2272/2250 2406/2274/2252
f 2232/2273/2251 2406/2274/2252 2407/2275/2253
f 2407/2275/2253 2406/2274/2252 42/2154/1955
f 2407/2275/2253 42/2154/1955 2408/2276/2254
f 2408/2276/2254 42/2154/1955 2409/2277/2255
f 2408/2276/2254 2409/2277/2255 2234/2278/2256
f 2234/2278/2256 2409/2277/2255 2235/2279/2257
f 2234/2278/2256 2235/2279/2257 2060/2280/2258
f 2060/2280/2258 2235/2279/2257 2061/2281/2259
f 2060/2280/2258 2061/2281/2259 38/2161/2139
f 38/2161/2139 2061/2281/2259 2062/2282/2260
f 38/2161/2139 2062/2282/2260 2063/2283/2261
f 2063/2283/2261 2062/2282/2260 2237/2284/2262
f 2063/2283/2261 2237/2284/2262 2238/2285/2263
f 2238/2285/2263 2237/2284/2262 2412/2286/2264
f 2238/2285/2263 2412/2286/2264 2413/2287/2265
f 2413/2287/2265 2412/2286/2264 42/2154/1955
f 2413/2287/2265 42/2154/1955 2414/2288/2266
f 2414/2288/2266 42/2154/1955 2415/2289/2267
f 2414/2288/2266 2415/2289/2267 2240/2290/2268
f 2240/2290/2268 2415/2289/2267 2241/2291/2269
f 2240/2290/2268 2241/2291/2269 2066/2292/2270
f 2066/2292/2270 2241/2291/2269 2067/2293/2271
f 2066/2292/2270 2067/2293/2271 38/2161/2139
f 38/2161/2139 2067/2293/2271 2068/2294/2272
f 38/2161/2139 2068/2294/2272 2069/2295/2273
f 2069/2295/2273 2068/2294/2272 2243/2296/2274
f 2069/2295/2273 2243/2296/2274 2244/2297/2275
f 2244/2297/2275 2243/2296/2274 2418/2298/2276
f 2244/2297/2275 2418/2298/2276 2419/2299/2277
f 2419/2299/2277 2418/2298/2276 42/2154/1955
f 2419/2299/2277 42/2154/1955 2420/2300/2278
f 2420/2300/2278 42/2154/1955 2421/2301/2279
f 2420/2300/2278 2421/2301/2279 2246/2302/2280
f 2246/2302/2280 2421/2301/2279 2247/2303/2281
f 2246/2302/2280 2247/2303/2281 2072/2304/2282
f 2072/2304/2282 2247/2303/2281 2073/2305/2283
f 2072/2304/2282 2073/2305/2283 38/2161/2139
f 38/2161/2139 2073/2305/2283 2074/2306/2284
f 38/2161/2139 2074/2306/2284 2075/2307/2285
f 2075/2307/2285 2074/2306/2284 2249/2308/2286
f 2075/2307/2285 2249/2308/2286 2250/2309/2287
f 2250/2309/2287 2249/2308/2286 2424/2310/2288
f 2250/2309/2287 2424/2310/2288 2425/2311/2289
f 2425/2311/2289 2424/2310/2288 42/2154/1955
f 2425/2311/2289 42/2154/1955 2426/2312/2290
f 2426/2312/2290 42/2154/1955 2427/2313/2291
f 2426/2312/2290 2427/2313/2291 2252/2314/2292
f 2252/2314/2292 2427/2313/2291 2253/2315/2293
f 2252/2314/2292 2253/2315/2293 2078/2316/2294
f 2078/2316/2294 2253/2315/2293 2079/2317/2295
f 2078/2316/2294 2079/2317/2295 38/2161/2139
f 38/2161/2139 2079/2317/2295 2080/2318/2296
f 38/2161/2139 2080/2318/2296 2081/2319/2297
f 2081/2319/2297 2080/2318/2296 2255/2320/2298
f 2081/2319/2297 2255/2320/2298 2256/2321/2299
f 2256/2321/2299 2255/2320/2298 2430/2322/2300
f 2256/2321/2299 2430/2322/2300 2431/2323/2301
f 2431/2323/2301 2430/2322/2300 42/2154/1955
f 2431/2323/2301 42/2154/1955 2432/2324/2302
f 2432/2324/2302 42/2154/1955 41/2325/2303
f 2432/2324/2302 41/2325/2303 2258/2326/2304
f 2258/2326/2304 41/2325/2303 40/2327/2305
f 2258/2326/2304 40/2327/2305 2084/2328/2306
f 2084/2328/2306 40/2327/2305 39/2329/2307
f 2084/2328/2306 39/2329/2307 38/2161/2139
f 1911/1977/1957 1908/1976/1956 2085/2330/2308
f 2085/2330/2308 1908/1976/1956 1909/2331/2309
f 2085/2330/2308 1909/2331/2309 2259/2332/2310
f 2259/2332/2310 1909/2331/2309 1910/2333/2311
f 2259/2332/2310 1910/2333/2311 1906/1985/1954
f 42/2154/1955 2345/2334/2312 1906/1985/1954
f 1906/1985/1954 2345/2334/2312 2344/2335/2313
f 1906/1985/1954 2344/2335/2313 2343/2143/2122
f 2343/2143/2122 2344/2335/2313 2169/2145/2124
f 1907/1978/1958 1998/2336/2314 38/2161/2139
f 38/2161/2139 1998/2336/2314 1999/2337/2315
f 38/2161/2139 1999/2337/2315 2000/2159/2137
f 2000/2159/2137 1999/2337/2315 2174/2157/2135
f 1912/1979/1959 1911/1977/1957 2086/2338/2316
f 2086/2338/2316 1911/1977/1957 2085/2330/2308
f 2086/2338/2316 2085/2330/2308 2260/2339/2317
f 2260/2339/2317 2085/2330/2308 2259/2332/2310
f 2260/2339/2317 2259/2332/2310 1906/1985/1954
f 1913/1980/1960 1914/2340/2318 1907/1978/1958
f 1907/1978/1958 1914/2340/2318 1915/2341/2319
f 1907/1978/1958 1915/2341/2319 1916/1990/1969
f 1916/1990/1969 1915/2341/2319 2090/1988/1967
f 1913/1980/1960 2088/1982/1962 1914/2340/2318
f 1914/2340/2318 2088/1982/1962 2089/2342/2320
f 1914/2340/2318 2089/2342/2320 1915/2341/2319
f 1915/2341/2319 2089/2342/2320 2090/1988/1967
f 1918/1992/1971 1917/1991/1970 2092/2343/2321
f 2092/2343/2321 1917/1991/1970 2091/1989/1968
f 2092/2343/2321 2091/1989/1968 2266/2344/2322
f 2266/2344/2322 2091/1989/1968 2265/1987/1966
f 2266/2344/2322 2265/1987/1966 1906/1985/1954
f 1919/1993/1972 1920/2345/2323 1907/1978/1958
f 1907/1978/1958 1920/2345/2323 1921/2346/2324
f 1907/1978/1958 1921/2346/2324 1922/2002/1981
f 1922/2002/1981 1921/2346/2324 2096/2000/1979
f 1919/1993/1972 2094/1995/1974 1920/2345/2323
f 1920/2345/2323 2094/1995/1974 2095/2347/2325
f 1920/2345/2323 2095/2347/2325 1921/2346/2324
f 1921/2346/2324 2095/2347/2325 2096/2000/1979
f 1924/2004/1983 1923/2003/1982 2098/2348/2326
f 2098/2348/2326 1923/2003/1982 2097/2001/1980
f 2098/2348/2326 2097/2001/1980 2272/2349/2327
f 2272/2349/2327 2097/2001/1980 2271/1999/1978
f 2272/2349/2327 2271/1999/1978 1906/1985/1954
f 1925/2005/1984 1926/2350/2328 1907/1978/1958
f 1907/1978/1958 1926/2350/2328 1927/2351/2329
f 1907/1978/1958 1927/2351/2329 1928/2014/1993
f 1928/2014/1993 1927/2351/2329 2102/2012/1991
f 1925/2005/1984 2100/2007/1986 1926/2350/2328
f 1926/2350/2328 2100/2007/1986 2101/2352/2330
f 1926/2350/2328 2101/2352/2330 1927/2351/2329
f 1927/2351/2329 2101/2352/2330 2102/2012/1991
f 1930/2016/1995 1929/2015/1994 2104/2353/2331
f 2104/2353/2331 1929/2015/1994 2103/2013/1992
f 2104/2353/2331 2103/2013/1992 2278/2354/2332
f 2278/2354/2332 2103/2013/1992 2277/2011/1990
f 2278/2354/2332 2277/2011/1990 1906/1985/1954
f 1931/2017/1996 1932/2355/2333 1907/1978/1958
f 1907/1978/1958 1932/2355/2333 1933/2356/2334
f 1907/1978/1958 1933/2356/2334 1934/2026/2005
f 1934/2026/2005 1933/2356/2334 2108/2024/2003
f 1931/2017/1996 2106/2019/1998 1932/2355/2333
f 1932/2355/2333 2106/2019/1998 2107/2357/2335
f 1932/2355/2333 2107/2357/2335 1933/2356/2334
f 1933/2356/2334 2107/2357/2335 2108/2024/2003
f 1936/2028/2007 1935/2027/2006 2110/2358/2336
f 2110/2358/2336 1935/2027/2006 2109/2025/2004
f 2110/2358/2336 2109/2025/2004 2284/2359/2337
f 2284/2359/2337 2109/2025/2004 2283/2023/2002
f 2284/2359/2337 2283/2023/2002 1906/1985/1954
f 1937/2029/2008 1938/2360/2338 1907/1978/1958
f 1907/1978/1958 1938/2360/2338 1939/2361/2339
f 1907/1978/1958 1939/2361/2339 1940/2038/2017
f 1940/2038/2017 1939/2361/2339 2114/2036/2015
f 1937/2029/2008 2112/2031/2010 1938/2360/2338
f 1938/2360/2338 2112/2031/2010 2113/2362/2340
f 1938/2360/2338 2113/2362/2340 1939/2361/2339
f 1939/2361/2339 2113/2362/2340 2114/2036/2015
f 1942/2040/2019 1941/2039/2018 2116/2363/2341
f 2116/2363/2341 1941/2039/2018 2115/2037/2016
f 2116/2363/2341 2115/2037/2016 2290/2364/2342
f 2290/2364/2342 2115/2037/2016 2289/2035/2014
f 2290/2364/2342 2289/2035/2014 1906/1985/1954
f 1943/2041/2020 1944/2365/2343 1907/1978/1958
f 1907/1978/1958 1944/2365/2343 1945/2366/2344
f 1907/1978/1958 1945/2366/2344 1946/2050/2029
f 1946/2050/2029 1945/2366/2344 2120/2048/2027
f 1943/2041/2020 2118/2043/2022 1944/2365/2343
f 1944/2365/2343 2118/2043/2022 2119/2367/2345
f 1944/2365/2343 2119/2367/2345 1945/2366/2344
f 1945/2366/2344 2119/2367/2345 2120/2048/2027
f 1948/2052/2031 1947/2051/2030 2122/2368/2346
f 2122/2368/2346 1947/2051/2030 2121/2049/2028
f 2122/2368/2346 2121/2049/2028 2296/2369/2347
f 2296/2369/2347 2121/2049/2028 2295/2047/2026
f 2296/2369/2347 2295/2047/2026 1906/1985/1954
f 1949/2053/2032 1950/2370/2348 1907/1978/1958
f 1907/1978/1958 1950/2370/2348 1951/2371/2349
f 1907/1978/1958 1951/2371/2349 1952/2062/2041
f 1952/2062/2041 1951/2371/2349 2126/2060/2039
f 1949/2053/2032 2124/2055/2034 1950/2370/2348
f 1950/2370/2348 2124/2055/2034 2125/2372/2350
f 1950/2370/2348 2125/2372/2350 1951/2371/2349
f 1951/2371/2349 2125/2372/2350 2126/2060/2039
f 1954/2064/2043 1953/2063/2042 2128/2373/2351
f 2128/2373/2351 1953/2063/2042 2127/2061/2040
f 2128/2373/2351 2127/2061/2040 2302/2374/2352
f 2302/2374/2352 2127/2061/2040 2301/2059/2038
f 2302/2374/2352 2301/2059/2038 1906/1985/1954
f 1955/2065/2044 1956/2375/2353 1907/1978/1958
f 1907/1978/1958 1956/2375/2353 1957/2376/2354
f 1907/1978/1958 1957/2376/2354 1958/2074/2053
f 1958/2074/2053 1957/2376/2354 2132/2072/2051
f 1955/2065/2044 2130/2067/2046 1956/2375/2353
f 1956/2375/2353 2130/2067/2046 2131/2377/2355
f 1956/2375/2353 2131/2377/2355 1957/2376/2354
f 1957/2376/2354 2131/2377/2355 2132/2072/2051
f 1960/2076/2055 1959/2075/2054 2134/2378/2356
f 2134/2378/2356 1959/2075/2054 2133/2073/2052
f 2134/2378/2356 2133/2073/2052 2308/2379/2357
f 2308/2379/2357 2133/2073/2052 2307/2071/2050
f 2308/2379/2357 2307/2071/2050 1906/1985/1954
f 1961/2077/2056 1962/2380/2358 1907/1978/1958
f 1907/1978/1958 1962/2380/2358 1963/2381/2359
f 1907/1978/1958 1963/2381/2359 1964/2086/2065
f 1964/2086/2065 1963/2381/2359 2138/2084/2063
f 1961/2077/2056 2136/2079/2058 1962/2380/2358
f 1962/2380/2358 2136/2079/2058 2137/2382/2360
f 1962/2380/2358 2137/2382/2360 1963/2381/2359
f 1963/2381/2359 2137/2382/2360 2138/2084/2063
f 1966/2088/2067 1965/2087/2066 2140/2383/2361
f 2140/2383/2361 1965/2087/2066 2139/2085/2064
f 2140/2383/2361 2139/2085/2064 2314/2384/2362
f 2314/2384/2362 2139/2085/2064 2313/2083/2062
f 2314/2384/2362 2313/2083/2062 1906/1985/1954
f 1967/2089/2068 1968/2385/2363 1907/1978/1958
f 1907/1978/1958 1968/2385/2363 1969/2386/2364
f 1907/1978/1958 1969/2386/2364 1970/2098/2077
f 1970/2098/2077 1969/2386/2364 2144/2096/2075
f 1967/2089/2068 2142/2091/2070 1968/2385/2363
f 1968/2385/2363 2142/2091/2070 2143/2387/2365
f 1968/2385/2363 2143/2387/2365 1969/2386/2364
f 1969/2386/2364 2143/2387/2365 2144/2096/2075
f 1972/2100/2079 1971/2099/2078 2146/2388/2366
f 2146/2388/2366 1971/2099/2078 2145/2097/2076
f 2146/2388/2366 2145/2097/2076 2320/2389/2367
f 2320/2389/2367 2145/2097/2076 2319/2095/2074
f 2320/2389/2367 2319/2095/2074 1906/1985/1954
f 1973/2101/2080 1974/2390/2368 1907/1978/1958
f 1907/1978/1958 1974/2390/2368 1975/2391/2369
f 1907/1978/1958 1975/2391/2369 1976/2110/2089
f 1976/2110/2089 1975/2391/2369 2150/2108/2087
f 1973/2101/2080 2148/2103/2082 1974/2390/2368
f 1974/2390/2368 2148/2103/2082 2149/2392/2370
f 1974/2390/2368 2149/2392/2370 1975/2391/2369
f 1975/2391/2369 2149/2392/2370 2150/2108/2087
f 1978/2112/2091 1977/2111/2090 2152/2393/2371
f 2152/2393/2371 1977/2111/2090 2151/2109/2088
f 2152/2393/2371 2151/2109/2088 2326/2394/2372
f 2326/2394/2372 2151/2109/2088 2325/2107/2086
f 2326/2394/2372 2325/2107/2086 1906/1985/1954
f 1979/2113/2092 1980/2395/2373 1907/1978/1958
f 1907/1978/1958 1980/2395/2373 1981/2396/2374
f 1907/1978/1958 1981/2396/2374 1982/2122/2101
f 1982/2122/2101 1981/2396/2374 2156/2120/2099
f 1979/2113/2092 2154/2115/2094 1980/2395/2373
f 1980/2395/2373 2154/2115/2094 2155/2397/2375
f 1980/2395/2373 2155/2397/2375 1981/2396/2374
f 1981/2396/2374 2155/2397/2375 2156/2120/2099
f 1984/2124/2103 1983/2123/2102 2158/2398/2376
f 2158/2398/2376 1983/2123/2102 2157/2121/2100
f 2158/2398/2376 2157/2121/2100 2332/2399/2377
f 2332/2399/2377 2157/2121/2100 2331/2119/2098
f 2332/2399/2377 2331/2119/2098 1906/1985/1954
f 1985/2125/2104 1986/2400/2378 1907/1978/1958
f 1907/1978/1958 1986/2400/2378 1987/2401/2379
f 1907/1978/1958 1987/2401/2379 1988/2134/2113
f 1988/2134/2113 1987/2401/2379 2162/2132/2111
f 1985/2125/2104 2160/2127/2106 1986/2400/2378
f 1986/2400/2378 2160/2127/2106 2161/2402/2380
f 1986/2400/2378 2161/2402/2380 1987/2401/2379
f 1987/2401/2379 2161/2402/2380 2162/2132/2111
f 1990/2136/2115 1989/2135/2114 2164/2403/2381
f 2164/2403/2381 1989/2135/2114 2163/2133/2112
f 2164/2403/2381 2163/2133/2112 2338/2404/2382
f 2338/2404/2382 2163/2133/2112 2337/2131/2110
f 2338/2404/2382 2337/2131/2110 1906/1985/1954
f 1991/2137/2116 1992/2405/2383 1907/1978/1958
f 1907/1978/1958 1992/2405/2383 1993/2406/2384
f 1907/1978/1958 1993/2406/2384 1994/2146/2125
f 1994/2146/2125 1993/2406/2384 2168/2144/2123
f 1991/2137/2116 2166/2139/2118 1992/2405/2383
f 1992/2405/2383 2166/2139/2118 2167/2407/2385
f 1992/2405/2383 2167/2407/2385 1993/2406/2384
f 1993/2406/2384 2167/2407/2385 2168/2144/2123
f 1998/2336/2314 1907/1978/1958 1997/2149/2128
f 1996/2148/2127 1995/2147/2126 2170/2408/2386
f 2170/2408/2386 1995/2147/2126 2169/2145/2124
f 2170/2408/2386 2169/2145/2124 2344/2335/2313
f 1997/2149/2128 2172/2151/2130 1998/2336/2314
f 1998/2336/2314 2172/2151/2130 2173/2409/2387
f 1998/2336/2314 2173/2409/2387 1999/2337/2315
f 1999/2337/2315 2173/2409/2387 2174/2157/2135
f 2002/2162/2140 2001/2160/2138 2176/2410/2388
f 2176/2410/2388 2001/2160/2138 2175/2158/2136
f 2176/2410/2388 2175/2158/2136 2350/2411/2389
f 2350/2411/2389 2175/2158/2136 2349/2156/2134
f 2350/2411/2389 2349/2156/2134 42/2154/1955
f 2003/2163/2141 2004/2412/2390 38/2161/2139
f 38/2161/2139 2004/2412/2390 2005/2413/2391
f 38/2161/2139 2005/2413/2391 2006/2172/2150
f 2006/2172/2150 2005/2413/2391 2180/2170/2148
f 2003/2163/2141 2178/2165/2143 2004/2412/2390
f 2004/2412/2390 2178/2165/2143 2179/2414/2392
f 2004/2412/2390 2179/2414/2392 2005/2413/2391
f 2005/2413/2391 2179/2414/2392 2180/2170/2148
f 2008/2174/2152 2007/2173/2151 2182/2415/2393
f 2182/2415/2393 2007/2173/2151 2181/2171/2149
f 2182/2415/2393 2181/2171/2149 2356/2416/2394
f 2356/2416/2394 2181/2171/2149 2355/2169/2147
f 2356/2416/2394 2355/2169/2147 42/2154/1955
f 2009/2175/2153 2010/2417/2395 38/2161/2139
f 38/2161/2139 2010/2417/2395 2011/2418/2396
f 38/2161/2139 2011/2418/2396 2012/2184/2162
f 2012/2184/2162 2011/2418/2396 2186/2182/2160
f 2009/2175/2153 2184/2177/2155 2010/2417/2395
f 2010/2417/2395 2184/2177/2155 2185/2419/2397
f 2010/2417/2395 2185/2419/2397 2011/2418/2396
f 2011/2418/2396 2185/2419/2397 2186/2182/2160
f 2014/2186/2164 2013/2185/2163 2188/2420/2398
f 2188/2420/2398 2013/2185/2163 2187/2183/2161
f 2188/2420/2398 2187/2183/2161 2362/2421/2399
f 2362/2421/2399 2187/2183/2161 2361/2181/2159
f 2362/2421/2399 2361/2181/2159 42/2154/1955
f 2015/2187/2165 2016/2422/2400 38/2161/2139
f 38/2161/2139 2016/2422/2400 2017/2423/2401
f 38/2161/2139 2017/2423/2401 2018/2196/2174
f 2018/2196/2174 2017/2423/2401 2192/2194/2172
f 2015/2187/2165 2190/2189/2167 2016/2422/2400
f 2016/2422/2400 2190/2189/2167 2191/2424/2402
f 2016/2422/2400 2191/2424/2402 2017/2423/2401
f 2017/2423/2401 2191/2424/2402 2192/2194/2172
f 2020/2198/2176 2019/2197/2175 2194/2425/2403
f 2194/2425/2403 2019/2197/2175 2193/2195/2173
f 2194/2425/2403 2193/2195/2173 2368/2426/2404
f 2368/2426/2404 2193/2195/2173 2367/2193/2171
f 2368/2426/2404 2367/2193/2171 42/2154/1955
f 2021/2199/2177 2022/2427/2405 38/2161/2139
f 38/2161/2139 2022/2427/2405 2023/2428/2406
f 38/2161/2139 2023/2428/2406 2024/2208/2186
f 2024/2208/2186 2023/2428/2406 2198/2206/2184
f 2021/2199/2177 2196/2201/2179 2022/2427/2405
f 2022/2427/2405 2196/2201/2179 2197/2429/2407
f 2022/2427/2405 2197/2429/2407 2023/2428/2406
f 2023/2428/2406 2197/2429/2407 2198/2206/2184
f 2026/2210/2188 2025/2209/2187 2200/2430/2408
f 2200/2430/2408 2025/2209/2187 2199/2207/2185
f 2200/2430/2408 2199/2207/2185 2374/2431/2409
f 2374/2431/2409 2199/2207/2185 2373/2205/2183
f 2374/2431/2409 2373/2205/2183 42/2154/1955
f 2027/2211/2189 2028/2432/2410 38/2161/2139
f 38/2161/2139 2028/2432/2410 2029/2433/2411
f 38/2161/2139 2029/2433/2411 2030/2220/2198
f 2030/2220/2198 2029/2433/2411 2204/2218/2196
f 2027/2211/2189 2202/2213/2191 2028/2432/2410
f 2028/2432/2410 2202/2213/2191 2203/2434/2412
f 2028/2432/2410 2203/2434/2412 2029/2433/2411
f 2029/2433/2411 2203/2434/2412 2204/2218/2196
f 2032/2222/2200 2031/2221/2199 2206/2435/2413
f 2206/2435/2413 2031/2221/2199 2205/2219/2197
f 2206/2435/2413 2205/2219/2197 2380/2436/2414
f 2380/2436/2414 2205/2219/2197 2379/2217/2195
f 2380/2436/2414 2379/2217/2195 42/2154/1955
f 2033/2223/2201 2034/2437/2415 38/2161/2139
f 38/2161/2139 2034/2437/2415 2035/2438/2416
f 38/2161/2139 2035/2438/2416 2036/2232/2210
f 2036/2232/2210 2035/2438/2416 2210/2230/2208
f 2033/2223/2201 2208/2225/2203 2034/2437/2415
f 2034/2437/2415 2208/2225/2203 2209/2439/2417
f 2034/2437/2415 2209/2439/2417 2035/2438/2416
f 2035/2438/2416 2209/2439/2417 2210/2230/2208
f 2038/2234/2212 2037/2233/2211 2212/2440/2418
f 2212/2440/2418 2037/2233/2211 2211/2231/2209
f 2212/2440/2418 2211/2231/2209 2386/2441/2419
f 2386/2441/2419 2211/2231/2209 2385/2229/2207
f 2386/2441/2419 2385/2229/2207 42/2154/1955
f 2039/2235/2213 2040/2442/2420 38/2161/2139
f 38/2161/2139 2040/2442/2420 2041/2443/2421
f 38/2161/2139 2041/2443/2421 2042/2244/2222
f 2042/2244/2222 2041/2443/2421 2216/2242/2220
f 2039/2235/2213 2214/2237/2215 2040/2442/2420
f 2040/2442/2420 2214/2237/2215 2215/2444/2422
f 2040/2442/2420 2215/2444/2422 2041/2443/2421
f 2041/2443/2421 2215/2444/2422 2216/2242/2220
f 2044/2246/2224 2043/2245/2223 2218/2445/2423
f 2218/2445/2423 2043/2245/2223 2217/2243/2221
f 2218/2445/2423 2217/2243/2221 2392/2446/2424
f 2392/2446/2424 2217/2243/2221 2391/2241/2219
f 2392/2446/2424 2391/2241/2219 42/2154/1955
f 2045/2247/2225 2046/2447/2425 38/2161/2139
f 38/2161/2139 2046/2447/2425 2047/2448/2426
f 38/2161/2139 2047/2448/2426 2048/2256/2234
f 2048/2256/2234 2047/2448/2426 2222/2254/2232
f 2045/2247/2225 2220/2249/2227 2046/2447/2425
f 2046/2447/2425 2220/2249/2227 2221/2449/2427
f 2046/2447/2425 2221/2449/2427 2047/2448/2426
f 2047/2448/2426 2221/2449/2427 2222/2254/2232
f 2050/2258/2236 2049/2257/2235 2224/2450/2428
f 2224/2450/2428 2049/2257/2235 2223/2255/2233
f 2224/2450/2428 2223/2255/2233 2398/2451/2429
f 2398/2451/2429 2223/2255/2233 2397/2253/2231
f 2398/2451/2429 2397/2253/2231 42/2154/1955
f 2051/2259/2237 2052/2452/2430 38/2161/2139
f 38/2161/2139 2052/2452/2430 2053/2453/2431
f 38/2161/2139 2053/2453/2431 2054/2268/2246
f 2054/2268/2246 2053/2453/2431 2228/2266/2244
f 2051/2259/2237 2226/2261/2239 2052/2452/2430
f 2052/2452/2430 2226/2261/2239 2227/2454/2432
f 2052/2452/2430 2227/2454/2432 2053/2453/2431
f 2053/2453/2431 2227/2454/2432 2228/2266/2244
f 2056/2270/2248 2055/2269/2247 2230/2455/2433
f 2230/2455/2433 2055/2269/2247 2229/2267/2245
f 2230/2455/2433 2229/2267/2245 2404/2456/2434
f 2404/2456/2434 2229/2267/2245 2403/2265/2243
f 2404/2456/2434 2403/2265/2243 42/2154/1955
f 2057/2271/2249 2058/2457/2435 38/2161/2139
f 38/2161/2139 2058/2457/2435 2059/2458/2436
f 38/2161/2139 2059/2458/2436 2060/2280/2258
f 2060/2280/2258 2059/2458/2436 2234/2278/2256
f 2057/2271/2249 2232/2273/2251 2058/2457/2435
f 2058/2457/2435 2232/2273/2251 2233/2459/2437
f 2058/2457/2435 2233/2459/2437 2059/2458/2436
f 2059/2458/2436 2233/2459/2437 2234/2278/2256
f 2062/2282/2260 2061/2281/2259 2236/2460/2438
f 2236/2460/2438 2061/2281/2259 2235/2279/2257
f 2236/2460/2438 2235/2279/2257 2410/2461/2439
f 2410/2461/2439 2235/2279/2257 2409/2277/2255
f 2410/2461/2439 2409/2277/2255 42/2154/1955
f 2063/2283/2261 2064/2462/2440 38/2161/2139
f 38/2161/2139 2064/2462/2440 2065/2463/2441
f 38/2161/2139 2065/2463/2441 2066/2292/2270
f 2066/2292/2270 2065/2463/2441 2240/2290/2268
f 2063/2283/2261 2238/2285/2263 2064/2462/2440
f 2064/2462/2440 2238/2285/2263 2239/2464/2442
f 2064/2462/2440 2239/2464/2442 2065/2463/2441
f 2065/2463/2441 2239/2464/2442 2240/2290/2268
f 2068/2294/2272 2067/2293/2271 2242/2465/2443
f 2242/2465/2443 2067/2293/2271 2241/2291/2269
f 2242/2465/2443 2241/2291/2269 2416/2466/2444
f 2416/2466/2444 2241/2291/2269 2415/2289/2267
f 2416/2466/2444 2415/2289/2267 42/2154/1955
f 2069/2295/2273 2070/2467/2445 38/2161/2139
f 38/2161/2139 2070/2467/2445 2071/2468/2446
f 38/2161/2139 2071/2468/2446 2072/2304/2282
f 2072/2304/2282 2071/2468/2446 2246/2302/2280
f 2069/2295/2273 2244/2297/2275 2070/2467/2445
f 2070/2467/2445 2244/2297/2275 2245/2469/2447
f 2070/2467/2445 2245/2469/2447 2071/2468/2446
f 2071/2468/2446 2245/2469/2447 2246/2302/2280
f 2074/2306/2284 2073/2305/2283 2248/2470/2448
f 2248/2470/2448 2073/2305/2283 2247/2303/2281
f 2248/2470/2448 2247/2303/2281 2422/2471/2449
f 2422/2471/2449 2247/2303/2281 2421/2301/2279
f 2422/2471/2449 2421/2301/2279 42/2154/1955
f 2075/2307/2285 2076/2472/2450 38/2161/2139
f 38/2161/2139 2076/2472/2450 2077/2473/2451
f 38/2161/2139 2077/2473/2451 2078/2316/2294
f 2078/2316/2294 2077/2473/2451 2252/2314/2292
f 2075/2307/2285 2250/2309/2287 2076/2472/2450
f 2076/2472/2450 2250/2309/2287 2251/2474/2452
f 2076/2472/2450 2251/2474/2452 2077/2473/2451
f 2077/2473/2451 2251/2474/2452 2252/2314/2292
f 2080/2318/2296 2079/2317/2295 2254/2475/2453
f 2254/2475/2453 2079/2317/2295 2253/2315/2293
f 2254/2475/2453 2253/2315/2293 2428/2476/2454
f 2428/2476/2454 2253/2315/2293 2427/2313/2291
f 2428/2476/2454 2427/2313/2291 42/2154/1955
f 2081/2319/2297 2082/2477/2455 38/2161/2139
f 38/2161/2139 2082/2477/2455 2083/2478/2456
f 38/2161/2139 2083/2478/2456 2084/2328/2306
f 2084/2328/2306 2083/2478/2456 2258/2326/2304
f 2081/2319/2297 2256/2321/2299 2082/2477/2455
f 2082/2477/2455 2256/2321/2299 2257/2479/2457
f 2082/2477/2455 2257/2479/2457 2083/2478/2456
f 2083/2478/2456 2257/2479/2457 2258/2326/2304
f 1912/1979/1959 2086/2338/2316 2087/1981/1961
f 2087/1981/1961 2086/2338/2316 2261/2480/2458
f 2087/1981/1961 2261/2480/2458 2262/1983/1963
f 2262/1983/1963 2261/2480/2458 1906/1985/1954
f 2261/2480/2458 2086/2338/2316 2260/2339/2317
f 2264/1986/1965 2090/1988/1967 2089/2342/2320
f 2264/1986/1965 2089/2342/2320 2263/1984/1964
f 2263/1984/1964 2089/2342/2320 2088/1982/1962
f 1918/1992/1971 2092/2343/2321 2093/1994/1973
f 2093/1994/1973 2092/2343/2321 2267/2481/2459
f 2093/1994/1973 2267/2481/2459 2268/1996/1975
f 2268/1996/1975 2267/2481/2459 1906/1985/1954
f 2267/2481/2459 2092/2343/2321 2266/2344/2322
f 2270/1998/1977 2096/2000/1979 2095/2347/2325
f 2270/1998/1977 2095/2347/2325 2269/1997/1976
f 2269/1997/1976 2095/2347/2325 2094/1995/1974
f 1924/2004/1983 2098/2348/2326 2099/2006/1985
f 2099/2006/1985 2098/2348/2326 2273/2482/2460
f 2099/2006/1985 2273/2482/2460 2274/2008/1987
f 2274/2008/1987 2273/2482/2460 1906/1985/1954
f 2273/2482/2460 2098/2348/2326 2272/2349/2327
f 2276/2010/1989 2102/2012/1991 2101/2352/2330
f 2276/2010/1989 2101/2352/2330 2275/2009/1988
f 2275/2009/1988 2101/2352/2330 2100/2007/1986
f 1930/2016/1995 2104/2353/2331 2105/2018/1997
f 2105/2018/1997 2104/2353/2331 2279/2483/2461
f 2105/2018/1997 2279/2483/2461 2280/2020/1999
f 2280/2020/1999 2279/2483/2461 1906/1985/1954
f 2279/2483/2461 2104/2353/2331 2278/2354/2332
f 2282/2022/2001 2108/2024/2003 2107/2357/2335
f 2282/2022/2001 2107/2357/2335 2281/2021/2000
f 2281/2021/2000 2107/2357/2335 2106/2019/1998
f 1936/2028/2007 2110/2358/2336 2111/2030/2009
f 2111/2030/2009 2110/2358/2336 2285/2484/2462
f 2111/2030/2009 2285/2484/2462 2286/2032/2011
f 2286/2032/2011 2285/2484/2462 1906/1985/1954
f 2285/2484/2462 2110/2358/2336 2284/2359/2337
f 2288/2034/2013 2114/2036/2015 2113/2362/2340
f 2288/2034/2013 2113/2362/2340 2287/2033/2012
f 2287/2033/2012 2113/2362/2340 2112/2031/2010
f 1942/2040/2019 2116/2363/2341 2117/2042/2021
f 2117/2042/2021 2116/2363/2341 2291/2485/2463
f 2117/2042/2021 2291/2485/2463 2292/2044/2023
f 2292/2044/2023 2291/2485/2463 1906/1985/1954
f 2291/2485/2463 2116/2363/2341 2290/2364/2342
f 2294/2046/2025 2120/2048/2027 2119/2367/2345
f 2294/2046/2025 2119/2367/2345 2293/2045/2024
f 2293/2045/2024 2119/2367/2345 2118/2043/2022
f 1948/2052/2031 2122/2368/2346 2123/2054/2033
f 2123/2054/2033 2122/2368/2346 2297/2486/2464
f 2123/2054/2033 2297/2486/2464 2298/2056/2035
f 2298/2056/2035 2297/2486/2464 1906/1985/1954
f 2297/2486/2464 2122/2368/2346 2296/2369/2347
f 2300/2058/2037 2126/2060/2039 2125/2372/2350
f 2300/2058/2037 2125/2372/2350 2299/2057/2036
f 2299/2057/2036 2125/2372/2350 2124/2055/2034
f 1954/2064/2043 2128/2373/2351 2129/2066/2045
f 2129/2066/2045 2128/2373/2351 2303/2487/2465
f 2129/2066/2045 2303/2487/2465 2304/2068/2047
f 2304/2068/2047 2303/2487/2465 1906/1985/1954
f 2303/2487/2465 2128/2373/2351 2302/2374/2352
f 2306/2070/2049 2132/2072/2051 2131/2377/2355
f 2306/2070/2049 2131/2377/2355 2305/2069/2048
f 2305/2069/2048 2131/2377/2355 2130/2067/2046
f 1960/2076/2055 2134/2378/2356 2135/2078/2057
f 2135/2078/2057 2134/2378/2356 2309/2488/2466
f 2135/2078/2057 2309/2488/2466 2310/2080/2059
f 2310/2080/2059 2309/2488/2466 1906/1985/1954
f 2309/2488/2466 2134/2378/2356 2308/2379/2357
f 2312/2082/2061 2138/2084/2063 2137/2382/2360
f 2312/2082/2061 2137/2382/2360 2311/2081/2060
f 2311/2081/2060 2137/2382/2360 2136/2079/2058
f 1966/2088/2067 2140/2383/2361 2141/2090/2069
f 2141/2090/2069 2140/2383/2361 2315/2489/2467
f 2141/2090/2069 2315/2489/2467 2316/2092/2071
f 2316/2092/2071 2315/2489/2467 1906/1985/1954
f 2315/2489/2467 2140/2383/2361 2314/2384/2362
f 2318/2094/2073 2144/2096/2075 2143/2387/2365
f 2318/2094/2073 2143/2387/2365 2317/2093/2072
f 2317/2093/2072 2143/2387/2365 2142/2091/2070
f 1972/2100/2079 2146/2388/2366 2147/2102/2081
f 2147/2102/2081 2146/2388/2366 2321/2490/2468
f 2147/2102/2081 2321/2490/2468 2322/2104/2083
f 2322/2104/2083 2321/2490/2468 1906/1985/1954
f 2321/2490/2468 2146/2388/2366 2320/2389/2367
f 2324/2106/2085 2150/2108/2087 2149/2392/2370
f 2324/2106/2085 2149/2392/2370 2323/2105/2084
f 2323/2105/2084 2149/2392/2370 2148/2103/2082
f 1978/2112/2091 2152/2393/2371 2153/2114/2093
f 2153/2114/2093 2152/2393/2371 2327/2491/2469
f 2153/2114/2093 2327/2491/2469 2328/2116/2095
f 2328/2116/2095 2327/2491/2469 1906/1985/1954
f 2327/2491/2469 2152/2393/2371 2326/2394/2372
f 2330/2118/2097 2156/2120/2099 2155/2397/2375
f 2330/2118/2097 2155/2397/2375 2329/2117/2096
f 2329/2117/2096 2155/2397/2375 2154/2115/2094
f 1984/2124/2103 2158/2398/2376 2159/2126/2105
f 2159/2126/2105 2158/2398/2376 2333/2492/2470
f 2159/2126/2105 2333/2492/2470 2334/2128/2107
f 2334/2128/2107 2333/2492/2470 1906/1985/1954
f 2333/2492/2470 2158/2398/2376 2332/2399/2377
f 2336/2130/2109 2162/2132/2111 2161/2402/2380
f 2336/2130/2109 2161/2402/2380 2335/2129/2108
f 2335/2129/2108 2161/2402/2380 2160/2127/2106
f 1990/2136/2115 2164/2403/2381 2165/2138/2117
f 2165/2138/2117 2164/2403/2381 2339/2493/2471
f 2165/2138/2117 2339/2493/2471 2340/2140/2119
f 2340/2140/2119 2339/2493/2471 1906/1985/1954
f 2339/2493/2471 2164/2403/2381 2338/2404/2382
f 2342/2142/2121 2168/2144/2123 2167/2407/2385
f 2342/2142/2121 2167/2407/2385 2341/2141/2120
f 2341/2141/2120 2167/2407/2385 2166/2139/2118
f 1996/2148/2127 2170/2408/2386 2171/2150/2129
f 2171/2150/2129 2170/2408/2386 2345/2334/2312
f 2171/2150/2129 2345/2334/2312 2346/2152/2131
f 2346/2152/2131 2345/2334/2312 42/2154/1955
f 2345/2334/2312 2170/2408/2386 2344/2335/2313
f 2348/2155/2133 2174/2157/2135 2173/2409/2387
f 2348/2155/2133 2173/2409/2387 2347/2153/2132
f 2347/2153/2132 2173/2409/2387 2172/2151/2130
f 2002/2162/2140 2176/2410/2388 2177/2164/2142
f 2177/2164/2142 2176/2410/2388 2351/2494/2472
f 2177/2164/2142 2351/2494/2472 2352/2166/2144
f 2352/2166/2144 2351/2494/2472 42/2154/1955
f 2351/2494/2472 2176/2410/2388 2350/2411/2389
f 2354/2168/2146 2180/2170/2148 2179/2414/2392
f 2354/2168/2146 2179/2414/2392 2353/2167/2145
f 2353/2167/2145 2179/2414/2392 2178/2165/2143
f 2008/2174/2152 2182/2415/2393 2183/2176/2154
f 2183/2176/2154 2182/2415/2393 2357/2495/2473
f 2183/2176/2154 2357/2495/2473 2358/2178/2156
f 2358/2178/2156 2357/2495/2473 42/2154/1955
f 2357/2495/2473 2182/2415/2393 2356/2416/2394
f 2360/2180/2158 2186/2182/2160 2185/2419/2397
f 2360/2180/2158 2185/2419/2397 2359/2179/2157
f 2359/2179/2157 2185/2419/2397 2184/2177/2155
f 2014/2186/2164 2188/2420/2398 2189/2188/2166
f 2189/2188/2166 2188/2420/2398 2363/2496/2474
f 2189/2188/2166 2363/2496/2474 2364/2190/2168
f 2364/2190/2168 2363/2496/2474 42/2154/1955
f 2363/2496/2474 2188/2420/2398 2362/2421/2399
f 2366/2192/2170 2192/2194/2172 2191/2424/2402
f 2366/2192/2170 2191/2424/2402 2365/2191/2169
f 2365/2191/2169 2191/2424/2402 2190/2189/2167
f 2020/2198/2176 2194/2425/2403 2195/2200/2178
f 2195/2200/2178 2194/2425/2403 2369/2497/2475
f 2195/2200/2178 2369/2497/2475 2370/2202/2180
f 2370/2202/2180 2369/2497/2475 42/2154/1955
f 2369/2497/2475 2194/2425/2403 2368/2426/2404
f 2372/2204/2182 2198/2206/2184 2197/2429/2407
f 2372/2204/2182 2197/2429/2407 2371/2203/2181
f 2371/2203/2181 2197/2429/2407 2196/2201/2179
f 2026/2210/2188 2200/2430/2408 2201/2212/2190
f 2201/2212/2190 2200/2430/2408 2375/2498/2476
f 2201/2212/2190 2375/2498/2476 2376/2214/2192
f 2376/2214/2192 2375/2498/2476 42/2154/1955
f 2375/2498/2476 2200/2430/2408 2374/2431/2409
f 2378/2216/2194 2204/2218/2196 2203/2434/2412
f 2378/2216/2194 2203/2434/2412 2377/2215/2193
f 2377/2215/2193 2203/2434/2412 2202/2213/2191
f 2032/2222/2200 2206/2435/2413 2207/2224/2202
f 2207/2224/2202 2206/2435/2413 2381/2499/2477
f 2207/2224/2202 2381/2499/2477 2382/2226/2204
f 2382/2226/2204 2381/2499/2477 42/2154/1955
f 2381/2499/2477 2206/2435/2413 2380/2436/2414
f 2384/2228/2206 2210/2230/2208 2209/2439/2417
f 2384/2228/2206 2209/2439/2417 2383/2227/2205
f 2383/2227/2205 2209/2439/2417 2208/2225/2203
f 2038/2234/2212 2212/2440/2418 2213/2236/2214
f 2213/2236/2214 2212/2440/2418 2387/2500/2478
f 2213/2236/2214 2387/2500/2478 2388/2238/2216
f 2388/2238/2216 2387/2500/2478 42/2154/1955
f 2387/2500/2478 2212/2440/2418 2386/2441/2419
f 2390/2240/2218 2216/2242/2220 2215/2444/2422
f 2390/2240/2218 2215/2444/2422 2389/2239/2217
f 2389/2239/2217 2215/2444/2422 2214/2237/2215
f 2044/2246/2224 2218/2445/2423 2219/2248/2226
f 2219/2248/2226 2218/2445/2423 2393/2501/2479
f 2219/2248/2226 2393/2501/2479 2394/2250/2228
f 2394/2250/2228 2393/2501/2479 42/2154/1955
f 2393/2501/2479 2218/2445/2423 2392/2446/2424
f 2396/2252/2230 2222/2254/2232 2221/2449/2427
f 2396/2252/2230 2221/2449/2427 2395/2251/2229
f 2395/2251/2229 2221/2449/2427 2220/2249/2227
f 2050/2258/2236 2224/2450/2428 2225/2260/2238
f 2225/2260/2238 2224/2450/2428 2399/2502/2480
f 2225/2260/2238 2399/2502/2480 2400/2262/2240
f 2400/2262/2240 2399/2502/2480 42/2154/1955
f 2399/2502/2480 2224/2450/2428 2398/2451/2429
f 2402/2264/2242 2228/2266/2244 2227/2454/2432
f 2402/2264/2242 2227/2454/2432 2401/2263/2241
f 2401/2263/2241 2227/2454/2432 2226/2261/2239
f 2056/2270/2248 2230/2455/2433 2231/2272/2250
f 2231/2272/2250 2230/2455/2433 2405/2503/2481
f 2231/2272/2250 2405/2503/2481 2406/2274/2252
f 2406/2274/2252 2405/2503/2481 42/2154/1955
f 2405/2503/2481 2230/2455/2433 2404/2456/2434
f 2408/2276/2254 2234/2278/2256 2233/2459/2437
f 2408/2276/2254 2233/2459/2437 2407/2275/2253
f 2407/2275/2253 2233/2459/2437 2232/2273/2251
f 2062/2282/2260 2236/2460/2438 2237/2284/2262
f 2237/2284/2262 2236/2460/2438 2411/2504/2482
f 2237/2284/2262 2411/2504/2482 2412/2286/2264
f 2412/2286/2264 2411/2504/2482 42/2154/1955
f 2411/2504/2482 2236/2460/2438 2410/2461/2439
f 2414/2288/2266 2240/2290/2268 2239/2464/2442
f 2414/2288/2266 2239/2464/2442 2413/2287/2265
f 2413/2287/2265 2239/2464/2442 2238/2285/2263
f 2068/2294/2272 2242/2465/2443 2243/2296/2274
f 2243/2296/2274 2242/2465/2443 2417/2505/2483
f 2243/2296/2274 2417/2505/2483 2418/2298/2276
f 2418/2298/2276 2417/2505/2483 42/2154/1955
f 2417/2505/2483 2242/2465/2443 2416/2466/2444
f 2420/2300/2278 2246/2302/2280 2245/2469/2447
f 2420/2300/2278 2245/2469/2447 2419/2299/2277
f 2419/2299/2277 2245/2469/2447 2244/2297/2275
f 2074/2306/2284 2248/2470/2448 2249/2308/2286
f 2249/2308/2286 2248/2470/2448 2423/2506/2484
f 2249/2308/2286 2423/2506/2484 2424/2310/2288
f 2424/2310/2288 2423/2506/2484 42/2154/1955
f 2423/2506/2484 2248/2470/2448 2422/2471/2449
f 2426/2312/2290 2252/2314/2292 2251/2474/2452
f 2426/2312/2290 2251/2474/2452 2425/2311/2289
f 2425/2311/2289 2251/2474/2452 2250/2309/2287
f 2080/2318/2296 2254/2475/2453 2255/2320/2298
f 2255/2320/2298 2254/2475/2453 2429/2507/2485
f 2255/2320/2298 2429/2507/2485 2430/2322/2300
f 2430/2322/2300 2429/2507/2485 42/2154/1955
f 2429/2507/2485 2254/2475/2453 2428/2476/2454
f 2432/2324/2302 2258/2326/2304 2257/2479/2457
f 2432/2324/2302 2257/2479/2457 2431/2323/2301
f 2431/2323/2301 2257/2479/2457 2256/2321/2299
f 1906/1985/1954 2261/2480/2458 2260/2339/2317
f 1906/1985/1954 2267/2481/2459 2266/2344/2322
f 1906/1985/1954 2273/2482/2460 2272/2349/2327
f 1906/1985/1954 2279/2483/2461 2278/2354/2332
f 1906/1985/1954 2285/2484/2462 2284/2359/2337
f 1906/1985/1954 2291/2485/2463 2290/2364/2342
f 1906/1985/1954 2297/2486/2464 2296/2369/2347
f 1906/1985/1954 2303/2487/2465 2302/2374/2352
f 1906/1985/1954 2309/2488/2466 2308/2379/2357
f 1906/1985/1954 2315/2489/2467 2314/2384/2362
f 1906/1985/1954 2321/2490/2468 2320/2389/2367
f 1906/1985/1954 2327/2491/2469 2326/2394/2372
f 1906/1985/1954 2333/2492/2470 2332/2399/2377
f 1906/1985/1954 2339/2493/2471 2338/2404/2382
f 42/2154/1955 2351/2494/2472 2350/2411/2389
f 42/2154/1955 2357/2495/2473 2356/2416/2394
f 42/2154/1955 2363/2496/2474 2362/2421/2399
f 42/2154/1955 2369/2497/2475 2368/2426/2404
f 42/2154/1955 2375/2498/2476 2374/2431/2409
f 42/2154/1955 2381/2499/2477 2380/2436/2414
f 42/2154/1955 2387/2500/2478 2386/2441/2419
f 42/2154/1955 2393/2501/2479 2392/2446/2424
f 42/2154/1955 2399/2502/2480 2398/2451/2429
f 42/2154/1955 2405/2503/2481 2404/2456/2434
f 42/2154/1955 2411/2504/2482 2410/2461/2439
f 42/2154/1955 2417/2505/2483 2416/2466/2444
f 42/2154/1955 2423/2506/2484 2422/2471/2449
f 42/2154/1955 2429/2507/2485 2428/2476/2454
f 2433/2508/2486 1907/2509/1958 37/2510/2487
f 37/2510/2487 1907/2509/1958 38/2511/2139
f 2434/2512/2488 2439/2513/2489 1614/2514/1642
f 1614/2514/1642 2439/2513/2489 2440/2515/2490
f 1614/2514/1642 2440/2515/2490 2441/2516/2491
f 2441/2516/2491 2440/2515/2490 2502/2517/2492
f 2441/2516/2491 2502/2517/2492 2503/2518/2493
f 2503/2518/2493 2502/2517/2492 2564/2519/2494
f 2503/2518/2493 2564/2519/2494 2565/2520/2495
f 2565/2520/2495 2564/2519/2494 2626/2521/2496
f 2565/2520/2495 2626/2521/2496 2627/2522/2497
f 2627/2522/2497 2626/2521/2496 2688/2523/2498
f 2627/2522/2497 2688/2523/2498 2689/2524/2499
f 2689/2524/2499 2688/2523/2498 2433/2525/2486
f 2689/2524/2499 2433/2525/2486 2690/2526/2500
f 2690/2526/2500 2433/2525/2486 2691/2527/2501
f 2690/2526/2500 2691/2527/2501 2629/2528/2502
f 2629/2528/2502 2691/2527/2501 2630/2529/2503
f 2629/2528/2502 2630/2529/2503 2568/2530/2504
f 2568/2530/2504 2630/2529/2503 2569/2531/2505
f 2568/2530/2504 2569/2531/2505 2507/2532/2506
f 2507/2532/2506 2569/2531/2505 2508/2533/2507
f 2507/2532/2506 2508/2533/2507 2446/2534/2508
f 2446/2534/2508 2508/2533/2507 2447/2535/2509
f 2446/2534/2508 2447/2535/2509 1614/2514/1642
f 1614/2514/1642 2447/2535/2509 2448/2536/2510
f 1614/2514/1642 2448/2536/2510 2449/2537/2511
f 2449/2537/2511 2448/2536/2510 2510/2538/2512
f 2449/2537/2511 2510/2538/2512 2511/2539/2513
f 2511/2539/2513 2510/2538/2512 2572/2540/2514
f 2511/2539/2513 2572/2540/2514 2573/2541/2515
f 2573/2541/2515 2572/2540/2514 2634/2542/2516
f 2573/2541/2515 2634/2542/2516 2635/2543/2517
f 2635/2543/2517 2634/2542/2516 2696/2544/2518
f 2635/2543/2517 2696/2544/2518 2697/2545/2519
f 2697/2545/2519 2696/2544/2518 2433/2525/2486
f 2697/2545/2519 2433/2525/2486 2698/2546/2520
f 2698/2546/2520 2433/2525/2486 2699/2547/2521
f 2698/2546/2520 2699/2547/2521 2637/2548/2522
f 2637/2548/2522 2699/2547/2521 2638/2549/2523
f 2637/2548/2522 2638/2549/2523 2576/2550/2524
f 2576/2550/2524 2638/2549/2523 2577/2551/2525
f 2576/2550/2524 2577/2551/2525 2515/2552/2526
f 2515/2552/2526 2577/2551/2525 2516/2553/2527
f 2515/2552/2526 2516/2553/2527 2454/2554/2528
f 2454/2554/2528 2516/2553/2527 2455/2555/2529
f 2454/2554/2528 2455/2555/2529 1614/2514/1642
f 1614/2514/1642 2455/2555/2529 2456/2556/2530
f 1614/2514/1642 2456/2556/2530 2457/2557/2531
f 2457/2557/2531 2456/2556/2530 2518/2558/2532
f 2457/2557/2531 2518/2558/2532 2519/2559/2533
f 2519/2559/2533 2518/2558/2532 2580/2560/2534
f 2519/2559/2533 2580/2560/2534 2581/2561/2535
f 2581/2561/2535 2580/2560/2534 2642/2562/2536
f 2581/2561/2535 2642/2562/2536 2643/2563/2537
f 2643/2563/2537 2642/2562/2536 2704/2564/2538
f 2643/2563/2537 2704/2564/2538 2705/2565/2539
f 2705/2565/2539 2704/2564/2538 2433/2525/2486
f 2705/2565/2539 2433/2525/2486 2706/2566/2540
f 2706/2566/2540 2433/2525/2486 2707/2567/2541
f 2706/2566/2540 2707/2567/2541 2645/2568/2542
f 2645/2568/2542 2707/2567/2541 2646/2569/2543
f 2645/2568/2542 2646/2569/2543 2584/2570/2544
f 2584/2570/2544 2646/2569/2543 2585/2571/2545
f 2584/2570/2544 2585/2571/2545 2523/2572/2546
f 2523/2572/2546 2585/2571/2545 2524/2573/2547
f 2523/2572/2546 2524/2573/2547 2462/2574/2548
f 2462/2574/2548 2524/2573/2547 2463/2575/2549
f 2462/2574/2548 2463/2575/2549 1614/2514/1642
f 1614/2514/1642 2463/2575/2549 2464/2576/2550
f 1614/2514/1642 2464/2576/2550 2465/2577/2551
f 2465/2577/2551 2464/2576/2550 2526/2578/2552
f 2465/2577/2551 2526/2578/2552 2527/2579/2553
f 2527/2579/2553 2526/2578/2552 2588/2580/2554
f 2527/2579/2553 2588/2580/2554 2589/2581/2555
f 2589/2581/2555 2588/2580/2554 2650/2582/2556
f 2589/2581/2555 2650/2582/2556 2651/2583/2557
f 2651/2583/2557 2650/2582/2556 2712/2584/2558
f 2651/2583/2557 2712/2584/2558 2713/2585/2559
f 2713/2585/2559 2712/2584/2558 2433/2525/2486
f 2713/2585/2559 2433/2525/2486 37/2586/2487
f 2439/2513/2489 2434/2512/2488 2500/2587/2560
f 2500/2587/2560 2434/2512/2488 2435/2588/2561
f 2500/2587/2560 2435/2588/2561 2561/2589/2562
f 2561/2589/2562 2435/2588/2561 2436/2590/2563
f 2561/2589/2562 2436/2590/2563 2622/2591/2564
f 2622/2591/2564 2436/2590/2563 2437/2592/2565
f 2622/2591/2564 2437/2592/2565 2683/2593/2566
f 2683/2593/2566 2437/2592/2565 2438/2594/2567
f 2683/2593/2566 2438/2594/2567 2433/2525/2486
f 36/2595/2568 2743/2596/2569 37/2586/2487
f 37/2586/2487 2743/2596/2569 2742/2597/2570
f 37/2586/2487 2742/2597/2570 2741/2598/2571
f 2741/2598/2571 2742/2597/2570 2680/2599/2572
f 2741/2598/2571 2680/2599/2572 2679/2600/2573
f 2679/2600/2573 2680/2599/2572 2618/2601/2574
f 2679/2600/2573 2618/2601/2574 2617/2602/2575
f 2617/2602/2575 2618/2601/2574 2556/2603/2576
f 2617/2602/2575 2556/2603/2576 2555/2604/2577
f 2555/2604/2577 2556/2603/2576 2494/2605/2578
f 2555/2604/2577 2494/2605/2578 2493/2606/2579
f 2493/2606/2579 2494/2605/2578 31/2607/1643
f 2493/2606/2579 31/2607/1643 2492/2608/2580
f 2492/2608/2580 31/2607/1643 2491/2609/2581
f 2492/2608/2580 2491/2609/2581 2553/2610/2582
f 2553/2610/2582 2491/2609/2581 2552/2611/2583
f 2553/2610/2582 2552/2611/2583 2614/2612/2584
f 2614/2612/2584 2552/2611/2583 2613/2613/2585
f 2614/2612/2584 2613/2613/2585 2675/2614/2586
f 2675/2614/2586 2613/2613/2585 2674/2615/2587
f 2675/2614/2586 2674/2615/2587 2736/2616/2588
f 2736/2616/2588 2674/2615/2587 2735/2617/2589
f 2736/2616/2588 2735/2617/2589 37/2586/2487
f 37/2586/2487 2735/2617/2589 2734/2618/2590
f 37/2586/2487 2734/2618/2590 2733/2619/2591
f 2733/2619/2591 2734/2618/2590 2672/2620/2592
f 2733/2619/2591 2672/2620/2592 2671/2621/2593
f 2671/2621/2593 2672/2620/2592 2610/2622/2594
f 2671/2621/2593 2610/2622/2594 2609/2623/2595
f 2609/2623/2595 2610/2622/2594 2548/2624/2596
f 2609/2623/2595 2548/2624/2596 2547/2625/2597
f 2547/2625/2597 2548/2624/2596 2486/2626/2598
f 2547/2625/2597 2486/2626/2598 2485/2627/2599
f 2485/2627/2599 2486/2626/2598 31/2607/1643
f 2485/2627/2599 31/2607/1643 2484/2628/2600
f 2484/2628/2600 31/2607/1643 2483/2629/2601
f 2484/2628/2600 2483/2629/2601 2545/2630/2602
f 2545/2630/2602 2483/2629/2601 2544/2631/2603
f 2545/2630/2602 2544/2631/2603 2606/2632/2604
f 2606/2632/2604 2544/2631/2603 2605/2633/2605
f 2606/2632/2604 2605/2633/2605 2667/2634/2606
f 2667/2634/2606 2605/2633/2605 2666/2635/2607
f 2667/2634/2606 2666/2635/2607 2728/2636/2608
f 2728/2636/2608 2666/2635/2607 2727/2637/2609
f 2728/2636/2608 2727/2637/2609 37/2586/2487
f 37/2586/2487 2727/2637/2609 2726/2638/2610
f 37/2586/2487 2726/2638/2610 2725/2639/2611
f 2725/2639/2611 2726/2638/2610 2664/2640/2612
f 2725/2639/2611 2664/2640/2612 2663/2641/2613
f 2663/2641/2613 2664/2640/2612 2602/2642/2614
f 2663/2641/2613 2602/2642/2614 2601/2643/2615
f 2601/2643/2615 2602/2642/2614 2540/2644/2616
f 2601/2643/2615 2540/2644/2616 2539/2645/2617
f 2539/2645/2617 2540/2644/2616 2478/2646/2618
f 2539/2645/2617 2478/2646/2618 2477/2647/2619
f 2477/2647/2619 2478/2646/2618 31/2607/1643
f 2477/2647/2619 31/2607/1643 2476/2648/2620
f 2476/2648/2620 31/2607/1643 2475/2649/2621
f 2476/2648/2620 2475/2649/2621 2537/2650/2622
f 2537/2650/2622 2475/2649/2621 2536/2651/2623
f 2537/2650/2622 2536/2651/2623 2598/2652/2624
f 2598/2652/2624 2536/2651/2623 2597/2653/2625
f 2598/2652/2624 2597/2653/2625 2659/2654/2626
f 2659/2654/2626 2597/2653/2625 2658/2655/2627
f 2659/2654/2626 2658/2655/2627 2720/2656/2628
f 2720/2656/2628 2658/2655/2627 2719/2657/2629
f 2720/2656/2628 2719/2657/2629 37/2586/2487
f 37/2586/2487 2719/2657/2629 2718/2658/2630
f 37/2586/2487 2718/2658/2630 2717/2659/2631
f 2717/2659/2631 2718/2658/2630 2656/2660/2632
f 2717/2659/2631 2656/2660/2632 2655/2661/2633
f 2655/2661/2633 2656/2660/2632 2594/2662/2634
f 2655/2661/2633 2594/2662/2634 2593/2663/2635
f 2593/2663/2635 2594/2662/2634 2532/2664/2636
f 2593/2663/2635 2532/2664/2636 2531/2665/2637
f 2531/2665/2637 2532/2664/2636 2470/2666/2638
f 2531/2665/2637 2470/2666/2638 2469/2667/2639
f 2469/2667/2639 2470/2666/2638 31/2607/1643
f 2469/2667/2639 31/2607/1643 1614/2514/1642
f 2743/2596/2569 36/2595/2568 2682/2668/2640
f 2682/2668/2640 36/2595/2568 35/2669/2641
f 2682/2668/2640 35/2669/2641 2621/2670/2642
f 2621/2670/2642 35/2669/2641 34/2671/2643
f 2621/2670/2642 34/2671/2643 2560/2672/2644
f 2560/2672/2644 34/2671/2643 33/2673/2645
f 2560/2672/2644 33/2673/2645 2499/2674/2646
f 2499/2674/2646 33/2673/2645 32/2675/2647
f 2499/2674/2646 32/2675/2647 31/2607/1643
f 2440/2515/2490 2439/2513/2489 2501/2676/2648
f 2501/2676/2648 2439/2513/2489 2500/2587/2560
f 2501/2676/2648 2500/2587/2560 2562/2677/2649
f 2562/2677/2649 2500/2587/2560 2561/2589/2562
f 2562/2677/2649 2561/2589/2562 2623/2678/2650
f 2623/2678/2650 2561/2589/2562 2622/2591/2564
f 2623/2678/2650 2622/2591/2564 2684/2679/2651
f 2684/2679/2651 2622/2591/2564 2683/2593/2566
f 2684/2679/2651 2683/2593/2566 2433/2525/2486
f 2441/2516/2491 2442/2680/2652 1614/2514/1642
f 1614/2514/1642 2442/2680/2652 2443/2681/2653
f 1614/2514/1642 2443/2681/2653 2444/2682/2654
f 2444/2682/2654 2443/2681/2653 2505/2683/2655
f 2444/2682/2654 2505/2683/2655 2506/2684/2656
f 2506/2684/2656 2505/2683/2655 2567/2685/2657
f 2506/2684/2656 2567/2685/2657 2568/2530/2504
f 2568/2530/2504 2567/2685/2657 2629/2528/2502
f 2441/2516/2491 2503/2518/2493 2442/2680/2652
f 2442/2680/2652 2503/2518/2493 2504/2686/2658
f 2442/2680/2652 2504/2686/2658 2443/2681/2653
f 2443/2681/2653 2504/2686/2658 2505/2683/2655
f 2446/2534/2508 1614/2514/1642 2445/2687/2659
f 2445/2687/2659 1614/2514/1642 2444/2682/2654
f 2445/2687/2659 2444/2682/2654 2506/2684/2656
f 2507/2532/2506 2446/2534/2508 2445/2687/2659
f 2507/2532/2506 2445/2687/2659 2506/2684/2656
f 2448/2536/2510 2447/2535/2509 2509/2688/2660
f 2509/2688/2660 2447/2535/2509 2508/2533/2507
f 2509/2688/2660 2508/2533/2507 2570/2689/2661
f 2570/2689/2661 2508/2533/2507 2569/2531/2505
f 2570/2689/2661 2569/2531/2505 2631/2690/2662
f 2631/2690/2662 2569/2531/2505 2630/2529/2503
f 2631/2690/2662 2630/2529/2503 2692/2691/2663
f 2692/2691/2663 2630/2529/2503 2691/2527/2501
f 2692/2691/2663 2691/2527/2501 2433/2525/2486
f 2449/2537/2511 2450/2692/2664 1614/2514/1642
f 1614/2514/1642 2450/2692/2664 2451/2693/2665
f 1614/2514/1642 2451/2693/2665 2452/2694/2666
f 2452/2694/2666 2451/2693/2665 2513/2695/2667
f 2452/2694/2666 2513/2695/2667 2514/2696/2668
f 2514/2696/2668 2513/2695/2667 2575/2697/2669
f 2514/2696/2668 2575/2697/2669 2576/2550/2524
f 2576/2550/2524 2575/2697/2669 2637/2548/2522
f 2449/2537/2511 2511/2539/2513 2450/2692/2664
f 2450/2692/2664 2511/2539/2513 2512/2698/2670
f 2450/2692/2664 2512/2698/2670 2451/2693/2665
f 2451/2693/2665 2512/2698/2670 2513/2695/2667
f 2454/2554/2528 1614/2514/1642 2453/2699/2671
f 2453/2699/2671 1614/2514/1642 2452/2694/2666
f 2453/2699/2671 2452/2694/2666 2514/2696/2668
f 2515/2552/2526 2454/2554/2528 2453/2699/2671
f 2515/2552/2526 2453/2699/2671 2514/2696/2668
f 2456/2556/2530 2455/2555/2529 2517/2700/2672
f 2517/2700/2672 2455/2555/2529 2516/2553/2527
f 2517/2700/2672 2516/2553/2527 2578/2701/2673
f 2578/2701/2673 2516/2553/2527 2577/2551/2525
f 2578/2701/2673 2577/2551/2525 2639/2702/2674
f 2639/2702/2674 2577/2551/2525 2638/2549/2523
f 2639/2702/2674 2638/2549/2523 2700/2703/2675
f 2700/2703/2675 2638/2549/2523 2699/2547/2521
f 2700/2703/2675 2699/2547/2521 2433/2525/2486
f 2457/2557/2531 2458/2704/2676 1614/2514/1642
f 1614/2514/1642 2458/2704/2676 2459/2705/2677
f 1614/2514/1642 2459/2705/2677 2460/2706/2678
f 2460/2706/2678 2459/2705/2677 2521/2707/2679
f 2460/2706/2678 2521/2707/2679 2522/2708/2680
f 2522/2708/2680 2521/2707/2679 2583/2709/2681
f 2522/2708/2680 2583/2709/2681 2584/2570/2544
f 2584/2570/2544 2583/2709/2681 2645/2568/2542
f 2457/2557/2531 2519/2559/2533 2458/2704/2676
f 2458/2704/2676 2519/2559/2533 2520/2710/2682
f 2458/2704/2676 2520/2710/2682 2459/2705/2677
f 2459/2705/2677 2520/2710/2682 2521/2707/2679
f 2462/2574/2548 1614/2514/1642 2461/2711/2683
f 2461/2711/2683 1614/2514/1642 2460/2706/2678
f 2461/2711/2683 2460/2706/2678 2522/2708/2680
f 2523/2572/2546 2462/2574/2548 2461/2711/2683
f 2523/2572/2546 2461/2711/2683 2522/2708/2680
f 2464/2576/2550 2463/2575/2549 2525/2712/2684
f 2525/2712/2684 2463/2575/2549 2524/2573/2547
f 2525/2712/2684 2524/2573/2547 2586/2713/2685
f 2586/2713/2685 2524/2573/2547 2585/2571/2545
f 2586/2713/2685 2585/2571/2545 2647/2714/2686
f 2647/2714/2686 2585/2571/2545 2646/2569/2543
f 2647/2714/2686 2646/2569/2543 2708/2715/2687
f 2708/2715/2687 2646/2569/2543 2707/2567/2541
f 2708/2715/2687 2707/2567/2541 2433/2525/2486
f 2465/2577/2551 2466/2716/2688 1614/2514/1642
f 1614/2514/1642 2466/2716/2688 2467/2717/2689
f 1614/2514/1642 2467/2717/2689 2468/2718/2690
f 2468/2718/2690 2467/2717/2689 2529/2719/2691
f 2468/2718/2690 2529/2719/2691 2530/2720/2692
f 2530/2720/2692 2529/2719/2691 2591/2721/2693
f 2530/2720/2692 2591/2721/2693 2592/2722/2694
f 2592/2722/2694 2591/2721/2693 2653/2723/2695
f 2592/2722/2694 2653/2723/2695 2654/2724/2696
f 2654/2724/2696 2653/2723/2695 2715/2725/2697
f 2654/2724/2696 2715/2725/2697 2716/2726/2698
f 2716/2726/2698 2715/2725/2697 37/2586/2487
f 2716/2726/2698 37/2586/2487 2717/2659/2631
f 2465/2577/2551 2527/2579/2553 2466/2716/2688
f 2466/2716/2688 2527/2579/2553 2528/2727/2699
f 2466/2716/2688 2528/2727/2699 2467/2717/2689
f 2467/2717/2689 2528/2727/2699 2529/2719/2691
f 2469/2667/2639 1614/2514/1642 2468/2718/2690
f 2531/2665/2637 2469/2667/2639 2530/2720/2692
f 2530/2720/2692 2469/2667/2639 2468/2718/2690
f 2470/2666/2638 2471/2728/2700 31/2607/1643
f 31/2607/1643 2471/2728/2700 2472/2729/2701
f 31/2607/1643 2472/2729/2701 2473/2730/2702
f 2473/2730/2702 2472/2729/2701 2534/2731/2703
f 2473/2730/2702 2534/2731/2703 2535/2732/2704
f 2535/2732/2704 2534/2731/2703 2596/2733/2705
f 2535/2732/2704 2596/2733/2705 2597/2653/2625
f 2597/2653/2625 2596/2733/2705 2658/2655/2627
f 2470/2666/2638 2532/2664/2636 2471/2728/2700
f 2471/2728/2700 2532/2664/2636 2533/2734/2706
f 2471/2728/2700 2533/2734/2706 2472/2729/2701
f 2472/2729/2701 2533/2734/2706 2534/2731/2703
f 2475/2649/2621 31/2607/1643 2474/2735/2707
f 2474/2735/2707 31/2607/1643 2473/2730/2702
f 2474/2735/2707 2473/2730/2702 2535/2732/2704
f 2536/2651/2623 2475/2649/2621 2474/2735/2707
f 2536/2651/2623 2474/2735/2707 2535/2732/2704
f 2477/2647/2619 2476/2648/2620 2538/2736/2708
f 2538/2736/2708 2476/2648/2620 2537/2650/2622
f 2538/2736/2708 2537/2650/2622 2599/2737/2709
f 2599/2737/2709 2537/2650/2622 2598/2652/2624
f 2599/2737/2709 2598/2652/2624 2660/2738/2710
f 2660/2738/2710 2598/2652/2624 2659/2654/2626
f 2660/2738/2710 2659/2654/2626 2721/2739/2711
f 2721/2739/2711 2659/2654/2626 2720/2656/2628
f 2721/2739/2711 2720/2656/2628 37/2586/2487
f 2478/2646/2618 2479/2740/2712 31/2607/1643
f 31/2607/1643 2479/2740/2712 2480/2741/2713
f 31/2607/1643 2480/2741/2713 2481/2742/2714
f 2481/2742/2714 2480/2741/2713 2542/2743/2715
f 2481/2742/2714 2542/2743/2715 2543/2744/2716
f 2543/2744/2716 2542/2743/2715 2604/2745/2717
f 2543/2744/2716 2604/2745/2717 2605/2633/2605
f 2605/2633/2605 2604/2745/2717 2666/2635/2607
f 2478/2646/2618 2540/2644/2616 2479/2740/2712
f 2479/2740/2712 2540/2644/2616 2541/2746/2718
f 2479/2740/2712 2541/2746/2718 2480/2741/2713
f 2480/2741/2713 2541/2746/2718 2542/2743/2715
f 2483/2629/2601 31/2607/1643 2482/2747/2719
f 2482/2747/2719 31/2607/1643 2481/2742/2714
f 2482/2747/2719 2481/2742/2714 2543/2744/2716
f 2544/2631/2603 2483/2629/2601 2482/2747/2719
f 2544/2631/2603 2482/2747/2719 2543/2744/2716
f 2485/2627/2599 2484/2628/2600 2546/2748/2720
f 2546/2748/2720 2484/2628/2600 2545/2630/2602
f 2546/2748/2720 2545/2630/2602 2607/2749/2721
f 2607/2749/2721 2545/2630/2602 2606/2632/2604
f 2607/2749/2721 2606/2632/2604 2668/2750/2722
f 2668/2750/2722 2606/2632/2604 2667/2634/2606
f 2668/2750/2722 2667/2634/2606 2729/2751/2723
f 2729/2751/2723 2667/2634/2606 2728/2636/2608
f 2729/2751/2723 2728/2636/2608 37/2586/2487
f 2486/2626/2598 2487/2752/2724 31/2607/1643
f 31/2607/1643 2487/2752/2724 2488/2753/2725
f 31/2607/1643 2488/2753/2725 2489/2754/2726
f 2489/2754/2726 2488/2753/2725 2550/2755/2727
f 2489/2754/2726 2550/2755/2727 2551/2756/2728
f 2551/2756/2728 2550/2755/2727 2612/2757/2729
f 2551/2756/2728 2612/2757/2729 2613/2613/2585
f 2613/2613/2585 2612/2757/2729 2674/2615/2587
f 2486/2626/2598 2548/2624/2596 2487/2752/2724
f 2487/2752/2724 2548/2624/2596 2549/2758/2730
f 2487/2752/2724 2549/2758/2730 2488/2753/2725
f 2488/2753/2725 2549/2758/2730 2550/2755/2727
f 2491/2609/2581 31/2607/1643 2490/2759/2731
f 2490/2759/2731 31/2607/1643 2489/2754/2726
f 2490/2759/2731 2489/2754/2726 2551/2756/2728
f 2552/2611/2583 2491/2609/2581 2490/2759/2731
f 2552/2611/2583 2490/2759/2731 2551/2756/2728
f 2493/2606/2579 2492/2608/2580 2554/2760/2732
f 2554/2760/2732 2492/2608/2580 2553/2610/2582
f 2554/2760/2732 2553/2610/2582 2615/2761/2733
f 2615/2761/2733 2553/2610/2582 2614/2612/2584
f 2615/2761/2733 2614/2612/2584 2676/2762/2734
f 2676/2762/2734 2614/2612/2584 2675/2614/2586
f 2676/2762/2734 2675/2614/2586 2737/2763/2735
f 2737/2763/2735 2675/2614/2586 2736/2616/2588
f 2737/2763/2735 2736/2616/2588 37/2586/2487
f 2494/2605/2578 2495/2764/2736 31/2607/1643
f 31/2607/1643 2495/2764/2736 2496/2765/2737
f 31/2607/1643 2496/2765/2737 2497/2766/2738
f 2497/2766/2738 2496/2765/2737 2558/2767/2739
f 2497/2766/2738 2558/2767/2739 2559/2768/2740
f 2559/2768/2740 2558/2767/2739 2620/2769/2741
f 2559/2768/2740 2620/2769/2741 2621/2670/2642
f 2621/2670/2642 2620/2769/2741 2682/2668/2640
f 2494/2605/2578 2556/2603/2576 2495/2764/2736
f 2495/2764/2736 2556/2603/2576 2557/2770/2742
f 2495/2764/2736 2557/2770/2742 2496/2765/2737
f 2496/2765/2737 2557/2770/2742 2558/2767/2739
f 2499/2674/2646 31/2607/1643 2498/2771/2743
f 2498/2771/2743 31/2607/1643 2497/2766/2738
f 2498/2771/2743 2497/2766/2738 2559/2768/2740
f 2560/2672/2644 2499/2674/2646 2498/2771/2743
f 2560/2672/2644 2498/2771/2743 2559/2768/2740
f 2440/2515/2490 2501/2676/2648 2502/2517/2492
f 2502/2517/2492 2501/2676/2648 2563/2772/2744
f 2502/2517/2492 2563/2772/2744 2564/2519/2494
f 2564/2519/2494 2563/2772/2744 2625/2773/2745
f 2564/2519/2494 2625/2773/2745 2626/2521/2496
f 2626/2521/2496 2625/2773/2745 2687/2774/2746
f 2626/2521/2496 2687/2774/2746 2688/2523/2498
f 2688/2523/2498 2687/2774/2746 2433/2525/2486
f 2563/2772/2744 2501/2676/2648 2562/2677/2649
f 2503/2518/2493 2565/2520/2495 2504/2686/2658
f 2504/2686/2658 2565/2520/2495 2566/2775/2747
f 2504/2686/2658 2566/2775/2747 2505/2683/2655
f 2505/2683/2655 2566/2775/2747 2567/2685/2657
f 2568/2530/2504 2507/2532/2506 2506/2684/2656
f 2448/2536/2510 2509/2688/2660 2510/2538/2512
f 2510/2538/2512 2509/2688/2660 2571/2776/2748
f 2510/2538/2512 2571/2776/2748 2572/2540/2514
f 2572/2540/2514 2571/2776/2748 2633/2777/2749
f 2572/2540/2514 2633/2777/2749 2634/2542/2516
f 2634/2542/2516 2633/2777/2749 2695/2778/2750
f 2634/2542/2516 2695/2778/2750 2696/2544/2518
f 2696/2544/2518 2695/2778/2750 2433/2525/2486
f 2571/2776/2748 2509/2688/2660 2570/2689/2661
f 2511/2539/2513 2573/2541/2515 2512/2698/2670
f 2512/2698/2670 2573/2541/2515 2574/2779/2751
f 2512/2698/2670 2574/2779/2751 2513/2695/2667
f 2513/2695/2667 2574/2779/2751 2575/2697/2669
f 2576/2550/2524 2515/2552/2526 2514/2696/2668
f 2456/2556/2530 2517/2700/2672 2518/2558/2532
f 2518/2558/2532 2517/2700/2672 2579/2780/2752
f 2518/2558/2532 2579/2780/2752 2580/2560/2534
f 2580/2560/2534 2579/2780/2752 2641/2781/2753
f 2580/2560/2534 2641/2781/2753 2642/2562/2536
f 2642/2562/2536 2641/2781/2753 2703/2782/2754
f 2642/2562/2536 2703/2782/2754 2704/2564/2538
f 2704/2564/2538 2703/2782/2754 2433/2525/2486
f 2579/2780/2752 2517/2700/2672 2578/2701/2673
f 2519/2559/2533 2581/2561/2535 2520/2710/2682
f 2520/2710/2682 2581/2561/2535 2582/2783/2755
f 2520/2710/2682 2582/2783/2755 2521/2707/2679
f 2521/2707/2679 2582/2783/2755 2583/2709/2681
f 2584/2570/2544 2523/2572/2546 2522/2708/2680
f 2464/2576/2550 2525/2712/2684 2526/2578/2552
f 2526/2578/2552 2525/2712/2684 2587/2784/2756
f 2526/2578/2552 2587/2784/2756 2588/2580/2554
f 2588/2580/2554 2587/2784/2756 2649/2785/2757
f 2588/2580/2554 2649/2785/2757 2650/2582/2556
f 2650/2582/2556 2649/2785/2757 2711/2786/2758
f 2650/2582/2556 2711/2786/2758 2712/2584/2558
f 2712/2584/2558 2711/2786/2758 2433/2525/2486
f 2587/2784/2756 2525/2712/2684 2586/2713/2685
f 2527/2579/2553 2589/2581/2555 2528/2727/2699
f 2528/2727/2699 2589/2581/2555 2590/2787/2759
f 2528/2727/2699 2590/2787/2759 2529/2719/2691
f 2529/2719/2691 2590/2787/2759 2591/2721/2693
f 2593/2663/2635 2531/2665/2637 2592/2722/2694
f 2592/2722/2694 2531/2665/2637 2530/2720/2692
f 2532/2664/2636 2594/2662/2634 2533/2734/2706
f 2533/2734/2706 2594/2662/2634 2595/2788/2760
f 2533/2734/2706 2595/2788/2760 2534/2731/2703
f 2534/2731/2703 2595/2788/2760 2596/2733/2705
f 2597/2653/2625 2536/2651/2623 2535/2732/2704
f 2477/2647/2619 2538/2736/2708 2539/2645/2617
f 2539/2645/2617 2538/2736/2708 2600/2789/2761
f 2539/2645/2617 2600/2789/2761 2601/2643/2615
f 2601/2643/2615 2600/2789/2761 2662/2790/2762
f 2601/2643/2615 2662/2790/2762 2663/2641/2613
f 2663/2641/2613 2662/2790/2762 2724/2791/2763
f 2663/2641/2613 2724/2791/2763 2725/2639/2611
f 2725/2639/2611 2724/2791/2763 37/2586/2487
f 2600/2789/2761 2538/2736/2708 2599/2737/2709
f 2540/2644/2616 2602/2642/2614 2541/2746/2718
f 2541/2746/2718 2602/2642/2614 2603/2792/2764
f 2541/2746/2718 2603/2792/2764 2542/2743/2715
f 2542/2743/2715 2603/2792/2764 2604/2745/2717
f 2605/2633/2605 2544/2631/2603 2543/2744/2716
f 2485/2627/2599 2546/2748/2720 2547/2625/2597
f 2547/2625/2597 2546/2748/2720 2608/2793/2765
f 2547/2625/2597 2608/2793/2765 2609/2623/2595
f 2609/2623/2595 2608/2793/2765 2670/2794/2766
f 2609/2623/2595 2670/2794/2766 2671/2621/2593
f 2671/2621/2593 2670/2794/2766 2732/2795/2767
f 2671/2621/2593 2732/2795/2767 2733/2619/2591
f 2733/2619/2591 2732/2795/2767 37/2586/2487
f 2608/2793/2765 2546/2748/2720 2607/2749/2721
f 2548/2624/2596 2610/2622/2594 2549/2758/2730
f 2549/2758/2730 2610/2622/2594 2611/2796/2768
f 2549/2758/2730 2611/2796/2768 2550/2755/2727
f 2550/2755/2727 2611/2796/2768 2612/2757/2729
f 2613/2613/2585 2552/2611/2583 2551/2756/2728
f 2493/2606/2579 2554/2760/2732 2555/2604/2577
f 2555/2604/2577 2554/2760/2732 2616/2797/2769
f 2555/2604/2577 2616/2797/2769 2617/2602/2575
f 2617/2602/2575 2616/2797/2769 2678/2798/2770
f 2617/2602/2575 2678/2798/2770 2679/2600/2573
f 2679/2600/2573 2678/2798/2770 2740/2799/2771
f 2679/2600/2573 2740/2799/2771 2741/2598/2571
f 2741/2598/2571 2740/2799/2771 37/2586/2487
f 2616/2797/2769 2554/2760/2732 2615/2761/2733
f 2556/2603/2576 2618/2601/2574 2557/2770/2742
f 2557/2770/2742 2618/2601/2574 2619/2800/2772
f 2557/2770/2742 2619/2800/2772 2558/2767/2739
f 2558/2767/2739 2619/2800/2772 2620/2769/2741
f 2621/2670/2642 2560/2672/2644 2559/2768/2740
f 2563/2772/2744 2562/2677/2649 2624/2801/2773
f 2624/2801/2773 2562/2677/2649 2623/2678/2650
f 2624/2801/2773 2623/2678/2650 2685/2802/2774
f 2685/2802/2774 2623/2678/2650 2684/2679/2651
f 2685/2802/2774 2684/2679/2651 2433/2525/2486
f 2565/2520/2495 2627/2522/2497 2566/2775/2747
f 2566/2775/2747 2627/2522/2497 2628/2803/2775
f 2566/2775/2747 2628/2803/2775 2567/2685/2657
f 2567/2685/2657 2628/2803/2775 2629/2528/2502
f 2571/2776/2748 2570/2689/2661 2632/2804/2776
f 2632/2804/2776 2570/2689/2661 2631/2690/2662
f 2632/2804/2776 2631/2690/2662 2693/2805/2777
f 2693/2805/2777 2631/2690/2662 2692/2691/2663
f 2693/2805/2777 2692/2691/2663 2433/2525/2486
f 2573/2541/2515 2635/2543/2517 2574/2779/2751
f 2574/2779/2751 2635/2543/2517 2636/2806/2778
f 2574/2779/2751 2636/2806/2778 2575/2697/2669
f 2575/2697/2669 2636/2806/2778 2637/2548/2522
f 2579/2780/2752 2578/2701/2673 2640/2807/2779
f 2640/2807/2779 2578/2701/2673 2639/2702/2674
f 2640/2807/2779 2639/2702/2674 2701/2808/2780
f 2701/2808/2780 2639/2702/2674 2700/2703/2675
f 2701/2808/2780 2700/2703/2675 2433/2525/2486
f 2581/2561/2535 2643/2563/2537 2582/2783/2755
f 2582/2783/2755 2643/2563/2537 2644/2809/2781
f 2582/2783/2755 2644/2809/2781 2583/2709/2681
f 2583/2709/2681 2644/2809/2781 2645/2568/2542
f 2587/2784/2756 2586/2713/2685 2648/2810/2782
f 2648/2810/2782 2586/2713/2685 2647/2714/2686
f 2648/2810/2782 2647/2714/2686 2709/2811/2783
f 2709/2811/2783 2647/2714/2686 2708/2715/2687
f 2709/2811/2783 2708/2715/2687 2433/2525/2486
f 2589/2581/2555 2651/2583/2557 2590/2787/2759
f 2590/2787/2759 2651/2583/2557 2652/2812/2784
f 2590/2787/2759 2652/2812/2784 2591/2721/2693
f 2591/2721/2693 2652/2812/2784 2653/2723/2695
f 2655/2661/2633 2593/2663/2635 2654/2724/2696
f 2654/2724/2696 2593/2663/2635 2592/2722/2694
f 2594/2662/2634 2656/2660/2632 2595/2788/2760
f 2595/2788/2760 2656/2660/2632 2657/2813/2785
f 2595/2788/2760 2657/2813/2785 2596/2733/2705
f 2596/2733/2705 2657/2813/2785 2658/2655/2627
f 2600/2789/2761 2599/2737/2709 2661/2814/2786
f 2661/2814/2786 2599/2737/2709 2660/2738/2710
f 2661/2814/2786 2660/2738/2710 2722/2815/2787
f 2722/2815/2787 2660/2738/2710 2721/2739/2711
f 2722/2815/2787 2721/2739/2711 37/2586/2487
f 2602/2642/2614 2664/2640/2612 2603/2792/2764
f 2603/2792/2764 2664/2640/2612 2665/2816/2788
f 2603/2792/2764 2665/2816/2788 2604/2745/2717
f 2604/2745/2717 2665/2816/2788 2666/2635/2607
f 2608/2793/2765 2607/2749/2721 2669/2817/2789
f 2669/2817/2789 2607/2749/2721 2668/2750/2722
f 2669/2817/2789 2668/2750/2722 2730/2818/2790
f 2730/2818/2790 2668/2750/2722 2729/2751/2723
f 2730/2818/2790 2729/2751/2723 37/2586/2487
f 2610/2622/2594 2672/2620/2592 2611/2796/2768
f 2611/2796/2768 2672/2620/2592 2673/2819/2791
f 2611/2796/2768 2673/2819/2791 2612/2757/2729
f 2612/2757/2729 2673/2819/2791 2674/2615/2587
f 2616/2797/2769 2615/2761/2733 2677/2820/2792
f 2677/2820/2792 2615/2761/2733 2676/2762/2734
f 2677/2820/2792 2676/2762/2734 2738/2821/2793
f 2738/2821/2793 2676/2762/2734 2737/2763/2735
f 2738/2821/2793 2737/2763/2735 37/2586/2487
f 2618/2601/2574 2680/2599/2572 2619/2800/2772
f 2619/2800/2772 2680/2599/2572 2681/2822/2794
f 2619/2800/2772 2681/2822/2794 2620/2769/2741
f 2620/2769/2741 2681/2822/2794 2682/2668/2640
f 2563/2772/2744 2624/2801/2773 2625/2773/2745
f 2625/2773/2745 2624/2801/2773 2686/2823/2795
f 2625/2773/2745 2686/2823/2795 2687/2774/2746
f 2687/2774/2746 2686/2823/2795 2433/2525/2486
f 2686/2823/2795 2624/2801/2773 2685/2802/2774
f 2690/2526/2500 2629/2528/2502 2628/2803/2775
f 2690/2526/2500 2628/2803/2775 2689/2524/2499
f 2689/2524/2499 2628/2803/2775 2627/2522/2497
f 2571/2776/2748 2632/2804/2776 2633/2777/2749
f 2633/2777/2749 2632/2804/2776 2694/2824/2796
f 2633/2777/2749 2694/2824/2796 2695/2778/2750
f 2695/2778/2750 2694/2824/2796 2433/2525/2486
f 2694/2824/2796 2632/2804/2776 2693/2805/2777
f 2698/2546/2520 2637/2548/2522 2636/2806/2778
f 2698/2546/2520 2636/2806/2778 2697/2545/2519
f 2697/2545/2519 2636/2806/2778 2635/2543/2517
f 2579/2780/2752 2640/2807/2779 2641/2781/2753
f 2641/2781/2753 2640/2807/2779 2702/2825/2797
f 2641/2781/2753 2702/2825/2797 2703/2782/2754
f 2703/2782/2754 2702/2825/2797 2433/2525/2486
f 2702/2825/2797 2640/2807/2779 2701/2808/2780
f 2706/2566/2540 2645/2568/2542 2644/2809/2781
f 2706/2566/2540 2644/2809/2781 2705/2565/2539
f 2705/2565/2539 2644/2809/2781 2643/2563/2537
f 2587/2784/2756 2648/2810/2782 2649/2785/2757
f 2649/2785/2757 2648/2810/2782 2710/2826/2798
f 2649/2785/2757 2710/2826/2798 2711/2786/2758
f 2711/2786/2758 2710/2826/2798 2433/2525/2486
f 2710/2826/2798 2648/2810/2782 2709/2811/2783
f 2651/2583/2557 2713/2585/2559 2652/2812/2784
f 2652/2812/2784 2713/2585/2559 2714/2827/2799
f 2652/2812/2784 2714/2827/2799 2653/2723/2695
f 2653/2723/2695 2714/2827/2799 2715/2725/2697
f 2717/2659/2631 2655/2661/2633 2716/2726/2698
f 2716/2726/2698 2655/2661/2633 2654/2724/2696
f 2719/2657/2629 2658/2655/2627 2657/2813/2785
f 2719/2657/2629 2657/2813/2785 2718/2658/2630
f 2718/2658/2630 2657/2813/2785 2656/2660/2632
f 2600/2789/2761 2661/2814/2786 2662/2790/2762
f 2662/2790/2762 2661/2814/2786 2723/2828/2800
f 2662/2790/2762 2723/2828/2800 2724/2791/2763
f 2724/2791/2763 2723/2828/2800 37/2586/2487
f 2723/2828/2800 2661/2814/2786 2722/2815/2787
f 2727/2637/2609 2666/2635/2607 2665/2816/2788
f 2727/2637/2609 2665/2816/2788 2726/2638/2610
f 2726/2638/2610 2665/2816/2788 2664/2640/2612
f 2608/2793/2765 2669/2817/2789 2670/2794/2766
f 2670/2794/2766 2669/2817/2789 2731/2829/2801
f 2670/2794/2766 2731/2829/2801 2732/2795/2767
f 2732/2795/2767 2731/2829/2801 37/2586/2487
f 2731/2829/2801 2669/2817/2789 2730/2818/2790
f 2735/2617/2589 2674/2615/2587 2673/2819/2791
f 2735/2617/2589 2673/2819/2791 2734/2618/2590
f 2734/2618/2590 2673/2819/2791 2672/2620/2592
f 2616/2797/2769 2677/2820/2792 2678/2798/2770
f 2678/2798/2770 2677/2820/2792 2739/2830/2802
f 2678/2798/2770 2739/2830/2802 2740/2799/2771
f 2740/2799/2771 2739/2830/2802 37/2586/2487
f 2739/2830/2802 2677/2820/2792 2738/2821/2793
f 2743/2596/2569 2682/2668/2640 2681/2822/2794
f 2743/2596/2569 2681/2822/2794 2742/2597/2570
f 2742/2597/2570 2681/2822/2794 2680/2599/2572
f 2433/2525/2486 2686/2823/2795 2685/2802/2774
f 2433/2525/2486 2694/2824/2796 2693/2805/2777
f 2433/2525/2486 2702/2825/2797 2701/2808/2780
f 2433/2525/2486 2710/2826/2798 2709/2811/2783
f 37/2586/2487 2715/2725/2697 2714/2827/2799
f 2714/2827/2799 2713/2585/2559 37/2586/2487
f 37/2586/2487 2723/2828/2800 2722/2815/2787
f 37/2586/2487 2731/2829/2801 2730/2818/2790
f 37/2586/2487 2739/2830/2802 2738/2821/2793
f 1615/2831/2803 1616/2832/2804 1328/2833/2805
f 1328/2833/2805 1616/2832/2804 1329/2834/2806
f 1329/2834/2806 1616/2832/2804 1617/2835/2807
f 1329/2834/2806 1617/2835/2807 1625/2836/2808
f 1625/2836/2808 1617/2835/2807 1619/2837/2809
f 1619/2837/2809 1617/2835/2807 1618/2838/2810
f 1329/2834/2806 1625/2836/2808 1330/2839/2811
f 1330/2839/2811 1625/2836/2808 1624/2840/2812
f 1330/2839/2811 1624/2840/2812 1331/2841/2813
f 1331/2841/2813 1624/2840/2812 1623/2842/2814
f 1331/2841/2813 1623/2842/2814 1332/2843/2815
f 1332/2843/2815 1623/2842/2814 1622/2844/2816
f 1332/2843/2815 1622/2844/2816 1333/2845/2817
f 1333/2845/2817 1622/2844/2816 1621/2846/2818
f 1333/2845/2817 1621/2846/2818 1327/2847/2819
f 1327/2847/2819 1621/2846/2818 1620/2848/2820
f 1327/2847/2819 1620/2848/2820 1906/2849/2821
f 1327/2847/2819 1906/2849/2821 801/2850/2822
f 801/2850/2822 1906/2849/2821 1910/2851/2823
f 801/2850/2822 1910/2851/2823 802/2852/2824
f 802/2852/2824 1910/2851/2823 1909/2853/2825
f 802/2852/2824 1909/2853/2825 803/2854/2826
f 803/2854/2826 1909/2853/2825 1908/2855/2827
f 803/2854/2826 1908/2855/2827 804/2856/2828
f 804/2856/2828 1908/2855/2827 1907/2857/2829
f 804/2856/2828 1907/2857/2829 800/2858/2830
f 800/2858/2830 1907/2857/2829 488/2859/2831
f 800/2858/2830 488/2859/2831 489/2860/2832
f 489/2860/2832 488/2859/2831 494/2861/2833
f 489/2860/2832 494/2861/2833 493/2862/2834
f 2433/2863/2835 1614/2864/2836 1907/2857/2829
f 1907/2857/2829 1614/2864/2836 60/2865/2837
f 1907/2857/2829 60/2865/2837 52/2866/2838
f 52/2866/2838 60/2865/2837 59/2867/2839
f 52/2866/2838 59/2867/2839 53/2868/2840
f 53/2868/2840 59/2867/2839 58/2869/2841
f 53/2868/2840 58/2869/2841 54/2870/2842
f 54/2870/2842 58/2869/2841 57/2871/2843
f 54/2870/2842 57/2871/2843 55/2872/2844
f 55/2872/2844 57/2871/2843 56/2873/2845
f 2438/2874/2846 2437/2875/2847 2433/2863/2835
f 2433/2863/2835 2437/2875/2847 2436/2876/2848
f 2433/2863/2835 2436/2876/2848 2435/2877/2849
f 2435/2877/2849 2434/2878/2850 2433/2863/2835
f 2433/2863/2835 2434/2878/2850 1614/2864/2836
f 52/2866/2838 488/2859/2831 1907/2857/2829
f 493/2862/2834 492/2879/2851 489/2860/2832
f 489/2860/2832 492/2879/2851 491/2880/2852
f 489/2860/2832 491/2880/2852 490/2881/2853
# 2743 vertices
# 2881 texture params
# 2853 normals
# 5482 facets

# 1 groups
